experiment,run_id,scheme,N,query_id,q,bucket,trapdoor_ms,server_ms,unmask_ms,delta_replay_ms,verify_ms,client_ms,total_ms,groups,aggregate_bytes,delta_records,delta_bytes,requested_buckets,returned_bucket_slots,trapdoor_bytes,bucket_bytes,client_to_server_bytes,server_to_client_bytes,candidates,final_results,correct,seed
E2,0,SliceBF,300000,common_001,2,common,0.0241,2.0186,1.9424,0.5522,81.1629,83.6575,85.7002,1,150336,0,0,4436,283904,424,165283584,18168,165433920,18702,18702,1,20260711
E2,0,SliceBF,300000,medium_001,2,medium,0.0388,0.0824,1.1008,0.3426,0.1042,1.5476,1.6688,1,150336,0,0,19,1216,424,775232,500,925568,19,19,1,20260711
E2,0,SliceBF,300000,common_000,2,common,0.0229,2.102,2.2488,0.6464,92.1559,95.0511,97.176,1,150336,0,0,4527,289728,424,167919936,18532,168070272,21859,21859,1,20260711
E2,0,SliceBF,300000,rare_013,2,rare,0.0419,0.078,1.2753,0.3422,0.0246,1.6421,1.762,1,150336,0,0,3,192,424,92224,436,242560,3,3,1,20260711
E2,0,SliceBF,300000,medium_025,2,medium,0.0252,0.0936,1.0073,0.3536,0.2413,1.6022,1.721,1,150336,0,0,54,3456,424,2020480,640,2170816,54,54,1,20260711
E2,0,SliceBF,300000,rare_016,2,rare,0.0236,0.0729,0.944,0.3422,0.0251,1.3113,1.4078,1,150336,0,0,4,256,424,150272,440,300608,4,4,1,20260711
E2,0,SliceBF,300000,common_007,2,common,0.023,0.9515,1.1362,0.5309,20.411,22.0781,23.0526,1,150336,0,0,3035,194240,424,104020544,12564,104170880,5570,5570,1,20260711
E2,0,SliceBF,300000,common_018,2,common,0.0376,2.0794,1.6183,0.5581,83.1715,85.3479,87.4649,1,150336,0,0,4344,278016,424,153094656,17800,153244992,23981,23981,1,20260711
E2,0,SliceBF,300000,common_022,2,common,0.0932,1.7341,2.3124,0.4916,65.0476,67.8516,69.6789,1,150336,0,0,4545,290880,424,165720768,18604,165871104,16543,16543,1,20260711
E2,0,SliceBF,300000,common_025,2,common,0.0379,2.5592,2.217,0.6272,129.492,132.337,134.934,1,150336,0,0,4684,299776,424,171569408,19160,171719744,31326,31326,1,20260711
E2,0,SliceBF,300000,rare_010,2,rare,0.0363,0.0816,1.0467,0.3475,0.0623,1.4565,1.5744,1,150336,0,0,12,768,424,418048,472,568384,12,12,1,20260711
E2,0,SliceBF,300000,common_021,2,common,0.0227,1.2779,1.8691,0.4544,37.1237,39.4472,40.7478,1,150336,0,0,3903,249792,424,135564608,16036,135714944,10092,10092,1,20260711
E2,0,SliceBF,300000,rare_015,2,rare,0.0372,0.0736,1.0327,0.3436,0.0134,1.3897,1.5005,1,150336,0,0,1,64,424,25280,428,175616,1,1,1,20260711
E2,0,SliceBF,300000,common_015,2,common,0.0215,1.1995,1.2798,0.4179,32.1243,33.822,35.043,1,150336,0,0,3295,210880,424,109864256,13604,110014592,8114,8114,1,20260711
E2,0,SliceBF,300000,rare_014,2,rare,0.0364,0.1911,0.9866,0.3764,0.0137,1.3767,1.6042,1,150336,0,0,1,64,424,25280,428,175616,1,1,1,20260711
E2,0,SliceBF,300000,common_020,2,common,0.0229,2.095,2.202,0.6633,128.675,131.54,133.658,1,150336,0,0,4083,261312,424,156990528,16756,157140864,26842,26842,1,20260711
E2,0,SliceBF,300000,common_026,2,common,0.0395,3.4089,2.3146,0.7773,218.584,221.676,225.125,1,150336,0,0,4685,299840,424,171701184,19164,171851520,50970,50970,1,20260711
E2,0,SliceBF,300000,rare_020,2,rare,0.0425,0.0852,0.9886,0.3434,0.0284,1.3604,1.4881,1,150336,0,0,3,192,424,124992,436,275328,3,3,1,20260711
E2,0,SliceBF,300000,medium_014,2,medium,0.0231,0.0772,1.1773,0.3423,0.1184,1.638,1.7383,1,150336,0,0,23,1472,424,892736,516,1043072,23,23,1,20260711
E2,0,SliceBF,300000,rare_025,2,rare,0.025,0.0704,1.4463,0.3417,0.0247,1.8127,1.9081,1,150336,0,0,3,192,424,108608,436,258944,3,3,1,20260711
E2,0,SliceBF,300000,rare_022,2,rare,0.0233,0.0715,1.0528,0.3415,0.0167,1.411,1.5058,1,150336,0,0,3,192,424,100416,436,250752,3,3,1,20260711
E2,0,SliceBF,300000,medium_016,2,medium,0.0216,0.1033,1.6789,0.456,0.5422,2.6771,2.802,1,150336,0,0,96,6144,424,3966976,808,4117312,96,96,1,20260711
E2,0,SliceBF,300000,rare_003,2,rare,0.0218,0.0697,0.977,0.3449,0.0082,1.3301,1.4216,1,150336,0,0,1,64,424,25280,428,175616,1,1,1,20260711
E2,0,SliceBF,300000,medium_022,2,medium,0.0217,0.0712,1.1337,0.3416,0.0351,1.5104,1.6033,1,150336,0,0,8,512,424,218624,456,368960,8,8,1,20260711
E2,0,SliceBF,300000,rare_019,2,rare,0.0223,0.0746,1.8091,0.4548,0.0315,2.2954,2.3923,1,150336,0,0,4,256,424,232192,440,382528,4,4,1,20260711
E2,0,SliceBF,300000,common_019,2,common,0.0219,2.156,1.9686,0.5647,128.618,131.151,133.329,1,150336,0,0,4071,260544,424,156687168,16708,156837504,26737,26737,1,20260711
E2,0,SliceBF,300000,medium_002,2,medium,0.038,0.0928,1.3325,0.3433,0.2399,1.9157,2.0465,1,150336,0,0,55,3520,424,1849152,644,1999488,55,55,1,20260711
E2,0,SliceBF,300000,medium_012,2,medium,0.0218,0.0798,1.3106,0.3792,0.1524,1.8422,1.9438,1,150336,0,0,32,2048,424,1267712,552,1418048,32,32,1,20260711
E2,0,SliceBF,300000,common_005,2,common,0.0211,1.9196,2.0704,0.4597,54.661,57.1911,59.1318,1,150336,0,0,4216,269824,424,157288960,17288,157439296,12472,12472,1,20260711
E2,0,SliceBF,300000,medium_023,2,medium,0.0355,0.108,1.0663,0.3449,0.4648,1.876,2.0195,1,150336,0,0,102,6528,424,4061312,832,4211648,104,104,1,20260711
E2,0,SliceBF,300000,medium_010,2,medium,0.0233,0.0798,1.1105,0.3425,0.1188,1.5718,1.6749,1,150336,0,0,26,1664,424,984960,528,1135296,26,26,1,20260711
E2,0,SliceBF,300000,rare_024,2,rare,0.0227,0.0703,1.0147,0.4234,0.0182,1.4563,1.5493,1,150336,0,0,1,64,424,25280,428,175616,1,1,1,20260711
E2,0,SliceBF,300000,rare_011,2,rare,0.023,0.0944,1.3067,0.4783,0.018,1.803,1.9204,1,150336,0,0,2,128,424,83328,432,233664,2,2,1,20260711
E2,0,SliceBF,300000,rare_006,2,rare,0.0216,0.0725,1.5717,0.3414,0.0083,1.9214,2.0155,1,150336,0,0,1,64,424,41664,428,192000,1,1,1,20260711
E2,0,SliceBF,300000,medium_013,2,medium,0.0246,0.0914,1.1966,0.3463,0.2878,1.8307,1.9467,1,150336,0,0,67,4288,424,2578496,692,2728832,67,67,1,20260711
E2,0,SliceBF,300000,medium_021,2,medium,0.0221,0.1154,1.1236,0.3457,0.5869,2.0562,2.1937,1,150336,0,0,135,8640,424,5575488,964,5725824,137,137,1,20260711
E2,0,SliceBF,300000,rare_002,2,rare,0.0218,0.069,1.1422,0.3419,0.0076,1.4917,1.5825,1,150336,0,0,1,64,424,25280,428,175616,1,1,1,20260711
E2,0,SliceBF,300000,common_023,2,common,0.0206,2.0655,1.7039,0.5634,135.239,137.506,139.592,1,150336,0,0,3880,248320,424,151842304,15944,151992640,27923,27923,1,20260711
E2,0,SliceBF,300000,rare_001,2,rare,0.0355,0.0922,1.9387,0.4195,0.0272,2.3854,2.5131,1,150336,0,0,2,128,424,66944,432,217280,2,2,1,20260711
E2,0,SliceBF,300000,medium_017,2,medium,0.0247,0.0802,0.9697,0.3458,0.0727,1.3882,1.4931,1,150336,0,0,14,896,424,534144,480,684480,14,14,1,20260711
E2,0,SliceBF,300000,common_009,2,common,0.0226,3.0068,2.1854,0.6384,133.742,136.565,139.595,1,150336,0,0,4691,300224,424,171516992,19188,171667328,35020,35020,1,20260711
E2,0,SliceBF,300000,medium_018,2,medium,0.0376,0.0851,1.2609,0.3458,0.0623,1.669,1.7917,1,150336,0,0,12,768,424,368896,472,519232,12,12,1,20260711
E2,0,SliceBF,300000,rare_009,2,rare,0.0227,0.0713,0.9968,0.3414,0.0076,1.3458,1.4398,1,150336,0,0,1,64,424,25280,428,175616,1,1,1,20260711
E2,0,SliceBF,300000,common_024,2,common,0.0223,2.7573,1.2619,0.7222,151.214,153.198,155.977,1,150336,0,0,4178,267392,424,159408512,17136,159558848,31904,31904,1,20260711
E2,0,SliceBF,300000,rare_012,2,rare,0.0431,0.081,1.179,0.342,0.0213,1.5423,1.6664,1,150336,0,0,2,128,424,83328,432,233664,2,2,1,20260711
E2,0,SliceBF,300000,common_016,2,common,0.1475,1.1004,1.6272,0.4203,28.9289,30.9764,32.2243,1,150336,0,0,3330,213120,424,111388032,13744,111538368,8226,8226,1,20260711
E2,0,SliceBF,300000,medium_003,2,medium,0.0411,0.0848,1.018,0.3433,0.0905,1.4518,1.5777,1,150336,0,0,18,1152,424,651648,496,801984,18,18,1,20260711
E2,0,SliceBF,300000,rare_018,2,rare,0.0236,0.0777,1.1509,0.3416,0.0078,1.5003,1.6016,1,150336,0,0,1,64,424,25280,428,175616,1,1,1,20260711
E2,0,SliceBF,300000,rare_017,2,rare,0.0228,0.0694,1.0543,0.343,0.0078,1.4051,1.4973,1,150336,0,0,1,64,424,25280,428,175616,1,1,1,20260711
E2,0,SliceBF,300000,rare_007,2,rare,0.0224,0.0734,1.5501,0.4821,0.0642,2.0964,2.1922,1,150336,0,0,9,576,424,391360,460,541696,9,9,1,20260711
E2,0,SliceBF,300000,common_013,2,common,0.0271,2.1513,2.0139,0.5407,112.6,115.154,117.333,1,150336,0,0,3783,242112,424,149340992,15556,149491328,23494,23494,1,20260711
E2,0,SliceBF,300000,medium_015,2,medium,0.042,0.0895,1.2419,0.3816,0.2215,1.845,1.9765,1,150336,0,0,24,1536,424,885248,520,1035584,24,24,1,20260711
E2,0,SliceBF,300000,medium_024,2,medium,0.0255,0.0959,1.327,0.4613,0.2393,2.0276,2.149,1,150336,0,0,52,3328,424,2019072,632,2169408,52,52,1,20260711
E2,0,SliceBF,300000,medium_008,2,medium,0.0237,0.0741,0.9631,0.3423,0.0459,1.3513,1.4491,1,150336,0,0,10,640,424,367488,464,517824,10,10,1,20260711
E2,0,SliceBF,300000,common_008,2,common,0.0236,0.9675,1.1098,0.406,20.2019,21.7177,22.7088,1,150336,0,0,3055,195520,424,104821056,12644,104971392,5606,5606,1,20260711
E2,0,SliceBF,300000,medium_004,2,medium,0.0354,0.0955,1.246,0.3483,0.3638,1.9581,2.089,1,150336,0,0,53,3392,424,2126272,636,2276608,53,53,1,20260711
E2,0,SliceBF,300000,common_014,2,common,0.0248,2.1121,2.1368,0.5655,71.7493,74.4516,76.5885,1,150336,0,0,4532,290048,424,163065600,18552,163215936,18415,18415,1,20260711
E2,0,SliceBF,300000,medium_019,2,medium,0.042,0.1275,1.5272,0.3457,0.6742,2.5471,2.7166,1,150336,0,0,109,6976,424,4787136,860,4937472,111,111,1,20260711
E2,0,SliceBF,300000,common_004,2,common,0.0279,0.9311,1.414,0.3919,19.4638,21.2697,22.2287,1,150336,0,0,2980,190720,424,102220544,12344,102370880,5199,5199,1,20260711
E2,0,SliceBF,300000,rare_004,2,rare,0.0762,0.0824,1.0147,0.3418,0.0171,1.3736,1.5322,1,150336,0,0,2,128,424,83328,432,233664,2,2,1,20260711
E2,0,SliceBF,300000,medium_009,2,medium,0.0234,0.075,0.8976,0.3456,0.0688,1.312,1.4104,1,150336,0,0,14,896,424,517760,480,668096,14,14,1,20260711
E2,0,SliceBF,300000,rare_008,2,rare,0.0218,0.0793,1.2024,0.5615,0.1052,1.8691,1.9702,1,150336,0,0,13,832,424,492480,476,642816,13,13,1,20260711
E2,0,SliceBF,300000,common_002,2,common,0.0228,2.1204,1.8291,0.5356,85.5494,87.9141,90.0573,1,150336,0,0,4527,289728,424,163578176,18532,163728512,21992,21992,1,20260711
E2,0,SliceBF,300000,medium_011,2,medium,0.0407,0.0882,1.0224,0.3433,0.1062,1.4719,1.6008,1,150336,0,0,19,1216,424,775232,500,925568,19,19,1,20260711
E2,0,SliceBF,300000,medium_000,2,medium,0.023,0.1025,1.11,0.3471,0.4131,1.8702,1.9957,1,150336,0,0,91,5824,424,3709504,788,3859840,92,92,1,20260711
E2,0,SliceBF,300000,common_003,2,common,0.023,0.9103,1.2756,0.3936,18.6434,20.3126,21.2459,1,150336,0,0,2966,189824,424,101735552,12288,101885888,5163,5163,1,20260711
E2,0,SliceBF,300000,medium_007,2,medium,0.0352,0.0837,1.1701,0.3433,0.1062,1.6196,1.7385,1,150336,0,0,21,1344,424,842176,508,992512,21,21,1,20260711
E2,0,SliceBF,300000,common_027,2,common,0.0228,3.4898,2.6768,0.8067,193.41,196.894,200.406,1,150336,0,0,4693,300352,424,171600320,19196,171750656,51308,51308,1,20260711
E2,0,SliceBF,300000,common_017,2,common,0.0446,1.4022,1.8769,0.4419,36.4592,38.778,40.2248,1,150336,0,0,3789,242496,424,130257856,15580,130408192,10176,10176,1,20260711
E2,0,SliceBF,300000,rare_023,2,rare,0.0364,0.0744,1.1305,0.3419,0.0293,1.5017,1.6125,1,150336,0,0,1,64,424,41664,428,192000,1,1,1,20260711
E2,0,SliceBF,300000,common_006,2,common,0.0226,1.5413,1.8216,0.4706,57.0596,59.3518,60.9157,1,150336,0,0,4473,286272,424,164375744,18316,164526080,13886,13886,1,20260711
E2,0,SliceBF,300000,common_012,2,common,0.0362,1.646,1.9838,0.5162,67.1148,69.6148,71.297,1,150336,0,0,4437,283968,424,163842496,18172,163992832,15452,15452,1,20260711
E2,0,SliceBF,300000,medium_006,2,medium,0.0398,0.0952,1.2345,0.3439,0.0423,1.6207,1.7557,1,150336,0,0,8,512,424,235008,456,385344,8,8,1,20260711
E2,0,SliceBF,300000,common_010,2,common,0.0241,2.3725,2.6156,0.5897,111.003,114.208,116.605,1,150336,0,0,4644,297216,424,170615552,19000,170765888,26157,26157,1,20260711
E2,0,SliceBF,300000,rare_005,2,rare,0.0394,0.0775,1.2941,0.347,0.026,1.6671,1.784,1,150336,0,0,3,192,424,108608,436,258944,3,3,1,20260711
E2,0,SliceBF,300000,rare_000,2,rare,0.0241,0.0704,1.0525,0.3415,0.0094,1.4034,1.4979,1,150336,0,0,1,64,424,25280,428,175616,1,1,1,20260711
E2,0,SliceBF,300000,common_011,2,common,0.0234,4.6701,1.9089,0.8717,281.336,284.116,288.81,1,150336,0,0,4661,298304,424,171200960,19068,171351296,72862,72862,1,20260711
E2,0,SliceBF,300000,medium_005,2,medium,0.059,0.112,1.2393,0.3511,0.1297,1.7201,1.8911,1,150336,0,0,23,1472,424,991040,516,1141376,24,24,1,20260711
E2,0,SliceBF,300000,rare_021,2,rare,0.0228,0.0687,1.0093,0.3414,0.0082,1.3589,1.4504,1,150336,0,0,1,64,424,25280,428,175616,1,1,1,20260711
E2,0,SliceBF,300000,medium_020,2,medium,0.2073,0.0938,1.2569,0.3436,0.311,1.9115,2.2126,1,150336,0,0,64,4096,424,2879488,680,3029824,65,65,1,20260711
E2,0,XEBFF-Conj,300000,common_001,2,common,72.9697,32.7074,0,0,11.8242,11.8242,117.501,0,0,0,0,0,0,1185572,0,1185572,654574,24699,18702,1,20260711
E2,0,XEBFF-Conj,300000,medium_001,2,medium,5.0173,2.2092,0,0,0.0215,0.0215,7.248,0,0,0,0,0,0,77396,0,77396,669,1612,19,1,20260711
E2,0,XEBFF-Conj,300000,common_000,2,common,123.202,53.8631,0,0,14.168,14.168,191.233,0,0,0,0,0,0,1971284,0,1971284,765069,41068,21859,1,20260711
E2,0,XEBFF-Conj,300000,rare_013,2,rare,0.1052,0.0275,0,0,0.0096,0.0096,0.1423,0,0,0,0,0,0,1028,0,1028,109,21,3,1,20260711
E2,0,XEBFF-Conj,300000,medium_025,2,medium,12.4991,6.0273,0,0,0.0588,0.0588,18.5852,0,0,0,0,0,0,209732,0,209732,1894,4369,54,1,20260711
E2,0,XEBFF-Conj,300000,rare_016,2,rare,1.0046,0.4839,0,0,0.007,0.007,1.4955,0,0,0,0,0,0,16580,0,16580,144,345,4,1,20260711
E2,0,XEBFF-Conj,300000,common_007,2,common,19.2769,8.6189,0,0,3.5417,3.5417,31.4375,0,0,0,0,0,0,308132,0,308132,194954,6419,5570,1,20260711
E2,0,XEBFF-Conj,300000,common_018,2,common,71.3839,32.3974,0,0,14.4994,14.4994,118.281,0,0,0,0,0,0,1152020,0,1152020,839339,24000,23981,1,20260711
E2,0,XEBFF-Conj,300000,common_022,2,common,181.823,80.7919,0,0,10.3256,10.3256,272.941,0,0,0,0,0,0,2968052,0,2968052,579009,61834,16543,1,20260711
E2,0,XEBFF-Conj,300000,common_025,2,common,119.637,54.4456,0,0,19.3594,19.3594,193.442,0,0,0,0,0,0,1940996,0,1940996,1096414,40437,31326,1,20260711
E2,0,XEBFF-Conj,300000,rare_010,2,rare,1.025,0.5266,0,0,0.0154,0.0154,1.567,0,0,0,0,0,0,16196,0,16196,424,337,12,1,20260711
E2,0,XEBFF-Conj,300000,common_021,2,common,38.2505,16.7836,0,0,6.4524,6.4524,61.4865,0,0,0,0,0,0,609092,0,609092,353224,12689,10092,1,20260711
E2,0,XEBFF-Conj,300000,rare_015,2,rare,0.0591,0.0089,0,0,0.008,0.008,0.076,0,0,0,0,0,0,308,0,308,39,6,1,1,20260711
E2,0,XEBFF-Conj,300000,common_015,2,common,39.1763,16.8279,0,0,4.9342,4.9342,60.9384,0,0,0,0,0,0,609092,0,609092,283994,12689,8114,1,20260711
E2,0,XEBFF-Conj,300000,rare_014,2,rare,0.1645,0.0307,0,0,0.0122,0.0122,0.2074,0,0,0,0,0,0,1172,0,1172,39,24,1,1,20260711
E2,0,XEBFF-Conj,300000,common_020,2,common,95.8065,43.0968,0,0,16.1239,16.1239,155.027,0,0,0,0,0,0,1538276,0,1538276,939474,32047,26842,1,20260711
E2,0,XEBFF-Conj,300000,common_026,2,common,213.214,94.325,0,0,31.626,31.626,339.165,0,0,0,0,0,0,3473780,0,3473780,1783954,72370,50970,1,20260711
E2,0,XEBFF-Conj,300000,rare_020,2,rare,0.9346,0.4009,0,0,0.0086,0.0086,1.3441,0,0,0,0,0,0,15188,0,15188,109,316,3,1,20260711
E2,0,XEBFF-Conj,300000,medium_014,2,medium,1.1594,0.503,0,0,0.021,0.021,1.6834,0,0,0,0,0,0,16292,0,16292,809,339,23,1,20260711
E2,0,XEBFF-Conj,300000,rare_025,2,rare,0.0533,0.0179,0,0,0.0024,0.0024,0.0736,0,0,0,0,0,0,692,0,692,109,14,3,1,20260711
E2,0,XEBFF-Conj,300000,rare_022,2,rare,2.1223,0.9531,0,0,0.0047,0.0047,3.0801,0,0,0,0,0,0,35108,0,35108,109,731,3,1,20260711
E2,0,XEBFF-Conj,300000,medium_016,2,medium,0.644,0.2884,0,0,0.0679,0.0679,1.0003,0,0,0,0,0,0,10532,0,10532,3364,219,96,1,20260711
E2,0,XEBFF-Conj,300000,rare_003,2,rare,1.8952,0.772,0,0,0.0018,0.0018,2.669,0,0,0,0,0,0,28676,0,28676,39,597,1,1,20260711
E2,0,XEBFF-Conj,300000,medium_022,2,medium,1.3316,0.5582,0,0,0.0067,0.0067,1.8965,0,0,0,0,0,0,22580,0,22580,284,470,8,1,20260711
E2,0,XEBFF-Conj,300000,rare_019,2,rare,0.0382,0.0116,0,0,0.0029,0.0029,0.0527,0,0,0,0,0,0,452,0,452,144,9,4,1,20260711
E2,0,XEBFF-Conj,300000,common_019,2,common,93.8178,42.0481,0,0,16.582,16.582,152.448,0,0,0,0,0,0,1531412,0,1531412,935799,31904,26737,1,20260711
E2,0,XEBFF-Conj,300000,medium_002,2,medium,11.3825,5.14,0,0,0.0518,0.0518,16.5743,0,0,0,0,0,0,195764,0,195764,1929,4078,55,1,20260711
E2,0,XEBFF-Conj,300000,medium_012,2,medium,2.1837,1.0504,0,0,0.0296,0.0296,3.2637,0,0,0,0,0,0,36980,0,36980,1124,770,32,1,20260711
E2,0,XEBFF-Conj,300000,common_005,2,common,42.6375,20.2367,0,0,7.2276,7.2276,70.1018,0,0,0,0,0,0,741716,0,741716,436524,15452,12472,1,20260711
E2,0,XEBFF-Conj,300000,medium_023,2,medium,16.1264,7.6122,0,0,0.0831,0.0831,23.8217,0,0,0,0,0,0,278612,0,278612,3644,5804,104,1,20260711
E2,0,XEBFF-Conj,300000,medium_010,2,medium,10.2817,4.5253,0,0,0.026,0.026,14.833,0,0,0,0,0,0,178580,0,178580,914,3720,26,1,20260711
E2,0,XEBFF-Conj,300000,rare_024,2,rare,0.0196,0.0023,0,0,0.0014,0.0014,0.0233,0,0,0,0,0,0,68,0,68,39,1,1,1,20260711
E2,0,XEBFF-Conj,300000,rare_011,2,rare,1.8602,0.871,0,0,0.003,0.003,2.7342,0,0,0,0,0,0,33188,0,33188,74,691,2,1,20260711
E2,0,XEBFF-Conj,300000,rare_006,2,rare,0.0227,0.0044,0,0,0.0008,0.0008,0.0279,0,0,0,0,0,0,164,0,164,39,3,1,1,20260711
E2,0,XEBFF-Conj,300000,medium_013,2,medium,2.8437,1.2393,0,0,0.047,0.047,4.13,0,0,0,0,0,0,50324,0,50324,2349,1048,67,1,20260711
E2,0,XEBFF-Conj,300000,medium_021,2,medium,12.1949,5.2927,0,0,0.099,0.099,17.5866,0,0,0,0,0,0,209732,0,209732,4799,4369,137,1,20260711
E2,0,XEBFF-Conj,300000,rare_002,2,rare,0.0811,0.0291,0,0,0.0013,0.0013,0.1115,0,0,0,0,0,0,1172,0,1172,39,24,1,1,20260711
E2,0,XEBFF-Conj,300000,common_023,2,common,77.8703,35.1828,0,0,16.3882,16.3882,129.441,0,0,0,0,0,0,1340324,0,1340324,977309,27923,27923,1,20260711
E2,0,XEBFF-Conj,300000,rare_001,2,rare,0.1494,0.0508,0,0,0.0076,0.0076,0.2078,0,0,0,0,0,0,1988,0,1988,74,41,2,1,20260711
E2,0,XEBFF-Conj,300000,medium_017,2,medium,3.2983,1.7628,0,0,0.0175,0.0175,5.0786,0,0,0,0,0,0,59828,0,59828,494,1246,14,1,20260711
E2,0,XEBFF-Conj,300000,common_009,2,common,181.003,80.3542,0,0,22.2168,22.2168,283.574,0,0,0,0,0,0,2968052,0,2968052,1225704,61834,35020,1,20260711
E2,0,XEBFF-Conj,300000,medium_018,2,medium,1.5025,0.7756,0,0,0.0146,0.0146,2.2927,0,0,0,0,0,0,24116,0,24116,424,502,12,1,20260711
E2,0,XEBFF-Conj,300000,rare_009,2,rare,0.0268,0.0055,0,0,0.0009,0.0009,0.0332,0,0,0,0,0,0,212,0,212,39,4,1,1,20260711
E2,0,XEBFF-Conj,300000,common_024,2,common,94.6026,42.1799,0,0,19.767,19.767,156.549,0,0,0,0,0,0,1531412,0,1531412,1116644,31904,31904,1,20260711
E2,0,XEBFF-Conj,300000,rare_012,2,rare,1.4271,0.6181,0,0,0.0075,0.0075,2.0527,0,0,0,0,0,0,25076,0,25076,74,522,2,1,20260711
E2,0,XEBFF-Conj,300000,common_016,2,common,37.3659,16.9253,0,0,5.0329,5.0329,59.3241,0,0,0,0,0,0,609092,0,609092,287914,12689,8226,1,20260711
E2,0,XEBFF-Conj,300000,medium_003,2,medium,0.9552,0.4155,0,0,0.019,0.019,1.3897,0,0,0,0,0,0,15668,0,15668,634,326,18,1,20260711
E2,0,XEBFF-Conj,300000,rare_018,2,rare,0.0516,0.0151,0,0,0.001,0.001,0.0677,0,0,0,0,0,0,596,0,596,39,12,1,1,20260711
E2,0,XEBFF-Conj,300000,rare_017,2,rare,0.0512,0.0158,0,0,0.001,0.001,0.068,0,0,0,0,0,0,596,0,596,39,12,1,1,20260711
E2,0,XEBFF-Conj,300000,rare_007,2,rare,1.2677,0.5822,0,0,0.0068,0.0068,1.8567,0,0,0,0,0,0,21476,0,21476,319,447,9,1,20260711
E2,0,XEBFF-Conj,300000,common_013,2,common,82.9232,37.3456,0,0,14.2512,14.2512,134.52,0,0,0,0,0,0,1340324,0,1340324,822294,27923,23494,1,20260711
E2,0,XEBFF-Conj,300000,medium_015,2,medium,9.2567,4.5511,0,0,0.0259,0.0259,13.8337,0,0,0,0,0,0,155540,0,155540,844,3240,24,1,20260711
E2,0,XEBFF-Conj,300000,medium_024,2,medium,11.2864,4.8731,0,0,0.0434,0.0434,16.2029,0,0,0,0,0,0,185108,0,185108,1824,3856,52,1,20260711
E2,0,XEBFF-Conj,300000,medium_008,2,medium,3.1372,1.6019,0,0,0.0122,0.0122,4.7513,0,0,0,0,0,0,53252,0,53252,354,1109,10,1,20260711
E2,0,XEBFF-Conj,300000,common_008,2,common,32.2824,14.687,0,0,3.2721,3.2721,50.2415,0,0,0,0,0,0,527108,0,527108,196214,10981,5606,1,20260711
E2,0,XEBFF-Conj,300000,medium_004,2,medium,0.2167,0.1022,0,0,0.0366,0.0366,0.3555,0,0,0,0,0,0,3476,0,3476,1859,72,53,1,20260711
E2,0,XEBFF-Conj,300000,common_014,2,common,87.68,40.3731,0,0,11.2358,11.2358,139.289,0,0,0,0,0,0,1442420,0,1442420,644529,30050,18415,1,20260711
E2,0,XEBFF-Conj,300000,medium_019,2,medium,1.1416,0.503,0,0,0.0787,0.0787,1.7233,0,0,0,0,0,0,18884,0,18884,3889,393,111,1,20260711
E2,0,XEBFF-Conj,300000,common_004,2,common,33.4212,15.3723,0,0,3.4883,3.4883,52.2818,0,0,0,0,0,0,546260,0,546260,181969,11380,5199,1,20260711
E2,0,XEBFF-Conj,300000,rare_004,2,rare,0.5211,0.2157,0,0,0.0037,0.0037,0.7405,0,0,0,0,0,0,8276,0,8276,74,172,2,1,20260711
E2,0,XEBFF-Conj,300000,medium_009,2,medium,5.8416,2.5533,0,0,0.0154,0.0154,8.4103,0,0,0,0,0,0,97220,0,97220,494,2025,14,1,20260711
E2,0,XEBFF-Conj,300000,rare_008,2,rare,1.848,0.9316,0,0,0.0165,0.0165,2.7961,0,0,0,0,0,0,30932,0,30932,459,644,13,1,20260711
E2,0,XEBFF-Conj,300000,common_002,2,common,88.171,39.9775,0,0,13.6711,13.6711,141.82,0,0,0,0,0,0,1442420,0,1442420,769724,30050,21992,1,20260711
E2,0,XEBFF-Conj,300000,medium_011,2,medium,3.4077,1.6225,0,0,0.0224,0.0224,5.0526,0,0,0,0,0,0,57476,0,57476,669,1197,19,1,20260711
E2,0,XEBFF-Conj,300000,medium_000,2,medium,3.4099,1.5277,0,0,0.0647,0.0647,5.0023,0,0,0,0,0,0,56420,0,56420,3224,1175,92,1,20260711
E2,0,XEBFF-Conj,300000,common_003,2,common,33.5024,15.1074,0,0,3.2845,3.2845,51.8943,0,0,0,0,0,0,546260,0,546260,180709,11380,5163,1,20260711
E2,0,XEBFF-Conj,300000,medium_007,2,medium,5.6459,2.7486,0,0,0.0228,0.0228,8.4173,0,0,0,0,0,0,95204,0,95204,739,1983,21,1,20260711
E2,0,XEBFF-Conj,300000,common_027,2,common,178.123,78.4563,0,0,31.3969,31.3969,287.976,0,0,0,0,0,0,2968052,0,2968052,1795784,61834,51308,1,20260711
E2,0,XEBFF-Conj,300000,common_017,2,common,69.4467,31.7665,0,0,6.6521,6.6521,107.865,0,0,0,0,0,0,1152020,0,1152020,356164,24000,10176,1,20260711
E2,0,XEBFF-Conj,300000,rare_023,2,rare,0.0833,0.0225,0,0,0.0051,0.0051,0.1109,0,0,0,0,0,0,836,0,836,39,17,1,1,20260711
E2,0,XEBFF-Conj,300000,common_006,2,common,40.0679,19.3262,0,0,8.4177,8.4177,67.8118,0,0,0,0,0,0,666548,0,666548,486014,13886,13886,1,20260711
E2,0,XEBFF-Conj,300000,common_012,2,common,46.103,19.9987,0,0,9.7272,9.7272,75.8289,0,0,0,0,0,0,741716,0,741716,540824,15452,15452,1,20260711
E2,0,XEBFF-Conj,300000,medium_006,2,medium,0.0615,0.0114,0,0,0.0095,0.0095,0.0824,0,0,0,0,0,0,404,0,404,284,8,8,1,20260711
E2,0,XEBFF-Conj,300000,common_010,2,common,101.441,46.6064,0,0,16.3039,16.3039,164.351,0,0,0,0,0,0,1656836,0,1656836,915499,34517,26157,1,20260711
E2,0,XEBFF-Conj,300000,rare_005,2,rare,0.2176,0.083,0,0,0.0093,0.0093,0.3099,0,0,0,0,0,0,3044,0,3044,109,63,3,1,20260711
E2,0,XEBFF-Conj,300000,rare_000,2,rare,0.065,0.0213,0,0,0.0009,0.0009,0.0872,0,0,0,0,0,0,836,0,836,39,17,1,1,20260711
E2,0,XEBFF-Conj,300000,common_011,2,common,220.127,97.4846,0,0,46.2277,46.2277,363.839,0,0,0,0,0,0,3532052,0,3532052,2550174,73584,72862,1,20260711
E2,0,XEBFF-Conj,300000,medium_005,2,medium,4.1723,2.0095,0,0,0.027,0.027,6.2088,0,0,0,0,0,0,69092,0,69092,844,1439,24,1,20260711
E2,0,XEBFF-Conj,300000,rare_021,2,rare,0.0207,0.0019,0,0,0.001,0.001,0.0236,0,0,0,0,0,0,68,0,68,39,1,1,1,20260711
E2,0,XEBFF-Conj,300000,medium_020,2,medium,1.1745,0.5,0,0,0.0425,0.0425,1.717,0,0,0,0,0,0,19892,0,19892,2279,414,65,1,20260711
E2,0,Doris,300000,common_001,2,common,67.3791,31.2546,0,0,10.4951,10.4951,109.129,0,0,0,0,0,0,1185572,0,1185572,654574,24699,18702,1,20260711
E2,0,Doris,300000,medium_001,2,medium,4.3209,2.056,0,0,0.037,0.037,6.4139,0,0,0,0,0,0,77396,0,77396,669,1612,19,1,20260711
E2,0,Doris,300000,common_000,2,common,113.532,51.7213,0,0,12.5337,12.5337,177.787,0,0,0,0,0,0,1971284,0,1971284,765069,41068,21859,1,20260711
E2,0,Doris,300000,rare_013,2,rare,0.0838,0.0276,0,0,0.0076,0.0076,0.119,0,0,0,0,0,0,1028,0,1028,109,21,3,1,20260711
E2,0,Doris,300000,medium_025,2,medium,11.8697,5.1814,0,0,0.0465,0.0465,17.0976,0,0,0,0,0,0,207476,0,207476,1894,4322,54,1,20260711
E2,0,Doris,300000,rare_016,2,rare,0.9206,0.4076,0,0,0.0049,0.0049,1.3331,0,0,0,0,0,0,16580,0,16580,144,345,4,1,20260711
E2,0,Doris,300000,common_007,2,common,17.2499,7.6868,0,0,3.2058,3.2058,28.1425,0,0,0,0,0,0,308132,0,308132,194954,6419,5570,1,20260711
E2,0,Doris,300000,common_018,2,common,66.4857,30.2992,0,0,13.6953,13.6953,110.48,0,0,0,0,0,0,1152020,0,1152020,839339,24000,23981,1,20260711
E2,0,Doris,300000,common_022,2,common,170.287,76.7224,0,0,9.7564,9.7564,256.765,0,0,0,0,0,0,2968052,0,2968052,579009,61834,16543,1,20260711
E2,0,Doris,300000,common_025,2,common,112.457,50.1833,0,0,18.0463,18.0463,180.687,0,0,0,0,0,0,1940996,0,1940996,1096414,40437,31326,1,20260711
E2,0,Doris,300000,rare_010,2,rare,0.923,0.5439,0,0,0.0145,0.0145,1.4814,0,0,0,0,0,0,16196,0,16196,424,337,12,1,20260711
E2,0,Doris,300000,common_021,2,common,34.9137,16.0501,0,0,5.8307,5.8307,56.7945,0,0,0,0,0,0,609092,0,609092,353224,12689,10092,1,20260711
E2,0,Doris,300000,rare_015,2,rare,0.0412,0.0089,0,0,0.0056,0.0056,0.0557,0,0,0,0,0,0,308,0,308,39,6,1,1,20260711
E2,0,Doris,300000,common_015,2,common,34.5435,15.7174,0,0,4.7491,4.7491,55.01,0,0,0,0,0,0,609092,0,609092,283994,12689,8114,1,20260711
E2,0,Doris,300000,rare_014,2,rare,0.0864,0.0306,0,0,0.0023,0.0023,0.1193,0,0,0,0,0,0,1172,0,1172,39,24,1,1,20260711
E2,0,Doris,300000,common_020,2,common,87.411,40.8796,0,0,15.1182,15.1182,143.409,0,0,0,0,0,0,1538276,0,1538276,939474,32047,26842,1,20260711
E2,0,Doris,300000,common_026,2,common,199.325,92.7933,0,0,29.6347,29.6347,321.753,0,0,0,0,0,0,3473780,0,3473780,1783954,72370,50970,1,20260711
E2,0,Doris,300000,rare_020,2,rare,0.8876,0.3951,0,0,0.009,0.009,1.2917,0,0,0,0,0,0,15188,0,15188,109,316,3,1,20260711
E2,0,Doris,300000,medium_014,2,medium,0.934,0.4148,0,0,0.0189,0.0189,1.3677,0,0,0,0,0,0,16292,0,16292,809,339,23,1,20260711
E2,0,Doris,300000,rare_025,2,rare,0.0483,0.0185,0,0,0.0024,0.0024,0.0692,0,0,0,0,0,0,692,0,692,109,14,3,1,20260711
E2,0,Doris,300000,rare_022,2,rare,2.1113,0.8806,0,0,0.0029,0.0029,2.9948,0,0,0,0,0,0,35108,0,35108,109,731,3,1,20260711
E2,0,Doris,300000,medium_016,2,medium,0.6263,0.2969,0,0,0.0604,0.0604,0.9836,0,0,0,0,0,0,10532,0,10532,3364,219,96,1,20260711
E2,0,Doris,300000,rare_003,2,rare,1.8716,0.7244,0,0,0.0029,0.0029,2.5989,0,0,0,0,0,0,28676,0,28676,39,597,1,1,20260711
E2,0,Doris,300000,medium_022,2,medium,1.2942,0.5704,0,0,0.0071,0.0071,1.8717,0,0,0,0,0,0,22580,0,22580,284,470,8,1,20260711
E2,0,Doris,300000,rare_019,2,rare,0.03,0.0114,0,0,0.0035,0.0035,0.0449,0,0,0,0,0,0,452,0,452,144,9,4,1,20260711
E2,0,Doris,300000,common_019,2,common,88.6167,40.5823,0,0,15.8121,15.8121,145.011,0,0,0,0,0,0,1531412,0,1531412,935799,31904,26737,1,20260711
E2,0,Doris,300000,medium_002,2,medium,11.439,5.1542,0,0,0.0493,0.0493,16.6425,0,0,0,0,0,0,195764,0,195764,1929,4078,55,1,20260711
E2,0,Doris,300000,medium_012,2,medium,2.2393,0.9413,0,0,0.0268,0.0268,3.2074,0,0,0,0,0,0,36980,0,36980,1124,770,32,1,20260711
E2,0,Doris,300000,common_005,2,common,43.2216,19.6085,0,0,7.2636,7.2636,70.0937,0,0,0,0,0,0,741716,0,741716,436524,15452,12472,1,20260711
E2,0,Doris,300000,medium_023,2,medium,15.7782,7.4461,0,0,0.0877,0.0877,23.312,0,0,0,0,0,0,278612,0,278612,3644,5804,104,1,20260711
E2,0,Doris,300000,medium_010,2,medium,10.4094,4.6705,0,0,0.0251,0.0251,15.105,0,0,0,0,0,0,178580,0,178580,914,3720,26,1,20260711
E2,0,Doris,300000,rare_024,2,rare,0.0109,0.0019,0,0,0.0011,0.0011,0.0139,0,0,0,0,0,0,68,0,68,39,1,1,1,20260711
E2,0,Doris,300000,rare_011,2,rare,1.8618,0.9322,0,0,0.0026,0.0026,2.7966,0,0,0,0,0,0,33188,0,33188,74,691,2,1,20260711
E2,0,Doris,300000,rare_006,2,rare,0.0143,0.0042,0,0,0.001,0.001,0.0195,0,0,0,0,0,0,164,0,164,39,3,1,1,20260711
E2,0,Doris,300000,medium_013,2,medium,2.8755,1.2921,0,0,0.0511,0.0511,4.2187,0,0,0,0,0,0,50324,0,50324,2349,1048,67,1,20260711
E2,0,Doris,300000,medium_021,2,medium,12.5051,5.4815,0,0,0.0979,0.0979,18.0845,0,0,0,0,0,0,209732,0,209732,4799,4369,137,1,20260711
E2,0,Doris,300000,rare_002,2,rare,0.0726,0.0305,0,0,0.0014,0.0014,0.1045,0,0,0,0,0,0,1172,0,1172,39,24,1,1,20260711
E2,0,Doris,300000,common_023,2,common,78.681,35.7974,0,0,16.3285,16.3285,130.807,0,0,0,0,0,0,1340324,0,1340324,977309,27923,27923,1,20260711
E2,0,Doris,300000,rare_001,2,rare,0.1541,0.0573,0,0,0.0062,0.0062,0.2176,0,0,0,0,0,0,1988,0,1988,74,41,2,1,20260711
E2,0,Doris,300000,medium_017,2,medium,3.5303,1.6519,0,0,0.0146,0.0146,5.1968,0,0,0,0,0,0,59828,0,59828,494,1246,14,1,20260711
E2,0,Doris,300000,common_009,2,common,174.675,80.9706,0,0,20.7388,20.7388,276.384,0,0,0,0,0,0,2968052,0,2968052,1225704,61834,35020,1,20260711
E2,0,Doris,300000,medium_018,2,medium,1.4147,0.7253,0,0,0.0145,0.0145,2.1545,0,0,0,0,0,0,24116,0,24116,424,502,12,1,20260711
E2,0,Doris,300000,rare_009,2,rare,0.0171,0.0067,0,0,0.0012,0.0012,0.025,0,0,0,0,0,0,212,0,212,39,4,1,1,20260711
E2,0,Doris,300000,common_024,2,common,91.3859,41.9064,0,0,19.0006,19.0006,152.293,0,0,0,0,0,0,1531412,0,1531412,1116644,31904,31904,1,20260711
E2,0,Doris,300000,rare_012,2,rare,1.6009,0.6625,0,0,0.005,0.005,2.2684,0,0,0,0,0,0,25076,0,25076,74,522,2,1,20260711
E2,0,Doris,300000,common_016,2,common,35.5852,16.7765,0,0,4.902,4.902,57.2637,0,0,0,0,0,0,609092,0,609092,287914,12689,8226,1,20260711
E2,0,Doris,300000,medium_003,2,medium,0.9127,0.4314,0,0,0.0148,0.0148,1.3589,0,0,0,0,0,0,15668,0,15668,634,326,18,1,20260711
E2,0,Doris,300000,rare_018,2,rare,0.0389,0.0152,0,0,0.0009,0.0009,0.055,0,0,0,0,0,0,596,0,596,39,12,1,1,20260711
E2,0,Doris,300000,rare_017,2,rare,0.0383,0.0158,0,0,0.0011,0.0011,0.0552,0,0,0,0,0,0,596,0,596,39,12,1,1,20260711
E2,0,Doris,300000,rare_007,2,rare,1.2521,0.5599,0,0,0.0067,0.0067,1.8187,0,0,0,0,0,0,21476,0,21476,319,447,9,1,20260711
E2,0,Doris,300000,common_013,2,common,79.4447,35.9273,0,0,14.1729,14.1729,129.545,0,0,0,0,0,0,1340324,0,1340324,822294,27923,23494,1,20260711
E2,0,Doris,300000,medium_015,2,medium,9.1491,4.2127,0,0,0.0273,0.0273,13.3891,0,0,0,0,0,0,155540,0,155540,844,3240,24,1,20260711
E2,0,Doris,300000,medium_024,2,medium,10.9459,4.9246,0,0,0.0528,0.0528,15.9233,0,0,0,0,0,0,185108,0,185108,1824,3856,52,1,20260711
E2,0,Doris,300000,medium_008,2,medium,3.1983,1.4796,0,0,0.0116,0.0116,4.6895,0,0,0,0,0,0,53252,0,53252,354,1109,10,1,20260711
E2,0,Doris,300000,common_008,2,common,31.3653,14.4601,0,0,3.4765,3.4765,49.3019,0,0,0,0,0,0,527108,0,527108,196214,10981,5606,1,20260711
E2,0,Doris,300000,medium_004,2,medium,0.2301,0.0982,0,0,0.0345,0.0345,0.3628,0,0,0,0,0,0,3476,0,3476,1859,72,53,1,20260711
E2,0,Doris,300000,common_014,2,common,86.6786,39.7506,0,0,11.1033,11.1033,137.532,0,0,0,0,0,0,1442420,0,1442420,644529,30050,18415,1,20260711
E2,0,Doris,300000,medium_019,2,medium,1.3216,0.5019,0,0,0.0775,0.0775,1.901,0,0,0,0,0,0,18884,0,18884,3889,393,111,1,20260711
E2,0,Doris,300000,common_004,2,common,32.8337,14.9273,0,0,3.13,3.13,50.891,0,0,0,0,0,0,546260,0,546260,181969,11380,5199,1,20260711
E2,0,Doris,300000,rare_004,2,rare,0.5148,0.2265,0,0,0.0042,0.0042,0.7455,0,0,0,0,0,0,8276,0,8276,74,172,2,1,20260711
E2,0,Doris,300000,medium_009,2,medium,5.8846,2.6209,0,0,0.0135,0.0135,8.519,0,0,0,0,0,0,97220,0,97220,494,2025,14,1,20260711
E2,0,Doris,300000,rare_008,2,rare,1.8794,0.8386,0,0,0.0104,0.0104,2.7284,0,0,0,0,0,0,30932,0,30932,459,644,13,1,20260711
E2,0,Doris,300000,common_002,2,common,86.2322,40.6264,0,0,13.3983,13.3983,140.257,0,0,0,0,0,0,1442420,0,1442420,769724,30050,21992,1,20260711
E2,0,Doris,300000,medium_011,2,medium,3.5029,1.5389,0,0,0.0221,0.0221,5.0639,0,0,0,0,0,0,57476,0,57476,669,1197,19,1,20260711
E2,0,Doris,300000,medium_000,2,medium,3.4174,1.4911,0,0,0.0703,0.0703,4.9788,0,0,0,0,0,0,56420,0,56420,3224,1175,92,1,20260711
E2,0,Doris,300000,common_003,2,common,32.8577,15.2085,0,0,3.0631,3.0631,51.1293,0,0,0,0,0,0,546260,0,546260,180709,11380,5163,1,20260711
E2,0,Doris,300000,medium_007,2,medium,5.7616,2.5736,0,0,0.0221,0.0221,8.3573,0,0,0,0,0,0,95204,0,95204,739,1983,21,1,20260711
E2,0,Doris,300000,common_027,2,common,177.867,82.7716,0,0,31.0111,31.0111,291.65,0,0,0,0,0,0,2968052,0,2968052,1795784,61834,51308,1,20260711
E2,0,Doris,300000,common_017,2,common,68.4597,31.9671,0,0,6.0902,6.0902,106.517,0,0,0,0,0,0,1152020,0,1152020,356164,24000,10176,1,20260711
E2,0,Doris,300000,rare_023,2,rare,0.0661,0.025,0,0,0.0036,0.0036,0.0947,0,0,0,0,0,0,836,0,836,39,17,1,1,20260711
E2,0,Doris,300000,common_006,2,common,40.1888,18.3409,0,0,8.4336,8.4336,66.9633,0,0,0,0,0,0,666548,0,666548,486014,13886,13886,1,20260711
E2,0,Doris,300000,common_012,2,common,44.9896,20.5142,0,0,9.3151,9.3151,74.8189,0,0,0,0,0,0,741716,0,741716,540824,15452,15452,1,20260711
E2,0,Doris,300000,medium_006,2,medium,0.0461,0.0133,0,0,0.0087,0.0087,0.0681,0,0,0,0,0,0,404,0,404,284,8,8,1,20260711
E2,0,Doris,300000,common_010,2,common,100.285,45.7837,0,0,15.9913,15.9913,162.06,0,0,0,0,0,0,1656836,0,1656836,915499,34517,26157,1,20260711
E2,0,Doris,300000,rare_005,2,rare,0.2054,0.0849,0,0,0.0071,0.0071,0.2974,0,0,0,0,0,0,3044,0,3044,109,63,3,1,20260711
E2,0,Doris,300000,rare_000,2,rare,0.0561,0.0234,0,0,0.0015,0.0015,0.081,0,0,0,0,0,0,836,0,836,39,17,1,1,20260711
E2,0,Doris,300000,common_011,2,common,214.743,96.5112,0,0,44.3011,44.3011,355.555,0,0,0,0,0,0,3532052,0,3532052,2550174,73584,72862,1,20260711
E2,0,Doris,300000,medium_005,2,medium,4.0759,1.8154,0,0,0.026,0.026,5.9173,0,0,0,0,0,0,69092,0,69092,844,1439,24,1,20260711
E2,0,Doris,300000,rare_021,2,rare,0.0247,0.0021,0,0,0.0011,0.0011,0.0279,0,0,0,0,0,0,68,0,68,39,1,1,1,20260711
E2,0,Doris,300000,medium_020,2,medium,1.2243,0.5948,0,0,0.0431,0.0431,1.8622,0,0,0,0,0,0,19892,0,19892,2279,414,65,1,20260711
E2,0,Ren,300000,common_001,2,common,0.0173,26.9108,0,0,10.1364,10.1364,37.0645,0,0,0,0,0,0,116,0,116,729386,24699,18702,1,20260711
E2,0,Ren,300000,medium_001,2,medium,0.0264,2.0255,0,0,0.0148,0.0148,2.0667,0,0,0,0,0,0,116,0,116,749,1612,19,1,20260711
E2,0,Ren,300000,common_000,2,common,0.0147,44.8326,0,0.0001,12.0574,12.0574,56.9047,0,0,0,0,0,0,116,0,116,852509,41068,21859,1,20260711
E2,0,Ren,300000,rare_013,2,rare,0.0295,0.0558,0,0,0.0077,0.0077,0.093,0,0,0,0,0,0,116,0,116,125,21,3,1,20260711
E2,0,Ren,300000,medium_025,2,medium,0.0085,4.4026,0,0,0.0318,0.0318,4.4429,0,0,0,0,0,0,116,0,116,2114,4322,54,1,20260711
E2,0,Ren,300000,rare_016,2,rare,0.0182,0.9775,0,0,0.0031,0.0031,0.9988,0,0,0,0,0,0,116,0,116,164,345,4,1,20260711
E2,0,Ren,300000,common_007,2,common,0.0172,7.3802,0,0,3.0606,3.0606,10.458,0,0,0,0,0,0,116,0,116,217238,6419,5570,1,20260711
E2,0,Ren,300000,common_018,2,common,0.0267,25.9986,0,0,13.3914,13.3914,39.4167,0,0,0,0,0,0,116,0,116,935267,24000,23981,1,20260711
E2,0,Ren,300000,common_022,2,common,0.0276,66.607,0,0.0001,9.0077,9.0077,75.6423,0,0,0,0,0,0,116,0,116,645185,61834,16543,1,20260711
E2,0,Ren,300000,common_025,2,common,0.0271,44.0034,0,0,17.7074,17.7074,61.7379,0,0,0,0,0,0,116,0,116,1221722,40437,31326,1,20260711
E2,0,Ren,300000,rare_010,2,rare,0.0243,0.5053,0,0,0.0141,0.0141,0.5437,0,0,0,0,0,0,116,0,116,476,337,12,1,20260711
E2,0,Ren,300000,common_021,2,common,0.0166,14.0189,0,0,5.5326,5.5326,19.5681,0,0,0,0,0,0,116,0,116,393596,12689,10092,1,20260711
E2,0,Ren,300000,rare_015,2,rare,0.0309,0.0131,0,0,0.0043,0.0043,0.0483,0,0,0,0,0,0,116,0,116,47,6,1,1,20260711
E2,0,Ren,300000,common_015,2,common,0.0147,14.1241,0,0,4.5001,4.5001,18.6389,0,0,0,0,0,0,116,0,116,316454,12689,8114,1,20260711
E2,0,Ren,300000,rare_014,2,rare,0.0225,0.1128,0,0.0001,0.0035,0.0035,0.1388,0,0,0,0,0,0,116,0,116,47,24,1,1,20260711
E2,0,Ren,300000,common_020,2,common,0.0146,36.4508,0,0,14.92,14.92,51.3854,0,0,0,0,0,0,116,0,116,1046846,32047,26842,1,20260711
E2,0,Ren,300000,common_026,2,common,0.0273,80.8998,0,0,28.1041,28.1041,109.031,0,0,0,0,0,0,116,0,116,1987838,72370,50970,1,20260711
E2,0,Ren,300000,rare_020,2,rare,0.0293,0.6583,0,0.0001,0.0094,0.0094,0.697,0,0,0,0,0,0,116,0,116,125,316,3,1,20260711
E2,0,Ren,300000,medium_014,2,medium,0.0174,0.5535,0,0,0.014,0.014,0.5849,0,0,0,0,0,0,116,0,116,905,339,23,1,20260711
E2,0,Ren,300000,rare_025,2,rare,0.0172,0.0208,0,0,0.0019,0.0019,0.0399,0,0,0,0,0,0,116,0,116,125,14,3,1,20260711
E2,0,Ren,300000,rare_022,2,rare,0.0143,2.045,0,0,0.0019,0.0019,2.0612,0,0,0,0,0,0,116,0,116,125,731,3,1,20260711
E2,0,Ren,300000,medium_016,2,medium,0.0146,0.2461,0,0,0.0546,0.0546,0.3153,0,0,0,0,0,0,116,0,116,3752,219,96,1,20260711
E2,0,Ren,300000,rare_003,2,rare,0.0145,2.4252,0,0,0.0008,0.0008,2.4405,0,0,0,0,0,0,116,0,116,47,597,1,1,20260711
E2,0,Ren,300000,medium_022,2,medium,0.0195,0.7213,0,0.0001,0.006,0.006,0.7468,0,0,0,0,0,0,116,0,116,320,470,8,1,20260711
E2,0,Ren,300000,rare_019,2,rare,0.0151,0.023,0,0,0.0026,0.0026,0.0407,0,0,0,0,0,0,116,0,116,164,9,4,1,20260711
E2,0,Ren,300000,common_019,2,common,0.0142,34.6729,0,0,14.5641,14.5641,49.2512,0,0,0,0,0,0,116,0,116,1042751,31904,26737,1,20260711
E2,0,Ren,300000,medium_002,2,medium,0.0243,4.1951,0,0,0.0381,0.0381,4.2575,0,0,0,0,0,0,116,0,116,2153,4078,55,1,20260711
E2,0,Ren,300000,medium_012,2,medium,0.0156,0.9696,0,0,0.0196,0.0196,1.0048,0,0,0,0,0,0,116,0,116,1256,770,32,1,20260711
E2,0,Ren,300000,common_005,2,common,0.0154,16.9828,0,0,6.9739,6.9739,23.9721,0,0,0,0,0,0,116,0,116,486416,15452,12472,1,20260711
E2,0,Ren,300000,medium_023,2,medium,0.0293,5.9465,0,0,0.0634,0.0634,6.0392,0,0,0,0,0,0,116,0,116,4064,5804,104,1,20260711
E2,0,Ren,300000,medium_010,2,medium,0.0163,5.7649,0,0,0.0194,0.0194,5.8006,0,0,0,0,0,0,116,0,116,1022,3720,26,1,20260711
E2,0,Ren,300000,rare_024,2,rare,0.0134,0.0017,0,0,0.0009,0.0009,0.016,0,0,0,0,0,0,116,0,116,47,1,1,1,20260711
E2,0,Ren,300000,rare_011,2,rare,0.0145,2.275,0,0,0.0017,0.0017,2.2912,0,0,0,0,0,0,116,0,116,86,691,2,1,20260711
E2,0,Ren,300000,rare_006,2,rare,0.0145,0.0154,0,0,0.0007,0.0007,0.0306,0,0,0,0,0,0,116,0,116,47,3,1,1,20260711
E2,0,Ren,300000,medium_013,2,medium,0.0141,1.1736,0,0,0.0382,0.0382,1.2259,0,0,0,0,0,0,116,0,116,2621,1048,67,1,20260711
E2,0,Ren,300000,medium_021,2,medium,0.0095,4.3723,0,0,0.0757,0.0757,4.4575,0,0,0,0,0,0,116,0,116,5351,4369,137,1,20260711
E2,0,Ren,300000,rare_002,2,rare,0.0178,0.1112,0,0,0.0008,0.0008,0.1298,0,0,0,0,0,0,116,0,116,47,24,1,1,20260711
E2,0,Ren,300000,common_023,2,common,0.0144,30.3465,0,0,16.135,16.135,46.4959,0,0,0,0,0,0,116,0,116,1089005,27923,27923,1,20260711
E2,0,Ren,300000,rare_001,2,rare,0.0292,0.136,0,0.0001,0.0079,0.0079,0.1731,0,0,0,0,0,0,116,0,116,86,41,2,1,20260711
E2,0,Ren,300000,medium_017,2,medium,0.0146,1.7102,0,0,0.0088,0.0088,1.7336,0,0,0,0,0,0,116,0,116,554,1246,14,1,20260711
E2,0,Ren,300000,common_009,2,common,0.0146,67.6653,0,0,21.448,21.448,89.1279,0,0,0,0,0,0,116,0,116,1365788,61834,35020,1,20260711
E2,0,Ren,300000,medium_018,2,medium,0.0297,0.5811,0,0,0.014,0.014,0.6248,0,0,0,0,0,0,116,0,116,476,502,12,1,20260711
E2,0,Ren,300000,rare_009,2,rare,0.0149,0.0165,0,0,0.0008,0.0008,0.0322,0,0,0,0,0,0,116,0,116,47,4,1,1,20260711
E2,0,Ren,300000,common_024,2,common,0.0145,35.339,0,0,17.8017,17.8017,53.1552,0,0,0,0,0,0,116,0,116,1244264,31904,31904,1,20260711
E2,0,Ren,300000,rare_012,2,rare,0.0351,1.406,0,0,0.0084,0.0084,1.4495,0,0,0,0,0,0,116,0,116,86,522,2,1,20260711
E2,0,Ren,300000,common_016,2,common,0.0157,14.2408,0,0,4.6288,4.6288,18.8853,0,0,0,0,0,0,116,0,116,320822,12689,8226,1,20260711
E2,0,Ren,300000,medium_003,2,medium,0.0273,0.419,0,0.0001,0.1132,0.1132,0.5595,0,0,0,0,0,0,116,0,116,710,326,18,1,20260711
E2,0,Ren,300000,rare_018,2,rare,0.0178,0.0713,0,0,0.0017,0.0017,0.0908,0,0,0,0,0,0,116,0,116,47,12,1,1,20260711
E2,0,Ren,300000,rare_017,2,rare,0.0182,0.0567,0,0,0.0011,0.0011,0.076,0,0,0,0,0,0,116,0,116,47,12,1,1,20260711
E2,0,Ren,300000,rare_007,2,rare,0.0168,1.2059,0,0,0.0105,0.0105,1.2332,0,0,0,0,0,0,116,0,116,359,447,9,1,20260711
E2,0,Ren,300000,common_013,2,common,0.0234,31.4394,0,0,12.8666,12.8666,44.3294,0,0,0,0,0,0,116,0,116,916274,27923,23494,1,20260711
E2,0,Ren,300000,medium_015,2,medium,0.0275,3.6372,0,0.0001,0.0206,0.0206,3.6853,0,0,0,0,0,0,116,0,116,944,3240,24,1,20260711
E2,0,Ren,300000,medium_024,2,medium,0.0167,4.07,0,0,0.0303,0.0303,4.117,0,0,0,0,0,0,116,0,116,2036,3856,52,1,20260711
E2,0,Ren,300000,medium_008,2,medium,0.0181,1.4076,0,0.0001,0.0067,0.0067,1.4324,0,0,0,0,0,0,116,0,116,398,1109,10,1,20260711
E2,0,Ren,300000,common_008,2,common,0.0172,11.7565,0,0,3.0122,3.0122,14.7859,0,0,0,0,0,0,116,0,116,218642,10981,5606,1,20260711
E2,0,Ren,300000,medium_004,2,medium,0.0205,0.0861,0,0,0.0324,0.0324,0.139,0,0,0,0,0,0,116,0,116,2075,72,53,1,20260711
E2,0,Ren,300000,common_014,2,common,0.0145,32.7823,0,0,10.4549,10.4549,43.2517,0,0,0,0,0,0,116,0,116,718193,30050,18415,1,20260711
E2,0,Ren,300000,medium_019,2,medium,0.0277,0.4383,0,0,0.0663,0.0663,0.5323,0,0,0,0,0,0,116,0,116,4337,393,111,1,20260711
E2,0,Ren,300000,common_004,2,common,0.0178,12.4948,0,0,2.8959,2.8959,15.4085,0,0,0,0,0,0,116,0,116,202769,11380,5199,1,20260711
E2,0,Ren,300000,rare_004,2,rare,0.0222,0.3407,0,0.0001,0.0044,0.0044,0.3673,0,0,0,0,0,0,116,0,116,86,172,2,1,20260711
E2,0,Ren,300000,medium_009,2,medium,0.0147,2.3349,0,0,0.011,0.011,2.3606,0,0,0,0,0,0,116,0,116,554,2025,14,1,20260711
E2,0,Ren,300000,rare_008,2,rare,0.0197,0.6848,0,0,0.0082,0.0082,0.7127,0,0,0,0,0,0,116,0,116,515,644,13,1,20260711
E2,0,Ren,300000,common_002,2,common,0.0147,33.9508,0,0.0001,12.1711,12.1711,46.1366,0,0,0,0,0,0,116,0,116,857696,30050,21992,1,20260711
E2,0,Ren,300000,medium_011,2,medium,0.028,1.3416,0,0,0.0166,0.0166,1.3862,0,0,0,0,0,0,116,0,116,749,1197,19,1,20260711
E2,0,Ren,300000,medium_000,2,medium,0.0159,1.3282,0,0,0.0521,0.0521,1.3962,0,0,0,0,0,0,116,0,116,3596,1175,92,1,20260711
E2,0,Ren,300000,common_003,2,common,0.0171,12.0654,0,0.0001,2.7795,2.7795,14.862,0,0,0,0,0,0,116,0,116,201365,11380,5163,1,20260711
E2,0,Ren,300000,medium_007,2,medium,0.0196,2.0833,0,0,0.0148,0.0148,2.1177,0,0,0,0,0,0,116,0,116,827,1983,21,1,20260711
E2,0,Ren,300000,common_027,2,common,0.015,68.0151,0,0,28.7759,28.7759,96.806,0,0,0,0,0,0,116,0,116,2001020,61834,51308,1,20260711
E2,0,Ren,300000,common_017,2,common,0.0356,26.6416,0,0.0001,5.5503,5.5503,32.2275,0,0,0,0,0,0,116,0,116,396872,24000,10176,1,20260711
E2,0,Ren,300000,rare_023,2,rare,0.0279,0.0704,0,0.0001,0.0083,0.0083,0.1066,0,0,0,0,0,0,116,0,116,47,17,1,1,20260711
E2,0,Ren,300000,common_006,2,common,0.0147,14.7231,0,0,7.7974,7.7974,22.5352,0,0,0,0,0,0,116,0,116,541562,13886,13886,1,20260711
E2,0,Ren,300000,common_012,2,common,0.0258,16.7936,0,0,8.8226,8.8226,25.642,0,0,0,0,0,0,116,0,116,602636,15452,15452,1,20260711
E2,0,Ren,300000,medium_006,2,medium,0.0194,0.0121,0,0,0.0087,0.0087,0.0402,0,0,0,0,0,0,116,0,116,320,8,8,1,20260711
E2,0,Ren,300000,common_010,2,common,0.0148,37.8569,0,0.0001,15.7147,15.7147,53.5864,0,0,0,0,0,0,116,0,116,1020131,34517,26157,1,20260711
E2,0,Ren,300000,rare_005,2,rare,0.029,0.223,0,0,0.009,0.009,0.261,0,0,0,0,0,0,116,0,116,125,63,3,1,20260711
E2,0,Ren,300000,rare_000,2,rare,0.0147,0.076,0,0,0.0008,0.0008,0.0915,0,0,0,0,0,0,116,0,116,47,17,1,1,20260711
E2,0,Ren,300000,common_011,2,common,0.0142,80.0054,0,0,41.2269,41.2269,121.246,0,0,0,0,0,0,116,0,116,2841626,73584,72862,1,20260711
E2,0,Ren,300000,medium_005,2,medium,0.0326,1.7643,0,0.0001,0.0214,0.0214,1.8183,0,0,0,0,0,0,116,0,116,944,1439,24,1,20260711
E2,0,Ren,300000,rare_021,2,rare,0.016,0.0067,0,0.0001,0.0008,0.0008,0.0235,0,0,0,0,0,0,116,0,116,47,1,1,1,20260711
E2,0,Ren,300000,medium_020,2,medium,0.0147,0.5629,0,0,0.0363,0.0363,0.6139,0,0,0,0,0,0,116,0,116,2543,414,65,1,20260711
E2,0,SliceBF,300000,common_001,3,common,0.028,0.5431,2.465,0.3653,11.0531,13.8834,14.4545,1,150336,0,0,1596,102144,616,68871424,7000,69021760,2313,2313,1,20260711
E2,0,SliceBF,300000,rare_003,3,rare,0.0325,0.1042,1.7977,0.3414,0.0108,2.1499,2.2866,1,150336,0,0,1,64,616,25280,620,175616,1,1,1,20260711
E2,0,SliceBF,300000,medium_014,3,medium,0.0286,0.103,1.4375,0.3419,0.0592,1.8386,1.9702,1,150336,0,0,10,640,616,498560,656,648896,10,10,1,20260711
E2,0,SliceBF,300000,rare_013,3,rare,0.0289,0.1092,1.5354,0.3423,0.1408,2.0185,2.1566,1,150336,0,0,31,1984,616,1258816,740,1409152,31,31,1,20260711
E2,0,SliceBF,300000,medium_004,3,medium,0.0283,0.0991,1.9775,0.3474,0.0149,2.3398,2.4672,1,150336,0,0,1,64,616,25280,620,175616,1,1,1,20260711
E2,0,SliceBF,300000,rare_020,3,rare,0.0298,0.1008,1.8968,0.3415,0.0132,2.2515,2.3821,1,150336,0,0,1,64,616,25280,620,175616,1,1,1,20260711
E2,0,SliceBF,300000,rare_022,3,rare,0.0294,0.1046,1.4265,0.3416,0.026,1.7941,1.9281,1,150336,0,0,4,256,616,199424,632,349760,4,4,1,20260711
E2,0,SliceBF,300000,rare_024,3,rare,0.0287,0.1048,2.6328,0.3436,0.1299,3.1063,3.2398,1,150336,0,0,22,1408,616,982144,704,1132480,22,22,1,20260711
E2,0,SliceBF,300000,rare_019,3,rare,0.0298,0.0995,1.5662,0.3442,0.0091,1.9195,2.0488,1,150336,0,0,1,64,616,25280,620,175616,1,1,1,20260711
E2,0,SliceBF,300000,medium_011,3,medium,0.0288,0.0987,1.3329,0.3429,0.009,1.6848,1.8123,1,150336,0,0,1,64,616,25280,620,175616,1,1,1,20260711
E2,0,SliceBF,300000,rare_005,3,rare,0.0288,0.0999,1.4222,0.3416,0.0141,1.7779,1.9066,1,150336,0,0,1,64,616,41664,620,192000,1,1,1,20260711
E2,0,SliceBF,300000,common_024,3,common,0.0295,4.6355,2.9138,0.8608,290.973,294.748,299.413,1,150336,0,0,4664,298496,616,171375104,19272,171525440,72721,72721,1,20260711
E2,0,SliceBF,300000,rare_025,3,rare,0.0486,0.1276,1.8655,0.3418,0.0221,2.2294,2.4056,1,150336,0,0,2,128,616,50560,624,200896,2,2,1,20260711
E2,0,SliceBF,300000,rare_012,3,rare,0.0292,0.1064,1.6774,0.3446,0.0743,2.0963,2.2319,1,150336,0,0,14,896,616,583296,672,733632,14,14,1,20260711
E2,0,SliceBF,300000,common_000,3,common,0.0287,0.6602,2.4598,0.3833,22.7711,25.6142,26.3031,1,150336,0,0,1852,118528,616,81503488,8024,81653824,4242,4242,1,20260711
E2,0,SliceBF,300000,common_008,3,common,0.0381,0.7806,2.2357,0.383,18.357,20.9757,21.7944,1,150336,0,0,2383,152512,616,96459072,10148,96609408,3878,3878,1,20260711
E2,0,SliceBF,300000,common_003,3,common,0.0365,0.3328,2.9142,0.3529,3.7916,7.0587,7.428,1,150336,0,0,821,52544,616,31666624,3900,31816960,898,898,1,20260711
E2,0,SliceBF,300000,rare_015,3,rare,0.0366,0.1048,1.6207,0.3417,0.0225,1.9849,2.1263,1,150336,0,0,2,128,616,66944,624,217280,2,2,1,20260711
E2,0,SliceBF,300000,rare_011,3,rare,0.0296,0.1024,1.1667,0.3413,0.0092,1.5172,1.6492,1,150336,0,0,1,64,616,25280,620,175616,1,1,1,20260711
E2,0,SliceBF,300000,medium_016,3,medium,0.0281,0.0989,1.2549,0.3421,0.0084,1.6054,1.7324,1,150336,0,0,1,64,616,25280,620,175616,1,1,1,20260711
E2,0,SliceBF,300000,common_022,3,common,0.0279,1.6091,2.5918,0.6463,46.7951,50.0332,51.6702,1,150336,0,0,4253,272192,616,157093824,17628,157244160,11283,11283,1,20260711
E2,0,SliceBF,300000,rare_001,3,rare,0.0408,0.107,1.2704,0.3417,0.0149,1.627,1.7748,1,150336,0,0,1,64,616,41664,620,192000,1,1,1,20260711
E2,0,SliceBF,300000,rare_006,3,rare,0.029,0.1411,2.1427,0.3419,0.0177,2.5023,2.6724,1,150336,0,0,1,64,616,25280,620,175616,1,1,1,20260711
E2,0,SliceBF,300000,common_011,3,common,0.0304,1.4366,1.6869,0.4648,60.2407,62.3924,63.8594,1,150336,0,0,3796,242944,616,148834048,15800,148984384,13270,13270,1,20260711
E2,0,SliceBF,300000,rare_004,3,rare,0.0424,0.1074,1.2656,0.4445,0.0193,1.7294,1.8792,1,150336,0,0,1,64,616,25280,620,175616,1,1,1,20260711
E2,0,SliceBF,300000,common_015,3,common,0.0312,0.8627,2.5015,0.3899,20.5649,23.4563,24.3502,1,150336,0,0,2595,166080,616,105250880,10996,105401216,4442,4442,1,20260711
E2,0,SliceBF,300000,medium_015,3,medium,0.0363,0.1061,1.5206,0.3417,0.0119,1.8742,2.0166,1,150336,0,0,1,64,616,25280,620,175616,1,1,1,20260711
E2,0,SliceBF,300000,common_006,3,common,0.0289,0.2306,2.3798,0.3487,3.2011,5.9296,6.1891,1,150336,0,0,461,29504,616,13390784,2460,13541120,502,502,1,20260711
E2,0,SliceBF,300000,rare_007,3,rare,0.0328,0.1028,1.2794,0.3419,0.0104,1.6317,1.7673,1,150336,0,0,1,64,616,41664,620,192000,1,1,1,20260711
E2,0,SliceBF,300000,rare_009,3,rare,0.029,0.099,1.3592,0.3415,0.0109,1.7116,1.8396,1,150336,0,0,1,64,616,41664,620,192000,1,1,1,20260711
E2,0,SliceBF,300000,common_021,3,common,0.0287,1.2166,2.522,0.4276,43.6878,46.6374,47.8827,1,150336,0,0,3631,232384,616,140419392,15140,140569728,9264,9264,1,20260711
E2,0,SliceBF,300000,common_007,3,common,0.0416,0.4309,2.2342,0.3587,7.4287,10.0216,10.4941,1,150336,0,0,1063,68032,616,47270720,4868,47421056,1452,1452,1,20260711
E2,0,SliceBF,300000,common_004,3,common,0.0377,1.5284,2.5198,0.4618,54.0069,56.9885,58.5546,1,150336,0,0,4192,268288,616,156878848,17384,157029184,12952,12952,1,20260711
E2,0,SliceBF,300000,medium_003,3,medium,0.0409,0.1053,1.3967,0.3429,0.0129,1.7525,1.8987,1,150336,0,0,1,64,616,25280,620,175616,1,1,1,20260711
E2,0,SliceBF,300000,common_025,3,common,0.0287,1.1048,2.0021,0.4198,29.8998,32.3217,33.4552,1,150336,0,0,3277,209728,616,109032384,13724,109182720,8113,8113,1,20260711
E2,0,SliceBF,300000,common_014,3,common,0.0435,1.1999,1.8758,0.425,39.8144,42.1152,43.3586,1,150336,0,0,3549,227136,616,139018176,14812,139168512,8670,8670,1,20260711
E2,0,SliceBF,300000,medium_019,3,medium,0.042,0.1064,1.3465,0.3417,0.0155,1.7037,1.8521,1,150336,0,0,1,64,616,25280,620,175616,1,1,1,20260711
E2,0,SliceBF,300000,rare_023,3,rare,0.0292,0.113,1.7195,0.4051,0.2354,2.36,2.5022,1,150336,0,0,43,2752,616,2020928,788,2171264,44,44,1,20260711
E2,0,SliceBF,300000,common_002,3,common,0.0296,0.4293,2.8628,0.3614,5.8623,9.0865,9.5454,1,150336,0,0,1159,74176,616,45830976,5252,45981312,1371,1369,1,20260711
E2,0,SliceBF,300000,medium_009,3,medium,0.0303,0.1035,1.6186,0.3471,0.014,1.9797,2.1135,1,150336,0,0,1,64,616,41664,620,192000,1,1,1,20260711
E2,0,SliceBF,300000,medium_005,3,medium,0.0296,0.1005,2.0398,0.3428,0.0372,2.4198,2.5499,1,150336,0,0,7,448,616,275264,644,425600,7,7,1,20260711
E2,0,SliceBF,300000,medium_007,3,medium,0.0284,0.0996,1.3122,0.3413,0.0091,1.6626,1.7906,1,150336,0,0,1,64,616,25280,620,175616,1,1,1,20260711
E2,0,SliceBF,300000,rare_010,3,rare,0.0281,0.1029,1.2185,0.3414,0.0087,1.5686,1.6996,1,150336,0,0,1,64,616,41664,620,192000,1,1,1,20260711
E2,0,SliceBF,300000,common_023,3,common,0.0281,1.4568,3.1436,0.4601,60.3905,63.9942,65.4791,1,150336,0,0,4195,268480,616,156463168,17396,156613504,12472,12472,1,20260711
E2,0,SliceBF,300000,rare_008,3,rare,0.042,0.1136,1.4017,0.3443,0.0579,1.8039,1.9595,1,150336,0,0,8,512,616,415232,648,565568,8,8,1,20260711
E2,0,SliceBF,300000,medium_012,3,medium,0.0293,0.0997,2.0495,0.3414,0.0101,2.401,2.53,1,150336,0,0,1,64,616,41664,620,192000,1,1,1,20260711
E2,0,SliceBF,300000,common_017,3,common,0.0286,1.1935,2.4033,0.4036,25.9919,28.7988,30.0209,1,150336,0,0,3413,218432,616,118368704,14268,118519040,6627,6627,1,20260711
E2,0,SliceBF,300000,common_009,3,common,0.0364,0.7877,2.3595,0.3939,27.4361,30.1895,31.0136,1,150336,0,0,2344,150016,616,102411776,9992,102562112,5420,5420,1,20260711
E2,0,SliceBF,300000,medium_018,3,medium,0.039,0.1098,1.2314,0.3419,0.0142,1.5875,1.7363,1,150336,0,0,1,64,616,41664,620,192000,1,1,1,20260711
E2,0,SliceBF,300000,medium_006,3,medium,0.0287,0.1018,1.6196,0.4679,0.017,2.1045,2.235,1,150336,0,0,1,64,616,41664,620,192000,1,1,1,20260711
E2,0,SliceBF,300000,medium_025,3,medium,0.031,0.2861,2.4785,0.342,0.0207,2.8412,3.1583,1,150336,0,0,1,64,616,25280,620,175616,1,1,1,20260711
E2,0,SliceBF,300000,common_027,3,common,0.0316,2.1354,2.6074,0.5639,128.376,131.547,133.714,1,150336,0,0,4103,262592,616,157463360,17028,157613696,26737,26737,1,20260711
E2,0,SliceBF,300000,medium_023,3,medium,0.0495,0.1081,1.6686,0.3631,0.0182,2.0499,2.2075,1,150336,0,0,1,64,616,41664,620,192000,1,1,1,20260711
E2,0,SliceBF,300000,common_012,3,common,0.0306,0.7856,1.7871,0.3785,15.1653,17.3309,18.1471,1,150336,0,0,2419,154816,616,86989888,10292,87140224,3545,3545,1,20260711
E2,0,SliceBF,300000,common_026,3,common,0.0377,2.4203,2.5877,0.6712,128.276,131.535,133.993,1,150336,0,0,4104,262656,616,157488640,17032,157638976,26769,26769,1,20260711
E2,0,SliceBF,300000,rare_018,3,rare,0.0437,0.1069,1.297,0.3417,0.0154,1.6541,1.8047,1,150336,0,0,1,64,616,25280,620,175616,1,1,1,20260711
E2,0,SliceBF,300000,medium_013,3,medium,0.0289,0.1024,1.53,0.3416,0.0284,1.9,2.0313,1,150336,0,0,4,256,616,199424,632,349760,4,4,1,20260711
E2,0,SliceBF,300000,common_016,3,common,0.0337,1.4932,2.643,0.4652,53.6951,56.8033,58.3302,1,150336,0,0,4154,265856,616,152993664,17232,153144000,13073,13073,1,20260711
E2,0,SliceBF,300000,rare_021,3,rare,0.042,0.1103,1.3298,0.3432,0.0126,1.6856,1.8379,1,150336,0,0,1,64,616,25280,620,175616,1,1,1,20260711
E2,0,SliceBF,300000,rare_000,3,rare,0.0291,0.1,2.034,0.5829,0.0294,2.6463,2.7754,1,150336,0,0,1,64,616,25280,620,175616,1,1,1,20260711
E2,0,SliceBF,300000,medium_001,3,medium,0.0303,0.1049,1.5797,0.3578,0.0163,1.9538,2.089,1,150336,0,0,1,64,616,25280,620,175616,1,1,1,20260711
E2,0,SliceBF,300000,common_020,3,common,0.03,1.0726,2.4595,0.4035,23.62,26.483,27.5856,1,150336,0,0,3267,209088,616,112056384,13684,112206720,6213,6213,1,20260711
E2,0,SliceBF,300000,medium_010,3,medium,0.0402,0.1045,1.3766,0.342,0.0141,1.7327,1.8774,1,150336,0,0,1,64,616,41664,620,192000,1,1,1,20260711
E2,0,SliceBF,300000,common_018,3,common,0.029,1.107,2.2064,0.4052,28.5224,31.134,32.27,1,150336,0,0,3581,229184,616,129267648,14940,129417984,6756,6756,1,20260711
E2,0,SliceBF,300000,medium_020,3,medium,0.0394,0.107,2.4193,0.3422,0.0227,2.7842,2.9306,1,150336,0,0,2,128,616,83328,624,233664,2,2,1,20260711
E2,0,SliceBF,300000,medium_017,3,medium,0.0324,0.1024,1.4682,0.3414,0.0099,1.8195,1.9543,1,150336,0,0,1,64,616,25280,620,175616,1,1,1,20260711
E2,0,SliceBF,300000,common_013,3,common,0.0283,0.2973,2.2455,0.3516,3.0644,5.6615,5.9871,1,150336,0,0,733,46912,616,24608704,3548,24759040,805,805,1,20260711
E2,0,SliceBF,300000,common_010,3,common,0.0325,1.3601,1.7385,0.4351,43.6085,45.7821,47.1747,1,150336,0,0,4075,260800,616,153151040,16916,153301376,10198,10198,1,20260711
E2,0,SliceBF,300000,rare_017,3,rare,0.039,0.1079,1.4318,0.3417,0.0123,1.7858,1.9327,1,150336,0,0,1,64,616,25280,620,175616,1,1,1,20260711
E2,0,SliceBF,300000,rare_002,3,rare,0.0292,0.1025,2.249,0.3422,0.0123,2.6035,2.7352,1,150336,0,0,1,64,616,41664,620,192000,1,1,1,20260711
E2,0,SliceBF,300000,rare_014,3,rare,0.0299,0.101,1.5641,0.3414,0.0085,1.914,2.0449,1,150336,0,0,1,64,616,17088,620,167424,1,1,1,20260711
E2,0,SliceBF,300000,medium_024,3,medium,0.0288,0.0997,1.6746,0.3413,0.0098,2.0257,2.1542,1,150336,0,0,1,64,616,41664,620,192000,1,1,1,20260711
E2,0,SliceBF,300000,common_005,3,common,0.0284,0.9687,2.6886,0.3757,13.8865,16.9508,17.9479,1,150336,0,0,2494,159616,616,87845504,10592,87995840,3532,3532,1,20260711
E2,0,SliceBF,300000,common_019,3,common,0.0315,1.6259,2.5791,0.4795,63.031,66.0896,67.747,1,150336,0,0,4504,288256,616,164143616,18632,164293952,15472,15472,1,20260711
E2,0,SliceBF,300000,medium_022,3,medium,0.0431,0.1066,1.3206,0.3422,0.0263,1.6891,1.8388,1,150336,0,0,3,192,616,108608,628,258944,3,3,1,20260711
E2,0,SliceBF,300000,medium_000,3,medium,0.0312,0.1012,1.8937,0.3416,0.0184,2.2537,2.3861,1,150336,0,0,3,192,616,108608,628,258944,3,3,1,20260711
E2,0,SliceBF,300000,rare_016,3,rare,0.0291,0.104,1.4144,0.3416,0.0135,1.7695,1.9026,1,150336,0,0,1,64,616,41664,620,192000,1,1,1,20260711
E2,0,SliceBF,300000,medium_021,3,medium,0.0289,0.2254,1.9087,0.3417,0.0143,2.2647,2.519,1,150336,0,0,1,64,616,41664,620,192000,1,1,1,20260711
E2,0,SliceBF,300000,medium_002,3,medium,0.0291,0.0999,1.9254,0.3413,0.0096,2.2763,2.4053,1,150336,0,0,1,64,616,25280,620,175616,1,1,1,20260711
E2,0,SliceBF,300000,medium_008,3,medium,0.0288,0.0991,1.54,0.3416,0.0142,1.8958,2.0237,1,150336,0,0,1,64,616,41664,620,192000,1,1,1,20260711
E2,0,XEBFF-Conj,300000,common_001,3,common,42.7515,15.3233,0,0,1.3307,1.3307,59.4055,0,0,0,0,0,0,653600,0,653600,80959,10893,2313,1,20260711
E2,0,XEBFF-Conj,300000,rare_003,3,rare,0.0362,0.0025,0,0,0.0031,0.0031,0.0418,0,0,0,0,0,0,80,0,80,39,1,1,1,20260711
E2,0,XEBFF-Conj,300000,medium_014,3,medium,0.6788,0.2266,0,0,0.0081,0.0081,0.9135,0,0,0,0,0,0,10160,0,10160,354,169,10,1,20260711
E2,0,XEBFF-Conj,300000,rare_013,3,rare,11.1825,3.8322,0,0,0.0286,0.0286,15.0433,0,0,0,0,0,0,172820,0,172820,1089,2880,31,1,20260711
E2,0,XEBFF-Conj,300000,medium_004,3,medium,0.199,0.0602,0,0,0.0011,0.0011,0.2603,0,0,0,0,0,0,2720,0,2720,39,45,1,1,20260711
E2,0,XEBFF-Conj,300000,rare_020,3,rare,0.0391,0.0074,0,0,0.0008,0.0008,0.0473,0,0,0,0,0,0,320,0,320,39,5,1,1,20260711
E2,0,XEBFF-Conj,300000,rare_022,3,rare,1.561,0.5273,0,0,0.0036,0.0036,2.0919,0,0,0,0,0,0,24140,0,24140,144,402,4,1,20260711
E2,0,XEBFF-Conj,300000,rare_024,3,rare,14.0331,4.7893,0,0,0.0225,0.0225,18.8449,0,0,0,0,0,0,213500,0,213500,774,3558,22,1,20260711
E2,0,XEBFF-Conj,300000,rare_019,3,rare,8.2102,2.7055,0,0,0.0038,0.0038,10.9195,0,0,0,0,0,0,124100,0,124100,39,2068,1,1,20260711
E2,0,XEBFF-Conj,300000,medium_011,3,medium,0.5051,0.1649,0,0,0.0012,0.0012,0.6712,0,0,0,0,0,0,7580,0,7580,39,126,1,1,20260711
E2,0,XEBFF-Conj,300000,rare_005,3,rare,0.1895,0.0571,0,0,0.0009,0.0009,0.2475,0,0,0,0,0,0,2600,0,2600,39,43,1,1,20260711
E2,0,XEBFF-Conj,300000,common_024,3,common,296.663,100.707,0,0,44.03,44.03,441.4,0,0,0,0,0,0,4415060,0,4415060,2545239,73584,72721,1,20260711
E2,0,XEBFF-Conj,300000,rare_025,3,rare,0.9436,0.3126,0,0,0.0072,0.0072,1.2634,0,0,0,0,0,0,13880,0,13880,74,231,2,1,20260711
E2,0,XEBFF-Conj,300000,rare_012,3,rare,1.1081,0.3741,0,0,0.0115,0.0115,1.4937,0,0,0,0,0,0,16820,0,16820,494,280,14,1,20260711
E2,0,XEBFF-Conj,300000,common_000,3,common,49.813,17.1055,0,0,2.3896,2.3896,69.3081,0,0,0,0,0,0,738080,0,738080,148474,12301,4242,1,20260711
E2,0,XEBFF-Conj,300000,common_008,3,common,61.7435,20.9408,0,0,2.1994,2.1994,84.8837,0,0,0,0,0,0,927140,0,927140,135734,15452,3878,1,20260711
E2,0,XEBFF-Conj,300000,common_003,3,common,27.5416,9.3218,0,0,0.5307,0.5307,37.3941,0,0,0,0,0,0,410360,0,410360,31434,6839,898,1,20260711
E2,0,XEBFF-Conj,300000,rare_015,3,rare,2.6681,0.8831,0,0,0.0037,0.0037,3.5549,0,0,0,0,0,0,40520,0,40520,74,675,2,1,20260711
E2,0,XEBFF-Conj,300000,rare_011,3,rare,0.0246,0.0021,0,0,0.001,0.001,0.0277,0,0,0,0,0,0,80,0,80,39,1,1,1,20260711
E2,0,XEBFF-Conj,300000,medium_016,3,medium,0.7591,0.2464,0,0,0.0009,0.0009,1.0064,0,0,0,0,0,0,11240,0,11240,39,187,1,1,20260711
E2,0,XEBFF-Conj,300000,common_022,3,common,55.5738,18.9871,0,0,6.2204,6.2204,80.7813,0,0,0,0,0,0,833180,0,833180,394909,13886,11283,1,20260711
E2,0,XEBFF-Conj,300000,rare_001,3,rare,0.7967,0.2346,0,0,0.007,0.007,1.0383,0,0,0,0,0,0,10640,0,10640,39,177,1,1,20260711
E2,0,XEBFF-Conj,300000,rare_006,3,rare,0.0278,0.0032,0,0,0.0009,0.0009,0.0319,0,0,0,0,0,0,140,0,140,39,2,1,1,20260711
E2,0,XEBFF-Conj,300000,common_011,3,common,61.2023,21.2586,0,0,7.3061,7.3061,89.767,0,0,0,0,0,0,915380,0,915380,464454,15256,13270,1,20260711
E2,0,XEBFF-Conj,300000,rare_004,3,rare,0.1796,0.0552,0,0,0.005,0.005,0.2398,0,0,0,0,0,0,2180,0,2180,39,36,1,1,20260711
E2,0,XEBFF-Conj,300000,common_015,3,common,127.584,43.9762,0,0,2.5513,2.5513,174.112,0,0,0,0,0,0,1922840,0,1922840,155474,32047,4442,1,20260711
E2,0,XEBFF-Conj,300000,medium_015,3,medium,7.9752,2.505,0,0,0.0082,0.0082,10.4884,0,0,0,0,0,0,112580,0,112580,39,1876,1,1,20260711
E2,0,XEBFF-Conj,300000,common_006,3,common,11.4085,4.0608,0,0,0.3036,0.3036,15.7729,0,0,0,0,0,0,174920,0,174920,17574,2915,502,1,20260711
E2,0,XEBFF-Conj,300000,rare_007,3,rare,0.1954,0.0587,0,0,0.0022,0.0022,0.2563,0,0,0,0,0,0,2660,0,2660,39,44,1,1,20260711
E2,0,XEBFF-Conj,300000,rare_009,3,rare,0.0351,0.0061,0,0,0.0009,0.0009,0.0421,0,0,0,0,0,0,260,0,260,39,4,1,1,20260711
E2,0,XEBFF-Conj,300000,common_021,3,common,60.8729,20.8422,0,0,6.1997,6.1997,87.9148,0,0,0,0,0,0,927140,0,927140,324244,15452,9264,1,20260711
E2,0,XEBFF-Conj,300000,common_007,3,common,8.4554,2.9309,0,0,0.8694,0.8694,12.2557,0,0,0,0,0,0,128000,0,128000,50824,2133,1452,1,20260711
E2,0,XEBFF-Conj,300000,common_004,3,common,167.951,56.6096,0,0,7.288,7.288,231.849,0,0,0,0,0,0,2499740,0,2499740,453324,41662,12952,1,20260711
E2,0,XEBFF-Conj,300000,medium_003,3,medium,0.0518,0.0037,0,0,0.0069,0.0069,0.0624,0,0,0,0,0,0,140,0,140,39,2,1,1,20260711
E2,0,XEBFF-Conj,300000,common_025,3,common,50.4791,17.2669,0,0,4.659,4.659,72.405,0,0,0,0,0,0,761360,0,761360,283959,12689,8113,1,20260711
E2,0,XEBFF-Conj,300000,common_014,3,common,99.4208,33.6908,0,0,5.1176,5.1176,138.229,0,0,0,0,0,0,1484600,0,1484600,303454,24743,8670,1,20260711
E2,0,XEBFF-Conj,300000,medium_019,3,medium,0.4209,0.088,0,0,0.0049,0.0049,0.5138,0,0,0,0,0,0,3860,0,3860,39,64,1,1,20260711
E2,0,XEBFF-Conj,300000,rare_023,3,rare,19.0943,7.4497,0,0,0.0386,0.0386,26.5826,0,0,0,0,0,0,286760,0,286760,1544,4779,44,1,20260711
E2,0,XEBFF-Conj,300000,common_002,3,common,27.0013,9.3297,0,0,0.7925,0.7925,37.1235,0,0,0,0,0,0,410360,0,410360,47919,6839,1369,1,20260711
E2,0,XEBFF-Conj,300000,medium_009,3,medium,0.6824,0.23,0,0,0.0037,0.0037,0.9161,0,0,0,0,0,0,10160,0,10160,39,169,1,1,20260711
E2,0,XEBFF-Conj,300000,medium_005,3,medium,0.6647,0.2224,0,0,0.0056,0.0056,0.8927,0,0,0,0,0,0,10100,0,10100,249,168,7,1,20260711
E2,0,XEBFF-Conj,300000,medium_007,3,medium,0.07,0.0178,0,0,0.0008,0.0008,0.0886,0,0,0,0,0,0,800,0,800,39,13,1,1,20260711
E2,0,XEBFF-Conj,300000,rare_010,3,rare,1.0579,0.3422,0,0,0.0011,0.0011,1.4012,0,0,0,0,0,0,15440,0,15440,39,257,1,1,20260711
E2,0,XEBFF-Conj,300000,common_023,3,common,61.5044,21.3352,0,0,6.9803,6.9803,89.8199,0,0,0,0,0,0,927140,0,927140,436524,15452,12472,1,20260711
E2,0,XEBFF-Conj,300000,rare_008,3,rare,3.4098,1.0582,0,0,0.0135,0.0135,4.4815,0,0,0,0,0,0,46160,0,46160,284,769,8,1,20260711
E2,0,XEBFF-Conj,300000,medium_012,3,medium,1.0607,0.3536,0,0,0.001,0.001,1.4153,0,0,0,0,0,0,16100,0,16100,39,268,1,1,20260711
E2,0,XEBFF-Conj,300000,common_017,3,common,32.7946,11.5635,0,0,4.008,4.008,48.3661,0,0,0,0,0,0,494300,0,494300,231949,8238,6627,1,20260711
E2,0,XEBFF-Conj,300000,common_009,3,common,111.802,38.131,0,0,3.1453,3.1453,153.078,0,0,0,0,0,0,1678520,0,1678520,189704,27975,5420,1,20260711
E2,0,XEBFF-Conj,300000,medium_018,3,medium,0.2651,0.0775,0,0,0.0067,0.0067,0.3493,0,0,0,0,0,0,3440,0,3440,39,57,1,1,20260711
E2,0,XEBFF-Conj,300000,medium_006,3,medium,0.0278,0.0034,0,0,0.001,0.001,0.0322,0,0,0,0,0,0,140,0,140,39,2,1,1,20260711
E2,0,XEBFF-Conj,300000,medium_025,3,medium,0.2367,0.0738,0,0,0.001,0.001,0.3115,0,0,0,0,0,0,3380,0,3380,39,56,1,1,20260711
E2,0,XEBFF-Conj,300000,common_027,3,common,127.104,44.7842,0,0,15.4131,15.4131,187.302,0,0,0,0,0,0,1914260,0,1914260,935799,31904,26737,1,20260711
E2,0,XEBFF-Conj,300000,medium_023,3,medium,2.0605,0.6853,0,0,0.0062,0.0062,2.752,0,0,0,0,0,0,31220,0,31220,39,520,1,1,20260711
E2,0,XEBFF-Conj,300000,common_012,3,common,25.0021,9.0865,0,0,2.0042,2.0042,36.0928,0,0,0,0,0,0,385160,0,385160,124079,6419,3545,1,20260711
E2,0,XEBFF-Conj,300000,common_026,3,common,131.718,44.0024,0,0,15.051,15.051,190.771,0,0,0,0,0,0,1922840,0,1922840,936919,32047,26769,1,20260711
E2,0,XEBFF-Conj,300000,rare_018,3,rare,6.9434,2.243,0,0,0.0079,0.0079,9.1943,0,0,0,0,0,0,99320,0,99320,39,1655,1,1,20260711
E2,0,XEBFF-Conj,300000,medium_013,3,medium,2.9849,0.7781,0,0,0.0076,0.0076,3.7706,0,0,0,0,0,0,34400,0,34400,144,573,4,1,20260711
E2,0,XEBFF-Conj,300000,common_016,3,common,119.108,41.4499,0,0,7.7176,7.7176,168.275,0,0,0,0,0,0,1803020,0,1803020,457559,30050,13073,1,20260711
E2,0,XEBFF-Conj,300000,rare_021,3,rare,0.1341,0.0225,0,0,0.0037,0.0037,0.1603,0,0,0,0,0,0,800,0,800,39,13,1,1,20260711
E2,0,XEBFF-Conj,300000,rare_000,3,rare,0.2161,0.0673,0,0,0.0011,0.0011,0.2845,0,0,0,0,0,0,3020,0,3020,39,50,1,1,20260711
E2,0,XEBFF-Conj,300000,medium_001,3,medium,0.0233,0.0018,0,0,0.0009,0.0009,0.026,0,0,0,0,0,0,80,0,80,39,1,1,1,20260711
E2,0,XEBFF-Conj,300000,common_020,3,common,95.1638,33.5549,0,0,3.7391,3.7391,132.458,0,0,0,0,0,0,1440020,0,1440020,217459,24000,6213,1,20260711
E2,0,XEBFF-Conj,300000,medium_010,3,medium,0.0432,0.0041,0,0,0.0036,0.0036,0.0509,0,0,0,0,0,0,140,0,140,39,2,1,1,20260711
E2,0,XEBFF-Conj,300000,common_018,3,common,35.3051,12.3056,0,0,3.8724,3.8724,51.4831,0,0,0,0,0,0,545540,0,545540,236464,9092,6756,1,20260711
E2,0,XEBFF-Conj,300000,medium_020,3,medium,0.2455,0.0736,0,0,0.0059,0.0059,0.325,0,0,0,0,0,0,3320,0,3320,74,55,2,1,20260711
E2,0,XEBFF-Conj,300000,medium_017,3,medium,0.032,0.0031,0,0,0.0009,0.0009,0.036,0,0,0,0,0,0,140,0,140,39,2,1,1,20260711
E2,0,XEBFF-Conj,300000,common_013,3,common,5.0849,1.6058,0,0,0.4613,0.4613,7.152,0,0,0,0,0,0,66200,0,66200,28179,1103,805,1,20260711
E2,0,XEBFF-Conj,300000,common_010,3,common,64.5407,22.4133,0,0,6.2107,6.2107,93.1647,0,0,0,0,0,0,966320,0,966320,356934,16105,10198,1,20260711
E2,0,XEBFF-Conj,300000,rare_017,3,rare,0.3084,0.0963,0,0,0.0031,0.0031,0.4078,0,0,0,0,0,0,4280,0,4280,39,71,1,1,20260711
E2,0,XEBFF-Conj,300000,rare_002,3,rare,1.5695,0.537,0,0,0.0025,0.0025,2.109,0,0,0,0,0,0,24440,0,24440,39,407,1,1,20260711
E2,0,XEBFF-Conj,300000,rare_014,3,rare,0.1513,0.0453,0,0,0.0009,0.0009,0.1975,0,0,0,0,0,0,2060,0,2060,39,34,1,1,20260711
E2,0,XEBFF-Conj,300000,medium_024,3,medium,1.9007,0.6402,0,0,0.0012,0.0012,2.5421,0,0,0,0,0,0,29300,0,29300,39,488,1,1,20260711
E2,0,XEBFF-Conj,300000,common_005,3,common,94.1712,34.9068,0,0,2.0743,2.0743,131.152,0,0,0,0,0,0,1431140,0,1431140,123624,23852,3532,1,20260711
E2,0,XEBFF-Conj,300000,common_019,3,common,102.28,35.3765,0,0,8.6408,8.6408,146.297,0,0,0,0,0,0,1543880,0,1543880,541524,25731,15472,1,20260711
E2,0,XEBFF-Conj,300000,medium_022,3,medium,8.3307,2.7745,0,0,0.0098,0.0098,11.115,0,0,0,0,0,0,126500,0,126500,109,2108,3,1,20260711
E2,0,XEBFF-Conj,300000,medium_000,3,medium,0.9431,0.2379,0,0,0.0057,0.0057,1.1867,0,0,0,0,0,0,10580,0,10580,109,176,3,1,20260711
E2,0,XEBFF-Conj,300000,rare_016,3,rare,1.7182,0.5811,0,0,0.0021,0.0021,2.3014,0,0,0,0,0,0,26540,0,26540,39,442,1,1,20260711
E2,0,XEBFF-Conj,300000,medium_021,3,medium,0.2152,0.0676,0,0,0.001,0.001,0.2838,0,0,0,0,0,0,3080,0,3080,39,51,1,1,20260711
E2,0,XEBFF-Conj,300000,medium_002,3,medium,0.0273,0.0032,0,0,0.0008,0.0008,0.0313,0,0,0,0,0,0,140,0,140,39,2,1,1,20260711
E2,0,XEBFF-Conj,300000,medium_008,3,medium,0.4162,0.1348,0,0,0.0009,0.0009,0.5519,0,0,0,0,0,0,6140,0,6140,39,102,1,1,20260711
E2,0,Doris,300000,common_001,3,common,43.8043,15.5511,0,0,1.3567,1.3567,60.7121,0,0,0,0,0,0,653600,0,653600,80959,10893,2313,1,20260711
E2,0,Doris,300000,rare_003,3,rare,0.0262,0.0023,0,0,0.0054,0.0054,0.0339,0,0,0,0,0,0,80,0,80,39,1,1,1,20260711
E2,0,Doris,300000,medium_014,3,medium,0.679,0.2275,0,0,0.0084,0.0084,0.9149,0,0,0,0,0,0,10160,0,10160,354,169,10,1,20260711
E2,0,Doris,300000,rare_013,3,rare,11.5425,3.8648,0,0,0.0266,0.0266,15.4339,0,0,0,0,0,0,172820,0,172820,1089,2880,31,1,20260711
E2,0,Doris,300000,medium_004,3,medium,0.0166,0.003,0,0,0.0009,0.0009,0.0205,0,0,0,0,0,0,140,0,140,39,2,1,1,20260711
E2,0,Doris,300000,rare_020,3,rare,0.0272,0.0075,0,0,0.0007,0.0007,0.0354,0,0,0,0,0,0,320,0,320,39,5,1,1,20260711
E2,0,Doris,300000,rare_022,3,rare,1.5851,0.5373,0,0,0.0043,0.0043,2.1267,0,0,0,0,0,0,24140,0,24140,144,402,4,1,20260711
E2,0,Doris,300000,rare_024,3,rare,15.7453,5.5575,0,0,0.0267,0.0267,21.3295,0,0,0,0,0,0,213500,0,213500,774,3558,22,1,20260711
E2,0,Doris,300000,rare_019,3,rare,8.1917,3.3182,0,0,0.0075,0.0075,11.5174,0,0,0,0,0,0,124100,0,124100,39,2068,1,1,20260711
E2,0,Doris,300000,medium_011,3,medium,0.5034,0.1707,0,0,0.0016,0.0016,0.6757,0,0,0,0,0,0,7580,0,7580,39,126,1,1,20260711
E2,0,Doris,300000,rare_005,3,rare,0.1781,0.0583,0,0,0.0011,0.0011,0.2375,0,0,0,0,0,0,2600,0,2600,39,43,1,1,20260711
E2,0,Doris,300000,common_024,3,common,298.291,107.826,0,0,42.0269,42.0269,448.143,0,0,0,0,0,0,4415060,0,4415060,2545239,73584,72721,1,20260711
E2,0,Doris,300000,rare_025,3,rare,0.9396,0.3222,0,0,0.0074,0.0074,1.2692,0,0,0,0,0,0,13880,0,13880,74,231,2,1,20260711
E2,0,Doris,300000,rare_012,3,rare,1.1108,0.3839,0,0,0.0115,0.0115,1.5062,0,0,0,0,0,0,16820,0,16820,494,280,14,1,20260711
E2,0,Doris,300000,common_000,3,common,50.2488,17.0549,0,0,2.4457,2.4457,69.7494,0,0,0,0,0,0,738080,0,738080,148474,12301,4242,1,20260711
E2,0,Doris,300000,common_008,3,common,62.514,21.6442,0,0,2.4106,2.4106,86.5688,0,0,0,0,0,0,927140,0,927140,135734,15452,3878,1,20260711
E2,0,Doris,300000,common_003,3,common,27.1449,9.6263,0,0,0.5421,0.5421,37.3133,0,0,0,0,0,0,410360,0,410360,31434,6839,898,1,20260711
E2,0,Doris,300000,rare_015,3,rare,2.6845,0.9005,0,0,0.0027,0.0027,3.5877,0,0,0,0,0,0,40520,0,40520,74,675,2,1,20260711
E2,0,Doris,300000,rare_011,3,rare,0.0121,0.0021,0,0,0.0008,0.0008,0.015,0,0,0,0,0,0,80,0,80,39,1,1,1,20260711
E2,0,Doris,300000,medium_016,3,medium,0.74,0.2499,0,0,0.001,0.001,0.9909,0,0,0,0,0,0,11240,0,11240,39,187,1,1,20260711
E2,0,Doris,300000,common_022,3,common,56.6936,19.5672,0,0,6.5251,6.5251,82.7859,0,0,0,0,0,0,833180,0,833180,394909,13886,11283,1,20260711
E2,0,Doris,300000,rare_001,3,rare,0.7237,0.2873,0,0,0.0055,0.0055,1.0165,0,0,0,0,0,0,10640,0,10640,39,177,1,1,20260711
E2,0,Doris,300000,rare_006,3,rare,0.0162,0.0034,0,0,0.0009,0.0009,0.0205,0,0,0,0,0,0,140,0,140,39,2,1,1,20260711
E2,0,Doris,300000,common_011,3,common,62.0223,22.7294,0,0,8.4232,8.4232,93.1749,0,0,0,0,0,0,915380,0,915380,464454,15256,13270,1,20260711
E2,0,Doris,300000,rare_004,3,rare,0.1713,0.0508,0,0,0.0048,0.0048,0.2269,0,0,0,0,0,0,2180,0,2180,39,36,1,1,20260711
E2,0,Doris,300000,common_015,3,common,133.384,45.3453,0,0,2.6276,2.6276,181.357,0,0,0,0,0,0,1922840,0,1922840,155474,32047,4442,1,20260711
E2,0,Doris,300000,medium_015,3,medium,7.5717,2.4958,0,0,0.0088,0.0088,10.0763,0,0,0,0,0,0,112580,0,112580,39,1876,1,1,20260711
E2,0,Doris,300000,common_006,3,common,11.6579,3.8644,0,0,0.3084,0.3084,15.8307,0,0,0,0,0,0,174920,0,174920,17574,2915,502,1,20260711
E2,0,Doris,300000,rare_007,3,rare,0.1813,0.0591,0,0,0.0011,0.0011,0.2415,0,0,0,0,0,0,2660,0,2660,39,44,1,1,20260711
E2,0,Doris,300000,rare_009,3,rare,0.0245,0.0064,0,0,0.0014,0.0014,0.0323,0,0,0,0,0,0,260,0,260,39,4,1,1,20260711
E2,0,Doris,300000,common_021,3,common,63.5762,21.8576,0,0,5.2209,5.2209,90.6547,0,0,0,0,0,0,927140,0,927140,324244,15452,9264,1,20260711
E2,0,Doris,300000,common_007,3,common,9.1679,2.9418,0,0,0.8925,0.8925,13.0022,0,0,0,0,0,0,128000,0,128000,50824,2133,1452,1,20260711
E2,0,Doris,300000,common_004,3,common,172.948,59.6019,0,0,7.6851,7.6851,240.235,0,0,0,0,0,0,2499740,0,2499740,453324,41662,12952,1,20260711
E2,0,Doris,300000,medium_003,3,medium,0.0368,0.0037,0,0,0.005,0.005,0.0455,0,0,0,0,0,0,140,0,140,39,2,1,1,20260711
E2,0,Doris,300000,common_025,3,common,51.1157,18.5328,0,0,4.8279,4.8279,74.4764,0,0,0,0,0,0,761360,0,761360,283959,12689,8113,1,20260711
E2,0,Doris,300000,common_014,3,common,100.714,36.1898,0,0,5.0304,5.0304,141.934,0,0,0,0,0,0,1484600,0,1484600,303454,24743,8670,1,20260711
E2,0,Doris,300000,medium_019,3,medium,0.212,0.0618,0,0,0.0066,0.0066,0.2804,0,0,0,0,0,0,2660,0,2660,39,44,1,1,20260711
E2,0,Doris,300000,rare_023,3,rare,19.2271,6.4239,0,0,0.0412,0.0412,25.6922,0,0,0,0,0,0,286760,0,286760,1544,4779,44,1,20260711
E2,0,Doris,300000,common_002,3,common,27.8233,9.9272,0,0,0.8089,0.8089,38.5594,0,0,0,0,0,0,410360,0,410360,47919,6839,1369,1,20260711
E2,0,Doris,300000,medium_009,3,medium,0.715,0.2274,0,0,0.0038,0.0038,0.9462,0,0,0,0,0,0,10160,0,10160,39,169,1,1,20260711
E2,0,Doris,300000,medium_005,3,medium,0.6685,0.2252,0,0,0.0061,0.0061,0.8998,0,0,0,0,0,0,10100,0,10100,249,168,7,1,20260711
E2,0,Doris,300000,medium_007,3,medium,0.0597,0.0181,0,0,0.0008,0.0008,0.0786,0,0,0,0,0,0,800,0,800,39,13,1,1,20260711
E2,0,Doris,300000,rare_010,3,rare,1.0214,0.3436,0,0,0.001,0.001,1.366,0,0,0,0,0,0,15440,0,15440,39,257,1,1,20260711
E2,0,Doris,300000,common_023,3,common,61.944,22.7237,0,0,7.0767,7.0767,91.7444,0,0,0,0,0,0,927140,0,927140,436524,15452,12472,1,20260711
E2,0,Doris,300000,rare_008,3,rare,3.1581,1.1945,0,0,0.0129,0.0129,4.3655,0,0,0,0,0,0,46160,0,46160,284,769,8,1,20260711
E2,0,Doris,300000,medium_012,3,medium,1.0612,0.3611,0,0,0.0018,0.0018,1.4241,0,0,0,0,0,0,16100,0,16100,39,268,1,1,20260711
E2,0,Doris,300000,common_017,3,common,32.7628,12.9815,0,0,3.7876,3.7876,49.5319,0,0,0,0,0,0,494300,0,494300,231949,8238,6627,1,20260711
E2,0,Doris,300000,common_009,3,common,121.075,39.5587,0,0,3.1619,3.1619,163.796,0,0,0,0,0,0,1678520,0,1678520,189704,27975,5420,1,20260711
E2,0,Doris,300000,medium_018,3,medium,0.2538,0.0822,0,0,0.0073,0.0073,0.3433,0,0,0,0,0,0,3440,0,3440,39,57,1,1,20260711
E2,0,Doris,300000,medium_006,3,medium,0.0156,0.0031,0,0,0.001,0.001,0.0197,0,0,0,0,0,0,140,0,140,39,2,1,1,20260711
E2,0,Doris,300000,medium_025,3,medium,0.2276,0.0807,0,0,0.0009,0.0009,0.3092,0,0,0,0,0,0,3380,0,3380,39,56,1,1,20260711
E2,0,Doris,300000,common_027,3,common,128.433,45.7125,0,0,15.1175,15.1175,189.263,0,0,0,0,0,0,1914260,0,1914260,935799,31904,26737,1,20260711
E2,0,Doris,300000,medium_023,3,medium,2.0856,0.7219,0,0,0.0058,0.0058,2.8133,0,0,0,0,0,0,31220,0,31220,39,520,1,1,20260711
E2,0,Doris,300000,common_012,3,common,25.7028,9.0614,0,0,2.0615,2.0615,36.8257,0,0,0,0,0,0,385160,0,385160,124079,6419,3545,1,20260711
E2,0,Doris,300000,common_026,3,common,128.258,48.0272,0,0,15.3497,15.3497,191.635,0,0,0,0,0,0,1922840,0,1922840,936919,32047,26769,1,20260711
E2,0,Doris,300000,rare_018,3,rare,6.6446,2.2313,0,0,0.0064,0.0064,8.8823,0,0,0,0,0,0,99320,0,99320,39,1655,1,1,20260711
E2,0,Doris,300000,medium_013,3,medium,1.9404,0.6671,0,0,0.0063,0.0063,2.6138,0,0,0,0,0,0,29600,0,29600,144,493,4,1,20260711
E2,0,Doris,300000,common_016,3,common,121.975,42.6374,0,0,7.4792,7.4792,172.091,0,0,0,0,0,0,1803020,0,1803020,457559,30050,13073,1,20260711
E2,0,Doris,300000,rare_021,3,rare,0.0786,0.0195,0,0,0.0051,0.0051,0.1032,0,0,0,0,0,0,800,0,800,39,13,1,1,20260711
E2,0,Doris,300000,rare_000,3,rare,0.2103,0.0676,0,0,0.0015,0.0015,0.2794,0,0,0,0,0,0,3020,0,3020,39,50,1,1,20260711
E2,0,Doris,300000,medium_001,3,medium,0.0112,0.0018,0,0,0.0009,0.0009,0.0139,0,0,0,0,0,0,80,0,80,39,1,1,1,20260711
E2,0,Doris,300000,common_020,3,common,97.5356,34.4255,0,0,3.8149,3.8149,135.776,0,0,0,0,0,0,1440020,0,1440020,217459,24000,6213,1,20260711
E2,0,Doris,300000,medium_010,3,medium,0.0347,0.0044,0,0,0.0046,0.0046,0.0437,0,0,0,0,0,0,140,0,140,39,2,1,1,20260711
E2,0,Doris,300000,common_018,3,common,36.7328,12.8098,0,0,4.8408,4.8408,54.3834,0,0,0,0,0,0,545540,0,545540,236464,9092,6756,1,20260711
E2,0,Doris,300000,medium_020,3,medium,0.2446,0.0788,0,0,0.0042,0.0042,0.3276,0,0,0,0,0,0,3320,0,3320,74,55,2,1,20260711
E2,0,Doris,300000,medium_017,3,medium,0.0155,0.0032,0,0,0.0009,0.0009,0.0196,0,0,0,0,0,0,140,0,140,39,2,1,1,20260711
E2,0,Doris,300000,common_013,3,common,4.4549,1.509,0,0,0.4749,0.4749,6.4388,0,0,0,0,0,0,66200,0,66200,28179,1103,805,1,20260711
E2,0,Doris,300000,common_010,3,common,66.346,23.0683,0,0,5.7586,5.7586,95.1729,0,0,0,0,0,0,966320,0,966320,356934,16105,10198,1,20260711
E2,0,Doris,300000,rare_017,3,rare,0.3037,0.097,0,0,0.0047,0.0047,0.4054,0,0,0,0,0,0,4280,0,4280,39,71,1,1,20260711
E2,0,Doris,300000,rare_002,3,rare,1.5872,0.5881,0,0,0.0048,0.0048,2.1801,0,0,0,0,0,0,24440,0,24440,39,407,1,1,20260711
E2,0,Doris,300000,rare_014,3,rare,0.1456,0.0465,0,0,0.0011,0.0011,0.1932,0,0,0,0,0,0,2060,0,2060,39,34,1,1,20260711
E2,0,Doris,300000,medium_024,3,medium,1.9323,0.6554,0,0,0.0016,0.0016,2.5893,0,0,0,0,0,0,29300,0,29300,39,488,1,1,20260711
E2,0,Doris,300000,common_005,3,common,95.7653,34.1523,0,0,2.2988,2.2988,132.216,0,0,0,0,0,0,1431140,0,1431140,123624,23852,3532,1,20260711
E2,0,Doris,300000,common_019,3,common,106.016,35.8094,0,0,8.7422,8.7422,150.568,0,0,0,0,0,0,1543880,0,1543880,541524,25731,15472,1,20260711
E2,0,Doris,300000,medium_022,3,medium,8.3688,2.863,0,0,0.0097,0.0097,11.2415,0,0,0,0,0,0,126500,0,126500,109,2108,3,1,20260711
E2,0,Doris,300000,medium_000,3,medium,0.6924,0.2357,0,0,0.0032,0.0032,0.9313,0,0,0,0,0,0,10580,0,10580,109,176,3,1,20260711
E2,0,Doris,300000,rare_016,3,rare,1.8215,0.5968,0,0,0.0022,0.0022,2.4205,0,0,0,0,0,0,26540,0,26540,39,442,1,1,20260711
E2,0,Doris,300000,medium_021,3,medium,0.2206,0.0698,0,0,0.0013,0.0013,0.2917,0,0,0,0,0,0,3080,0,3080,39,51,1,1,20260711
E2,0,Doris,300000,medium_002,3,medium,0.0152,0.0032,0,0,0.0008,0.0008,0.0192,0,0,0,0,0,0,140,0,140,39,2,1,1,20260711
E2,0,Doris,300000,medium_008,3,medium,0.4086,0.1377,0,0,0.0009,0.0009,0.5472,0,0,0,0,0,0,6140,0,6140,39,102,1,1,20260711
E2,0,Ren,300000,common_001,3,common,0.0102,14.3324,0,0,1.2507,1.2507,15.5933,0,0,0,0,0,0,172,0,172,90215,10893,2313,1,20260711
E2,0,Ren,300000,rare_003,3,rare,0.0162,0.0033,0,0,0.0015,0.0015,0.021,0,0,0,0,0,0,172,0,172,47,1,1,1,20260711
E2,0,Ren,300000,medium_014,3,medium,0.011,0.1898,0,0,0.0061,0.0061,0.2069,0,0,0,0,0,0,172,0,172,398,169,10,1,20260711
E2,0,Ren,300000,rare_013,3,rare,0.0105,6.0009,0,0,0.0214,0.0214,6.0328,0,0,0,0,0,0,172,0,172,1217,2880,31,1,20260711
E2,0,Ren,300000,medium_004,3,medium,0.0127,0.0036,0,0,0.0009,0.0009,0.0172,0,0,0,0,0,0,172,0,172,47,2,1,1,20260711
E2,0,Ren,300000,rare_020,3,rare,0.0111,0.0072,0,0,0.0008,0.0008,0.0191,0,0,0,0,0,0,172,0,172,47,5,1,1,20260711
E2,0,Ren,300000,rare_022,3,rare,0.0102,0.411,0,0.0001,0.0027,0.0027,0.4239,0,0,0,0,0,0,172,0,172,164,402,4,1,20260711
E2,0,Ren,300000,rare_024,3,rare,0.011,3.7944,0,0,0.0154,0.0154,3.8208,0,0,0,0,0,0,172,0,172,866,3558,22,1,20260711
E2,0,Ren,300000,rare_019,3,rare,0.0141,2.1342,0,0,0.001,0.001,2.1493,0,0,0,0,0,0,172,0,172,47,2068,1,1,20260711
E2,0,Ren,300000,medium_011,3,medium,0.0106,0.1315,0,0,0.0008,0.0008,0.1429,0,0,0,0,0,0,172,0,172,47,126,1,1,20260711
E2,0,Ren,300000,rare_005,3,rare,0.0107,0.0457,0,0,0.0008,0.0008,0.0572,0,0,0,0,0,0,172,0,172,47,43,1,1,20260711
E2,0,Ren,300000,common_024,3,common,0.0102,156.555,0,0.0001,41.4017,41.4017,197.967,0,0,0,0,0,0,172,0,172,2836127,73584,72721,1,20260711
E2,0,Ren,300000,rare_025,3,rare,0.0286,0.2486,0,0,0.008,0.008,0.2852,0,0,0,0,0,0,172,0,172,86,231,2,1,20260711
E2,0,Ren,300000,rare_012,3,rare,0.0114,0.3212,0,0,0.009,0.009,0.3416,0,0,0,0,0,0,172,0,172,554,280,14,1,20260711
E2,0,Ren,300000,common_000,3,common,0.0108,20.8391,0,0,2.5414,2.5414,23.3913,0,0,0,0,0,0,172,0,172,165446,12301,4242,1,20260711
E2,0,Ren,300000,common_008,3,common,0.0186,33.1877,0,0,2.5707,2.5707,35.777,0,0,0,0,0,0,172,0,172,151250,15452,3878,1,20260711
E2,0,Ren,300000,common_003,3,common,0.0184,8.2077,0,0,0.4965,0.4965,8.7226,0,0,0,0,0,0,172,0,172,35030,6839,898,1,20260711
E2,0,Ren,300000,rare_015,3,rare,0.0139,0.6864,0,0,0.0022,0.0022,0.7025,0,0,0,0,0,0,172,0,172,86,675,2,1,20260711
E2,0,Ren,300000,rare_011,3,rare,0.011,0.0028,0,0,0.0007,0.0007,0.0145,0,0,0,0,0,0,172,0,172,47,1,1,1,20260711
E2,0,Ren,300000,medium_016,3,medium,0.0107,0.2792,0,0,0.0008,0.0008,0.2907,0,0,0,0,0,0,172,0,172,47,187,1,1,20260711
E2,0,Ren,300000,common_022,3,common,0.0106,30.7112,0,0,6.2551,6.2551,36.9769,0,0,0,0,0,0,172,0,172,440045,13886,11283,1,20260711
E2,0,Ren,300000,rare_001,3,rare,0.0223,0.205,0,0.0001,0.0064,0.0064,0.2337,0,0,0,0,0,0,172,0,172,47,177,1,1,20260711
E2,0,Ren,300000,rare_006,3,rare,0.011,0.004,0,0,0.0009,0.0009,0.0159,0,0,0,0,0,0,172,0,172,47,2,1,1,20260711
E2,0,Ren,300000,common_011,3,common,0.0111,31.8293,0,0,7.1527,7.1527,38.9931,0,0,0,0,0,0,172,0,172,517538,15256,13270,1,20260711
E2,0,Ren,300000,rare_004,3,rare,0.0243,0.0437,0,0,0.0074,0.0074,0.0754,0,0,0,0,0,0,172,0,172,47,36,1,1,20260711
E2,0,Ren,300000,common_015,3,common,0.0108,39.2451,0,0,2.416,2.416,41.6719,0,0,0,0,0,0,172,0,172,173246,32047,4442,1,20260711
E2,0,Ren,300000,medium_015,3,medium,0.0268,2.1065,0,0.0001,0.009,0.009,2.1423,0,0,0,0,0,0,172,0,172,47,1876,1,1,20260711
E2,0,Ren,300000,common_006,3,common,0.012,8.0354,0,0.0001,0.2762,0.2762,8.3236,0,0,0,0,0,0,172,0,172,19586,2915,502,1,20260711
E2,0,Ren,300000,rare_007,3,rare,0.0143,0.0537,0,0.0001,0.0012,0.0012,0.0692,0,0,0,0,0,0,172,0,172,47,44,1,1,20260711
E2,0,Ren,300000,rare_009,3,rare,0.011,0.006,0,0,0.0008,0.0008,0.0178,0,0,0,0,0,0,172,0,172,47,4,1,1,20260711
E2,0,Ren,300000,common_021,3,common,0.0115,34.3576,0,0.0001,5.3304,5.3304,39.6995,0,0,0,0,0,0,172,0,172,361304,15452,9264,1,20260711
E2,0,Ren,300000,common_007,3,common,0.0215,3.7885,0,0.0001,0.7908,0.7908,4.6008,0,0,0,0,0,0,172,0,172,56636,2133,1452,1,20260711
E2,0,Ren,300000,common_004,3,common,0.0125,59.0758,0,0,7.0052,7.0052,66.0935,0,0,0,0,0,0,172,0,172,505136,41662,12952,1,20260711
E2,0,Ren,300000,medium_003,3,medium,0.0252,0.0053,0,0,0.0097,0.0097,0.0402,0,0,0,0,0,0,172,0,172,47,2,1,1,20260711
E2,0,Ren,300000,common_025,3,common,0.0107,22.3635,0,0,4.355,4.355,26.7292,0,0,0,0,0,0,172,0,172,316415,12689,8113,1,20260711
E2,0,Ren,300000,common_014,3,common,0.0176,36.8147,0,0,4.8494,4.8494,41.6817,0,0,0,0,0,0,172,0,172,338138,24743,8670,1,20260711
E2,0,Ren,300000,medium_019,3,medium,0.0216,0.0539,0,0.0001,0.0065,0.0065,0.082,0,0,0,0,0,0,172,0,172,47,44,1,1,20260711
E2,0,Ren,300000,rare_023,3,rare,0.0115,8.3275,0,0,0.0282,0.0282,8.3672,0,0,0,0,0,0,172,0,172,1724,4779,44,1,20260711
E2,0,Ren,300000,common_002,3,common,0.0135,9.6773,0,0,0.7402,0.7402,10.431,0,0,0,0,0,0,172,0,172,53399,6839,1369,1,20260711
E2,0,Ren,300000,medium_009,3,medium,0.0129,0.3265,0,0,0.0047,0.0047,0.3441,0,0,0,0,0,0,172,0,172,47,169,1,1,20260711
E2,0,Ren,300000,medium_005,3,medium,0.0134,0.2035,0,0.0001,0.0044,0.0044,0.2213,0,0,0,0,0,0,172,0,172,281,168,7,1,20260711
E2,0,Ren,300000,medium_007,3,medium,0.0105,0.0152,0,0,0.0008,0.0008,0.0265,0,0,0,0,0,0,172,0,172,47,13,1,1,20260711
E2,0,Ren,300000,rare_010,3,rare,0.0104,0.2741,0,0,0.0008,0.0008,0.2853,0,0,0,0,0,0,172,0,172,47,257,1,1,20260711
E2,0,Ren,300000,common_023,3,common,0.0103,36.5918,0,0,7.0666,7.0666,43.6687,0,0,0,0,0,0,172,0,172,486416,15452,12472,1,20260711
E2,0,Ren,300000,rare_008,3,rare,0.0229,1.0831,0,0.0001,0.0152,0.0152,1.1212,0,0,0,0,0,0,172,0,172,320,769,8,1,20260711
E2,0,Ren,300000,medium_012,3,medium,0.0125,0.3736,0,0.0001,0.0008,0.0008,0.3869,0,0,0,0,0,0,172,0,172,47,268,1,1,20260711
E2,0,Ren,300000,common_017,3,common,0.0109,17.1352,0,0,3.5721,3.5721,20.7182,0,0,0,0,0,0,172,0,172,258461,8238,6627,1,20260711
E2,0,Ren,300000,common_009,3,common,0.0166,45.7559,0,0,2.922,2.922,48.6945,0,0,0,0,0,0,172,0,172,211388,27975,5420,1,20260711
E2,0,Ren,300000,medium_018,3,medium,0.0208,0.0633,0,0.0001,0.004,0.004,0.0881,0,0,0,0,0,0,172,0,172,47,57,1,1,20260711
E2,0,Ren,300000,medium_006,3,medium,0.0112,0.0038,0,0,0.001,0.001,0.016,0,0,0,0,0,0,172,0,172,47,2,1,1,20260711
E2,0,Ren,300000,medium_025,3,medium,0.0105,0.0609,0,0,0.0008,0.0008,0.0722,0,0,0,0,0,0,172,0,172,47,56,1,1,20260711
E2,0,Ren,300000,common_027,3,common,0.0105,67.6186,0,0,14.644,14.644,82.2731,0,0,0,0,0,0,172,0,172,1042751,31904,26737,1,20260711
E2,0,Ren,300000,medium_023,3,medium,0.0253,0.6094,0,0,0.0075,0.0075,0.6422,0,0,0,0,0,0,172,0,172,47,520,1,1,20260711
E2,0,Ren,300000,common_012,3,common,0.025,12.479,0,0,1.9457,1.9457,14.4497,0,0,0,0,0,0,172,0,172,138263,6419,3545,1,20260711
E2,0,Ren,300000,common_026,3,common,0.0145,68.2498,0,0,16.9999,16.9999,85.2642,0,0,0,0,0,0,172,0,172,1043999,32047,26769,1,20260711
E2,0,Ren,300000,rare_018,3,rare,0.0268,1.8731,0,0,0.0078,0.0078,1.9077,0,0,0,0,0,0,172,0,172,47,1655,1,1,20260711
E2,0,Ren,300000,medium_013,3,medium,0.0129,0.6484,0,0,0.0036,0.0036,0.6649,0,0,0,0,0,0,172,0,172,164,493,4,1,20260711
E2,0,Ren,300000,common_016,3,common,0.011,61.2376,0,0,7.069,7.069,68.3176,0,0,0,0,0,0,172,0,172,509855,30050,13073,1,20260711
E2,0,Ren,300000,rare_021,3,rare,0.026,0.017,0,0,0.0082,0.0082,0.0512,0,0,0,0,0,0,172,0,172,47,13,1,1,20260711
E2,0,Ren,300000,rare_000,3,rare,0.0108,0.0545,0,0,0.0009,0.0009,0.0662,0,0,0,0,0,0,172,0,172,47,50,1,1,20260711
E2,0,Ren,300000,medium_001,3,medium,0.011,0.0027,0,0,0.0009,0.0009,0.0146,0,0,0,0,0,0,172,0,172,47,1,1,1,20260711
E2,0,Ren,300000,common_020,3,common,0.0104,42.6568,0,0,3.4933,3.4933,46.1605,0,0,0,0,0,0,172,0,172,242315,24000,6213,1,20260711
E2,0,Ren,300000,medium_010,3,medium,0.0243,0.0059,0,0.0001,0.0063,0.0063,0.0365,0,0,0,0,0,0,172,0,172,47,2,1,1,20260711
E2,0,Ren,300000,common_018,3,common,0.0109,19.2183,0,0,3.6182,3.6182,22.8474,0,0,0,0,0,0,172,0,172,263492,9092,6756,1,20260711
E2,0,Ren,300000,medium_020,3,medium,0.0156,0.0974,0,0,0.0058,0.0058,0.1188,0,0,0,0,0,0,172,0,172,86,55,2,1,20260711
E2,0,Ren,300000,medium_017,3,medium,0.0109,0.0038,0,0,0.0009,0.0009,0.0156,0,0,0,0,0,0,172,0,172,47,2,1,1,20260711
E2,0,Ren,300000,common_013,3,common,0.0105,2.2546,0,0,0.4333,0.4333,2.6984,0,0,0,0,0,0,172,0,172,31403,1103,805,1,20260711
E2,0,Ren,300000,common_010,3,common,0.0115,29.5279,0,0,5.7964,5.7964,35.3358,0,0,0,0,0,0,172,0,172,397730,16105,10198,1,20260711
E2,0,Ren,300000,rare_017,3,rare,0.024,0.0961,0,0.0001,0.0047,0.0047,0.1248,0,0,0,0,0,0,172,0,172,47,71,1,1,20260711
E2,0,Ren,300000,rare_002,3,rare,0.0105,0.4276,0,0,0.0009,0.0009,0.439,0,0,0,0,0,0,172,0,172,47,407,1,1,20260711
E2,0,Ren,300000,rare_014,3,rare,0.0108,0.0372,0,0,0.0008,0.0008,0.0488,0,0,0,0,0,0,172,0,172,47,34,1,1,20260711
E2,0,Ren,300000,medium_024,3,medium,0.0102,0.5143,0,0.0001,0.0009,0.0009,0.5254,0,0,0,0,0,0,172,0,172,47,488,1,1,20260711
E2,0,Ren,300000,common_005,3,common,0.0103,29.3418,0,0,1.9166,1.9166,31.2687,0,0,0,0,0,0,172,0,172,137756,23852,3532,1,20260711
E2,0,Ren,300000,common_019,3,common,0.0164,47.9782,0,0,8.7673,8.7673,56.7619,0,0,0,0,0,0,172,0,172,603416,25731,15472,1,20260711
E2,0,Ren,300000,medium_022,3,medium,0.022,2.2127,0,0,0.0078,0.0078,2.2425,0,0,0,0,0,0,172,0,172,125,2108,3,1,20260711
E2,0,Ren,300000,medium_000,3,medium,0.0115,0.3587,0,0,0.0032,0.0032,0.3734,0,0,0,0,0,0,172,0,172,125,176,3,1,20260711
E2,0,Ren,300000,rare_016,3,rare,0.0118,0.4587,0,0,0.0009,0.0009,0.4714,0,0,0,0,0,0,172,0,172,47,442,1,1,20260711
E2,0,Ren,300000,medium_021,3,medium,0.0105,0.0545,0,0,0.0008,0.0008,0.0658,0,0,0,0,0,0,172,0,172,47,51,1,1,20260711
E2,0,Ren,300000,medium_002,3,medium,0.0107,0.0042,0,0,0.0007,0.0007,0.0156,0,0,0,0,0,0,172,0,172,47,2,1,1,20260711
E2,0,Ren,300000,medium_008,3,medium,0.0103,0.1083,0,0,0.0008,0.0008,0.1194,0,0,0,0,0,0,172,0,172,47,102,1,1,20260711
E2,0,SliceBF,300000,medium_023,4,medium,0.0392,0.1408,3.5591,0.342,0.0176,3.9187,4.0987,2,300672,0,0,2,128,808,66944,816,367616,2,2,1,20260711
E2,0,SliceBF,300000,medium_024,4,medium,0.0393,0.1439,2.0282,0.3443,0.0116,2.3841,2.5673,2,300672,0,0,1,64,808,41664,812,342336,1,1,1,20260711
E2,0,SliceBF,300000,rare_016,4,rare,0.0382,0.144,3.4122,0.3441,0.0351,3.7914,3.9736,2,300672,0,0,4,256,808,125696,824,426368,4,4,1,20260711
E2,0,SliceBF,300000,rare_001,4,rare,0.0403,0.1381,2.2032,0.3415,0.0116,2.5563,2.7347,2,300672,0,0,1,64,808,25280,812,325952,1,1,1,20260711
E2,0,SliceBF,300000,common_018,4,common,0.0384,0.3191,3.4763,0.351,2.4854,6.3127,6.6702,2,300672,0,0,608,38912,808,20170752,3240,20471424,659,659,1,20260711
E2,0,SliceBF,300000,medium_004,4,medium,0.0398,0.1465,1.8953,0.3427,0.0105,2.2485,2.4348,2,300672,0,0,1,64,808,25280,812,325952,1,1,1,20260711
E2,0,SliceBF,300000,common_001,4,common,0.0383,0.1843,3.886,0.3449,0.5794,4.8103,5.0329,2,300672,0,0,152,9728,808,4186624,1416,4487296,157,157,1,20260711
E2,0,SliceBF,300000,common_007,4,common,0.0388,0.436,3.7544,0.3574,6.3277,10.4395,10.9143,2,300672,0,0,1087,69568,808,47566144,5156,47866816,1363,1363,1,20260711
E2,0,SliceBF,300000,common_020,4,common,0.0452,0.4785,3.2716,0.3614,9.0126,12.6456,13.1693,2,300672,0,0,1213,77632,808,53749696,5660,54050368,1738,1738,1,20260711
E2,0,SliceBF,300000,rare_011,4,rare,0.0441,0.1557,2.3025,0.3439,0.0144,2.6608,2.8606,2,300672,0,0,1,64,808,41664,812,342336,1,1,1,20260711
E2,0,SliceBF,300000,rare_003,4,rare,0.0393,0.1423,2.5588,0.3555,0.017,2.9313,3.1129,2,300672,0,0,1,64,808,25280,812,325952,1,1,1,20260711
E2,0,SliceBF,300000,medium_009,4,medium,0.0396,0.1457,3.4402,0.3429,0.013,3.7961,3.9814,2,300672,0,0,1,64,808,25280,812,325952,1,1,1,20260711
E2,0,SliceBF,300000,medium_020,4,medium,0.0409,0.1458,2.6627,0.3434,0.0164,3.0225,3.2092,2,300672,0,0,1,64,808,41664,812,342336,1,1,1,20260711
E2,0,SliceBF,300000,rare_024,4,rare,0.039,0.142,3.6973,0.3418,0.0263,4.0654,4.2464,2,300672,0,0,4,256,808,150272,824,450944,4,4,1,20260711
E2,0,SliceBF,300000,rare_020,4,rare,0.0384,0.1366,3.8774,0.3445,0.0136,4.2355,4.4105,2,300672,0,0,1,64,808,25280,812,325952,1,1,1,20260711
E2,0,SliceBF,300000,rare_017,4,rare,0.0392,0.1413,2.3508,0.3442,0.0102,2.7052,2.8857,2,300672,0,0,1,64,808,25280,812,325952,1,1,1,20260711
E2,0,SliceBF,300000,rare_005,4,rare,0.0384,0.1354,3.2781,0.3415,0.0104,3.63,3.8038,2,300672,0,0,1,64,808,25280,812,325952,1,1,1,20260711
E2,0,SliceBF,300000,medium_013,4,medium,0.038,0.1415,2.821,0.3914,0.02,3.2324,3.4119,2,300672,0,0,2,128,808,116096,816,416768,2,2,1,20260711
E2,0,SliceBF,300000,rare_018,4,rare,0.0385,0.1385,2.3562,0.4689,0.0122,2.8373,3.0143,2,300672,0,0,1,64,808,25280,812,325952,1,1,1,20260711
E2,0,SliceBF,300000,medium_018,4,medium,0.0384,0.1425,1.9226,0.3415,0.011,2.2751,2.456,2,300672,0,0,1,64,808,41664,812,342336,1,1,1,20260711
E2,0,SliceBF,300000,rare_014,4,rare,0.0381,0.1458,1.9666,0.3415,0.0118,2.3199,2.5038,2,300672,0,0,1,64,808,25280,812,325952,1,1,1,20260711
E2,0,SliceBF,300000,medium_019,4,medium,0.0391,0.1413,2.505,0.3415,0.0115,2.858,3.0384,2,300672,0,0,1,64,808,41664,812,342336,1,1,1,20260711
E2,0,SliceBF,300000,common_015,4,common,0.0382,0.1966,2.9029,0.3449,0.7463,3.9941,4.2289,2,300672,0,0,211,13504,808,5366848,1652,5667520,228,228,1,20260711
E2,0,SliceBF,300000,medium_000,4,medium,0.0389,0.1436,2.2791,0.4666,0.0164,2.7621,2.9446,2,300672,0,0,1,64,808,25280,812,325952,1,1,1,20260711
E2,0,SliceBF,300000,rare_013,4,rare,0.0546,0.1512,2.4756,0.3419,0.0132,2.8307,3.0365,2,300672,0,0,1,64,808,25280,812,325952,1,1,1,20260711
E2,0,SliceBF,300000,rare_002,4,rare,0.0398,0.1442,2.3228,0.3417,0.0139,2.6784,2.8624,2,300672,0,0,1,64,808,25280,812,325952,1,1,1,20260711
E2,0,SliceBF,300000,medium_005,4,medium,0.0386,0.1448,2.7252,0.3425,0.0127,3.0804,3.2638,2,300672,0,0,1,64,808,25280,812,325952,1,1,1,20260711
E2,0,SliceBF,300000,common_016,4,common,0.0385,0.612,4.0785,0.3667,9.8537,14.2989,14.9494,2,300672,0,0,1721,110144,808,67689664,7692,67990336,2218,2218,1,20260711
E2,0,SliceBF,300000,rare_004,4,rare,0.0427,0.1457,2.264,0.343,0.0128,2.6198,2.8082,2,300672,0,0,1,64,808,41664,812,342336,1,1,1,20260711
E2,0,SliceBF,300000,common_004,4,common,0.0383,0.2301,6.5296,0.3488,1.2039,8.0823,8.3507,2,300672,0,0,295,18880,808,9767744,1988,10068416,304,304,1,20260711
E2,0,SliceBF,300000,common_022,4,common,0.0401,0.778,3.2921,0.3792,13.7945,17.4658,18.2839,2,300672,0,0,2392,153088,808,86127104,10376,86427776,3442,3442,1,20260711
E2,0,SliceBF,300000,rare_022,4,rare,0.0467,0.1506,2.8146,0.377,0.0166,3.2082,3.4055,2,300672,0,0,1,64,808,25280,812,325952,1,1,1,20260711
E2,0,SliceBF,300000,medium_011,4,medium,0.0398,0.1439,2.7741,0.3419,0.0186,3.1346,3.3183,2,300672,0,0,2,128,808,66944,816,367616,2,2,1,20260711
E2,0,SliceBF,300000,common_027,4,common,0.0451,1.9244,3.5754,0.5548,115.443,119.573,121.543,2,300672,0,0,3771,241344,808,148972096,15892,149272768,23144,23144,1,20260711
E2,0,SliceBF,300000,rare_015,4,rare,0.0572,0.1529,2.4035,0.3537,0.0247,2.7819,2.992,2,300672,0,0,1,64,808,41664,812,342336,1,1,1,20260711
E2,0,SliceBF,300000,medium_021,4,medium,0.0417,0.1488,3.7902,0.342,0.0135,4.1457,4.3362,2,300672,0,0,1,64,808,25280,812,325952,1,1,1,20260711
E2,0,SliceBF,300000,medium_014,4,medium,0.041,0.1474,2.6667,0.3439,0.0372,3.0478,3.2362,2,300672,0,0,5,320,808,191936,828,492608,5,5,1,20260711
E2,0,SliceBF,300000,common_002,4,common,0.0406,0.5033,4.7968,0.3647,8.2387,13.4002,13.9441,2,300672,0,0,1206,77184,808,53933184,5632,54233856,1653,1653,1,20260711
E2,0,SliceBF,300000,medium_015,4,medium,0.0451,0.1437,2.389,0.3416,0.0176,2.7482,2.937,2,300672,0,0,1,64,808,41664,812,342336,1,1,1,20260711
E2,0,SliceBF,300000,rare_010,4,rare,0.0386,0.1422,2.9808,0.3418,0.017,3.3396,3.5204,2,300672,0,0,1,64,808,41664,812,342336,1,1,1,20260711
E2,0,SliceBF,300000,common_014,4,common,0.0394,0.2104,2.6132,0.3476,0.8993,3.8601,4.1099,2,300672,0,0,235,15040,808,6383168,1748,6683840,247,247,1,20260711
E2,0,SliceBF,300000,rare_006,4,rare,0.0396,0.1376,1.9574,0.3416,0.0109,2.3099,2.4871,2,300672,0,0,1,64,808,25280,812,325952,1,1,1,20260711
E2,0,SliceBF,300000,common_013,4,common,0.0385,0.198,3.1514,0.3453,0.8703,4.367,4.6035,2,300672,0,0,205,13120,808,6886336,1628,7187008,208,208,1,20260711
E2,0,SliceBF,300000,medium_017,4,medium,0.0401,0.1362,2.3856,0.343,0.0121,2.7407,2.917,2,300672,0,0,1,64,808,25280,812,325952,1,1,1,20260711
E2,0,SliceBF,300000,medium_008,4,medium,0.0383,0.1373,3.6488,0.3417,0.014,4.0045,4.1801,2,300672,0,0,1,64,808,41664,812,342336,1,1,1,20260711
E2,0,SliceBF,300000,rare_012,4,rare,0.0386,0.1402,3.6137,0.3415,0.0106,3.9658,4.1446,2,300672,0,0,1,64,808,25280,812,325952,1,1,1,20260711
E2,0,SliceBF,300000,common_019,4,common,0.038,1.1228,2.7926,0.4195,34.7448,37.9569,39.1177,2,300672,0,0,3311,211904,808,131952960,14052,132253632,7649,7649,1,20260711
E2,0,SliceBF,300000,common_021,4,common,0.0494,0.7617,3.686,0.3756,11.9167,15.9783,16.7894,2,300672,0,0,2135,136640,808,71536448,9348,71837120,3022,3022,1,20260711
E2,0,SliceBF,300000,medium_002,4,medium,0.0437,0.1523,2.4439,0.3417,0.0126,2.7982,2.9942,2,300672,0,0,1,64,808,25280,812,325952,1,1,1,20260711
E2,0,SliceBF,300000,rare_000,4,rare,0.0387,0.1382,2.6156,0.3416,0.0106,2.9678,3.1447,2,300672,0,0,1,64,808,25280,812,325952,1,1,1,20260711
E2,0,SliceBF,300000,common_026,4,common,0.0385,0.9404,2.431,0.6646,19.8068,22.9024,23.8813,2,300672,0,0,2954,189056,808,101055360,12624,101356032,5021,5021,1,20260711
E2,0,SliceBF,300000,common_024,4,common,0.0492,0.8124,4.2076,0.3858,15.3427,19.9361,20.7977,2,300672,0,0,2449,156736,808,80490176,10604,80790848,3854,3854,1,20260711
E2,0,SliceBF,300000,rare_008,4,rare,0.0532,0.1505,3.217,0.3424,0.024,3.5834,3.7871,2,300672,0,0,2,128,808,66944,816,367616,2,2,1,20260711
E2,0,SliceBF,300000,rare_007,4,rare,0.0413,0.1439,2.101,0.345,0.0125,2.4585,2.6437,2,300672,0,0,1,64,808,25280,812,325952,1,1,1,20260711
E2,0,SliceBF,300000,medium_010,4,medium,0.0392,0.1399,2.1086,0.3419,0.0225,2.473,2.6521,2,300672,0,0,2,128,808,83328,816,384000,2,2,1,20260711
E2,0,SliceBF,300000,medium_001,4,medium,0.039,0.1434,3.3471,0.3417,0.0162,3.705,3.8874,2,300672,0,0,2,128,808,66944,816,367616,2,2,1,20260711
E2,0,SliceBF,300000,medium_006,4,medium,0.0418,0.1409,2.444,0.4181,0.0151,2.8772,3.0599,2,300672,0,0,1,64,808,25280,812,325952,1,1,1,20260711
E2,0,SliceBF,300000,common_011,4,common,0.0408,0.27,2.6719,0.3487,1.7073,4.7279,5.0387,2,300672,0,0,427,27328,808,14464576,2516,14765248,440,440,1,20260711
E2,0,SliceBF,300000,common_010,4,common,0.0414,0.6477,3.7197,0.3742,15.7592,19.8531,20.5422,2,300672,0,0,1829,117056,808,81003968,8124,81304640,3091,3091,1,20260711
E2,0,SliceBF,300000,common_017,4,common,0.0462,0.286,3.3529,0.3532,2.1233,5.8294,6.1616,2,300672,0,0,466,29824,808,13574528,2672,13875200,506,506,1,20260711
E2,0,SliceBF,300000,medium_003,4,medium,0.0405,0.1397,3.5146,0.3416,0.0159,3.8721,4.0523,2,300672,0,0,1,64,808,41664,812,342336,1,1,1,20260711
E2,0,SliceBF,300000,rare_023,4,rare,0.0394,0.1453,3.1223,0.3418,0.0128,3.4769,3.6616,2,300672,0,0,1,64,808,41664,812,342336,1,1,1,20260711
E2,0,SliceBF,300000,medium_012,4,medium,0.0393,0.1423,2.5608,0.3416,0.0114,2.9138,3.0954,2,300672,0,0,1,64,808,25280,812,325952,1,1,1,20260711
E2,0,SliceBF,300000,common_006,4,common,0.0383,0.2185,2.9992,0.3481,1.0989,4.4462,4.703,2,300672,0,0,262,16768,808,8687744,1856,8988416,285,285,1,20260711
E2,0,SliceBF,300000,common_005,4,common,0.0392,0.1797,4.2039,0.3468,0.5574,5.1081,5.327,2,300672,0,0,135,8640,808,4526912,1348,4827584,136,136,1,20260711
E2,0,SliceBF,300000,common_008,4,common,0.0413,0.3278,2.643,0.3507,2.9623,5.956,6.3251,2,300672,0,0,628,40192,808,24723200,3320,25023872,675,675,1,20260711
E2,0,SliceBF,300000,medium_022,4,medium,0.0409,0.1398,2.735,0.3417,0.0102,3.0869,3.2676,2,300672,0,0,1,64,808,25280,812,325952,1,1,1,20260711
E2,0,SliceBF,300000,common_003,4,common,0.0385,0.2054,3.4375,0.3454,0.9234,4.7063,4.9502,2,300672,0,0,228,14592,808,6738688,1720,7039360,243,243,1,20260711
E2,0,SliceBF,300000,common_009,4,common,0.0393,0.3706,4.0366,0.3562,3.5192,7.912,8.3219,2,300672,0,0,777,49728,808,28342464,3916,28643136,856,856,1,20260711
E2,0,SliceBF,300000,rare_021,4,rare,0.04,0.1418,3.4286,0.4076,0.0183,3.8545,4.0363,2,300672,0,0,1,64,808,25280,812,325952,1,1,1,20260711
E2,0,SliceBF,300000,common_000,4,common,0.04,0.1699,2.1028,0.343,0.3037,2.7495,2.9594,2,300672,0,0,93,5952,808,2351040,1180,2651712,94,94,1,20260711
E2,0,SliceBF,300000,rare_009,4,rare,0.0388,0.1432,2.6818,0.3415,0.0102,3.0335,3.2155,2,300672,0,0,1,64,808,25280,812,325952,1,1,1,20260711
E2,0,SliceBF,300000,rare_025,4,rare,0.0382,0.1422,2.071,0.3414,0.0106,2.423,2.6034,2,300672,0,0,1,64,808,25280,812,325952,1,1,1,20260711
E2,0,SliceBF,300000,medium_007,4,medium,0.0382,0.1388,2.8903,0.3417,0.0112,3.2432,3.4202,2,300672,0,0,1,64,808,41664,812,342336,1,1,1,20260711
E2,0,SliceBF,300000,medium_025,4,medium,0.0382,0.1357,3.5414,0.3415,0.0132,3.8961,4.07,2,300672,0,0,1,64,808,41664,812,342336,1,1,1,20260711
E2,0,SliceBF,300000,rare_019,4,rare,0.0387,0.1413,2.0176,0.3425,0.0188,2.3789,2.5589,2,300672,0,0,2,128,808,66944,816,367616,2,2,1,20260711
E2,0,SliceBF,300000,common_023,4,common,0.0392,0.6084,2.3573,0.3702,9.0864,11.8139,12.4615,2,300672,0,0,1838,117632,808,61734528,8160,62035200,2417,2417,1,20260711
E2,0,SliceBF,300000,common_012,4,common,0.0461,0.7433,3.9681,0.3762,13.6992,18.0435,18.8329,2,300672,0,0,2315,148160,808,80240192,10068,80540864,3377,3377,1,20260711
E2,0,SliceBF,300000,common_025,4,common,0.0469,1.35,3.829,0.486,76.2119,80.5269,81.9238,2,300672,0,0,3035,194240,808,129350208,12948,129650880,14637,14637,1,20260711
E2,0,SliceBF,300000,medium_016,4,medium,0.0514,0.1456,3.4178,0.3439,0.0191,3.7808,3.9778,2,300672,0,0,1,64,808,41664,812,342336,1,1,1,20260711
E2,0,XEBFF-Conj,300000,medium_023,4,medium,26.6654,7.5503,0,0,0.0091,0.0091,34.2248,0,0,0,0,0,0,364268,0,364268,74,5059,2,1,20260711
E2,0,XEBFF-Conj,300000,medium_024,4,medium,4.2962,1.1813,0,0,0.0041,0.0041,5.4816,0,0,0,0,0,0,56756,0,56756,39,788,1,1,20260711
E2,0,XEBFF-Conj,300000,rare_016,4,rare,17.0253,4.9293,0,0,0.0109,0.0109,21.9655,0,0,0,0,0,0,232580,0,232580,144,3230,4,1,20260711
E2,0,XEBFF-Conj,300000,rare_001,4,rare,0.9376,0.2573,0,0,0.0035,0.0035,1.1984,0,0,0,0,0,0,12764,0,12764,39,177,1,1,20260711
E2,0,XEBFF-Conj,300000,common_018,4,common,6.2795,1.64,0,0,0.3871,0.3871,8.3066,0,0,0,0,0,0,71372,0,71372,23069,991,659,1,20260711
E2,0,XEBFF-Conj,300000,medium_004,4,medium,0.4006,0.1114,0,0,0.0013,0.0013,0.5133,0,0,0,0,0,0,5204,0,5204,39,72,1,1,20260711
E2,0,XEBFF-Conj,300000,common_001,4,common,2.606,0.734,0,0,0.0967,0.0967,3.4367,0,0,0,0,0,0,35444,0,35444,5499,492,157,1,20260711
E2,0,XEBFF-Conj,300000,common_007,4,common,171.06,47.6386,0,0,0.8467,0.8467,219.545,0,0,0,0,0,0,2307404,0,2307404,47709,32047,1363,1,20260711
E2,0,XEBFF-Conj,300000,common_020,4,common,92.2485,26.67,0,0,1.0578,1.0578,119.976,0,0,0,0,0,0,1268444,0,1268444,60834,17617,1738,1,20260711
E2,0,XEBFF-Conj,300000,rare_011,4,rare,0.5331,0.1026,0,0,0.0031,0.0031,0.6388,0,0,0,0,0,0,5132,0,5132,39,71,1,1,20260711
E2,0,XEBFF-Conj,300000,rare_003,4,rare,0.2444,0.0617,0,0,0.001,0.001,0.3071,0,0,0,0,0,0,3116,0,3116,39,43,1,1,20260711
E2,0,XEBFF-Conj,300000,medium_009,4,medium,0.3014,0.0662,0,0,0.0016,0.0016,0.3692,0,0,0,0,0,0,3332,0,3332,39,46,1,1,20260711
E2,0,XEBFF-Conj,300000,medium_020,4,medium,1.516,0.6826,0,0,0.0033,0.0033,2.2019,0,0,0,0,0,0,20972,0,20972,39,291,1,1,20260711
E2,0,XEBFF-Conj,300000,rare_024,4,rare,16.4718,4.7406,0,0,0.0112,0.0112,21.2236,0,0,0,0,0,0,221276,0,221276,144,3073,4,1,20260711
E2,0,XEBFF-Conj,300000,rare_020,4,rare,0.3816,0.1022,0,0,0.0016,0.0016,0.4854,0,0,0,0,0,0,4916,0,4916,39,68,1,1,20260711
E2,0,XEBFF-Conj,300000,rare_017,4,rare,0.7016,0.1975,0,0,0.0012,0.0012,0.9003,0,0,0,0,0,0,9524,0,9524,39,132,1,1,20260711
E2,0,XEBFF-Conj,300000,rare_005,4,rare,0.7835,0.2206,0,0,0.0011,0.0011,1.0052,0,0,0,0,0,0,10604,0,10604,39,147,1,1,20260711
E2,0,XEBFF-Conj,300000,medium_013,4,medium,1.6467,0.4584,0,0,0.0023,0.0023,2.1074,0,0,0,0,0,0,22484,0,22484,74,312,2,1,20260711
E2,0,XEBFF-Conj,300000,rare_018,4,rare,0.0303,0.002,0,0,0.0009,0.0009,0.0332,0,0,0,0,0,0,92,0,92,39,1,1,1,20260711
E2,0,XEBFF-Conj,300000,medium_018,4,medium,0.4322,0.1165,0,0,0.001,0.001,0.5497,0,0,0,0,0,0,5708,0,5708,39,79,1,1,20260711
E2,0,XEBFF-Conj,300000,rare_014,4,rare,0.1627,0.0403,0,0,0.0008,0.0008,0.2038,0,0,0,0,0,0,1964,0,1964,39,27,1,1,20260711
E2,0,XEBFF-Conj,300000,medium_019,4,medium,2.363,0.671,0,0,0.001,0.001,3.035,0,0,0,0,0,0,32780,0,32780,39,455,1,1,20260711
E2,0,XEBFF-Conj,300000,common_015,4,common,35.5461,10.4205,0,0,0.1439,0.1439,46.1105,0,0,0,0,0,0,492428,0,492428,7984,6839,228,1,20260711
E2,0,XEBFF-Conj,300000,medium_000,4,medium,7.0357,1.9486,0,0,0.004,0.004,8.9883,0,0,0,0,0,0,97940,0,97940,39,1360,1,1,20260711
E2,0,XEBFF-Conj,300000,rare_013,4,rare,0.3147,0.081,0,0,0.001,0.001,0.3967,0,0,0,0,0,0,4052,0,4052,39,56,1,1,20260711
E2,0,XEBFF-Conj,300000,rare_002,4,rare,0.9294,0.2541,0,0,0.0015,0.0015,1.185,0,0,0,0,0,0,12764,0,12764,39,177,1,1,20260711
E2,0,XEBFF-Conj,300000,medium_005,4,medium,5.1248,1.5821,0,0,0.008,0.008,6.7149,0,0,0,0,0,0,64028,0,64028,39,889,1,1,20260711
E2,0,XEBFF-Conj,300000,common_016,4,common,52.43,15.3642,0,0,1.2911,1.2911,69.0853,0,0,0,0,0,0,710732,0,710732,77634,9871,2218,1,20260711
E2,0,XEBFF-Conj,300000,rare_004,4,rare,0.0532,0.004,0,0,0.0057,0.0057,0.0629,0,0,0,0,0,0,164,0,164,39,2,1,1,20260711
E2,0,XEBFF-Conj,300000,common_004,4,common,6.7372,1.79,0,0,0.1847,0.1847,8.7119,0,0,0,0,0,0,86636,0,86636,10644,1203,304,1,20260711
E2,0,XEBFF-Conj,300000,common_022,4,common,34.0281,10.013,0,0,1.9654,1.9654,46.0065,0,0,0,0,0,0,462188,0,462188,120474,6419,3442,1,20260711
E2,0,XEBFF-Conj,300000,rare_022,4,rare,1.3158,0.3912,0,0,0.0037,0.0037,1.7107,0,0,0,0,0,0,18164,0,18164,39,252,1,1,20260711
E2,0,XEBFF-Conj,300000,medium_011,4,medium,3.4191,1.0038,0,0,0.0028,0.0028,4.4257,0,0,0,0,0,0,47540,0,47540,74,660,2,1,20260711
E2,0,XEBFF-Conj,300000,common_027,4,common,148.065,42.0286,0,0,13.2457,13.2457,203.339,0,0,0,0,0,0,2014220,0,2014220,810044,27975,23144,1,20260711
E2,0,XEBFF-Conj,300000,rare_015,4,rare,0.1188,0.022,0,0,0.0072,0.0072,0.148,0,0,0,0,0,0,956,0,956,39,13,1,1,20260711
E2,0,XEBFF-Conj,300000,medium_021,4,medium,19.5393,5.7623,0,0,0.0053,0.0053,25.3069,0,0,0,0,0,0,269660,0,269660,39,3745,1,1,20260711
E2,0,XEBFF-Conj,300000,medium_014,4,medium,7.806,2.2527,0,0,0.0073,0.0073,10.066,0,0,0,0,0,0,108668,0,108668,179,1509,5,1,20260711
E2,0,XEBFF-Conj,300000,common_002,4,common,136.45,37.623,0,0,1.0298,1.0298,175.103,0,0,0,0,0,0,1790012,0,1790012,57859,24861,1653,1,20260711
E2,0,XEBFF-Conj,300000,medium_015,4,medium,1.306,0.3562,0,0,0.0057,0.0057,1.6679,0,0,0,0,0,0,17660,0,17660,39,245,1,1,20260711
E2,0,XEBFF-Conj,300000,rare_010,4,rare,0.2128,0.0528,0,0,0.0012,0.0012,0.2668,0,0,0,0,0,0,2612,0,2612,39,36,1,1,20260711
E2,0,XEBFF-Conj,300000,common_014,4,common,5.1505,1.4592,0,0,0.1516,0.1516,6.7613,0,0,0,0,0,0,71372,0,71372,8649,991,247,1,20260711
E2,0,XEBFF-Conj,300000,rare_006,4,rare,0.0854,0.0175,0,0,0.0009,0.0009,0.1038,0,0,0,0,0,0,812,0,812,39,11,1,1,20260711
E2,0,XEBFF-Conj,300000,common_013,4,common,14.9712,4.6012,0,0,0.1629,0.1629,19.7353,0,0,0,0,0,0,206228,0,206228,7284,2864,208,1,20260711
E2,0,XEBFF-Conj,300000,medium_017,4,medium,0.7725,0.2049,0,0,0.0018,0.0018,0.9792,0,0,0,0,0,0,10316,0,10316,39,143,1,1,20260711
E2,0,XEBFF-Conj,300000,medium_008,4,medium,5.1061,1.4295,0,0,0.0036,0.0036,6.5392,0,0,0,0,0,0,71372,0,71372,39,991,1,1,20260711
E2,0,XEBFF-Conj,300000,rare_012,4,rare,0.0393,0.004,0,0,0.0009,0.0009,0.0442,0,0,0,0,0,0,164,0,164,39,2,1,1,20260711
E2,0,XEBFF-Conj,300000,common_019,4,common,65.5872,18.8473,0,0,4.3837,4.3837,88.8182,0,0,0,0,0,0,879212,0,879212,267719,12211,7649,1,20260711
E2,0,XEBFF-Conj,300000,common_021,4,common,44.1491,12.7879,0,0,1.7201,1.7201,58.6571,0,0,0,0,0,0,593156,0,593156,105774,8238,3022,1,20260711
E2,0,XEBFF-Conj,300000,medium_002,4,medium,1.4372,0.6844,0,0,0.006,0.006,2.1276,0,0,0,0,0,0,19676,0,19676,39,273,1,1,20260711
E2,0,XEBFF-Conj,300000,rare_000,4,rare,0.0474,0.0067,0,0,0.001,0.001,0.0551,0,0,0,0,0,0,308,0,308,39,4,1,1,20260711
E2,0,XEBFF-Conj,300000,common_026,4,common,33.5977,10.3035,0,0,2.8573,2.8573,46.7585,0,0,0,0,0,0,462188,0,462188,175739,6419,5021,1,20260711
E2,0,XEBFF-Conj,300000,common_024,4,common,67.5904,19.0205,0,0,2.187,2.187,88.7979,0,0,0,0,0,0,913628,0,913628,134894,12689,3854,1,20260711
E2,0,XEBFF-Conj,300000,rare_008,4,rare,0.0577,0.0057,0,0,0.0067,0.0067,0.0701,0,0,0,0,0,0,236,0,236,74,3,2,1,20260711
E2,0,XEBFF-Conj,300000,rare_007,4,rare,0.2503,0.0647,0,0,0.0009,0.0009,0.3159,0,0,0,0,0,0,3188,0,3188,39,44,1,1,20260711
E2,0,XEBFF-Conj,300000,medium_010,4,medium,0.282,0.0702,0,0,0.0016,0.0016,0.3538,0,0,0,0,0,0,3548,0,3548,74,49,2,1,20260711
E2,0,XEBFF-Conj,300000,medium_001,4,medium,17.0403,4.6322,0,0,0.0087,0.0087,21.6812,0,0,0,0,0,0,227252,0,227252,74,3156,2,1,20260711
E2,0,XEBFF-Conj,300000,medium_006,4,medium,0.1498,0.0336,0,0,0.0014,0.0014,0.1848,0,0,0,0,0,0,1676,0,1676,39,23,1,1,20260711
E2,0,XEBFF-Conj,300000,common_011,4,common,34.636,9.7977,0,0,0.2831,0.2831,44.7168,0,0,0,0,0,0,462188,0,462188,15404,6419,440,1,20260711
E2,0,XEBFF-Conj,300000,common_010,4,common,122.952,34.3845,0,0,2.8058,2.8058,160.142,0,0,0,0,0,0,1666316,0,1666316,108189,23143,3091,1,20260711
E2,0,XEBFF-Conj,300000,common_017,4,common,13.7453,3.8371,0,0,0.3061,0.3061,17.8885,0,0,0,0,0,0,189668,0,189668,17714,2634,506,1,20260711
E2,0,XEBFF-Conj,300000,medium_003,4,medium,0.3742,0.0968,0,0,0.0017,0.0017,0.4727,0,0,0,0,0,0,4916,0,4916,39,68,1,1,20260711
E2,0,XEBFF-Conj,300000,rare_023,4,rare,0.1702,0.0404,0,0,0.0012,0.0012,0.2118,0,0,0,0,0,0,2036,0,2036,39,28,1,1,20260711
E2,0,XEBFF-Conj,300000,medium_012,4,medium,0.0316,0.0018,0,0,0.0009,0.0009,0.0343,0,0,0,0,0,0,92,0,92,39,1,1,1,20260711
E2,0,XEBFF-Conj,300000,common_006,4,common,57.7602,16.9941,0,0,0.1954,0.1954,74.9497,0,0,0,0,0,0,790652,0,790652,9979,10981,285,1,20260711
E2,0,XEBFF-Conj,300000,common_005,4,common,5.669,2.1157,0,0,0.0914,0.0914,7.8761,0,0,0,0,0,0,79436,0,79436,4764,1103,136,1,20260711
E2,0,XEBFF-Conj,300000,common_008,4,common,126.557,35.4663,0,0,0.4466,0.4466,162.47,0,0,0,0,0,0,1728020,0,1728020,23629,24000,675,1,20260711
E2,0,XEBFF-Conj,300000,medium_022,4,medium,2.0117,0.5327,0,0,0.0044,0.0044,2.5488,0,0,0,0,0,0,27596,0,27596,39,383,1,1,20260711
E2,0,XEBFF-Conj,300000,common_003,4,common,38.0432,11.1357,0,0,0.1667,0.1667,49.3456,0,0,0,0,0,0,518924,0,518924,8509,7207,243,1,20260711
E2,0,XEBFF-Conj,300000,common_009,4,common,39.9078,11.8762,0,0,0.5251,0.5251,52.3091,0,0,0,0,0,0,555212,0,555212,29964,7711,856,1,20260711
E2,0,XEBFF-Conj,300000,rare_021,4,rare,0.1307,0.0267,0,0,0.0014,0.0014,0.1588,0,0,0,0,0,0,1316,0,1316,39,18,1,1,20260711
E2,0,XEBFF-Conj,300000,common_000,4,common,0.5362,0.1454,0,0,0.0806,0.0806,0.7622,0,0,0,0,0,0,7148,0,7148,3294,99,94,1,20260711
E2,0,XEBFF-Conj,300000,rare_009,4,rare,0.3298,0.0854,0,0,0.0009,0.0009,0.4161,0,0,0,0,0,0,4196,0,4196,39,58,1,1,20260711
E2,0,XEBFF-Conj,300000,rare_025,4,rare,0.0609,0.0106,0,0,0.0009,0.0009,0.0724,0,0,0,0,0,0,524,0,524,39,7,1,1,20260711
E2,0,XEBFF-Conj,300000,medium_007,4,medium,2.4839,0.6859,0,0,0.0016,0.0016,3.1714,0,0,0,0,0,0,34292,0,34292,39,476,1,1,20260711
E2,0,XEBFF-Conj,300000,medium_025,4,medium,0.3316,0.0445,0,0,0.0011,0.0011,0.3772,0,0,0,0,0,0,2252,0,2252,39,31,1,1,20260711
E2,0,XEBFF-Conj,300000,rare_019,4,rare,9.0059,2.4564,0,0,0.0072,0.0072,11.4695,0,0,0,0,0,0,119900,0,119900,74,1665,2,1,20260711
E2,0,XEBFF-Conj,300000,common_023,4,common,33.5491,9.9775,0,0,1.3995,1.3995,44.9261,0,0,0,0,0,0,462188,0,462188,84599,6419,2417,1,20260711
E2,0,XEBFF-Conj,300000,common_012,4,common,43.6537,12.6902,0,0,1.9347,1.9347,58.2786,0,0,0,0,0,0,593156,0,593156,118199,8238,3377,1,20260711
E2,0,XEBFF-Conj,300000,common_025,4,common,147.353,43.2976,0,0,8.2916,8.2916,198.942,0,0,0,0,0,0,2014220,0,2014220,512299,27975,14637,1,20260711
E2,0,XEBFF-Conj,300000,medium_016,4,medium,0.0547,0.0045,0,0,0.0051,0.0051,0.0643,0,0,0,0,0,0,164,0,164,39,2,1,1,20260711
E2,0,Doris,300000,medium_023,4,medium,27.3707,7.9043,0,0,0.0077,0.0077,35.2827,0,0,0,0,0,0,364268,0,364268,74,5059,2,1,20260711
E2,0,Doris,300000,medium_024,4,medium,5.7966,1.3207,0,0,0.0057,0.0057,7.123,0,0,0,0,0,0,56756,0,56756,39,788,1,1,20260711
E2,0,Doris,300000,rare_016,4,rare,17.3868,5.1577,0,0,0.0096,0.0096,22.5541,0,0,0,0,0,0,232580,0,232580,144,3230,4,1,20260711
E2,0,Doris,300000,rare_001,4,rare,0.9362,0.2834,0,0,0.0028,0.0028,1.2224,0,0,0,0,0,0,12764,0,12764,39,177,1,1,20260711
E2,0,Doris,300000,common_018,4,common,5.2289,1.9665,0,0,0.5132,0.5132,7.7086,0,0,0,0,0,0,71372,0,71372,23069,991,659,1,20260711
E2,0,Doris,300000,medium_004,4,medium,0.397,0.1113,0,0,0.0018,0.0018,0.5101,0,0,0,0,0,0,5204,0,5204,39,72,1,1,20260711
E2,0,Doris,300000,common_001,4,common,2.5692,0.7503,0,0,0.0928,0.0928,3.4123,0,0,0,0,0,0,35444,0,35444,5499,492,157,1,20260711
E2,0,Doris,300000,common_007,4,common,170.581,50.7215,0,0,0.8401,0.8401,222.143,0,0,0,0,0,0,2307404,0,2307404,47709,32047,1363,1,20260711
E2,0,Doris,300000,common_020,4,common,93.4339,29.0525,0,0,1.0638,1.0638,123.55,0,0,0,0,0,0,1268444,0,1268444,60834,17617,1738,1,20260711
E2,0,Doris,300000,rare_011,4,rare,0.3889,0.1081,0,0,0.0039,0.0039,0.5009,0,0,0,0,0,0,5132,0,5132,39,71,1,1,20260711
E2,0,Doris,300000,rare_003,4,rare,0.2324,0.233,0,0,0.0028,0.0028,0.4682,0,0,0,0,0,0,3116,0,3116,39,43,1,1,20260711
E2,0,Doris,300000,medium_009,4,medium,0.4417,0.1246,0,0,0.0028,0.0028,0.5691,0,0,0,0,0,0,3332,0,3332,39,46,1,1,20260711
E2,0,Doris,300000,medium_020,4,medium,1.9875,0.4483,0,0,0.0024,0.0024,2.4382,0,0,0,0,0,0,20972,0,20972,39,291,1,1,20260711
E2,0,Doris,300000,rare_024,4,rare,16.7833,4.7999,0,0,0.0099,0.0099,21.5931,0,0,0,0,0,0,221276,0,221276,144,3073,4,1,20260711
E2,0,Doris,300000,rare_020,4,rare,0.3766,0.1047,0,0,0.0021,0.0021,0.4834,0,0,0,0,0,0,4916,0,4916,39,68,1,1,20260711
E2,0,Doris,300000,rare_017,4,rare,0.7004,0.1992,0,0,0.0018,0.0018,0.9014,0,0,0,0,0,0,9524,0,9524,39,132,1,1,20260711
E2,0,Doris,300000,rare_005,4,rare,0.7707,0.2221,0,0,0.001,0.001,0.9938,0,0,0,0,0,0,10604,0,10604,39,147,1,1,20260711
E2,0,Doris,300000,medium_013,4,medium,1.7024,0.4727,0,0,0.0032,0.0032,2.1783,0,0,0,0,0,0,22484,0,22484,74,312,2,1,20260711
E2,0,Doris,300000,rare_018,4,rare,0.0151,0.0018,0,0,0.0011,0.0011,0.018,0,0,0,0,0,0,92,0,92,39,1,1,1,20260711
E2,0,Doris,300000,medium_018,4,medium,0.4211,0.119,0,0,0.001,0.001,0.5411,0,0,0,0,0,0,5708,0,5708,39,79,1,1,20260711
E2,0,Doris,300000,rare_014,4,rare,0.1501,0.0414,0,0,0.0009,0.0009,0.1924,0,0,0,0,0,0,1964,0,1964,39,27,1,1,20260711
E2,0,Doris,300000,medium_019,4,medium,2.6431,0.6929,0,0,0.0045,0.0045,3.3405,0,0,0,0,0,0,32780,0,32780,39,455,1,1,20260711
E2,0,Doris,300000,common_015,4,common,36.5687,11.214,0,0,0.1507,0.1507,47.9334,0,0,0,0,0,0,492428,0,492428,7984,6839,228,1,20260711
E2,0,Doris,300000,medium_000,4,medium,7.4695,2.0888,0,0,0.0044,0.0044,9.5627,0,0,0,0,0,0,97940,0,97940,39,1360,1,1,20260711
E2,0,Doris,300000,rare_013,4,rare,0.5011,0.1033,0,0,0.0023,0.0023,0.6067,0,0,0,0,0,0,4052,0,4052,39,56,1,1,20260711
E2,0,Doris,300000,rare_002,4,rare,0.9345,0.2663,0,0,0.0012,0.0012,1.202,0,0,0,0,0,0,12764,0,12764,39,177,1,1,20260711
E2,0,Doris,300000,medium_005,4,medium,4.6949,1.3487,0,0,0.0047,0.0047,6.0483,0,0,0,0,0,0,64028,0,64028,39,889,1,1,20260711
E2,0,Doris,300000,common_016,4,common,53.6414,15.4193,0,0,1.5039,1.5039,70.5646,0,0,0,0,0,0,710732,0,710732,77634,9871,2218,1,20260711
E2,0,Doris,300000,rare_004,4,rare,0.0328,0.0042,0,0,0.0026,0.0026,0.0396,0,0,0,0,0,0,164,0,164,39,2,1,1,20260711
E2,0,Doris,300000,common_004,4,common,6.8532,1.8585,0,0,0.1824,0.1824,8.8941,0,0,0,0,0,0,86636,0,86636,10644,1203,304,1,20260711
E2,0,Doris,300000,common_022,4,common,34.4358,10.6775,0,0,1.954,1.954,47.0673,0,0,0,0,0,0,462188,0,462188,120474,6419,3442,1,20260711
E2,0,Doris,300000,rare_022,4,rare,1.3285,0.5984,0,0,0.0032,0.0032,1.9301,0,0,0,0,0,0,18164,0,18164,39,252,1,1,20260711
E2,0,Doris,300000,medium_011,4,medium,3.6635,1.1544,0,0,0.004,0.004,4.8219,0,0,0,0,0,0,47540,0,47540,74,660,2,1,20260711
E2,0,Doris,300000,common_027,4,common,150.812,47.927,0,0,12.9593,12.9593,211.699,0,0,0,0,0,0,2014220,0,2014220,810044,27975,23144,1,20260711
E2,0,Doris,300000,rare_015,4,rare,0.1017,0.0221,0,0,0.0067,0.0067,0.1305,0,0,0,0,0,0,956,0,956,39,13,1,1,20260711
E2,0,Doris,300000,medium_021,4,medium,21.1183,6.0327,0,0,0.0063,0.0063,27.1573,0,0,0,0,0,0,269660,0,269660,39,3745,1,1,20260711
E2,0,Doris,300000,medium_014,4,medium,8.1886,2.4274,0,0,0.0083,0.0083,10.6243,0,0,0,0,0,0,108668,0,108668,179,1509,5,1,20260711
E2,0,Doris,300000,common_002,4,common,136.144,39.8187,0,0,1.0288,1.0288,176.991,0,0,0,0,0,0,1790012,0,1790012,57859,24861,1653,1,20260711
E2,0,Doris,300000,medium_015,4,medium,1.3048,0.3693,0,0,0.0032,0.0032,1.6773,0,0,0,0,0,0,17660,0,17660,39,245,1,1,20260711
E2,0,Doris,300000,rare_010,4,rare,0.2013,0.0556,0,0,0.001,0.001,0.2579,0,0,0,0,0,0,2612,0,2612,39,36,1,1,20260711
E2,0,Doris,300000,common_014,4,common,5.1519,1.783,0,0,0.1509,0.1509,7.0858,0,0,0,0,0,0,71372,0,71372,8649,991,247,1,20260711
E2,0,Doris,300000,rare_006,4,rare,0.1233,0.0183,0,0,0.0014,0.0014,0.143,0,0,0,0,0,0,812,0,812,39,11,1,1,20260711
E2,0,Doris,300000,common_013,4,common,15.6411,4.4829,0,0,0.1434,0.1434,20.2674,0,0,0,0,0,0,206228,0,206228,7284,2864,208,1,20260711
E2,0,Doris,300000,medium_017,4,medium,0.7647,0.2187,0,0,0.0033,0.0033,0.9867,0,0,0,0,0,0,10316,0,10316,39,143,1,1,20260711
E2,0,Doris,300000,medium_008,4,medium,5.141,1.5066,0,0,0.0037,0.0037,6.6513,0,0,0,0,0,0,70436,0,70436,39,978,1,1,20260711
E2,0,Doris,300000,rare_012,4,rare,0.0237,0.0035,0,0,0.0009,0.0009,0.0281,0,0,0,0,0,0,164,0,164,39,2,1,1,20260711
E2,0,Doris,300000,common_019,4,common,66.547,19.838,0,0,4.2881,4.2881,90.6731,0,0,0,0,0,0,879212,0,879212,267719,12211,7649,1,20260711
E2,0,Doris,300000,common_021,4,common,44.1998,13.8901,0,0,1.7682,1.7682,59.8581,0,0,0,0,0,0,593156,0,593156,105774,8238,3022,1,20260711
E2,0,Doris,300000,medium_002,4,medium,1.6118,0.4227,0,0,0.0075,0.0075,2.042,0,0,0,0,0,0,19676,0,19676,39,273,1,1,20260711
E2,0,Doris,300000,rare_000,4,rare,0.0306,0.0066,0,0,0.0011,0.0011,0.0383,0,0,0,0,0,0,308,0,308,39,4,1,1,20260711
E2,0,Doris,300000,common_026,4,common,34.1988,9.9752,0,0,2.985,2.985,47.159,0,0,0,0,0,0,462188,0,462188,175739,6419,5021,1,20260711
E2,0,Doris,300000,common_024,4,common,69.0799,19.8099,0,0,2.603,2.603,91.4928,0,0,0,0,0,0,913628,0,913628,134894,12689,3854,1,20260711
E2,0,Doris,300000,rare_008,4,rare,0.0453,0.0065,0,0,0.0077,0.0077,0.0595,0,0,0,0,0,0,236,0,236,74,3,2,1,20260711
E2,0,Doris,300000,rare_007,4,rare,0.2399,0.0697,0,0,0.0009,0.0009,0.3105,0,0,0,0,0,0,3188,0,3188,39,44,1,1,20260711
E2,0,Doris,300000,medium_010,4,medium,0.2765,0.0779,0,0,0.0021,0.0021,0.3565,0,0,0,0,0,0,3548,0,3548,74,49,2,1,20260711
E2,0,Doris,300000,medium_001,4,medium,17.0564,4.8549,0,0,0.0083,0.0083,21.9196,0,0,0,0,0,0,227252,0,227252,74,3156,2,1,20260711
E2,0,Doris,300000,medium_006,4,medium,0.1326,0.0356,0,0,0.0018,0.0018,0.17,0,0,0,0,0,0,1676,0,1676,39,23,1,1,20260711
E2,0,Doris,300000,common_011,4,common,33.5126,10.7691,0,0,0.4257,0.4257,44.7074,0,0,0,0,0,0,462188,0,462188,15404,6419,440,1,20260711
E2,0,Doris,300000,common_010,4,common,125.992,37.2987,0,0,1.836,1.836,165.126,0,0,0,0,0,0,1666316,0,1666316,108189,23143,3091,1,20260711
E2,0,Doris,300000,common_017,4,common,14.762,4.05,0,0,0.3004,0.3004,19.1124,0,0,0,0,0,0,189668,0,189668,17714,2634,506,1,20260711
E2,0,Doris,300000,medium_003,4,medium,0.3715,0.1054,0,0,0.0021,0.0021,0.479,0,0,0,0,0,0,4916,0,4916,39,68,1,1,20260711
E2,0,Doris,300000,rare_023,4,rare,0.1647,0.0436,0,0,0.001,0.001,0.2093,0,0,0,0,0,0,2036,0,2036,39,28,1,1,20260711
E2,0,Doris,300000,medium_012,4,medium,0.014,0.0019,0,0,0.0009,0.0009,0.0168,0,0,0,0,0,0,92,0,92,39,1,1,1,20260711
E2,0,Doris,300000,common_006,4,common,59.2447,18.2364,0,0,0.1967,0.1967,77.6778,0,0,0,0,0,0,790652,0,790652,9979,10981,285,1,20260711
E2,0,Doris,300000,common_005,4,common,6.3039,1.7198,0,0,0.0904,0.0904,8.1141,0,0,0,0,0,0,79436,0,79436,4764,1103,136,1,20260711
E2,0,Doris,300000,common_008,4,common,128.835,38.8798,0,0,0.4474,0.4474,168.162,0,0,0,0,0,0,1728020,0,1728020,23629,24000,675,1,20260711
E2,0,Doris,300000,medium_022,4,medium,2.0857,0.5793,0,0,0.0043,0.0043,2.6693,0,0,0,0,0,0,27596,0,27596,39,383,1,1,20260711
E2,0,Doris,300000,common_003,4,common,38.8962,11.5509,0,0,0.1612,0.1612,50.6083,0,0,0,0,0,0,518924,0,518924,8509,7207,243,1,20260711
E2,0,Doris,300000,common_009,4,common,45.8127,13.1257,0,0,0.5242,0.5242,59.4626,0,0,0,0,0,0,555212,0,555212,29964,7711,856,1,20260711
E2,0,Doris,300000,rare_021,4,rare,0.1192,0.0285,0,0,0.0023,0.0023,0.15,0,0,0,0,0,0,1316,0,1316,39,18,1,1,20260711
E2,0,Doris,300000,common_000,4,common,0.5507,0.1555,0,0,0.056,0.056,0.7622,0,0,0,0,0,0,7148,0,7148,3294,99,94,1,20260711
E2,0,Doris,300000,rare_009,4,rare,0.309,0.0893,0,0,0.0009,0.0009,0.3992,0,0,0,0,0,0,4196,0,4196,39,58,1,1,20260711
E2,0,Doris,300000,rare_025,4,rare,0.0461,0.011,0,0,0.0008,0.0008,0.0579,0,0,0,0,0,0,524,0,524,39,7,1,1,20260711
E2,0,Doris,300000,medium_007,4,medium,2.7155,0.7431,0,0,0.0051,0.0051,3.4637,0,0,0,0,0,0,34292,0,34292,39,476,1,1,20260711
E2,0,Doris,300000,medium_025,4,medium,0.1732,0.0484,0,0,0.0012,0.0012,0.2228,0,0,0,0,0,0,2252,0,2252,39,31,1,1,20260711
E2,0,Doris,300000,rare_019,4,rare,8.8006,2.5304,0,0,0.0055,0.0055,11.3365,0,0,0,0,0,0,119900,0,119900,74,1665,2,1,20260711
E2,0,Doris,300000,common_023,4,common,34.225,10.1612,0,0,1.4103,1.4103,45.7965,0,0,0,0,0,0,462188,0,462188,84599,6419,2417,1,20260711
E2,0,Doris,300000,common_012,4,common,43.9748,13.1039,0,0,1.9566,1.9566,59.0353,0,0,0,0,0,0,593156,0,593156,118199,8238,3377,1,20260711
E2,0,Doris,300000,common_025,4,common,151.6,45.1056,0,0,8.4672,8.4672,205.173,0,0,0,0,0,0,2014220,0,2014220,512299,27975,14637,1,20260711
E2,0,Doris,300000,medium_016,4,medium,0.041,0.0048,0,0,0.0071,0.0071,0.0529,0,0,0,0,0,0,164,0,164,39,2,1,1,20260711
E2,0,Ren,300000,medium_023,4,medium,0.0137,5.2129,0,0.0001,0.004,0.004,5.2306,0,0,0,0,0,0,228,0,228,86,5059,2,1,20260711
E2,0,Ren,300000,medium_024,4,medium,0.0152,0.791,0,0.0001,0.001,0.001,0.8072,0,0,0,0,0,0,228,0,228,47,788,1,1,20260711
E2,0,Ren,300000,rare_016,4,rare,0.0137,3.4296,0,0,0.003,0.003,3.4463,0,0,0,0,0,0,228,0,228,164,3230,4,1,20260711
E2,0,Ren,300000,rare_001,4,rare,0.0139,0.1801,0,0,0.0009,0.0009,0.1949,0,0,0,0,0,0,228,0,228,47,177,1,1,20260711
E2,0,Ren,300000,common_018,4,common,0.0134,2.8417,0,0,0.4635,0.4635,3.3186,0,0,0,0,0,0,228,0,228,25709,991,659,1,20260711
E2,0,Ren,300000,medium_004,4,medium,0.0172,0.0792,0,0.0001,0.0009,0.0009,0.0973,0,0,0,0,0,0,228,0,228,47,72,1,1,20260711
E2,0,Ren,300000,common_001,4,common,0.0137,1.0141,0,0.0001,0.0853,0.0853,1.1131,0,0,0,0,0,0,228,0,228,6131,492,157,1,20260711
E2,0,Ren,300000,common_007,4,common,0.0146,42.9793,0,0.0001,0.7415,0.7415,43.7354,0,0,0,0,0,0,228,0,228,53165,32047,1363,1,20260711
E2,0,Ren,300000,common_020,4,common,0.0188,22.7031,0,0,0.9468,0.9468,23.6687,0,0,0,0,0,0,228,0,228,67790,17617,1738,1,20260711
E2,0,Ren,300000,rare_011,4,rare,0.0191,0.0772,0,0.0001,0.0011,0.0011,0.0974,0,0,0,0,0,0,228,0,228,47,71,1,1,20260711
E2,0,Ren,300000,rare_003,4,rare,0.0141,0.0466,0,0,0.0008,0.0008,0.0615,0,0,0,0,0,0,228,0,228,47,43,1,1,20260711
E2,0,Ren,300000,medium_009,4,medium,0.0138,0.051,0,0,0.0009,0.0009,0.0657,0,0,0,0,0,0,228,0,228,47,46,1,1,20260711
E2,0,Ren,300000,medium_020,4,medium,0.0138,0.3253,0,0,0.0008,0.0008,0.3399,0,0,0,0,0,0,228,0,228,47,291,1,1,20260711
E2,0,Ren,300000,rare_024,4,rare,0.0138,3.8652,0,0,0.0047,0.0047,3.8837,0,0,0,0,0,0,228,0,228,164,3073,4,1,20260711
E2,0,Ren,300000,rare_020,4,rare,0.0145,0.0748,0,0.0001,0.0009,0.0009,0.0902,0,0,0,0,0,0,228,0,228,47,68,1,1,20260711
E2,0,Ren,300000,rare_017,4,rare,0.0136,0.157,0,0,0.0008,0.0008,0.1714,0,0,0,0,0,0,228,0,228,47,132,1,1,20260711
E2,0,Ren,300000,rare_005,4,rare,0.0135,0.1573,0,0,0.0007,0.0007,0.1715,0,0,0,0,0,0,228,0,228,47,147,1,1,20260711
E2,0,Ren,300000,medium_013,4,medium,0.0135,0.3285,0,0,0.0015,0.0015,0.3435,0,0,0,0,0,0,228,0,228,86,312,2,1,20260711
E2,0,Ren,300000,rare_018,4,rare,0.014,0.0036,0,0,0.0008,0.0008,0.0184,0,0,0,0,0,0,228,0,228,47,1,1,1,20260711
E2,0,Ren,300000,medium_018,4,medium,0.0136,0.1022,0,0.0001,0.0008,0.0008,0.1166,0,0,0,0,0,0,228,0,228,47,79,1,1,20260711
E2,0,Ren,300000,rare_014,4,rare,0.014,0.0304,0,0,0.0008,0.0008,0.0452,0,0,0,0,0,0,228,0,228,47,27,1,1,20260711
E2,0,Ren,300000,medium_019,4,medium,0.0136,0.5581,0,0,0.0018,0.0018,0.5735,0,0,0,0,0,0,228,0,228,47,455,1,1,20260711
E2,0,Ren,300000,common_015,4,common,0.0141,8.224,0,0,0.1261,0.1261,8.3642,0,0,0,0,0,0,228,0,228,8900,6839,228,1,20260711
E2,0,Ren,300000,medium_000,4,medium,0.0158,1.3937,0,0.0001,0.0013,0.0013,1.4108,0,0,0,0,0,0,228,0,228,47,1360,1,1,20260711
E2,0,Ren,300000,rare_013,4,rare,0.014,0.0597,0,0.0001,0.0008,0.0008,0.0745,0,0,0,0,0,0,228,0,228,47,56,1,1,20260711
E2,0,Ren,300000,rare_002,4,rare,0.0138,0.182,0,0,0.0008,0.0008,0.1966,0,0,0,0,0,0,228,0,228,47,177,1,1,20260711
E2,0,Ren,300000,medium_005,4,medium,0.0136,0.9864,0,0,0.0011,0.0011,1.0011,0,0,0,0,0,0,228,0,228,47,889,1,1,20260711
E2,0,Ren,300000,common_016,4,common,0.0138,15.3198,0,0,1.2008,1.2008,16.5344,0,0,0,0,0,0,228,0,228,86510,9871,2218,1,20260711
E2,0,Ren,300000,rare_004,4,rare,0.0167,0.005,0,0.0001,0.0009,0.0009,0.0226,0,0,0,0,0,0,228,0,228,47,2,1,1,20260711
E2,0,Ren,300000,common_004,4,common,0.0135,3,0,0,0.1649,0.1649,3.1784,0,0,0,0,0,0,228,0,228,11864,1203,304,1,20260711
E2,0,Ren,300000,common_022,4,common,0.0158,18.3526,0,0,1.9594,1.9594,20.3278,0,0,0,0,0,0,228,0,228,134246,6419,3442,1,20260711
E2,0,Ren,300000,rare_022,4,rare,0.0184,0.3039,0,0.0001,0.0024,0.0024,0.3247,0,0,0,0,0,0,228,0,228,47,252,1,1,20260711
E2,0,Ren,300000,medium_011,4,medium,0.0144,0.7787,0,0,0.0022,0.0022,0.7953,0,0,0,0,0,0,228,0,228,86,660,2,1,20260711
E2,0,Ren,300000,common_027,4,common,0.0149,88.2662,0,0,12.4349,12.4349,100.716,0,0,0,0,0,0,228,0,228,902624,27975,23144,1,20260711
E2,0,Ren,300000,rare_015,4,rare,0.0313,0.0199,0,0.0001,0.0081,0.0081,0.0593,0,0,0,0,0,0,228,0,228,47,13,1,1,20260711
E2,0,Ren,300000,medium_021,4,medium,0.0142,3.9673,0,0,0.0038,0.0038,3.9853,0,0,0,0,0,0,228,0,228,47,3745,1,1,20260711
E2,0,Ren,300000,medium_014,4,medium,0.0156,1.7883,0,0.0001,0.0044,0.0044,1.8083,0,0,0,0,0,0,228,0,228,203,1509,5,1,20260711
E2,0,Ren,300000,common_002,4,common,0.0146,39.1489,0,0,0.9055,0.9055,40.069,0,0,0,0,0,0,228,0,228,64475,24861,1653,1,20260711
E2,0,Ren,300000,medium_015,4,medium,0.0206,0.2782,0,0.0001,0.0012,0.0012,0.3,0,0,0,0,0,0,228,0,228,47,245,1,1,20260711
E2,0,Ren,300000,rare_010,4,rare,0.0143,0.0405,0,0,0.0008,0.0008,0.0556,0,0,0,0,0,0,228,0,228,47,36,1,1,20260711
E2,0,Ren,300000,common_014,4,common,0.0137,2.7766,0,0,0.1342,0.1342,2.9245,0,0,0,0,0,0,228,0,228,9641,991,247,1,20260711
E2,0,Ren,300000,rare_006,4,rare,0.0147,0.0192,0,0,0.0008,0.0008,0.0347,0,0,0,0,0,0,228,0,228,47,11,1,1,20260711
E2,0,Ren,300000,common_013,4,common,0.0135,4.3147,0,0,0.1135,0.1135,4.4417,0,0,0,0,0,0,228,0,228,8120,2864,208,1,20260711
E2,0,Ren,300000,medium_017,4,medium,0.0151,0.1534,0,0,0.0009,0.0009,0.1694,0,0,0,0,0,0,228,0,228,47,143,1,1,20260711
E2,0,Ren,300000,medium_008,4,medium,0.0137,1.1587,0,0,0.0011,0.0011,1.1735,0,0,0,0,0,0,228,0,228,47,978,1,1,20260711
E2,0,Ren,300000,rare_012,4,rare,0.0141,0.0052,0,0,0.0008,0.0008,0.0201,0,0,0,0,0,0,228,0,228,47,2,1,1,20260711
E2,0,Ren,300000,common_019,4,common,0.0144,29.5286,0,0,4.2375,4.2375,33.7805,0,0,0,0,0,0,228,0,228,298319,12211,7649,1,20260711
E2,0,Ren,300000,common_021,4,common,0.0222,21.2109,0,0.0001,1.6273,1.6273,22.8604,0,0,0,0,0,0,228,0,228,117866,8238,3022,1,20260711
E2,0,Ren,300000,medium_002,4,medium,0.0191,0.2845,0,0,0.0019,0.0019,0.3055,0,0,0,0,0,0,228,0,228,47,273,1,1,20260711
E2,0,Ren,300000,rare_000,4,rare,0.014,0.0071,0,0,0.0009,0.0009,0.022,0,0,0,0,0,0,228,0,228,47,4,1,1,20260711
E2,0,Ren,300000,common_026,4,common,0.0139,19.6846,0,0,2.9129,2.9129,22.6114,0,0,0,0,0,0,228,0,228,195827,6419,5021,1,20260711
E2,0,Ren,300000,common_024,4,common,0.0212,27.408,0,0,2.515,2.515,29.9442,0,0,0,0,0,0,228,0,228,150314,12689,3854,1,20260711
E2,0,Ren,300000,rare_008,4,rare,0.0237,0.0107,0,0,0.0032,0.0032,0.0376,0,0,0,0,0,0,228,0,228,86,3,2,1,20260711
E2,0,Ren,300000,rare_007,4,rare,0.0139,0.0736,0,0,0.0008,0.0008,0.0883,0,0,0,0,0,0,228,0,228,47,44,1,1,20260711
E2,0,Ren,300000,medium_010,4,medium,0.015,0.0599,0,0.0001,0.0016,0.0016,0.0765,0,0,0,0,0,0,228,0,228,86,49,2,1,20260711
E2,0,Ren,300000,medium_001,4,medium,0.0137,3.3214,0,0,0.0017,0.0017,3.3368,0,0,0,0,0,0,228,0,228,86,3156,2,1,20260711
E2,0,Ren,300000,medium_006,4,medium,0.0141,0.0262,0,0,0.0009,0.0009,0.0412,0,0,0,0,0,0,228,0,228,47,23,1,1,20260711
E2,0,Ren,300000,common_011,4,common,0.0138,17.9529,0,0,0.2417,0.2417,18.2084,0,0,0,0,0,0,228,0,228,17168,6419,440,1,20260711
E2,0,Ren,300000,common_010,4,common,0.0174,54.7606,0,0,1.7261,1.7261,56.5041,0,0,0,0,0,0,228,0,228,120557,23143,3091,1,20260711
E2,0,Ren,300000,common_017,4,common,0.0225,5.5523,0,0,0.2777,0.2777,5.8525,0,0,0,0,0,0,228,0,228,19742,2634,506,1,20260711
E2,0,Ren,300000,medium_003,4,medium,0.016,0.08,0,0,0.001,0.001,0.097,0,0,0,0,0,0,228,0,228,47,68,1,1,20260711
E2,0,Ren,300000,rare_023,4,rare,0.0141,0.033,0,0,0.0008,0.0008,0.0479,0,0,0,0,0,0,228,0,228,47,28,1,1,20260711
E2,0,Ren,300000,medium_012,4,medium,0.014,0.0069,0,0,0.0008,0.0008,0.0217,0,0,0,0,0,0,228,0,228,47,1,1,1,20260711
E2,0,Ren,300000,common_006,4,common,0.0139,13.5073,0,0.0001,0.1615,0.1615,13.6827,0,0,0,0,0,0,228,0,228,11123,10981,285,1,20260711
E2,0,Ren,300000,common_005,4,common,0.0161,2.0232,0,0.0001,0.0749,0.0749,2.1142,0,0,0,0,0,0,228,0,228,5312,1103,136,1,20260711
E2,0,Ren,300000,common_008,4,common,0.0141,27.2558,0,0,0.3711,0.3711,27.641,0,0,0,0,0,0,228,0,228,26333,24000,675,1,20260711
E2,0,Ren,300000,medium_022,4,medium,0.0178,0.6405,0,0,0.0017,0.0017,0.66,0,0,0,0,0,0,228,0,228,47,383,1,1,20260711
E2,0,Ren,300000,common_003,4,common,0.0139,8.5556,0,0,0.1432,0.1432,8.7127,0,0,0,0,0,0,228,0,228,9485,7207,243,1,20260711
E2,0,Ren,300000,common_009,4,common,0.0231,10.3262,0,0,0.4644,0.4644,10.8137,0,0,0,0,0,0,228,0,228,33392,7711,856,1,20260711
E2,0,Ren,300000,rare_021,4,rare,0.0173,0.0224,0,0.0001,0.0009,0.0009,0.0406,0,0,0,0,0,0,228,0,228,47,18,1,1,20260711
E2,0,Ren,300000,common_000,4,common,0.0143,0.3058,0,0,0.0514,0.0514,0.3715,0,0,0,0,0,0,228,0,228,3674,99,94,1,20260711
E2,0,Ren,300000,rare_009,4,rare,0.0138,0.0663,0,0,0.0008,0.0008,0.0809,0,0,0,0,0,0,228,0,228,47,58,1,1,20260711
E2,0,Ren,300000,rare_025,4,rare,0.0142,0.0148,0,0,0.0008,0.0008,0.0298,0,0,0,0,0,0,228,0,228,47,7,1,1,20260711
E2,0,Ren,300000,medium_007,4,medium,0.0138,0.5516,0,0,0.0009,0.0009,0.5663,0,0,0,0,0,0,228,0,228,47,476,1,1,20260711
E2,0,Ren,300000,medium_025,4,medium,0.014,0.0342,0,0,0.0009,0.0009,0.0491,0,0,0,0,0,0,228,0,228,47,31,1,1,20260711
E2,0,Ren,300000,rare_019,4,rare,0.0135,1.8248,0,0,0.0015,0.0015,1.8398,0,0,0,0,0,0,228,0,228,86,1665,2,1,20260711
E2,0,Ren,300000,common_023,4,common,0.0139,18.3056,0,0,1.3037,1.3037,19.6232,0,0,0,0,0,0,228,0,228,94271,6419,2417,1,20260711
E2,0,Ren,300000,common_012,4,common,0.0192,17.9088,0,0,1.8273,1.8273,19.7553,0,0,0,0,0,0,228,0,228,131711,8238,3377,1,20260711
E2,0,Ren,300000,common_025,4,common,0.0272,73.7232,0,0,8.3357,8.3357,82.0861,0,0,0,0,0,0,228,0,228,570851,27975,14637,1,20260711
E2,0,Ren,300000,medium_016,4,medium,0.0301,0.0062,0,0,0.0106,0.0106,0.0469,0,0,0,0,0,0,228,0,228,47,2,1,1,20260711
E2,0,SliceBF,300000,rare_005,5,rare,0.0478,0.1718,3.1495,0.3416,0.0163,3.5074,3.727,2,300672,0,0,1,64,1000,41664,1004,342336,1,1,1,20260711
E2,0,SliceBF,300000,rare_016,5,rare,0.0482,0.1728,2.9894,0.3431,0.0151,3.3476,3.5686,2,300672,0,0,1,64,1000,41664,1004,342336,1,1,1,20260711
E2,0,SliceBF,300000,common_002,5,common,0.0477,0.2168,3.5917,0.345,0.8695,4.8062,5.0707,2,300672,0,0,166,10624,1000,7751808,1664,8052480,172,172,1,20260711
E2,0,SliceBF,300000,common_009,5,common,0.0484,0.6031,4.4119,0.619,8.9639,13.9948,14.6463,2,300672,0,0,1572,100608,1000,64627456,7288,64928128,2122,2122,1,20260711
E2,0,SliceBF,300000,common_012,5,common,0.0527,0.2138,3.1818,0.3948,0.5711,4.1477,4.4142,2,300672,0,0,135,8640,1000,4854592,1540,5155264,135,135,1,20260711
E2,0,SliceBF,300000,rare_017,5,rare,0.0481,0.3203,3.6748,0.343,0.013,4.0308,4.3992,2,300672,0,0,1,64,1000,17088,1004,317760,1,1,1,20260711
E2,0,SliceBF,300000,common_015,5,common,0.0481,0.1915,3.6753,0.3433,0.4677,4.4863,4.7259,2,300672,0,0,68,4352,1000,1719040,1272,2019712,69,69,1,20260711
E2,0,SliceBF,300000,common_006,5,common,0.056,0.2166,3.4509,0.3456,0.7272,4.5237,4.7963,2,300672,0,0,139,8896,1000,6004288,1556,6304960,143,143,1,20260711
E2,0,SliceBF,300000,rare_014,5,rare,0.0538,0.1673,3.2857,0.3419,0.0211,3.6487,3.8698,2,300672,0,0,1,64,1000,25280,1004,325952,1,1,1,20260711
E2,0,SliceBF,300000,medium_011,5,medium,0.052,0.1731,2.8776,0.3421,0.0157,3.2354,3.4605,2,300672,0,0,1,64,1000,25280,1004,325952,1,1,1,20260711
E2,0,SliceBF,300000,medium_001,5,medium,0.0481,0.1695,2.9935,0.3416,0.0151,3.3502,3.5678,2,300672,0,0,1,64,1000,41664,1004,342336,1,1,1,20260711
E2,0,SliceBF,300000,medium_010,5,medium,0.0508,0.1681,3.8352,0.3416,0.0152,4.192,4.4109,2,300672,0,0,1,64,1000,41664,1004,342336,1,1,1,20260711
E2,0,SliceBF,300000,rare_012,5,rare,0.0478,0.1686,3.0424,0.3461,0.0158,3.4043,3.6207,2,300672,0,0,1,64,1000,41664,1004,342336,1,1,1,20260711
E2,0,SliceBF,300000,common_007,5,common,0.0484,0.18,2.6881,0.344,0.161,3.1931,3.4215,2,300672,0,0,33,2112,1000,1243840,1132,1544512,33,33,1,20260711
E2,0,SliceBF,300000,rare_018,5,rare,0.05,0.1711,3.2554,0.3416,0.015,3.612,3.8331,2,300672,0,0,1,64,1000,25280,1004,325952,1,1,1,20260711
E2,0,SliceBF,300000,common_008,5,common,0.0478,0.1937,4.4842,0.3437,0.2901,5.118,5.3595,2,300672,0,0,67,4288,1000,2250816,1268,2551488,67,67,1,20260711
E2,0,SliceBF,300000,rare_015,5,rare,0.0469,0.1712,3.3816,0.3453,0.0176,3.7445,3.9626,2,300672,0,0,1,64,1000,25280,1004,325952,1,1,1,20260711
E2,0,SliceBF,300000,common_018,5,common,0.0481,0.5157,4.7805,0.368,7.6396,12.7881,13.3519,2,300672,0,0,1231,78784,1000,51697984,5924,51998656,1545,1545,1,20260711
E2,0,SliceBF,300000,medium_000,5,medium,0.0543,0.2432,3.3689,0.3423,0.0155,3.7267,4.0242,2,300672,0,0,1,64,1000,25280,1004,325952,1,1,1,20260711
E2,0,SliceBF,300000,rare_001,5,rare,0.0478,0.1713,3.829,0.3415,0.0236,4.1941,4.4132,2,300672,0,0,1,64,1000,25280,1004,325952,1,1,1,20260711
E2,0,SliceBF,300000,rare_008,5,rare,0.0511,0.1731,2.5304,0.3441,0.0166,2.8911,3.1153,2,300672,0,0,1,64,1000,25280,1004,325952,1,1,1,20260711
E2,0,SliceBF,300000,medium_020,5,medium,0.0482,0.1694,4.0858,0.3812,0.0676,4.5346,4.7522,2,300672,0,0,1,64,1000,25280,1004,325952,1,1,1,20260711
E2,0,SliceBF,300000,medium_012,5,medium,0.0502,0.1776,4.1407,0.342,0.0185,4.5012,4.729,2,300672,0,0,1,64,1000,25280,1004,325952,1,1,1,20260711
E2,0,SliceBF,300000,medium_004,5,medium,0.0488,0.1748,2.2761,0.3416,0.0137,2.6314,2.855,2,300672,0,0,1,64,1000,25280,1004,325952,1,1,1,20260711
E2,0,SliceBF,300000,rare_004,5,rare,0.0485,0.1695,2.9198,0.3443,0.0111,3.2752,3.4932,2,300672,0,0,1,64,1000,25280,1004,325952,1,1,1,20260711
E2,0,SliceBF,300000,common_022,5,common,0.0493,0.2914,4.5138,0.3521,1.6532,6.5191,6.8598,2,300672,0,0,399,25536,1000,12355904,2596,12656576,416,416,1,20260711
E2,0,SliceBF,300000,rare_006,5,rare,0.0522,0.171,2.6939,0.3418,0.0171,3.0528,3.276,2,300672,0,0,1,64,1000,25280,1004,325952,1,1,1,20260711
E2,0,SliceBF,300000,medium_013,5,medium,0.0476,0.1662,2.9797,0.3415,0.0138,3.335,3.5488,2,300672,0,0,1,64,1000,41664,1004,342336,1,1,1,20260711
E2,0,SliceBF,300000,common_000,5,common,0.051,0.273,4.1145,0.4153,3.495,8.0248,8.3488,2,300672,0,0,347,22208,1000,19487296,2388,19787968,598,598,1,20260711
E2,0,SliceBF,300000,medium_003,5,medium,0.0492,0.1691,3.0508,0.3459,0.0143,3.411,3.6293,2,300672,0,0,1,64,1000,41664,1004,342336,1,1,1,20260711
E2,0,SliceBF,300000,common_004,5,common,0.0483,0.1826,2.3725,0.3435,0.1229,2.8389,3.0698,2,300672,0,0,26,1664,1000,968576,1104,1269248,26,26,1,20260711
E2,0,SliceBF,300000,medium_022,5,medium,0.0474,0.166,3.8435,0.7,0.0329,4.5764,4.7898,2,300672,0,0,1,64,1000,25280,1004,325952,1,1,1,20260711
E2,0,SliceBF,300000,rare_002,5,rare,0.1021,0.218,3.2749,0.3449,0.0181,3.6379,3.958,2,300672,0,0,1,64,1000,41664,1004,342336,1,1,1,20260711
E2,0,SliceBF,300000,common_011,5,common,0.0538,0.2212,4.1702,0.3452,0.9442,5.4596,5.7346,2,300672,0,0,172,11008,1000,8870144,1688,9170816,177,177,1,20260711
E2,0,SliceBF,300000,medium_008,5,medium,0.0553,0.1765,2.7086,0.5265,0.0294,3.2645,3.4963,2,300672,0,0,1,64,1000,25280,1004,325952,1,1,1,20260711
E2,0,SliceBF,300000,common_026,5,common,0.0492,0.2631,5.3621,0.6921,2.1528,8.207,8.5193,2,300672,0,0,261,16704,1000,9760192,2044,10060864,266,266,1,20260711
E2,0,SliceBF,300000,medium_009,5,medium,0.0512,0.1698,3.6817,0.3449,0.014,4.0406,4.2616,2,300672,0,0,1,64,1000,25280,1004,325952,1,1,1,20260711
E2,0,SliceBF,300000,rare_025,5,rare,0.0478,0.1689,3.6983,0.3437,0.0228,4.0648,4.2815,2,300672,0,0,1,64,1000,25280,1004,325952,1,1,1,20260711
E2,0,SliceBF,300000,common_003,5,common,0.0491,0.2601,3.4201,0.3466,1.291,5.0577,5.3669,2,300672,0,0,272,17408,1000,10816512,2088,11117184,279,279,1,20260711
E2,0,SliceBF,300000,rare_011,5,rare,0.0509,0.1673,3.4338,0.3439,0.0125,3.7902,4.0084,2,300672,0,0,1,64,1000,25280,1004,325952,1,1,1,20260711
E2,0,SliceBF,300000,common_027,5,common,0.0478,0.585,3.03,0.3629,9.192,12.5849,13.2177,2,300672,0,0,1365,87360,1000,44886464,6460,45187136,1656,1656,1,20260711
E2,0,SliceBF,300000,medium_015,5,medium,0.0563,0.1733,4.422,0.3419,0.0204,4.7843,5.0139,2,300672,0,0,1,64,1000,25280,1004,325952,1,1,1,20260711
E2,0,SliceBF,300000,rare_013,5,rare,0.0481,0.18,2.7015,0.4366,0.0263,3.1644,3.3925,2,300672,0,0,1,64,1000,41664,1004,342336,1,1,1,20260711
E2,0,SliceBF,300000,rare_023,5,rare,0.0487,0.2233,3.9129,0.3419,0.0125,4.2673,4.5393,2,300672,0,0,1,64,1000,25280,1004,325952,1,1,1,20260711
E2,0,SliceBF,300000,common_019,5,common,0.0473,0.7154,4.8366,0.3806,13.9743,19.1915,19.9542,2,300672,0,0,1990,127360,1000,83435648,8960,83736320,2970,2970,1,20260711
E2,0,SliceBF,300000,rare_007,5,rare,0.0515,0.1749,3.3835,0.4883,0.0209,3.8927,4.1191,2,300672,0,0,1,64,1000,25280,1004,325952,1,1,1,20260711
E2,0,SliceBF,300000,medium_007,5,medium,0.049,0.1688,3.4113,0.3429,0.0123,3.7665,3.9843,2,300672,0,0,1,64,1000,25280,1004,325952,1,1,1,20260711
E2,0,SliceBF,300000,common_023,5,common,0.0475,0.2636,4.782,0.3488,1.3888,6.5196,6.8307,2,300672,0,0,334,21376,1000,10835584,2336,11136256,354,354,1,20260711
E2,0,SliceBF,300000,rare_019,5,rare,0.0486,0.1648,3.7743,0.6538,0.0352,4.4633,4.6767,2,300672,0,0,2,128,1000,83328,1008,384000,2,2,1,20260711
E2,0,SliceBF,300000,medium_018,5,medium,0.0501,0.1759,2.4154,0.3445,0.0121,2.772,2.998,2,300672,0,0,1,64,1000,25280,1004,325952,1,1,1,20260711
E2,0,SliceBF,300000,common_021,5,common,0.0474,0.3187,3.2991,0.3734,2.3211,5.9936,6.3597,2,300672,0,0,530,33920,1000,20009344,3120,20310016,558,558,1,20260711
E2,0,SliceBF,300000,medium_021,5,medium,0.0527,0.1695,2.9173,0.4806,0.0337,3.4316,3.6538,2,300672,0,0,1,64,1000,25280,1004,325952,1,1,1,20260711
E2,0,SliceBF,300000,medium_005,5,medium,0.0489,0.1681,2.763,0.3416,0.0176,3.1222,3.3392,2,300672,0,0,1,64,1000,41664,1004,342336,1,1,1,20260711
E2,0,SliceBF,300000,common_025,5,common,0.0486,0.2239,3.0504,0.3522,0.72,4.1226,4.3951,2,300672,0,0,184,11776,1000,5241344,1736,5542016,189,189,1,20260711
E2,0,SliceBF,300000,common_010,5,common,0.0489,0.199,2.6366,0.3442,0.4068,3.3876,3.6355,2,300672,0,0,100,6400,1000,3265280,1400,3565952,101,101,1,20260711
E2,0,SliceBF,300000,medium_016,5,medium,0.0476,0.1723,2.9125,0.3415,0.0133,3.2673,3.4872,2,300672,0,0,1,64,1000,25280,1004,325952,1,1,1,20260711
E2,0,SliceBF,300000,rare_024,5,rare,0.0474,0.1663,2.8324,0.3416,0.0161,3.1901,3.4038,2,300672,0,0,1,64,1000,41664,1004,342336,1,1,1,20260711
E2,0,SliceBF,300000,common_013,5,common,0.048,0.2592,5.1856,0.3476,1.496,7.0292,7.3364,2,300672,0,0,298,19072,1000,12940160,2192,13240832,311,311,1,20260711
E2,0,SliceBF,300000,common_005,5,common,0.0484,0.5628,3.0594,0.4498,10.6151,14.1243,14.7355,2,300672,0,0,1515,96960,1000,67659328,7060,67960000,2205,2205,1,20260711
E2,0,SliceBF,300000,medium_002,5,medium,0.0514,0.1723,2.7101,0.3417,0.0161,3.0679,3.2916,2,300672,0,0,1,64,1000,41664,1004,342336,1,1,1,20260711
E2,0,SliceBF,300000,rare_010,5,rare,0.0477,0.1681,2.7822,0.3442,0.0143,3.1407,3.3565,2,300672,0,0,1,64,1000,41664,1004,342336,1,1,1,20260711
E2,0,SliceBF,300000,rare_021,5,rare,0.0479,0.1673,2.9865,0.3417,0.0189,3.3471,3.5623,2,300672,0,0,1,64,1000,41664,1004,342336,1,1,1,20260711
E2,0,SliceBF,300000,common_017,5,common,0.0484,0.3523,3.6446,0.393,5.1134,9.151,9.5517,2,300672,0,0,604,38656,1000,29736192,3416,30036864,936,936,1,20260711
E2,0,SliceBF,300000,rare_022,5,rare,0.0502,0.1701,5.4352,0.3426,0.0303,5.8081,6.0284,2,300672,0,0,2,128,1000,66944,1008,367616,2,2,1,20260711
E2,0,SliceBF,300000,common_020,5,common,0.0504,0.5441,5.2457,0.362,6.8351,12.4428,13.0373,2,300672,0,0,1295,82880,1000,49727808,6180,50028480,1549,1549,1,20260711
E2,0,SliceBF,300000,rare_000,5,rare,0.0523,0.1715,3.1923,0.3419,0.0151,3.5493,3.7731,2,300672,0,0,1,64,1000,25280,1004,325952,1,1,1,20260711
E2,0,SliceBF,300000,medium_019,5,medium,0.0488,0.2389,2.6969,0.3423,0.0128,3.052,3.3397,2,300672,0,0,1,64,1000,25280,1004,325952,1,1,1,20260711
E2,0,SliceBF,300000,medium_014,5,medium,0.0481,0.1698,2.8021,0.3416,0.0155,3.1592,3.3771,2,300672,0,0,1,64,1000,41664,1004,342336,1,1,1,20260711
E2,0,SliceBF,300000,medium_025,5,medium,0.0479,0.1619,3.4053,0.3501,0.0219,3.7773,3.9871,2,300672,0,0,1,64,1000,25280,1004,325952,1,1,1,20260711
E2,0,SliceBF,300000,medium_006,5,medium,0.0489,0.1724,2.2029,0.3416,0.0217,2.5662,2.7875,2,300672,0,0,2,128,1000,83328,1008,384000,2,2,1,20260711
E2,0,SliceBF,300000,common_001,5,common,0.048,0.2527,3.4611,0.3492,1.3147,5.125,5.4257,2,300672,0,0,267,17088,1000,12009024,2068,12309696,277,277,1,20260711
E2,0,SliceBF,300000,common_024,5,common,0.049,0.4511,3.8385,0.3544,5.2257,9.4186,9.9187,2,300672,0,0,992,63488,1000,35694592,4968,35995264,1131,1131,1,20260711
E2,0,SliceBF,300000,medium_023,5,medium,0.0519,0.172,2.5199,0.3418,0.0195,2.8812,3.1051,2,300672,0,0,1,64,1000,41664,1004,342336,1,1,1,20260711
E2,0,SliceBF,300000,common_014,5,common,0.0474,0.2366,3.2859,0.3458,0.8201,4.4518,4.7358,2,300672,0,0,205,13120,1000,6099904,1820,6400576,222,222,1,20260711
E2,0,SliceBF,300000,rare_009,5,rare,0.0486,0.17,3.3171,0.3419,0.0187,3.6777,3.8963,2,300672,0,0,1,64,1000,41664,1004,342336,1,1,1,20260711
E2,0,SliceBF,300000,rare_003,5,rare,0.0482,0.1659,2.8857,0.3419,0.0218,3.2494,3.4635,2,300672,0,0,1,64,1000,25280,1004,325952,1,1,1,20260711
E2,0,SliceBF,300000,common_016,5,common,0.0484,0.2041,4.0174,0.3473,0.482,4.8467,5.0992,2,300672,0,0,124,7936,1000,3011840,1496,3312512,151,151,1,20260711
E2,0,SliceBF,300000,medium_017,5,medium,0.0487,0.1676,2.6083,0.3429,0.0139,2.9651,3.1814,2,300672,0,0,1,64,1000,25280,1004,325952,1,1,1,20260711
E2,0,SliceBF,300000,medium_024,5,medium,0.0484,0.1735,2.7012,0.3429,0.0132,3.0573,3.2792,2,300672,0,0,1,64,1000,25280,1004,325952,1,1,1,20260711
E2,0,SliceBF,300000,rare_020,5,rare,0.0477,0.168,3.0551,0.3926,0.0163,3.464,3.6797,2,300672,0,0,1,64,1000,17088,1004,317760,1,1,1,20260711
E2,0,XEBFF-Conj,300000,rare_005,5,rare,0.5644,0.1382,0,0,0.0013,0.0013,0.7039,0,0,0,0,0,0,7076,0,7076,39,84,1,1,20260711
E2,0,XEBFF-Conj,300000,rare_016,5,rare,0.4825,0.1201,0,0,0.0012,0.0012,0.6038,0,0,0,0,0,0,5984,0,5984,39,71,1,1,20260711
E2,0,XEBFF-Conj,300000,common_002,5,common,30.1396,7.7152,0,0,0.1209,0.1209,37.9757,0,0,0,0,0,0,383144,0,383144,6024,4561,172,1,20260711
E2,0,XEBFF-Conj,300000,common_009,5,common,49.182,12.0645,0,0,1.2276,1.2276,62.4741,0,0,0,0,0,0,606332,0,606332,74274,7218,2122,1,20260711
E2,0,XEBFF-Conj,300000,common_012,5,common,17.8853,4.3107,0,0,0.0913,0.0913,22.2873,0,0,0,0,0,0,229760,0,229760,4729,2735,135,1,20260711
E2,0,XEBFF-Conj,300000,rare_017,5,rare,0.0922,0.0148,0,0,0.0016,0.0016,0.1086,0,0,0,0,0,0,776,0,776,39,9,1,1,20260711
E2,0,XEBFF-Conj,300000,common_015,5,common,0.6719,0.2103,0,0,0.0607,0.0607,0.9429,0,0,0,0,0,0,8336,0,8336,2419,99,69,1,20260711
E2,0,XEBFF-Conj,300000,common_006,5,common,7.9482,1.9251,0,0,0.0944,0.0944,9.9677,0,0,0,0,0,0,99476,0,99476,5009,1184,143,1,20260711
E2,0,XEBFF-Conj,300000,rare_014,5,rare,0.0529,0.0057,0,0,0.001,0.001,0.0596,0,0,0,0,0,0,272,0,272,39,3,1,1,20260711
E2,0,XEBFF-Conj,300000,medium_011,5,medium,2.5601,0.6284,0,0,0.0029,0.0029,3.1914,0,0,0,0,0,0,33452,0,33452,39,398,1,1,20260711
E2,0,XEBFF-Conj,300000,medium_001,5,medium,3.3902,0.8204,0,0,0.0041,0.0041,4.2147,0,0,0,0,0,0,43700,0,43700,39,520,1,1,20260711
E2,0,XEBFF-Conj,300000,medium_010,5,medium,1.6221,0.3412,0,0,0.0045,0.0045,1.9678,0,0,0,0,0,0,17156,0,17156,39,204,1,1,20260711
E2,0,XEBFF-Conj,300000,rare_012,5,rare,0.5677,0.1332,0,0,0.0013,0.0013,0.7022,0,0,0,0,0,0,7076,0,7076,39,84,1,1,20260711
E2,0,XEBFF-Conj,300000,common_007,5,common,9.9437,2.6772,0,0,0.092,0.092,12.7129,0,0,0,0,0,0,129548,0,129548,1159,1542,33,1,20260711
E2,0,XEBFF-Conj,300000,rare_018,5,rare,1.0972,0.2563,0,0,0.0031,0.0031,1.3566,0,0,0,0,0,0,13712,0,13712,39,163,1,1,20260711
E2,0,XEBFF-Conj,300000,common_008,5,common,49.7514,12.8732,0,0,0.0582,0.0582,62.6828,0,0,0,0,0,0,620360,0,620360,2349,7385,67,1,20260711
E2,0,XEBFF-Conj,300000,rare_015,5,rare,0.1065,0.0168,0,0,0.0016,0.0016,0.1249,0,0,0,0,0,0,860,0,860,39,10,1,1,20260711
E2,0,XEBFF-Conj,300000,common_018,5,common,39.1939,9.9681,0,0,0.8815,0.8815,50.0435,0,0,0,0,0,0,488312,0,488312,54079,5813,1545,1,20260711
E2,0,XEBFF-Conj,300000,medium_000,5,medium,1.5654,0.3749,0,0,0.0049,0.0049,1.9452,0,0,0,0,0,0,19928,0,19928,39,237,1,1,20260711
E2,0,XEBFF-Conj,300000,rare_001,5,rare,0.3366,0.0768,0,0,0.0009,0.0009,0.4143,0,0,0,0,0,0,4052,0,4052,39,48,1,1,20260711
E2,0,XEBFF-Conj,300000,rare_008,5,rare,1.1599,0.278,0,0,0.0009,0.0009,1.4388,0,0,0,0,0,0,14888,0,14888,39,177,1,1,20260711
E2,0,XEBFF-Conj,300000,medium_020,5,medium,3.0323,0.8676,0,0,0.0017,0.0017,3.9016,0,0,0,0,0,0,39500,0,39500,39,470,1,1,20260711
E2,0,XEBFF-Conj,300000,medium_012,5,medium,1.673,0.3917,0,0,0.0014,0.0014,2.0661,0,0,0,0,0,0,21020,0,21020,39,250,1,1,20260711
E2,0,XEBFF-Conj,300000,medium_004,5,medium,2.7431,0.6512,0,0,0.0031,0.0031,3.3974,0,0,0,0,0,0,34880,0,34880,39,415,1,1,20260711
E2,0,XEBFF-Conj,300000,rare_004,5,rare,0.6771,0.161,0,0,0.0012,0.0012,0.8393,0,0,0,0,0,0,8588,0,8588,39,102,1,1,20260711
E2,0,XEBFF-Conj,300000,common_022,5,common,84.4979,21.9268,0,0,0.2814,0.2814,106.706,0,0,0,0,0,0,1065896,0,1065896,14564,12689,416,1,20260711
E2,0,XEBFF-Conj,300000,rare_006,5,rare,0.1623,0.0291,0,0,0.0035,0.0035,0.1949,0,0,0,0,0,0,1532,0,1532,39,18,1,1,20260711
E2,0,XEBFF-Conj,300000,medium_013,5,medium,25.2234,6.1358,0,0,0.0072,0.0072,31.3664,0,0,0,0,0,0,318128,0,318128,39,3787,1,1,20260711
E2,0,XEBFF-Conj,300000,common_000,5,common,66.8623,16.638,0,0,0.3805,0.3805,83.8808,0,0,0,0,0,0,840188,0,840188,20934,10002,598,1,20260711
E2,0,XEBFF-Conj,300000,medium_003,5,medium,1.942,0.4383,0,0,0.0042,0.0042,2.3845,0,0,0,0,0,0,23288,0,23288,39,277,1,1,20260711
E2,0,XEBFF-Conj,300000,common_004,5,common,10.4452,2.5145,0,0,0.0269,0.0269,12.9866,0,0,0,0,0,0,129548,0,129548,914,1542,26,1,20260711
E2,0,XEBFF-Conj,300000,medium_022,5,medium,0.1642,0.0321,0,0,0.0014,0.0014,0.1977,0,0,0,0,0,0,1700,0,1700,39,20,1,1,20260711
E2,0,XEBFF-Conj,300000,rare_002,5,rare,0.6365,0.1437,0,0,0.0012,0.0012,0.7814,0,0,0,0,0,0,7664,0,7664,39,91,1,1,20260711
E2,0,XEBFF-Conj,300000,common_011,5,common,9.0077,2.1693,0,0,0.161,0.161,11.338,0,0,0,0,0,0,114848,0,114848,6199,1367,177,1,20260711
E2,0,XEBFF-Conj,300000,medium_008,5,medium,1.4151,0.3439,0,0,0.0033,0.0033,1.7623,0,0,0,0,0,0,18248,0,18248,39,217,1,1,20260711
E2,0,XEBFF-Conj,300000,common_026,5,common,7.3157,1.7731,0,0,0.1576,0.1576,9.2464,0,0,0,0,0,0,92672,0,92672,9314,1103,266,1,20260711
E2,0,XEBFF-Conj,300000,medium_009,5,medium,27.6428,5.3832,0,0,0.0076,0.0076,33.0336,0,0,0,0,0,0,269576,0,269576,39,3209,1,1,20260711
E2,0,XEBFF-Conj,300000,rare_025,5,rare,5.3275,1.3076,0,0,0.0042,0.0042,6.6393,0,0,0,0,0,0,69572,0,69572,39,828,1,1,20260711
E2,0,XEBFF-Conj,300000,common_003,5,common,47.6255,12.144,0,0,0.1883,0.1883,59.9578,0,0,0,0,0,0,605408,0,605408,9769,7207,279,1,20260711
E2,0,XEBFF-Conj,300000,rare_011,5,rare,0.0467,0.0022,0,0,0.0015,0.0015,0.0504,0,0,0,0,0,0,104,0,104,39,1,1,1,20260711
E2,0,XEBFF-Conj,300000,common_027,5,common,73.0226,18.5347,0,0,0.9661,0.9661,92.5234,0,0,0,0,0,0,922424,0,922424,57964,10981,1656,1,20260711
E2,0,XEBFF-Conj,300000,medium_015,5,medium,10.8607,2.7033,0,0,0.0082,0.0082,13.5722,0,0,0,0,0,0,133580,0,133580,39,1590,1,1,20260711
E2,0,XEBFF-Conj,300000,rare_013,5,rare,0.2067,0.029,0,0,0.0027,0.0027,0.2384,0,0,0,0,0,0,1280,0,1280,39,15,1,1,20260711
E2,0,XEBFF-Conj,300000,rare_023,5,rare,9.4249,2.281,0,0,0.0047,0.0047,11.7106,0,0,0,0,0,0,116780,0,116780,39,1390,1,1,20260711
E2,0,XEBFF-Conj,300000,common_019,5,common,78.3404,21.6326,0,0,1.7115,1.7115,101.684,0,0,0,0,0,0,1005332,0,1005332,103954,11968,2970,1,20260711
E2,0,XEBFF-Conj,300000,rare_007,5,rare,1.195,0.2888,0,0,0.0032,0.0032,1.487,0,0,0,0,0,0,14888,0,14888,39,177,1,1,20260711
E2,0,XEBFF-Conj,300000,medium_007,5,medium,10.6328,2.554,0,0,0.0044,0.0044,13.1912,0,0,0,0,0,0,135428,0,135428,39,1612,1,1,20260711
E2,0,XEBFF-Conj,300000,common_023,5,common,58.9571,15.25,0,0,0.2236,0.2236,74.4307,0,0,0,0,0,0,751568,0,751568,12394,8947,354,1,20260711
E2,0,XEBFF-Conj,300000,rare_019,5,rare,1.1548,0.2745,0,0,0.0033,0.0033,1.4326,0,0,0,0,0,0,14300,0,14300,74,170,2,1,20260711
E2,0,XEBFF-Conj,300000,medium_018,5,medium,0.368,0.0823,0,0,0.0011,0.0011,0.4514,0,0,0,0,0,0,4388,0,4388,39,52,1,1,20260711
E2,0,XEBFF-Conj,300000,common_021,5,common,7.2021,1.8164,0,0,0.4912,0.4912,9.5097,0,0,0,0,0,0,92336,0,92336,19534,1099,558,1,20260711
E2,0,XEBFF-Conj,300000,medium_021,5,medium,0.0645,0.0044,0,0,0.0017,0.0017,0.0706,0,0,0,0,0,0,188,0,188,39,2,1,1,20260711
E2,0,XEBFF-Conj,300000,medium_005,5,medium,4.8825,1.2133,0,0,0.0045,0.0045,6.1003,0,0,0,0,0,0,61424,0,61424,39,731,1,1,20260711
E2,0,XEBFF-Conj,300000,common_025,5,common,19.1423,5.2897,0,0,0.1902,0.1902,24.6222,0,0,0,0,0,0,244880,0,244880,6619,2915,189,1,20260711
E2,0,XEBFF-Conj,300000,common_010,5,common,1.9545,0.4733,0,0,0.0643,0.0643,2.4921,0,0,0,0,0,0,24296,0,24296,3539,289,101,1,20260711
E2,0,XEBFF-Conj,300000,medium_016,5,medium,0.2418,0.0547,0,0,0.001,0.001,0.2975,0,0,0,0,0,0,2792,0,2792,39,33,1,1,20260711
E2,0,XEBFF-Conj,300000,rare_024,5,rare,1.1542,0.282,0,0,0.0012,0.0012,1.4374,0,0,0,0,0,0,14804,0,14804,39,176,1,1,20260711
E2,0,XEBFF-Conj,300000,common_013,5,common,155.982,38.4269,0,0,0.2081,0.2081,194.618,0,0,0,0,0,0,1944032,0,1944032,10889,23143,311,1,20260711
E2,0,XEBFF-Conj,300000,common_005,5,common,70.3655,17.9683,0,0,2.2251,2.2251,90.5589,0,0,0,0,0,0,885968,0,885968,77179,10547,2205,1,20260711
E2,0,XEBFF-Conj,300000,medium_002,5,medium,0.3678,0.0818,0,0,0.0035,0.0035,0.4531,0,0,0,0,0,0,4136,0,4136,39,49,1,1,20260711
E2,0,XEBFF-Conj,300000,rare_010,5,rare,0.0567,0.0074,0,0,0.001,0.001,0.0651,0,0,0,0,0,0,356,0,356,39,4,1,1,20260711
E2,0,XEBFF-Conj,300000,rare_021,5,rare,0.5951,0.1456,0,0,0.0009,0.0009,0.7416,0,0,0,0,0,0,7412,0,7412,39,88,1,1,20260711
E2,0,XEBFF-Conj,300000,common_017,5,common,59.4533,15.4596,0,0,0.5869,0.5869,75.4998,0,0,0,0,0,0,749300,0,749300,32764,8920,936,1,20260711
E2,0,XEBFF-Conj,300000,rare_022,5,rare,0.1159,0.0187,0,0,0.0027,0.0027,0.1373,0,0,0,0,0,0,944,0,944,74,11,2,1,20260711
E2,0,XEBFF-Conj,300000,common_020,5,common,157.41,39.9298,0,0,1.1135,1.1135,198.454,0,0,0,0,0,0,2016020,0,2016020,54219,24000,1549,1,20260711
E2,0,XEBFF-Conj,300000,rare_000,5,rare,0.4062,0.1176,0,0,0.0033,0.0033,0.5271,0,0,0,0,0,0,4640,0,4640,39,55,1,1,20260711
E2,0,XEBFF-Conj,300000,medium_019,5,medium,0.0377,0.0022,0,0,0.0012,0.0012,0.0411,0,0,0,0,0,0,104,0,104,39,1,1,1,20260711
E2,0,XEBFF-Conj,300000,medium_014,5,medium,0.6489,0.152,0,0,0.0009,0.0009,0.8018,0,0,0,0,0,0,8168,0,8168,39,97,1,1,20260711
E2,0,XEBFF-Conj,300000,medium_025,5,medium,0.27,0.0579,0,0,0.0009,0.0009,0.3288,0,0,0,0,0,0,3128,0,3128,39,37,1,1,20260711
E2,0,XEBFF-Conj,300000,medium_006,5,medium,0.0623,0.0085,0,0,0.0017,0.0017,0.0725,0,0,0,0,0,0,440,0,440,74,5,2,1,20260711
E2,0,XEBFF-Conj,300000,common_001,5,common,40.9654,10.1472,0,0,0.1809,0.1809,51.2935,0,0,0,0,0,0,510236,0,510236,9699,6074,277,1,20260711
E2,0,XEBFF-Conj,300000,common_024,5,common,32.4059,8.8536,0,0,0.6623,0.6623,41.9218,0,0,0,0,0,0,409604,0,409604,39589,4876,1131,1,20260711
E2,0,XEBFF-Conj,300000,medium_023,5,medium,1.5951,0.368,0,0,0.0028,0.0028,1.9659,0,0,0,0,0,0,19592,0,19592,39,233,1,1,20260711
E2,0,XEBFF-Conj,300000,common_014,5,common,2.7859,0.6972,0,0,0.1312,0.1312,3.6143,0,0,0,0,0,0,36056,0,36056,7774,429,222,1,20260711
E2,0,XEBFF-Conj,300000,rare_009,5,rare,0.5739,0.1323,0,0,0.002,0.002,0.7082,0,0,0,0,0,0,4976,0,4976,39,59,1,1,20260711
E2,0,XEBFF-Conj,300000,rare_003,5,rare,0.4598,0.0874,0,0,0.0021,0.0021,0.5493,0,0,0,0,0,0,3716,0,3716,39,44,1,1,20260711
E2,0,XEBFF-Conj,300000,common_016,5,common,20.3561,4.9993,0,0,0.0989,0.0989,25.4543,0,0,0,0,0,0,254792,0,254792,5289,3033,151,1,20260711
E2,0,XEBFF-Conj,300000,medium_017,5,medium,0.0743,0.0107,0,0,0.002,0.002,0.087,0,0,0,0,0,0,524,0,524,39,6,1,1,20260711
E2,0,XEBFF-Conj,300000,medium_024,5,medium,0.0428,0.0047,0,0,0.0008,0.0008,0.0483,0,0,0,0,0,0,188,0,188,39,2,1,1,20260711
E2,0,XEBFF-Conj,300000,rare_020,5,rare,0.834,0.1983,0,0,0.0011,0.0011,1.0334,0,0,0,0,0,0,10604,0,10604,39,126,1,1,20260711
E2,0,Doris,300000,rare_005,5,rare,0.2613,0.0615,0,0,0.0008,0.0008,0.3236,0,0,0,0,0,0,3296,0,3296,39,39,1,1,20260711
E2,0,Doris,300000,rare_016,5,rare,0.4706,0.112,0,0,0.0013,0.0013,0.5839,0,0,0,0,0,0,5984,0,5984,39,71,1,1,20260711
E2,0,Doris,300000,common_002,5,common,30.2555,8.3724,0,0,0.1223,0.1223,38.7502,0,0,0,0,0,0,383144,0,383144,6024,4561,172,1,20260711
E2,0,Doris,300000,common_009,5,common,47.7618,12.6504,0,0,1.2148,1.2148,61.627,0,0,0,0,0,0,606332,0,606332,74274,7218,2122,1,20260711
E2,0,Doris,300000,common_012,5,common,18.0512,4.3552,0,0,0.0909,0.0909,22.4973,0,0,0,0,0,0,229760,0,229760,4729,2735,135,1,20260711
E2,0,Doris,300000,rare_017,5,rare,0.0729,0.0149,0,0,0.0013,0.0013,0.0891,0,0,0,0,0,0,776,0,776,39,9,1,1,20260711
E2,0,Doris,300000,common_015,5,common,0.8832,0.1612,0,0,0.0463,0.0463,1.0907,0,0,0,0,0,0,8336,0,8336,2419,99,69,1,20260711
E2,0,Doris,300000,common_006,5,common,7.5918,1.8668,0,0,0.0915,0.0915,9.5501,0,0,0,0,0,0,99476,0,99476,5009,1184,143,1,20260711
E2,0,Doris,300000,rare_014,5,rare,0.0329,0.0056,0,0,0.0009,0.0009,0.0394,0,0,0,0,0,0,272,0,272,39,3,1,1,20260711
E2,0,Doris,300000,medium_011,5,medium,2.7542,0.6251,0,0,0.003,0.003,3.3823,0,0,0,0,0,0,33452,0,33452,39,398,1,1,20260711
E2,0,Doris,300000,medium_001,5,medium,3.9713,0.8296,0,0,0.0038,0.0038,4.8047,0,0,0,0,0,0,43700,0,43700,39,520,1,1,20260711
E2,0,Doris,300000,medium_010,5,medium,1.3224,0.3207,0,0,0.0037,0.0037,1.6468,0,0,0,0,0,0,17156,0,17156,39,204,1,1,20260711
E2,0,Doris,300000,rare_012,5,rare,0.5478,0.134,0,0,0.001,0.001,0.6828,0,0,0,0,0,0,7076,0,7076,39,84,1,1,20260711
E2,0,Doris,300000,common_007,5,common,10.2842,2.4692,0,0,0.0303,0.0303,12.7837,0,0,0,0,0,0,129548,0,129548,1159,1542,33,1,20260711
E2,0,Doris,300000,rare_018,5,rare,1.1282,0.262,0,0,0.0043,0.0043,1.3945,0,0,0,0,0,0,13712,0,13712,39,163,1,1,20260711
E2,0,Doris,300000,common_008,5,common,48.9288,12.1155,0,0,0.0556,0.0556,61.0999,0,0,0,0,0,0,620360,0,620360,2349,7385,67,1,20260711
E2,0,Doris,300000,rare_015,5,rare,0.0818,0.0167,0,0,0.0015,0.0015,0.1,0,0,0,0,0,0,860,0,860,39,10,1,1,20260711
E2,0,Doris,300000,common_018,5,common,39.6373,11.5633,0,0,0.8889,0.8889,52.0895,0,0,0,0,0,0,488312,0,488312,54079,5813,1545,1,20260711
E2,0,Doris,300000,medium_000,5,medium,0.1051,0.0201,0,0,0.0039,0.0039,0.1291,0,0,0,0,0,0,1028,0,1028,39,12,1,1,20260711
E2,0,Doris,300000,rare_001,5,rare,0.3325,0.077,0,0,0.0019,0.0019,0.4114,0,0,0,0,0,0,4052,0,4052,39,48,1,1,20260711
E2,0,Doris,300000,rare_008,5,rare,1.1541,0.2782,0,0,0.0011,0.0011,1.4334,0,0,0,0,0,0,14888,0,14888,39,177,1,1,20260711
E2,0,Doris,300000,medium_020,5,medium,3.2729,0.7444,0,0,0.002,0.002,4.0193,0,0,0,0,0,0,39500,0,39500,39,470,1,1,20260711
E2,0,Doris,300000,medium_012,5,medium,0.8496,0.2113,0,0,0.0013,0.0013,1.0622,0,0,0,0,0,0,11024,0,11024,39,131,1,1,20260711
E2,0,Doris,300000,medium_004,5,medium,2.668,0.6547,0,0,0.0028,0.0028,3.3255,0,0,0,0,0,0,34880,0,34880,39,415,1,1,20260711
E2,0,Doris,300000,rare_004,5,rare,0.6672,0.1616,0,0,0.001,0.001,0.8298,0,0,0,0,0,0,8588,0,8588,39,102,1,1,20260711
E2,0,Doris,300000,common_022,5,common,85.5972,20.925,0,0,0.2842,0.2842,106.806,0,0,0,0,0,0,1065896,0,1065896,14564,12689,416,1,20260711
E2,0,Doris,300000,rare_006,5,rare,0.1461,0.0296,0,0,0.0026,0.0026,0.1783,0,0,0,0,0,0,1532,0,1532,39,18,1,1,20260711
E2,0,Doris,300000,medium_013,5,medium,25.2662,7.1324,0,0,0.0081,0.0081,32.4067,0,0,0,0,0,0,318128,0,318128,39,3787,1,1,20260711
E2,0,Doris,300000,common_000,5,common,67.3756,16.6059,0,0,0.3767,0.3767,84.3582,0,0,0,0,0,0,840188,0,840188,20934,10002,598,1,20260711
E2,0,Doris,300000,medium_003,5,medium,1.8055,0.4309,0,0,0.0031,0.0031,2.2395,0,0,0,0,0,0,23288,0,23288,39,277,1,1,20260711
E2,0,Doris,300000,common_004,5,common,10.0981,2.8531,0,0,0.0245,0.0245,12.9757,0,0,0,0,0,0,129548,0,129548,914,1542,26,1,20260711
E2,0,Doris,300000,medium_022,5,medium,0.1509,0.0328,0,0,0.0011,0.0011,0.1848,0,0,0,0,0,0,1700,0,1700,39,20,1,1,20260711
E2,0,Doris,300000,rare_002,5,rare,0.5963,0.1432,0,0,0.0009,0.0009,0.7404,0,0,0,0,0,0,7664,0,7664,39,91,1,1,20260711
E2,0,Doris,300000,common_011,5,common,9.0264,2.6813,0,0,0.1201,0.1201,11.8278,0,0,0,0,0,0,114848,0,114848,6199,1367,177,1,20260711
E2,0,Doris,300000,medium_008,5,medium,1.5186,0.3662,0,0,0.0029,0.0029,1.8877,0,0,0,0,0,0,18248,0,18248,39,217,1,1,20260711
E2,0,Doris,300000,common_026,5,common,7.1208,1.7978,0,0,0.1596,0.1596,9.0782,0,0,0,0,0,0,92672,0,92672,9314,1103,266,1,20260711
E2,0,Doris,300000,medium_009,5,medium,21.4426,5.3835,0,0,0.0082,0.0082,26.8343,0,0,0,0,0,0,269576,0,269576,39,3209,1,1,20260711
E2,0,Doris,300000,rare_025,5,rare,5.3139,1.3128,0,0,0.0047,0.0047,6.6314,0,0,0,0,0,0,69572,0,69572,39,828,1,1,20260711
E2,0,Doris,300000,common_003,5,common,47.8822,16.8045,0,0,0.1866,0.1866,64.8733,0,0,0,0,0,0,605408,0,605408,9769,7207,279,1,20260711
E2,0,Doris,300000,rare_011,5,rare,0.0267,0.0025,0,0,0.0018,0.0018,0.031,0,0,0,0,0,0,104,0,104,39,1,1,1,20260711
E2,0,Doris,300000,common_027,5,common,72.4618,18.4421,0,0,0.9666,0.9666,91.8705,0,0,0,0,0,0,922424,0,922424,57964,10981,1656,1,20260711
E2,0,Doris,300000,medium_015,5,medium,10.576,3.3748,0,0,0.0068,0.0068,13.9576,0,0,0,0,0,0,133580,0,133580,39,1590,1,1,20260711
E2,0,Doris,300000,rare_013,5,rare,0.1157,0.0249,0,0,0.0017,0.0017,0.1423,0,0,0,0,0,0,1280,0,1280,39,15,1,1,20260711
E2,0,Doris,300000,rare_023,5,rare,9.3987,2.444,0,0,0.0063,0.0063,11.849,0,0,0,0,0,0,116780,0,116780,39,1390,1,1,20260711
E2,0,Doris,300000,common_019,5,common,79.0247,20.1974,0,0,1.717,1.717,100.939,0,0,0,0,0,0,1005332,0,1005332,103954,11968,2970,1,20260711
E2,0,Doris,300000,rare_007,5,rare,1.177,0.2804,0,0,0.0054,0.0054,1.4628,0,0,0,0,0,0,14888,0,14888,39,177,1,1,20260711
E2,0,Doris,300000,medium_007,5,medium,10.7514,2.549,0,0,0.0055,0.0055,13.3059,0,0,0,0,0,0,135428,0,135428,39,1612,1,1,20260711
E2,0,Doris,300000,common_023,5,common,59.5594,14.782,0,0,0.2251,0.2251,74.5665,0,0,0,0,0,0,751568,0,751568,12394,8947,354,1,20260711
E2,0,Doris,300000,rare_019,5,rare,1.1349,0.2652,0,0,0.0037,0.0037,1.4038,0,0,0,0,0,0,14300,0,14300,74,170,2,1,20260711
E2,0,Doris,300000,medium_018,5,medium,0.3478,0.081,0,0,0.0013,0.0013,0.4301,0,0,0,0,0,0,4388,0,4388,39,52,1,1,20260711
E2,0,Doris,300000,common_021,5,common,7.7249,1.7626,0,0,0.3311,0.3311,9.8186,0,0,0,0,0,0,92336,0,92336,19534,1099,558,1,20260711
E2,0,Doris,300000,medium_021,5,medium,0.0353,0.0037,0,0,0.0017,0.0017,0.0407,0,0,0,0,0,0,188,0,188,39,2,1,1,20260711
E2,0,Doris,300000,medium_005,5,medium,4.7504,1.1564,0,0,0.0027,0.0027,5.9095,0,0,0,0,0,0,61424,0,61424,39,731,1,1,20260711
E2,0,Doris,300000,common_025,5,common,19.4876,6.2567,0,0,0.124,0.124,25.8683,0,0,0,0,0,0,244880,0,244880,6619,2915,189,1,20260711
E2,0,Doris,300000,common_010,5,common,1.8831,0.4638,0,0,0.0616,0.0616,2.4085,0,0,0,0,0,0,24296,0,24296,3539,289,101,1,20260711
E2,0,Doris,300000,medium_016,5,medium,0.222,0.0537,0,0,0.0009,0.0009,0.2766,0,0,0,0,0,0,2792,0,2792,39,33,1,1,20260711
E2,0,Doris,300000,rare_024,5,rare,1.0471,0.2577,0,0,0.0009,0.0009,1.3057,0,0,0,0,0,0,13628,0,13628,39,162,1,1,20260711
E2,0,Doris,300000,common_013,5,common,154.168,37.6382,0,0,0.2073,0.2073,192.014,0,0,0,0,0,0,1944032,0,1944032,10889,23143,311,1,20260711
E2,0,Doris,300000,common_005,5,common,70.6507,19.0176,0,0,1.2776,1.2776,90.9459,0,0,0,0,0,0,885968,0,885968,77179,10547,2205,1,20260711
E2,0,Doris,300000,medium_002,5,medium,0.3504,0.0783,0,0,0.0047,0.0047,0.4334,0,0,0,0,0,0,4136,0,4136,39,49,1,1,20260711
E2,0,Doris,300000,rare_010,5,rare,0.0393,0.0069,0,0,0.0014,0.0014,0.0476,0,0,0,0,0,0,356,0,356,39,4,1,1,20260711
E2,0,Doris,300000,rare_021,5,rare,0.6366,0.1386,0,0,0.0016,0.0016,0.7768,0,0,0,0,0,0,7412,0,7412,39,88,1,1,20260711
E2,0,Doris,300000,common_017,5,common,60.4343,15.8707,0,0,0.607,0.607,76.912,0,0,0,0,0,0,749300,0,749300,32764,8920,936,1,20260711
E2,0,Doris,300000,rare_022,5,rare,0.0963,0.0191,0,0,0.0032,0.0032,0.1186,0,0,0,0,0,0,944,0,944,74,11,2,1,20260711
E2,0,Doris,300000,common_020,5,common,159.398,40.5665,0,0,1.0046,1.0046,200.969,0,0,0,0,0,0,2016020,0,2016020,54219,24000,1549,1,20260711
E2,0,Doris,300000,rare_000,5,rare,0.3891,0.1248,0,0,0.0035,0.0035,0.5174,0,0,0,0,0,0,4640,0,4640,39,55,1,1,20260711
E2,0,Doris,300000,medium_019,5,medium,0.0182,0.0022,0,0,0.001,0.001,0.0214,0,0,0,0,0,0,104,0,104,39,1,1,1,20260711
E2,0,Doris,300000,medium_014,5,medium,0.6368,0.1523,0,0,0.0015,0.0015,0.7906,0,0,0,0,0,0,8168,0,8168,39,97,1,1,20260711
E2,0,Doris,300000,medium_025,5,medium,0.2523,0.0593,0,0,0.0009,0.0009,0.3125,0,0,0,0,0,0,3128,0,3128,39,37,1,1,20260711
E2,0,Doris,300000,medium_006,5,medium,0.0427,0.0094,0,0,0.0017,0.0017,0.0538,0,0,0,0,0,0,440,0,440,74,5,2,1,20260711
E2,0,Doris,300000,common_001,5,common,42.1305,10.556,0,0,0.1954,0.1954,52.8819,0,0,0,0,0,0,510236,0,510236,9699,6074,277,1,20260711
E2,0,Doris,300000,common_024,5,common,31.7432,7.9887,0,0,0.6832,0.6832,40.4151,0,0,0,0,0,0,409352,0,409352,39589,4873,1131,1,20260711
E2,0,Doris,300000,medium_023,5,medium,1.5174,0.3699,0,0,0.0024,0.0024,1.8897,0,0,0,0,0,0,19592,0,19592,39,233,1,1,20260711
E2,0,Doris,300000,common_014,5,common,2.7659,0.674,0,0,0.1298,0.1298,3.5697,0,0,0,0,0,0,36056,0,36056,7774,429,222,1,20260711
E2,0,Doris,300000,rare_009,5,rare,0.3952,0.0929,0,0,0.0011,0.0011,0.4892,0,0,0,0,0,0,4976,0,4976,39,59,1,1,20260711
E2,0,Doris,300000,rare_003,5,rare,0.2905,0.0688,0,0,0.0009,0.0009,0.3602,0,0,0,0,0,0,3716,0,3716,39,44,1,1,20260711
E2,0,Doris,300000,common_016,5,common,20.4324,5.2586,0,0,0.1013,0.1013,25.7923,0,0,0,0,0,0,254792,0,254792,5289,3033,151,1,20260711
E2,0,Doris,300000,medium_017,5,medium,0.0575,0.0104,0,0,0.0017,0.0017,0.0696,0,0,0,0,0,0,524,0,524,39,6,1,1,20260711
E2,0,Doris,300000,medium_024,5,medium,0.0233,0.0037,0,0,0.0008,0.0008,0.0278,0,0,0,0,0,0,188,0,188,39,2,1,1,20260711
E2,0,Doris,300000,rare_020,5,rare,0.8246,0.2001,0,0,0.001,0.001,1.0257,0,0,0,0,0,0,10604,0,10604,39,126,1,1,20260711
E2,0,Ren,300000,rare_005,5,rare,0.0167,0.0442,0,0,0.0009,0.0009,0.0618,0,0,0,0,0,0,284,0,284,47,39,1,1,20260711
E2,0,Ren,300000,rare_016,5,rare,0.0175,0.0811,0,0,0.0009,0.0009,0.0995,0,0,0,0,0,0,284,0,284,47,71,1,1,20260711
E2,0,Ren,300000,common_002,5,common,0.017,14.3768,0,0.0001,0.0994,0.0994,14.4932,0,0,0,0,0,0,284,0,284,6716,4561,172,1,20260711
E2,0,Ren,300000,common_009,5,common,0.0207,16.0456,0,0.0001,1.1607,1.1607,17.227,0,0,0,0,0,0,284,0,284,82766,7218,2122,1,20260711
E2,0,Ren,300000,common_012,5,common,0.0208,3.7157,0,0,0.0767,0.0767,3.8132,0,0,0,0,0,0,284,0,284,5273,2735,135,1,20260711
E2,0,Ren,300000,rare_017,5,rare,0.0179,0.0129,0,0,0.0009,0.0009,0.0317,0,0,0,0,0,0,284,0,284,47,9,1,1,20260711
E2,0,Ren,300000,common_015,5,common,0.0174,0.3429,0,0,0.0382,0.0382,0.3985,0,0,0,0,0,0,284,0,284,2699,99,69,1,20260711
E2,0,Ren,300000,common_006,5,common,0.0169,1.6807,0,0,0.0791,0.0791,1.7767,0,0,0,0,0,0,284,0,284,5585,1184,143,1,20260711
E2,0,Ren,300000,rare_014,5,rare,0.017,0.0072,0,0,0.0008,0.0008,0.025,0,0,0,0,0,0,284,0,284,47,3,1,1,20260711
E2,0,Ren,300000,medium_011,5,medium,0.0169,0.4218,0,0,0.0008,0.0008,0.4395,0,0,0,0,0,0,284,0,284,47,398,1,1,20260711
E2,0,Ren,300000,medium_001,5,medium,0.0171,0.5324,0,0,0.0008,0.0008,0.5503,0,0,0,0,0,0,284,0,284,47,520,1,1,20260711
E2,0,Ren,300000,medium_010,5,medium,0.0168,0.3942,0,0,0.0008,0.0008,0.4118,0,0,0,0,0,0,284,0,284,47,204,1,1,20260711
E2,0,Ren,300000,rare_012,5,rare,0.0168,0.1379,0,0.0001,0.0008,0.0008,0.1555,0,0,0,0,0,0,284,0,284,47,84,1,1,20260711
E2,0,Ren,300000,common_007,5,common,0.017,1.7679,0,0,0.0191,0.0191,1.804,0,0,0,0,0,0,284,0,284,1295,1542,33,1,20260711
E2,0,Ren,300000,rare_018,5,rare,0.0171,0.171,0,0,0.0007,0.0007,0.1888,0,0,0,0,0,0,284,0,284,47,163,1,1,20260711
E2,0,Ren,300000,common_008,5,common,0.0169,11.4028,0,0,0.0401,0.0401,11.4598,0,0,0,0,0,0,284,0,284,2621,7385,67,1,20260711
E2,0,Ren,300000,rare_015,5,rare,0.0192,0.017,0,0.0001,0.0008,0.0008,0.037,0,0,0,0,0,0,284,0,284,47,10,1,1,20260711
E2,0,Ren,300000,common_018,5,common,0.0168,16.4135,0,0,0.8372,0.8372,17.2675,0,0,0,0,0,0,284,0,284,60263,5813,1545,1,20260711
E2,0,Ren,300000,medium_000,5,medium,0.0199,0.0208,0,0,0.001,0.001,0.0417,0,0,0,0,0,0,284,0,284,47,12,1,1,20260711
E2,0,Ren,300000,rare_001,5,rare,0.017,0.057,0,0,0.0009,0.0009,0.0749,0,0,0,0,0,0,284,0,284,47,48,1,1,20260711
E2,0,Ren,300000,rare_008,5,rare,0.0172,0.1837,0,0,0.0008,0.0008,0.2017,0,0,0,0,0,0,284,0,284,47,177,1,1,20260711
E2,0,Ren,300000,medium_020,5,medium,0.0167,0.7411,0,0.0001,0.0017,0.0017,0.7595,0,0,0,0,0,0,284,0,284,47,470,1,1,20260711
E2,0,Ren,300000,medium_012,5,medium,0.0179,0.142,0,0,0.0011,0.0011,0.161,0,0,0,0,0,0,284,0,284,47,131,1,1,20260711
E2,0,Ren,300000,medium_004,5,medium,0.017,0.5085,0,0.0001,0.001,0.001,0.5265,0,0,0,0,0,0,284,0,284,47,415,1,1,20260711
E2,0,Ren,300000,rare_004,5,rare,0.0171,0.1119,0,0,0.0008,0.0008,0.1298,0,0,0,0,0,0,284,0,284,47,102,1,1,20260711
E2,0,Ren,300000,common_022,5,common,0.0166,15.7847,0,0,0.2341,0.2341,16.0354,0,0,0,0,0,0,284,0,284,16232,12689,416,1,20260711
E2,0,Ren,300000,rare_006,5,rare,0.0217,0.0283,0,0,0.0009,0.0009,0.0509,0,0,0,0,0,0,284,0,284,47,18,1,1,20260711
E2,0,Ren,300000,medium_013,5,medium,0.0168,4.2011,0,0,0.0043,0.0043,4.2222,0,0,0,0,0,0,284,0,284,47,3787,1,1,20260711
E2,0,Ren,300000,common_000,5,common,0.0191,16.3591,0,0.0001,0.3269,0.3269,16.7051,0,0,0,0,0,0,284,0,284,23330,10002,598,1,20260711
E2,0,Ren,300000,medium_003,5,medium,0.0195,0.2841,0,0.0001,0.0009,0.0009,0.3045,0,0,0,0,0,0,284,0,284,47,277,1,1,20260711
E2,0,Ren,300000,common_004,5,common,0.0197,2.5541,0,0.0001,0.0167,0.0167,2.5905,0,0,0,0,0,0,284,0,284,1022,1542,26,1,20260711
E2,0,Ren,300000,medium_022,5,medium,0.0178,0.0337,0,0,0.0009,0.0009,0.0524,0,0,0,0,0,0,284,0,284,47,20,1,1,20260711
E2,0,Ren,300000,rare_002,5,rare,0.0195,0.0971,0,0,0.0009,0.0009,0.1175,0,0,0,0,0,0,284,0,284,47,91,1,1,20260711
E2,0,Ren,300000,common_011,5,common,0.0169,2.5967,0,0,0.098,0.098,2.7116,0,0,0,0,0,0,284,0,284,6911,1367,177,1,20260711
E2,0,Ren,300000,medium_008,5,medium,0.0173,0.2791,0,0,0.0009,0.0009,0.2973,0,0,0,0,0,0,284,0,284,47,217,1,1,20260711
E2,0,Ren,300000,common_026,5,common,0.017,2.1654,0,0,0.1455,0.1455,2.3279,0,0,0,0,0,0,284,0,284,10382,1103,266,1,20260711
E2,0,Ren,300000,medium_009,5,medium,0.0172,4.5043,0,0.0001,0.004,0.004,4.5255,0,0,0,0,0,0,284,0,284,47,3209,1,1,20260711
E2,0,Ren,300000,rare_025,5,rare,0.019,0.8682,0,0.0001,0.0012,0.0012,0.8884,0,0,0,0,0,0,284,0,284,47,828,1,1,20260711
E2,0,Ren,300000,common_003,5,common,0.017,9.8608,0,0,0.1567,0.1567,10.0345,0,0,0,0,0,0,284,0,284,10889,7207,279,1,20260711
E2,0,Ren,300000,rare_011,5,rare,0.0201,0.0048,0,0.0001,0.001,0.001,0.0259,0,0,0,0,0,0,284,0,284,47,1,1,1,20260711
E2,0,Ren,300000,common_027,5,common,0.0172,27.1726,0,0,0.8959,0.8959,28.0857,0,0,0,0,0,0,284,0,284,64592,10981,1656,1,20260711
E2,0,Ren,300000,medium_015,5,medium,0.0214,1.6419,0,0,0.0027,0.0027,1.666,0,0,0,0,0,0,284,0,284,47,1590,1,1,20260711
E2,0,Ren,300000,rare_013,5,rare,0.0174,0.0195,0,0,0.0009,0.0009,0.0378,0,0,0,0,0,0,284,0,284,47,15,1,1,20260711
E2,0,Ren,300000,rare_023,5,rare,0.0171,1.824,0,0.0001,0.0018,0.0018,1.8429,0,0,0,0,0,0,284,0,284,47,1390,1,1,20260711
E2,0,Ren,300000,common_019,5,common,0.0178,33.8666,0,0.0001,1.7587,1.7587,35.6431,0,0,0,0,0,0,284,0,284,115838,11968,2970,1,20260711
E2,0,Ren,300000,rare_007,5,rare,0.0237,0.1943,0,0.0001,0.0016,0.0016,0.2196,0,0,0,0,0,0,284,0,284,47,177,1,1,20260711
E2,0,Ren,300000,medium_007,5,medium,0.017,1.808,0,0,0.0023,0.0023,1.8273,0,0,0,0,0,0,284,0,284,47,1612,1,1,20260711
E2,0,Ren,300000,common_023,5,common,0.0178,10.8408,0,0,0.1933,0.1933,11.0519,0,0,0,0,0,0,284,0,284,13814,8947,354,1,20260711
E2,0,Ren,300000,rare_019,5,rare,0.0195,0.1939,0,0,0.0015,0.0015,0.2149,0,0,0,0,0,0,284,0,284,86,170,2,1,20260711
E2,0,Ren,300000,medium_018,5,medium,0.0169,0.0571,0,0.0001,0.0009,0.0009,0.0749,0,0,0,0,0,0,284,0,284,47,52,1,1,20260711
E2,0,Ren,300000,common_021,5,common,0.0171,3.8969,0,0,0.3037,0.3037,4.2177,0,0,0,0,0,0,284,0,284,21770,1099,558,1,20260711
E2,0,Ren,300000,medium_021,5,medium,0.0178,0.006,0,0,0.0008,0.0008,0.0246,0,0,0,0,0,0,284,0,284,47,2,1,1,20260711
E2,0,Ren,300000,medium_005,5,medium,0.0169,0.7406,0,0,0.0009,0.0009,0.7584,0,0,0,0,0,0,284,0,284,47,731,1,1,20260711
E2,0,Ren,300000,common_025,5,common,0.017,5.6957,0,0.0001,0.1083,0.1083,5.821,0,0,0,0,0,0,284,0,284,7379,2915,189,1,20260711
E2,0,Ren,300000,common_010,5,common,0.0203,0.6121,0,0.0001,0.0563,0.0563,0.6887,0,0,0,0,0,0,284,0,284,3947,289,101,1,20260711
E2,0,Ren,300000,medium_016,5,medium,0.0172,0.0377,0,0,0.0009,0.0009,0.0558,0,0,0,0,0,0,284,0,284,47,33,1,1,20260711
E2,0,Ren,300000,rare_024,5,rare,0.017,0.1969,0,0,0.0008,0.0008,0.2147,0,0,0,0,0,0,284,0,284,47,162,1,1,20260711
E2,0,Ren,300000,common_013,5,common,0.0167,26.3799,0,0,0.1751,0.1751,26.5717,0,0,0,0,0,0,284,0,284,12137,23143,311,1,20260711
E2,0,Ren,300000,common_005,5,common,0.0208,43.9859,0,0.0001,1.3971,1.3971,45.4038,0,0,0,0,0,0,284,0,284,86003,10547,2205,1,20260711
E2,0,Ren,300000,medium_002,5,medium,0.0248,0.0641,0,0,0.0013,0.0013,0.0902,0,0,0,0,0,0,284,0,284,47,49,1,1,20260711
E2,0,Ren,300000,rare_010,5,rare,0.0172,0.0084,0,0,0.0008,0.0008,0.0264,0,0,0,0,0,0,284,0,284,47,4,1,1,20260711
E2,0,Ren,300000,rare_021,5,rare,0.0171,0.1895,0,0.0001,0.0008,0.0008,0.2074,0,0,0,0,0,0,284,0,284,47,88,1,1,20260711
E2,0,Ren,300000,common_017,5,common,0.017,14.4748,0,0,0.5146,0.5146,15.0064,0,0,0,0,0,0,284,0,284,36512,8920,936,1,20260711
E2,0,Ren,300000,rare_022,5,rare,0.0235,0.0189,0,0,0.0021,0.0021,0.0445,0,0,0,0,0,0,284,0,284,86,11,2,1,20260711
E2,0,Ren,300000,common_020,5,common,0.0172,32.7591,0,0,0.8504,0.8504,33.6267,0,0,0,0,0,0,284,0,284,60419,24000,1549,1,20260711
E2,0,Ren,300000,rare_000,5,rare,0.0216,0.0645,0,0,0.0011,0.0011,0.0872,0,0,0,0,0,0,284,0,284,47,55,1,1,20260711
E2,0,Ren,300000,medium_019,5,medium,0.0172,0.0049,0,0,0.0008,0.0008,0.0229,0,0,0,0,0,0,284,0,284,47,1,1,1,20260711
E2,0,Ren,300000,medium_014,5,medium,0.017,0.1051,0,0,0.0008,0.0008,0.1229,0,0,0,0,0,0,284,0,284,47,97,1,1,20260711
E2,0,Ren,300000,medium_025,5,medium,0.0169,0.056,0,0,0.0008,0.0008,0.0737,0,0,0,0,0,0,284,0,284,47,37,1,1,20260711
E2,0,Ren,300000,medium_006,5,medium,0.0168,0.0126,0,0,0.0016,0.0016,0.031,0,0,0,0,0,0,284,0,284,86,5,2,1,20260711
E2,0,Ren,300000,common_001,5,common,0.0173,8.1619,0,0,0.1572,0.1572,8.3364,0,0,0,0,0,0,284,0,284,10811,6074,277,1,20260711
E2,0,Ren,300000,common_024,5,common,0.0201,13.0356,0,0.0001,0.619,0.619,13.6747,0,0,0,0,0,0,284,0,284,44117,4873,1131,1,20260711
E2,0,Ren,300000,medium_023,5,medium,0.0214,0.2619,0,0,0.0013,0.0013,0.2846,0,0,0,0,0,0,284,0,284,47,233,1,1,20260711
E2,0,Ren,300000,common_014,5,common,0.017,1.1559,0,0.0001,0.1221,0.1221,1.295,0,0,0,0,0,0,284,0,284,8666,429,222,1,20260711
E2,0,Ren,300000,rare_009,5,rare,0.0176,0.0686,0,0,0.0008,0.0008,0.087,0,0,0,0,0,0,284,0,284,47,59,1,1,20260711
E2,0,Ren,300000,rare_003,5,rare,0.0173,0.0497,0,0,0.0009,0.0009,0.0679,0,0,0,0,0,0,284,0,284,47,44,1,1,20260711
E2,0,Ren,300000,common_016,5,common,0.0171,3.5788,0,0,0.0849,0.0849,3.6808,0,0,0,0,0,0,284,0,284,5897,3033,151,1,20260711
E2,0,Ren,300000,medium_017,5,medium,0.0183,0.01,0,0,0.0009,0.0009,0.0292,0,0,0,0,0,0,284,0,284,47,6,1,1,20260711
E2,0,Ren,300000,medium_024,5,medium,0.0167,0.0069,0,0.0001,0.0008,0.0008,0.0244,0,0,0,0,0,0,284,0,284,47,2,1,1,20260711
E2,0,Ren,300000,rare_020,5,rare,0.0171,0.1366,0,0,0.0008,0.0008,0.1545,0,0,0,0,0,0,284,0,284,47,126,1,1,20260711
E2,1,SliceBF,300000,rare_001,2,rare,0.0195,0.07,1.0938,0.3414,0.0126,1.4478,1.5373,1,150336,0,0,2,128,424,66944,432,217280,2,2,1,20260711
E2,1,SliceBF,300000,common_007,2,common,0.0201,0.9038,1.3708,0.3988,20.0949,21.8645,22.7884,1,150336,0,0,3082,197248,424,105470848,12752,105621184,5570,5570,1,20260711
E2,1,SliceBF,300000,rare_008,2,rare,0.031,0.0871,1.218,0.3439,0.0693,1.6312,1.7493,1,150336,0,0,13,832,424,492480,476,642816,13,13,1,20260711
E2,1,SliceBF,300000,medium_007,2,medium,0.0199,0.0741,1.0907,0.3422,0.0978,1.5307,1.6247,1,150336,0,0,21,1344,424,842176,508,992512,21,21,1,20260711
E2,1,SliceBF,300000,medium_013,2,medium,0.0202,0.1396,1.4425,0.3428,0.4544,2.2397,2.3995,1,150336,0,0,66,4224,424,2536832,688,2687168,67,67,1,20260711
E2,1,SliceBF,300000,medium_003,2,medium,0.0194,0.0774,1.9113,0.451,0.1012,2.4635,2.5603,1,150336,0,0,18,1152,424,651648,496,801984,18,18,1,20260711
E2,1,SliceBF,300000,common_023,2,common,0.0937,2.079,1.5055,0.5677,138.643,140.716,142.889,1,150336,0,0,3869,247616,424,151596992,15900,151747328,27923,27923,1,20260711
E2,1,SliceBF,300000,rare_021,2,rare,0.0328,0.0776,1.0098,0.3536,0.0178,1.3812,1.4916,1,150336,0,0,1,64,424,25280,428,175616,1,1,1,20260711
E2,1,SliceBF,300000,medium_005,2,medium,0.021,0.0778,1.3255,0.3427,0.1229,1.7911,1.8899,1,150336,0,0,24,1536,424,1032704,520,1183040,24,24,1,20260711
E2,1,SliceBF,300000,common_005,2,common,0.0198,1.4469,2.0991,0.4593,56.0526,58.611,60.0777,1,150336,0,0,4238,271232,424,157877888,17376,158028224,12472,12472,1,20260711
E2,1,SliceBF,300000,medium_011,2,medium,0.0334,0.0835,1.1773,0.5842,0.127,1.8885,2.0054,1,150336,0,0,19,1216,424,775232,500,925568,19,19,1,20260711
E2,1,SliceBF,300000,rare_015,2,rare,0.0222,0.0782,0.962,0.4241,0.0146,1.4007,1.5011,1,150336,0,0,1,64,424,25280,428,175616,1,1,1,20260711
E2,1,SliceBF,300000,rare_016,2,rare,0.1298,0.0747,1.0556,0.3437,0.0254,1.4247,1.6292,1,150336,0,0,4,256,424,150272,440,300608,4,4,1,20260711
E2,1,SliceBF,300000,rare_023,2,rare,0.0199,0.0695,1.318,0.3413,0.0077,1.667,1.7564,1,150336,0,0,1,64,424,41664,428,192000,1,1,1,20260711
E2,1,SliceBF,300000,medium_019,2,medium,0.0192,0.1041,1.2968,0.3444,0.5385,2.1797,2.303,1,150336,0,0,110,7040,424,4796032,864,4946368,111,111,1,20260711
E2,1,SliceBF,300000,rare_019,2,rare,0.0207,0.069,1.4027,0.3429,0.0325,1.7781,1.8678,1,150336,0,0,4,256,424,232192,440,382528,4,4,1,20260711
E2,1,SliceBF,300000,rare_011,2,rare,0.0208,0.0677,1.2092,0.3414,0.0133,1.5639,1.6524,1,150336,0,0,2,128,424,83328,432,233664,2,2,1,20260711
E2,1,SliceBF,300000,rare_009,2,rare,0.0191,0.0676,0.9714,0.3438,0.0073,1.3225,1.4092,1,150336,0,0,1,64,424,25280,428,175616,1,1,1,20260711
E2,1,SliceBF,300000,medium_021,2,medium,0.0194,0.1084,1.1381,0.3437,0.7657,2.2475,2.3753,1,150336,0,0,131,8384,424,5376064,948,5526400,137,137,1,20260711
E2,1,SliceBF,300000,rare_010,2,rare,0.0213,0.0725,1.0522,0.3444,0.0564,1.453,1.5468,1,150336,0,0,12,768,424,418048,472,568384,12,12,1,20260711
E2,1,SliceBF,300000,rare_004,2,rare,0.0196,0.0696,1.0076,0.3414,0.0121,1.3611,1.4503,1,150336,0,0,2,128,424,83328,432,233664,2,2,1,20260711
E2,1,SliceBF,300000,rare_017,2,rare,0.0194,0.0687,0.8943,0.3413,0.0092,1.2448,1.3329,1,150336,0,0,1,64,424,25280,428,175616,1,1,1,20260711
E2,1,SliceBF,300000,medium_017,2,medium,0.0192,0.0726,1.0864,0.3421,0.0636,1.4921,1.5839,1,150336,0,0,14,896,424,534144,480,684480,14,14,1,20260711
E2,1,SliceBF,300000,rare_012,2,rare,0.0192,0.0679,0.9452,0.3414,0.0693,1.3559,1.443,1,150336,0,0,2,128,424,83328,432,233664,2,2,1,20260711
E2,1,SliceBF,300000,medium_012,2,medium,0.0211,0.0779,1.3726,0.3414,0.1513,1.8653,1.9643,1,150336,0,0,32,2048,424,1267712,552,1418048,32,32,1,20260711
E2,1,SliceBF,300000,common_019,2,common,0.0205,2.0424,1.9041,0.5616,129.646,132.112,134.175,1,150336,0,0,4108,262912,424,157589760,16856,157740096,26737,26737,1,20260711
E2,1,SliceBF,300000,common_011,2,common,0.0331,4.9705,1.7836,0.9076,286.097,288.788,293.792,1,150336,0,0,4661,298304,424,171200960,19068,171351296,72862,72862,1,20260711
E2,1,SliceBF,300000,common_006,2,common,0.0376,1.5388,1.7164,0.4706,57.6845,59.8715,61.4479,1,150336,0,0,4452,284928,424,163566336,18232,163716672,13886,13886,1,20260711
E2,1,SliceBF,300000,medium_001,2,medium,0.0334,0.0794,1.0775,0.3429,0.1076,1.528,1.6408,1,150336,0,0,19,1216,424,775232,500,925568,19,19,1,20260711
E2,1,SliceBF,300000,medium_024,2,medium,0.0202,0.0883,1.3091,0.3857,0.3195,2.0143,2.1228,1,150336,0,0,52,3328,424,2019072,632,2169408,52,52,1,20260711
E2,1,SliceBF,300000,common_027,2,common,0.0205,3.3898,2.3067,0.7814,197.893,200.982,204.392,1,150336,0,0,4694,300416,424,171641984,19200,171792320,51308,51308,1,20260711
E2,1,SliceBF,300000,common_015,2,common,0.035,1.0685,1.3987,0.423,28.6428,30.4645,31.568,1,150336,0,0,3265,208960,424,108769984,13484,108920320,8114,8114,1,20260711
E2,1,SliceBF,300000,common_004,2,common,0.0341,0.8928,1.5129,0.3918,19.0435,20.9482,21.8751,1,150336,0,0,3014,192896,424,103260288,12480,103410624,5199,5199,1,20260711
E2,1,SliceBF,300000,common_013,2,common,0.0252,1.9818,1.8766,0.9479,117.659,120.484,122.491,1,150336,0,0,3774,241536,424,149097088,15520,149247424,23494,23494,1,20260711
E2,1,SliceBF,300000,medium_010,2,medium,0.0343,0.0853,1.0664,0.3427,0.126,1.5351,1.6547,1,150336,0,0,26,1664,424,984960,528,1135296,26,26,1,20260711
E2,1,SliceBF,300000,common_016,2,common,0.0206,1.1576,1.6691,0.425,29.6385,31.7326,32.9108,1,150336,0,0,3296,210944,424,110110720,13608,110261056,8226,8226,1,20260711
E2,1,SliceBF,300000,common_017,2,common,0.0289,1.2497,1.7497,0.4336,37.5898,39.7731,41.0517,1,150336,0,0,3746,239744,424,128687488,15408,128837824,10176,10176,1,20260711
E2,1,SliceBF,300000,medium_020,2,medium,0.0316,0.0992,1.4032,0.3436,0.3256,2.0724,2.2032,1,150336,0,0,65,4160,424,2921152,684,3071488,65,65,1,20260711
E2,1,SliceBF,300000,medium_004,2,medium,0.0203,0.0849,1.0678,0.3427,0.2356,1.6461,1.7513,1,150336,0,0,53,3392,424,2126272,636,2276608,53,53,1,20260711
E2,1,SliceBF,300000,medium_008,2,medium,0.0202,0.0707,1.0917,0.3429,0.0438,1.4784,1.5693,1,150336,0,0,10,640,424,367488,464,517824,10,10,1,20260711
E2,1,SliceBF,300000,medium_006,2,medium,0.0197,0.0713,1.1818,0.342,0.0391,1.5629,1.6539,1,150336,0,0,8,512,424,235008,456,385344,8,8,1,20260711
E2,1,SliceBF,300000,rare_018,2,rare,0.02,0.0709,1.1066,0.3413,0.007,1.4549,1.5458,1,150336,0,0,1,64,424,25280,428,175616,1,1,1,20260711
E2,1,SliceBF,300000,common_009,2,common,0.0191,2.5721,2.1516,0.6404,136.581,139.373,141.964,1,150336,0,0,4691,300224,424,171484224,19188,171634560,35020,35020,1,20260711
E2,1,SliceBF,300000,rare_003,2,rare,0.0364,0.0854,0.9447,0.3439,0.0158,1.3044,1.4262,1,150336,0,0,1,64,424,25280,428,175616,1,1,1,20260711
E2,1,SliceBF,300000,rare_006,2,rare,0.0199,0.0676,1.5335,0.344,0.01,1.8875,1.975,1,150336,0,0,1,64,424,41664,428,192000,1,1,1,20260711
E2,1,SliceBF,300000,common_003,2,common,0.0199,0.8686,1.44,0.3953,18.8368,20.6721,21.5606,1,150336,0,0,3001,192064,424,102849728,12428,103000064,5163,5163,1,20260711
E2,1,SliceBF,300000,medium_009,2,medium,0.0281,0.0753,0.9685,0.348,0.0735,1.39,1.4934,1,150336,0,0,14,896,424,517760,480,668096,14,14,1,20260711
E2,1,SliceBF,300000,common_002,2,common,0.0192,2.1463,1.7121,0.5335,87.9417,90.1873,92.3528,1,150336,0,0,4544,290816,424,164040704,18600,164191040,21992,21992,1,20260711
E2,1,SliceBF,300000,common_026,2,common,0.0381,3.6508,2.0322,0.8502,217.365,220.247,223.936,1,150336,0,0,4681,299584,424,171616448,19148,171766784,50970,50970,1,20260711
E2,1,SliceBF,300000,rare_002,2,rare,0.037,0.077,1.162,0.3433,0.0158,1.5211,1.6351,1,150336,0,0,1,64,424,25280,428,175616,1,1,1,20260711
E2,1,SliceBF,300000,medium_000,2,medium,0.0203,0.0999,1.1624,0.3439,0.4607,1.967,2.0872,1,150336,0,0,91,5824,424,3709504,788,3859840,92,92,1,20260711
E2,1,SliceBF,300000,common_012,2,common,0.0209,1.5978,1.801,0.4777,67.6124,69.8911,71.5098,1,150336,0,0,4459,285376,424,164709952,18260,164860288,15452,15452,1,20260711
E2,1,SliceBF,300000,medium_022,2,medium,0.0383,0.094,1.12,0.3429,0.0439,1.5068,1.6391,1,150336,0,0,8,512,424,218624,456,368960,8,8,1,20260711
E2,1,SliceBF,300000,medium_023,2,medium,0.0203,0.1053,1.1548,0.3443,0.4771,1.9762,2.1018,1,150336,0,0,104,6656,424,4144640,840,4294976,104,104,1,20260711
E2,1,SliceBF,300000,rare_024,2,rare,0.0207,0.0686,0.8851,0.3414,0.0103,1.2368,1.3261,1,150336,0,0,1,64,424,25280,428,175616,1,1,1,20260711
E2,1,SliceBF,300000,common_001,2,common,0.0203,2.3435,1.8319,0.5112,82.0844,84.4275,86.7913,1,150336,0,0,4437,283968,424,165374400,18172,165524736,18702,18702,1,20260711
E2,1,SliceBF,300000,common_025,2,common,0.0333,2.4188,1.9553,0.6218,133.845,136.422,138.874,1,150336,0,0,4688,300032,424,171588608,19176,171738944,31326,31326,1,20260711
E2,1,SliceBF,300000,common_022,2,common,0.0371,1.6623,1.9192,0.4919,65.9634,68.3745,70.0739,1,150336,0,0,4552,291328,424,166069760,18632,166220096,16543,16543,1,20260711
E2,1,SliceBF,300000,rare_000,2,rare,0.0334,0.0785,0.8704,0.3416,0.0122,1.2242,1.3361,1,150336,0,0,1,64,424,25280,428,175616,1,1,1,20260711
E2,1,SliceBF,300000,common_008,2,common,0.0198,1.0506,1.2219,0.3975,21.2201,22.8395,23.9099,1,150336,0,0,3093,197952,424,105880000,12796,106030336,5606,5606,1,20260711
E2,1,SliceBF,300000,rare_020,2,rare,0.0307,0.0811,1.1431,0.3418,0.0282,1.5131,1.6249,1,150336,0,0,3,192,424,124992,436,275328,3,3,1,20260711
E2,1,SliceBF,300000,rare_013,2,rare,0.0197,0.0694,0.9469,0.3415,0.0194,1.3078,1.3969,1,150336,0,0,3,192,424,92224,436,242560,3,3,1,20260711
E2,1,SliceBF,300000,rare_005,2,rare,0.0196,0.0681,1.4251,0.3428,0.02,1.7879,1.8756,1,150336,0,0,3,192,424,108608,436,258944,3,3,1,20260711
E2,1,SliceBF,300000,medium_015,2,medium,0.0197,0.0786,1.3524,0.3428,0.1095,1.8047,1.903,1,150336,0,0,24,1536,424,885248,520,1035584,24,24,1,20260711
E2,1,SliceBF,300000,common_018,2,common,0.0199,1.9586,1.7915,0.5614,84.9976,87.3505,89.329,1,150336,0,0,4335,277440,424,152752448,17764,152902784,23981,23981,1,20260711
E2,1,SliceBF,300000,common_024,2,common,0.034,2.3416,1.5125,0.5972,153.401,155.51,157.886,1,150336,0,0,4203,268992,424,160056896,17236,160207232,31904,31904,1,20260711
E2,1,SliceBF,300000,common_000,2,common,0.0343,1.9615,2.0489,0.5333,92.9721,95.5543,97.5501,1,150336,0,0,4525,289600,424,168049600,18524,168199936,21859,21859,1,20260711
E2,1,SliceBF,300000,medium_016,2,medium,0.0349,0.106,1.6602,0.345,0.4431,2.4483,2.5892,1,150336,0,0,94,6016,424,3900032,800,4050368,96,96,1,20260711
E2,1,SliceBF,300000,common_010,2,common,0.0198,2.1343,1.938,0.5719,111.904,114.414,116.568,1,150336,0,0,4639,296896,424,170620224,18980,170770560,26157,26157,1,20260711
E2,1,SliceBF,300000,medium_002,2,medium,0.0369,0.0986,1.3088,0.3466,0.2471,1.9025,2.038,1,150336,0,0,55,3520,424,1849152,644,1999488,55,55,1,20260711
E2,1,SliceBF,300000,common_021,2,common,0.0199,1.4309,1.5568,0.5408,39.837,41.9346,43.3854,1,150336,0,0,3863,247232,424,134012736,15876,134163072,10092,10092,1,20260711
E2,1,SliceBF,300000,medium_025,2,medium,0.031,0.0934,0.9997,0.3449,0.2398,1.5844,1.7088,1,150336,0,0,54,3456,424,2020480,640,2170816,54,54,1,20260711
E2,1,SliceBF,300000,rare_014,2,rare,0.0198,0.0713,0.9573,0.3428,0.0073,1.3074,1.3985,1,150336,0,0,1,64,424,25280,428,175616,1,1,1,20260711
E2,1,SliceBF,300000,rare_022,2,rare,0.0194,0.0685,0.9571,0.3414,0.016,1.3145,1.4024,1,150336,0,0,3,192,424,100416,436,250752,3,3,1,20260711
E2,1,SliceBF,300000,common_020,2,common,0.0191,2.1119,1.8084,0.5635,127.913,130.285,132.416,1,150336,0,0,4114,263296,424,157741440,16880,157891776,26842,26842,1,20260711
E2,1,SliceBF,300000,medium_018,2,medium,0.0355,0.0789,1.6413,0.3469,0.0635,2.0517,2.1661,1,150336,0,0,12,768,424,368896,472,519232,12,12,1,20260711
E2,1,SliceBF,300000,medium_014,2,medium,0.0204,0.0794,0.9723,0.3477,0.1125,1.4325,1.5323,1,150336,0,0,23,1472,424,892736,516,1043072,23,23,1,20260711
E2,1,SliceBF,300000,common_014,2,common,0.0194,1.7641,1.8173,0.5047,72.7165,75.0385,76.822,1,150336,0,0,4544,290816,424,163368960,18600,163519296,18415,18415,1,20260711
E2,1,SliceBF,300000,rare_007,2,rare,0.0341,0.078,0.9872,0.3424,0.0541,1.3837,1.4958,1,150336,0,0,9,576,424,391360,460,541696,9,9,1,20260711
E2,1,SliceBF,300000,rare_025,2,rare,0.0204,0.0723,1.4446,0.3586,0.0248,1.828,1.9207,1,150336,0,0,3,192,424,108608,436,258944,3,3,1,20260711
E2,1,XEBFF-Conj,300000,rare_001,2,rare,0.122,0.0502,0,0,0.0017,0.0017,0.1739,0,0,0,0,0,0,1988,0,1988,74,41,2,1,20260711
E2,1,XEBFF-Conj,300000,common_007,2,common,17.7851,7.6129,0,0,3.2322,3.2322,28.6302,0,0,0,0,0,0,308132,0,308132,194954,6419,5570,1,20260711
E2,1,XEBFF-Conj,300000,rare_008,2,rare,1.7944,0.7591,0,0,0.0151,0.0151,2.5686,0,0,0,0,0,0,30932,0,30932,459,644,13,1,20260711
E2,1,XEBFF-Conj,300000,medium_007,2,medium,5.2915,2.3253,0,0,0.0163,0.0163,7.6331,0,0,0,0,0,0,95204,0,95204,739,1983,21,1,20260711
E2,1,XEBFF-Conj,300000,medium_013,2,medium,3.1179,1.2392,0,0,0.0506,0.0506,4.4077,0,0,0,0,0,0,50324,0,50324,2349,1048,67,1,20260711
E2,1,XEBFF-Conj,300000,medium_003,2,medium,0.8764,0.389,0,0,0.0127,0.0127,1.2781,0,0,0,0,0,0,15668,0,15668,634,326,18,1,20260711
E2,1,XEBFF-Conj,300000,common_023,2,common,76.2665,33.3861,0,0,16.6568,16.6568,126.309,0,0,0,0,0,0,1340324,0,1340324,977309,27923,27923,1,20260711
E2,1,XEBFF-Conj,300000,rare_021,2,rare,0.0379,0.0025,0,0,0.0035,0.0035,0.0439,0,0,0,0,0,0,68,0,68,39,1,1,1,20260711
E2,1,XEBFF-Conj,300000,medium_005,2,medium,4.0695,1.6863,0,0,0.0196,0.0196,5.7754,0,0,0,0,0,0,69092,0,69092,844,1439,24,1,20260711
E2,1,XEBFF-Conj,300000,common_005,2,common,41.8858,19.1092,0,0,6.9332,6.9332,67.9282,0,0,0,0,0,0,741716,0,741716,436524,15452,12472,1,20260711
E2,1,XEBFF-Conj,300000,medium_011,2,medium,3.3193,1.4017,0,0,0.0211,0.0211,4.7421,0,0,0,0,0,0,57476,0,57476,669,1197,19,1,20260711
E2,1,XEBFF-Conj,300000,rare_015,2,rare,0.0304,0.0076,0,0,0.0009,0.0009,0.0389,0,0,0,0,0,0,308,0,308,39,6,1,1,20260711
E2,1,XEBFF-Conj,300000,rare_016,2,rare,0.9301,0.4258,0,0,0.0269,0.0269,1.3828,0,0,0,0,0,0,16580,0,16580,144,345,4,1,20260711
E2,1,XEBFF-Conj,300000,rare_023,2,rare,0.0607,0.0212,0,0,0.0009,0.0009,0.0828,0,0,0,0,0,0,836,0,836,39,17,1,1,20260711
E2,1,XEBFF-Conj,300000,medium_019,2,medium,1.0528,0.4635,0,0,0.0669,0.0669,1.5832,0,0,0,0,0,0,18884,0,18884,3889,393,111,1,20260711
E2,1,XEBFF-Conj,300000,rare_019,2,rare,0.0377,0.0117,0,0,0.0029,0.0029,0.0523,0,0,0,0,0,0,452,0,452,144,9,4,1,20260711
E2,1,XEBFF-Conj,300000,rare_011,2,rare,1.8405,0.8081,0,0,0.0017,0.0017,2.6503,0,0,0,0,0,0,33188,0,33188,74,691,2,1,20260711
E2,1,XEBFF-Conj,300000,rare_009,2,rare,0.0256,0.0052,0,0,0.0008,0.0008,0.0316,0,0,0,0,0,0,212,0,212,39,4,1,1,20260711
E2,1,XEBFF-Conj,300000,medium_021,2,medium,12.1117,5.1835,0,0,0.0984,0.0984,17.3936,0,0,0,0,0,0,209732,0,209732,4799,4369,137,1,20260711
E2,1,XEBFF-Conj,300000,rare_010,2,rare,0.9124,0.3929,0,0,0.01,0.01,1.3153,0,0,0,0,0,0,16196,0,16196,424,337,12,1,20260711
E2,1,XEBFF-Conj,300000,rare_004,2,rare,0.4698,0.2031,0,0,0.0016,0.0016,0.6745,0,0,0,0,0,0,8276,0,8276,74,172,2,1,20260711
E2,1,XEBFF-Conj,300000,rare_017,2,rare,0.0463,0.0148,0,0,0.0008,0.0008,0.0619,0,0,0,0,0,0,596,0,596,39,12,1,1,20260711
E2,1,XEBFF-Conj,300000,medium_017,2,medium,4.4768,1.4743,0,0,0.0169,0.0169,5.968,0,0,0,0,0,0,59828,0,59828,494,1246,14,1,20260711
E2,1,XEBFF-Conj,300000,rare_012,2,rare,1.3997,0.6196,0,0,0.0023,0.0023,2.0216,0,0,0,0,0,0,25076,0,25076,74,522,2,1,20260711
E2,1,XEBFF-Conj,300000,medium_012,2,medium,2.0341,0.9037,0,0,0.0227,0.0227,2.9605,0,0,0,0,0,0,36980,0,36980,1124,770,32,1,20260711
E2,1,XEBFF-Conj,300000,common_019,2,common,87.6014,39.1435,0,0,14.8189,14.8189,141.564,0,0,0,0,0,0,1531412,0,1531412,935799,31904,26737,1,20260711
E2,1,XEBFF-Conj,300000,common_011,2,common,204.624,91.4844,0,0,41.5048,41.5048,337.613,0,0,0,0,0,0,3532052,0,3532052,2550174,73584,72862,1,20260711
E2,1,XEBFF-Conj,300000,common_006,2,common,36.8141,17.2435,0,0,8.0507,8.0507,62.1083,0,0,0,0,0,0,666548,0,666548,486014,13886,13886,1,20260711
E2,1,XEBFF-Conj,300000,medium_001,2,medium,4.335,1.8932,0,0,0.0198,0.0198,6.248,0,0,0,0,0,0,77396,0,77396,669,1612,19,1,20260711
E2,1,XEBFF-Conj,300000,medium_024,2,medium,10.3848,4.5154,0,0,0.0437,0.0437,14.9439,0,0,0,0,0,0,185108,0,185108,1824,3856,52,1,20260711
E2,1,XEBFF-Conj,300000,common_027,2,common,172.575,76.2222,0,0,29.2278,29.2278,278.025,0,0,0,0,0,0,2968052,0,2968052,1795784,61834,51308,1,20260711
E2,1,XEBFF-Conj,300000,common_015,2,common,36.1379,15.2553,0,0,5.0506,5.0506,56.4438,0,0,0,0,0,0,609092,0,609092,283994,12689,8114,1,20260711
E2,1,XEBFF-Conj,300000,common_004,2,common,30.5736,13.9289,0,0,2.9464,2.9464,47.4489,0,0,0,0,0,0,546260,0,546260,181969,11380,5199,1,20260711
E2,1,XEBFF-Conj,300000,common_013,2,common,76.6651,34.0936,0,0,14.0975,14.0975,124.856,0,0,0,0,0,0,1340324,0,1340324,822294,27923,23494,1,20260711
E2,1,XEBFF-Conj,300000,medium_010,2,medium,10.4433,4.3904,0,0,0.028,0.028,14.8617,0,0,0,0,0,0,178580,0,178580,914,3720,26,1,20260711
E2,1,XEBFF-Conj,300000,common_016,2,common,35.3567,15.3549,0,0,4.561,4.561,55.2726,0,0,0,0,0,0,609092,0,609092,287914,12689,8226,1,20260711
E2,1,XEBFF-Conj,300000,common_017,2,common,65.0432,29.4419,0,0,6.0787,6.0787,100.564,0,0,0,0,0,0,1152020,0,1152020,356164,24000,10176,1,20260711
E2,1,XEBFF-Conj,300000,medium_020,2,medium,1.1439,0.5074,0,0,0.0475,0.0475,1.6988,0,0,0,0,0,0,19892,0,19892,2279,414,65,1,20260711
E2,1,XEBFF-Conj,300000,medium_004,2,medium,0.2025,0.0907,0,0,0.0314,0.0314,0.3246,0,0,0,0,0,0,3476,0,3476,1859,72,53,1,20260711
E2,1,XEBFF-Conj,300000,medium_008,2,medium,2.9564,1.3069,0,0,0.0079,0.0079,4.2712,0,0,0,0,0,0,53252,0,53252,354,1109,10,1,20260711
E2,1,XEBFF-Conj,300000,medium_006,2,medium,0.0354,0.0103,0,0,0.0055,0.0055,0.0512,0,0,0,0,0,0,404,0,404,284,8,8,1,20260711
E2,1,XEBFF-Conj,300000,rare_018,2,rare,0.0456,0.015,0,0,0.0008,0.0008,0.0614,0,0,0,0,0,0,596,0,596,39,12,1,1,20260711
E2,1,XEBFF-Conj,300000,common_009,2,common,169.591,75.4938,0,0,19.9221,19.9221,265.007,0,0,0,0,0,0,2968052,0,2968052,1225704,61834,35020,1,20260711
E2,1,XEBFF-Conj,300000,rare_003,2,rare,1.6308,0.7129,0,0,0.0043,0.0043,2.348,0,0,0,0,0,0,28676,0,28676,39,597,1,1,20260711
E2,1,XEBFF-Conj,300000,rare_006,2,rare,0.0227,0.0042,0,0,0.001,0.001,0.0279,0,0,0,0,0,0,164,0,164,39,3,1,1,20260711
E2,1,XEBFF-Conj,300000,common_003,2,common,30.9621,13.7764,0,0,2.8975,2.8975,47.636,0,0,0,0,0,0,546260,0,546260,180709,11380,5163,1,20260711
E2,1,XEBFF-Conj,300000,medium_009,2,medium,6.4601,2.4996,0,0,0.0202,0.0202,8.9799,0,0,0,0,0,0,97220,0,97220,494,2025,14,1,20260711
E2,1,XEBFF-Conj,300000,common_002,2,common,81.7398,35.9914,0,0,14.9764,14.9764,132.708,0,0,0,0,0,0,1442420,0,1442420,769724,30050,21992,1,20260711
E2,1,XEBFF-Conj,300000,common_026,2,common,199.476,88.3881,0,0,29.3358,29.3358,317.2,0,0,0,0,0,0,3473780,0,3473780,1783954,72370,50970,1,20260711
E2,1,XEBFF-Conj,300000,rare_002,2,rare,0.0965,0.031,0,0,0.0048,0.0048,0.1323,0,0,0,0,0,0,1172,0,1172,39,24,1,1,20260711
E2,1,XEBFF-Conj,300000,medium_000,2,medium,3.461,1.5305,0,0,0.0676,0.0676,5.0591,0,0,0,0,0,0,56420,0,56420,3224,1175,92,1,20260711
E2,1,XEBFF-Conj,300000,common_012,2,common,41.2239,20.2304,0,0,8.6445,8.6445,70.0988,0,0,0,0,0,0,741716,0,741716,540824,15452,15452,1,20260711
E2,1,XEBFF-Conj,300000,medium_022,2,medium,1.2759,0.552,0,0,0.0109,0.0109,1.8388,0,0,0,0,0,0,22580,0,22580,284,470,8,1,20260711
E2,1,XEBFF-Conj,300000,medium_023,2,medium,15.6291,6.9725,0,0,0.0747,0.0747,22.6763,0,0,0,0,0,0,278612,0,278612,3644,5804,104,1,20260711
E2,1,XEBFF-Conj,300000,rare_024,2,rare,0.0191,0.0017,0,0,0.0011,0.0011,0.0219,0,0,0,0,0,0,68,0,68,39,1,1,1,20260711
E2,1,XEBFF-Conj,300000,common_001,2,common,69.8925,30.0606,0,0,11.5739,11.5739,111.527,0,0,0,0,0,0,1185572,0,1185572,654574,24699,18702,1,20260711
E2,1,XEBFF-Conj,300000,common_025,2,common,111.588,49.1777,0,0,17.9376,17.9376,178.703,0,0,0,0,0,0,1940996,0,1940996,1096414,40437,31326,1,20260711
E2,1,XEBFF-Conj,300000,common_022,2,common,166.597,79.2014,0,0,9.3067,9.3067,255.105,0,0,0,0,0,0,2968052,0,2968052,579009,61834,16543,1,20260711
E2,1,XEBFF-Conj,300000,rare_000,2,rare,0.1209,0.022,0,0,0.0067,0.0067,0.1496,0,0,0,0,0,0,836,0,836,39,17,1,1,20260711
E2,1,XEBFF-Conj,300000,common_008,2,common,30.1548,13.2024,0,0,3.2712,3.2712,46.6284,0,0,0,0,0,0,527108,0,527108,196214,10981,5606,1,20260711
E2,1,XEBFF-Conj,300000,rare_020,2,rare,0.874,0.3836,0,0,0.0056,0.0056,1.2632,0,0,0,0,0,0,15188,0,15188,109,316,3,1,20260711
E2,1,XEBFF-Conj,300000,rare_013,2,rare,0.0706,0.0261,0,0,0.0024,0.0024,0.0991,0,0,0,0,0,0,1028,0,1028,109,21,3,1,20260711
E2,1,XEBFF-Conj,300000,rare_005,2,rare,0.1825,0.0757,0,0,0.0028,0.0028,0.261,0,0,0,0,0,0,3044,0,3044,109,63,3,1,20260711
E2,1,XEBFF-Conj,300000,medium_015,2,medium,9.0533,4.4026,0,0,0.0266,0.0266,13.4825,0,0,0,0,0,0,155540,0,155540,844,3240,24,1,20260711
E2,1,XEBFF-Conj,300000,common_018,2,common,64.8133,29.6064,0,0,13.7189,13.7189,108.139,0,0,0,0,0,0,1152020,0,1152020,839339,24000,23981,1,20260711
E2,1,XEBFF-Conj,300000,common_024,2,common,86.667,39.1144,0,0,18.2887,18.2887,144.07,0,0,0,0,0,0,1531412,0,1531412,1116644,31904,31904,1,20260711
E2,1,XEBFF-Conj,300000,common_000,2,common,112.308,49.836,0,0,12.6191,12.6191,174.763,0,0,0,0,0,0,1971284,0,1971284,765069,41068,21859,1,20260711
E2,1,XEBFF-Conj,300000,medium_016,2,medium,0.7118,0.2722,0,0,0.0662,0.0662,1.0502,0,0,0,0,0,0,10532,0,10532,3364,219,96,1,20260711
E2,1,XEBFF-Conj,300000,common_010,2,common,93.8366,45.0971,0,0,14.715,14.715,153.649,0,0,0,0,0,0,1656836,0,1656836,915499,34517,26157,1,20260711
E2,1,XEBFF-Conj,300000,medium_002,2,medium,11.6409,4.913,0,0,0.0467,0.0467,16.6006,0,0,0,0,0,0,195764,0,195764,1929,4078,55,1,20260711
E2,1,XEBFF-Conj,300000,common_021,2,common,34.6828,15.9747,0,0,5.7754,5.7754,56.4329,0,0,0,0,0,0,609092,0,609092,353224,12689,10092,1,20260711
E2,1,XEBFF-Conj,300000,medium_025,2,medium,11.6907,5.1543,0,0,0.043,0.043,16.888,0,0,0,0,0,0,209732,0,209732,1894,4369,54,1,20260711
E2,1,XEBFF-Conj,300000,rare_014,2,rare,0.079,0.0288,0,0,0.0011,0.0011,0.1089,0,0,0,0,0,0,1172,0,1172,39,24,1,1,20260711
E2,1,XEBFF-Conj,300000,rare_022,2,rare,1.9466,0.8527,0,0,0.0033,0.0033,2.8026,0,0,0,0,0,0,35108,0,35108,109,731,3,1,20260711
E2,1,XEBFF-Conj,300000,common_020,2,common,86.1976,39.0094,0,0,15.1806,15.1806,140.388,0,0,0,0,0,0,1538276,0,1538276,939474,32047,26842,1,20260711
E2,1,XEBFF-Conj,300000,medium_018,2,medium,1.3759,0.5994,0,0,0.0147,0.0147,1.99,0,0,0,0,0,0,24116,0,24116,424,502,12,1,20260711
E2,1,XEBFF-Conj,300000,medium_014,2,medium,0.9111,0.4032,0,0,0.0165,0.0165,1.3308,0,0,0,0,0,0,16292,0,16292,809,339,23,1,20260711
E2,1,XEBFF-Conj,300000,common_014,2,common,82.5466,36.7772,0,0,10.252,10.252,129.576,0,0,0,0,0,0,1442420,0,1442420,644529,30050,18415,1,20260711
E2,1,XEBFF-Conj,300000,rare_007,2,rare,1.434,0.5308,0,0,0.014,0.014,1.9788,0,0,0,0,0,0,21476,0,21476,319,447,9,1,20260711
E2,1,XEBFF-Conj,300000,rare_025,2,rare,0.0518,0.0172,0,0,0.0024,0.0024,0.0714,0,0,0,0,0,0,692,0,692,109,14,3,1,20260711
E2,1,Doris,300000,rare_001,2,rare,0.116,0.0505,0,0,0.0017,0.0017,0.1682,0,0,0,0,0,0,1988,0,1988,74,41,2,1,20260711
E2,1,Doris,300000,common_007,2,common,17.3119,7.692,0,0,3.5796,3.5796,28.5835,0,0,0,0,0,0,308132,0,308132,194954,6419,5570,1,20260711
E2,1,Doris,300000,rare_008,2,rare,1.751,0.7662,0,0,0.014,0.014,2.5312,0,0,0,0,0,0,30932,0,30932,459,644,13,1,20260711
E2,1,Doris,300000,medium_007,2,medium,5.2801,2.4123,0,0,0.0179,0.0179,7.7103,0,0,0,0,0,0,95204,0,95204,739,1983,21,1,20260711
E2,1,Doris,300000,medium_013,2,medium,3.0779,1.2659,0,0,0.0487,0.0487,4.3925,0,0,0,0,0,0,50324,0,50324,2349,1048,67,1,20260711
E2,1,Doris,300000,medium_003,2,medium,0.8769,0.3857,0,0,0.013,0.013,1.2756,0,0,0,0,0,0,15668,0,15668,634,326,18,1,20260711
E2,1,Doris,300000,common_023,2,common,80.736,34.4794,0,0,15.6631,15.6631,130.879,0,0,0,0,0,0,1340324,0,1340324,977309,27923,27923,1,20260711
E2,1,Doris,300000,rare_021,2,rare,0.0278,0.0022,0,0,0.0048,0.0048,0.0348,0,0,0,0,0,0,68,0,68,39,1,1,1,20260711
E2,1,Doris,300000,medium_005,2,medium,3.8308,1.69,0,0,0.0207,0.0207,5.5415,0,0,0,0,0,0,69092,0,69092,844,1439,24,1,20260711
E2,1,Doris,300000,common_005,2,common,42.6503,18.894,0,0,7.0687,7.0687,68.613,0,0,0,0,0,0,741716,0,741716,436524,15452,12472,1,20260711
E2,1,Doris,300000,medium_011,2,medium,3.2421,1.9334,0,0,0.0207,0.0207,5.1962,0,0,0,0,0,0,57476,0,57476,669,1197,19,1,20260711
E2,1,Doris,300000,rare_015,2,rare,0.0264,0.0079,0,0,0.0011,0.0011,0.0354,0,0,0,0,0,0,308,0,308,39,6,1,1,20260711
E2,1,Doris,300000,rare_016,2,rare,0.9299,0.4093,0,0,0.0035,0.0035,1.3427,0,0,0,0,0,0,16580,0,16580,144,345,4,1,20260711
E2,1,Doris,300000,rare_023,2,rare,0.0515,0.0208,0,0,0.0009,0.0009,0.0732,0,0,0,0,0,0,836,0,836,39,17,1,1,20260711
E2,1,Doris,300000,medium_019,2,medium,1.0512,0.4689,0,0,0.0665,0.0665,1.5866,0,0,0,0,0,0,18884,0,18884,3889,393,111,1,20260711
E2,1,Doris,300000,rare_019,2,rare,0.03,0.0113,0,0,0.0033,0.0033,0.0446,0,0,0,0,0,0,452,0,452,144,9,4,1,20260711
E2,1,Doris,300000,rare_011,2,rare,1.8503,0.9609,0,0,0.0043,0.0043,2.8155,0,0,0,0,0,0,33188,0,33188,74,691,2,1,20260711
E2,1,Doris,300000,rare_009,2,rare,0.0181,0.0054,0,0,0.0008,0.0008,0.0243,0,0,0,0,0,0,212,0,212,39,4,1,1,20260711
E2,1,Doris,300000,medium_021,2,medium,12.3761,5.4603,0,0,0.1019,0.1019,17.9383,0,0,0,0,0,0,209732,0,209732,4799,4369,137,1,20260711
E2,1,Doris,300000,rare_010,2,rare,0.9132,0.4176,0,0,0.0101,0.0101,1.3409,0,0,0,0,0,0,16196,0,16196,424,337,12,1,20260711
E2,1,Doris,300000,rare_004,2,rare,0.4689,0.2083,0,0,0.0018,0.0018,0.679,0,0,0,0,0,0,8276,0,8276,74,172,2,1,20260711
E2,1,Doris,300000,rare_017,2,rare,0.0386,0.0154,0,0,0.001,0.001,0.055,0,0,0,0,0,0,596,0,596,39,12,1,1,20260711
E2,1,Doris,300000,medium_017,2,medium,3.3209,1.5272,0,0,0.0124,0.0124,4.8605,0,0,0,0,0,0,59828,0,59828,494,1246,14,1,20260711
E2,1,Doris,300000,rare_012,2,rare,1.398,0.6276,0,0,0.002,0.002,2.0276,0,0,0,0,0,0,25076,0,25076,74,522,2,1,20260711
E2,1,Doris,300000,medium_012,2,medium,2.0346,0.909,0,0,0.0235,0.0235,2.9671,0,0,0,0,0,0,36980,0,36980,1124,770,32,1,20260711
E2,1,Doris,300000,common_019,2,common,87.1603,39.5263,0,0,15.0637,15.0637,141.75,0,0,0,0,0,0,1531412,0,1531412,935799,31904,26737,1,20260711
E2,1,Doris,300000,common_011,2,common,202.635,92.2528,0,0,41.3728,41.3728,336.26,0,0,0,0,0,0,3532052,0,3532052,2550174,73584,72862,1,20260711
E2,1,Doris,300000,common_006,2,common,37.4214,16.9051,0,0,8.1881,8.1881,62.5146,0,0,0,0,0,0,666548,0,666548,486014,13886,13886,1,20260711
E2,1,Doris,300000,medium_001,2,medium,4.3111,2.0171,0,0,0.021,0.021,6.3492,0,0,0,0,0,0,77396,0,77396,669,1612,19,1,20260711
E2,1,Doris,300000,medium_024,2,medium,10.5523,4.7143,0,0,0.0453,0.0453,15.3119,0,0,0,0,0,0,185108,0,185108,1824,3856,52,1,20260711
E2,1,Doris,300000,common_027,2,common,170.954,78.4571,0,0,29.098,29.098,278.51,0,0,0,0,0,0,2968052,0,2968052,1795784,61834,51308,1,20260711
E2,1,Doris,300000,common_015,2,common,35.5503,16.2772,0,0,4.5091,4.5091,56.3366,0,0,0,0,0,0,609092,0,609092,283994,12689,8114,1,20260711
E2,1,Doris,300000,common_004,2,common,31.5707,13.9556,0,0,2.8925,2.8925,48.4188,0,0,0,0,0,0,546260,0,546260,181969,11380,5199,1,20260711
E2,1,Doris,300000,common_013,2,common,77.3046,34.2333,0,0,13.617,13.617,125.155,0,0,0,0,0,0,1340324,0,1340324,822294,27923,23494,1,20260711
E2,1,Doris,300000,medium_010,2,medium,10.0151,4.6474,0,0,0.028,0.028,14.6905,0,0,0,0,0,0,178580,0,178580,914,3720,26,1,20260711
E2,1,Doris,300000,common_016,2,common,34.3543,17.115,0,0,4.6719,4.6719,56.1412,0,0,0,0,0,0,609092,0,609092,287914,12689,8226,1,20260711
E2,1,Doris,300000,common_017,2,common,65.4313,29.8739,0,0,5.7986,5.7986,101.104,0,0,0,0,0,0,1152020,0,1152020,356164,24000,10176,1,20260711
E2,1,Doris,300000,medium_020,2,medium,1.1264,0.4972,0,0,0.047,0.047,1.6706,0,0,0,0,0,0,19892,0,19892,2279,414,65,1,20260711
E2,1,Doris,300000,medium_004,2,medium,0.1957,0.0885,0,0,0.0323,0.0323,0.3165,0,0,0,0,0,0,3476,0,3476,1859,72,53,1,20260711
E2,1,Doris,300000,medium_008,2,medium,3.0375,1.6371,0,0,0.0123,0.0123,4.6869,0,0,0,0,0,0,53252,0,53252,354,1109,10,1,20260711
E2,1,Doris,300000,medium_006,2,medium,0.0528,0.0114,0,0,0.0067,0.0067,0.0709,0,0,0,0,0,0,404,0,404,284,8,8,1,20260711
E2,1,Doris,300000,rare_018,2,rare,1.1189,0.0191,0,0,0.0045,0.0045,1.1425,0,0,0,0,0,0,596,0,596,39,12,1,1,20260711
E2,1,Doris,300000,common_009,2,common,171.293,76.6903,0,0,20.103,20.103,268.086,0,0,0,0,0,0,2968052,0,2968052,1225704,61834,35020,1,20260711
E2,1,Doris,300000,rare_003,2,rare,1.6158,0.7087,0,0,0.0069,0.0069,2.3314,0,0,0,0,0,0,28676,0,28676,39,597,1,1,20260711
E2,1,Doris,300000,rare_006,2,rare,0.0143,0.004,0,0,0.0011,0.0011,0.0194,0,0,0,0,0,0,164,0,164,39,3,1,1,20260711
E2,1,Doris,300000,common_003,2,common,31.2756,14.2337,0,0,2.8749,2.8749,48.3842,0,0,0,0,0,0,546260,0,546260,180709,11380,5163,1,20260711
E2,1,Doris,300000,medium_009,2,medium,5.4371,2.4461,0,0,0.0132,0.0132,7.8964,0,0,0,0,0,0,97220,0,97220,494,2025,14,1,20260711
E2,1,Doris,300000,common_002,2,common,82.3349,37.2749,0,0,12.234,12.234,131.844,0,0,0,0,0,0,1442420,0,1442420,769724,30050,21992,1,20260711
E2,1,Doris,300000,common_026,2,common,202.695,90.9651,0,0,29.2243,29.2243,322.884,0,0,0,0,0,0,3473780,0,3473780,1783954,72370,50970,1,20260711
E2,1,Doris,300000,rare_002,2,rare,0.0903,0.0307,0,0,0.0051,0.0051,0.1261,0,0,0,0,0,0,1172,0,1172,39,24,1,1,20260711
E2,1,Doris,300000,medium_000,2,medium,3.1892,1.4001,0,0,0.0659,0.0659,4.6552,0,0,0,0,0,0,56420,0,56420,3224,1175,92,1,20260711
E2,1,Doris,300000,common_012,2,common,41.8363,19.658,0,0,8.8237,8.8237,70.318,0,0,0,0,0,0,741716,0,741716,540824,15452,15452,1,20260711
E2,1,Doris,300000,medium_022,2,medium,1.2937,0.5591,0,0,0.0119,0.0119,1.8647,0,0,0,0,0,0,22580,0,22580,284,470,8,1,20260711
E2,1,Doris,300000,medium_023,2,medium,15.9944,7.117,0,0,0.0801,0.0801,23.1915,0,0,0,0,0,0,278612,0,278612,3644,5804,104,1,20260711
E2,1,Doris,300000,rare_024,2,rare,0.0136,0.0019,0,0,0.0015,0.0015,0.017,0,0,0,0,0,0,68,0,68,39,1,1,1,20260711
E2,1,Doris,300000,common_001,2,common,67.8321,34.4859,0,0,10.5609,10.5609,112.879,0,0,0,0,0,0,1185572,0,1185572,654574,24699,18702,1,20260711
E2,1,Doris,300000,common_025,2,common,111.945,50.002,0,0,18.1678,18.1678,180.115,0,0,0,0,0,0,1940996,0,1940996,1096414,40437,31326,1,20260711
E2,1,Doris,300000,common_022,2,common,176.475,77.1291,0,0,9.2511,9.2511,262.855,0,0,0,0,0,0,2968052,0,2968052,579009,61834,16543,1,20260711
E2,1,Doris,300000,rare_000,2,rare,0.0733,0.0218,0,0,0.0069,0.0069,0.102,0,0,0,0,0,0,836,0,836,39,17,1,1,20260711
E2,1,Doris,300000,common_008,2,common,32.3448,13.4158,0,0,3.1333,3.1333,48.8939,0,0,0,0,0,0,527108,0,527108,196214,10981,5606,1,20260711
E2,1,Doris,300000,rare_020,2,rare,0.8854,0.3723,0,0,0.0081,0.0081,1.2658,0,0,0,0,0,0,15188,0,15188,109,316,3,1,20260711
E2,1,Doris,300000,rare_013,2,rare,0.062,0.0255,0,0,0.0023,0.0023,0.0898,0,0,0,0,0,0,1028,0,1028,109,21,3,1,20260711
E2,1,Doris,300000,rare_005,2,rare,0.1747,0.0787,0,0,0.0025,0.0025,0.2559,0,0,0,0,0,0,3044,0,3044,109,63,3,1,20260711
E2,1,Doris,300000,medium_015,2,medium,9.0042,3.8945,0,0,0.0217,0.0217,12.9204,0,0,0,0,0,0,155540,0,155540,844,3240,24,1,20260711
E2,1,Doris,300000,common_018,2,common,65.7571,29.6593,0,0,13.8621,13.8621,109.278,0,0,0,0,0,0,1152020,0,1152020,839339,24000,23981,1,20260711
E2,1,Doris,300000,common_024,2,common,90.773,40.9542,0,0,18.3307,18.3307,150.058,0,0,0,0,0,0,1531412,0,1531412,1116644,31904,31904,1,20260711
E2,1,Doris,300000,common_000,2,common,112.145,50.988,0,0,15.0328,15.0328,178.166,0,0,0,0,0,0,1971284,0,1971284,765069,41068,21859,1,20260711
E2,1,Doris,300000,medium_016,2,medium,0.6082,0.3143,0,0,0.0646,0.0646,0.9871,0,0,0,0,0,0,10532,0,10532,3364,219,96,1,20260711
E2,1,Doris,300000,common_010,2,common,94.9951,43.5841,0,0,14.6597,14.6597,153.239,0,0,0,0,0,0,1656836,0,1656836,915499,34517,26157,1,20260711
E2,1,Doris,300000,medium_002,2,medium,10.9695,5.0826,0,0,0.0523,0.0523,16.1044,0,0,0,0,0,0,195764,0,195764,1929,4078,55,1,20260711
E2,1,Doris,300000,common_021,2,common,34.9074,15.8546,0,0,5.5543,5.5543,56.3163,0,0,0,0,0,0,609092,0,609092,353224,12689,10092,1,20260711
E2,1,Doris,300000,medium_025,2,medium,11.5862,5.2515,0,0,0.0466,0.0466,16.8843,0,0,0,0,0,0,207476,0,207476,1894,4322,54,1,20260711
E2,1,Doris,300000,rare_014,2,rare,0.0717,0.0293,0,0,0.001,0.001,0.102,0,0,0,0,0,0,1172,0,1172,39,24,1,1,20260711
E2,1,Doris,300000,rare_022,2,rare,1.9374,0.8575,0,0,0.0036,0.0036,2.7985,0,0,0,0,0,0,35108,0,35108,109,731,3,1,20260711
E2,1,Doris,300000,common_020,2,common,91.8911,40.0866,0,0,18.0119,18.0119,149.99,0,0,0,0,0,0,1538276,0,1538276,939474,32047,26842,1,20260711
E2,1,Doris,300000,medium_018,2,medium,1.3746,0.5966,0,0,0.0138,0.0138,1.985,0,0,0,0,0,0,24116,0,24116,424,502,12,1,20260711
E2,1,Doris,300000,medium_014,2,medium,0.9094,0.4701,0,0,0.0177,0.0177,1.3972,0,0,0,0,0,0,16292,0,16292,809,339,23,1,20260711
E2,1,Doris,300000,common_014,2,common,84.1663,37.5551,0,0,10.6204,10.6204,132.342,0,0,0,0,0,0,1442420,0,1442420,644529,30050,18415,1,20260711
E2,1,Doris,300000,rare_007,2,rare,1.2106,0.5329,0,0,0.0129,0.0129,1.7564,0,0,0,0,0,0,21476,0,21476,319,447,9,1,20260711
E2,1,Doris,300000,rare_025,2,rare,0.0432,0.0172,0,0,0.0023,0.0023,0.0627,0,0,0,0,0,0,692,0,692,109,14,3,1,20260711
E2,1,Ren,300000,rare_001,2,rare,0.0102,0.0443,0,0,0.0013,0.0013,0.0558,0,0,0,0,0,0,116,0,116,86,41,2,1,20260711
E2,1,Ren,300000,common_007,2,common,0.0176,6.8641,0,0,3.0554,3.0554,9.9371,0,0,0,0,0,0,116,0,116,217238,6419,5570,1,20260711
E2,1,Ren,300000,rare_008,2,rare,0.0124,0.6704,0,0.0001,0.0106,0.0106,0.6934,0,0,0,0,0,0,116,0,116,515,644,13,1,20260711
E2,1,Ren,300000,medium_007,2,medium,0.008,2.0072,0,0,0.0123,0.0123,2.0275,0,0,0,0,0,0,116,0,116,827,1983,21,1,20260711
E2,1,Ren,300000,medium_013,2,medium,0.0075,1.067,0,0,0.0373,0.0373,1.1118,0,0,0,0,0,0,116,0,116,2621,1048,67,1,20260711
E2,1,Ren,300000,medium_003,2,medium,0.0074,0.3317,0,0,0.0106,0.0106,0.3497,0,0,0,0,0,0,116,0,116,710,326,18,1,20260711
E2,1,Ren,300000,common_023,2,common,0.0072,30.9682,0,0,15.3623,15.3623,46.3377,0,0,0,0,0,0,116,0,116,1089005,27923,27923,1,20260711
E2,1,Ren,300000,rare_021,2,rare,0.0213,0.0024,0,0,0.008,0.008,0.0317,0,0,0,0,0,0,116,0,116,47,1,1,1,20260711
E2,1,Ren,300000,medium_005,2,medium,0.0077,1.5424,0,0,0.0158,0.0158,1.5659,0,0,0,0,0,0,116,0,116,944,1439,24,1,20260711
E2,1,Ren,300000,common_005,2,common,0.0084,17.5606,0,0.0001,7.5136,7.5136,25.0826,0,0,0,0,0,0,116,0,116,486416,15452,12472,1,20260711
E2,1,Ren,300000,medium_011,2,medium,0.0196,1.2596,0,0,0.0168,0.0168,1.296,0,0,0,0,0,0,116,0,116,749,1197,19,1,20260711
E2,1,Ren,300000,rare_015,2,rare,0.0079,0.0068,0,0,0.0008,0.0008,0.0155,0,0,0,0,0,0,116,0,116,47,6,1,1,20260711
E2,1,Ren,300000,rare_016,2,rare,0.0073,0.3559,0,0,0.0026,0.0026,0.3658,0,0,0,0,0,0,116,0,116,164,345,4,1,20260711
E2,1,Ren,300000,rare_023,2,rare,0.0073,0.0181,0,0,0.0007,0.0007,0.0261,0,0,0,0,0,0,116,0,116,47,17,1,1,20260711
E2,1,Ren,300000,medium_019,2,medium,0.0071,0.424,0,0,0.061,0.061,0.4921,0,0,0,0,0,0,116,0,116,4337,393,111,1,20260711
E2,1,Ren,300000,rare_019,2,rare,0.0073,0.0104,0,0,0.0025,0.0025,0.0202,0,0,0,0,0,0,116,0,116,164,9,4,1,20260711
E2,1,Ren,300000,rare_011,2,rare,0.0071,0.7018,0,0.0001,0.0014,0.0014,0.7103,0,0,0,0,0,0,116,0,116,86,691,2,1,20260711
E2,1,Ren,300000,rare_009,2,rare,0.0074,0.0047,0,0,0.0007,0.0007,0.0128,0,0,0,0,0,0,116,0,116,47,4,1,1,20260711
E2,1,Ren,300000,medium_021,2,medium,0.0101,4.4925,0,0,0.0771,0.0771,4.5797,0,0,0,0,0,0,116,0,116,5351,4369,137,1,20260711
E2,1,Ren,300000,rare_010,2,rare,0.0092,0.3405,0,0.0001,0.0073,0.0073,0.357,0,0,0,0,0,0,116,0,116,476,337,12,1,20260711
E2,1,Ren,300000,rare_004,2,rare,0.0073,0.1773,0,0,0.0013,0.0013,0.1859,0,0,0,0,0,0,116,0,116,86,172,2,1,20260711
E2,1,Ren,300000,rare_017,2,rare,0.0077,0.0128,0,0,0.0008,0.0008,0.0213,0,0,0,0,0,0,116,0,116,47,12,1,1,20260711
E2,1,Ren,300000,medium_017,2,medium,0.0071,1.253,0,0,0.0081,0.0081,1.2682,0,0,0,0,0,0,116,0,116,554,1246,14,1,20260711
E2,1,Ren,300000,rare_012,2,rare,0.0073,0.5265,0,0,0.0014,0.0014,0.5352,0,0,0,0,0,0,116,0,116,86,522,2,1,20260711
E2,1,Ren,300000,medium_012,2,medium,0.0071,0.7823,0,0,0.0182,0.0182,0.8076,0,0,0,0,0,0,116,0,116,1256,770,32,1,20260711
E2,1,Ren,300000,common_019,2,common,0.0074,34.7595,0,0.0001,15.0276,15.0276,49.7945,0,0,0,0,0,0,116,0,116,1042751,31904,26737,1,20260711
E2,1,Ren,300000,common_011,2,common,0.0206,81.7537,0,0.0001,41.0153,41.0153,122.79,0,0,0,0,0,0,116,0,116,2841626,73584,72862,1,20260711
E2,1,Ren,300000,common_006,2,common,0.0234,15.6114,0,0.0001,7.9147,7.9147,23.5495,0,0,0,0,0,0,116,0,116,541562,13886,13886,1,20260711
E2,1,Ren,300000,medium_001,2,medium,0.0177,1.7906,0,0,0.0166,0.0166,1.8249,0,0,0,0,0,0,116,0,116,749,1612,19,1,20260711
E2,1,Ren,300000,medium_024,2,medium,0.0083,3.8982,0,0,0.03,0.03,3.9365,0,0,0,0,0,0,116,0,116,2036,3856,52,1,20260711
E2,1,Ren,300000,common_027,2,common,0.0088,70.1769,0,0,28.8026,28.8026,98.9883,0,0,0,0,0,0,116,0,116,2001020,61834,51308,1,20260711
E2,1,Ren,300000,common_015,2,common,0.0244,13.9227,0,0.0001,4.8271,4.8271,18.7742,0,0,0,0,0,0,116,0,116,316454,12689,8114,1,20260711
E2,1,Ren,300000,common_004,2,common,0.017,12.8708,0,0,2.8064,2.8064,15.6942,0,0,0,0,0,0,116,0,116,202769,11380,5199,1,20260711
E2,1,Ren,300000,common_013,2,common,0.0153,30.4,0,0,13.5606,13.5606,43.9759,0,0,0,0,0,0,116,0,116,916274,27923,23494,1,20260711
E2,1,Ren,300000,medium_010,2,medium,0.0207,3.7844,0,0,0.0222,0.0222,3.8273,0,0,0,0,0,0,116,0,116,1022,3720,26,1,20260711
E2,1,Ren,300000,common_016,2,common,0.0084,13.6962,0,0.0001,5.22,5.22,18.9246,0,0,0,0,0,0,116,0,116,320822,12689,8226,1,20260711
E2,1,Ren,300000,common_017,2,common,0.0188,25.2971,0,0.0001,6.1574,6.1574,31.4733,0,0,0,0,0,0,116,0,116,396872,24000,10176,1,20260711
E2,1,Ren,300000,medium_020,2,medium,0.0201,0.4543,0,0,0.0418,0.0418,0.5162,0,0,0,0,0,0,116,0,116,2543,414,65,1,20260711
E2,1,Ren,300000,medium_004,2,medium,0.0078,0.0807,0,0,0.0296,0.0296,0.1181,0,0,0,0,0,0,116,0,116,2075,72,53,1,20260711
E2,1,Ren,300000,medium_008,2,medium,0.0076,1.2324,0,0,0.0075,0.0075,1.2475,0,0,0,0,0,0,116,0,116,398,1109,10,1,20260711
E2,1,Ren,300000,medium_006,2,medium,0.0087,0.0098,0,0.0001,0.0049,0.0049,0.0234,0,0,0,0,0,0,116,0,116,320,8,8,1,20260711
E2,1,Ren,300000,rare_018,2,rare,0.0075,0.0139,0,0.0001,0.0007,0.0007,0.0221,0,0,0,0,0,0,116,0,116,47,12,1,1,20260711
E2,1,Ren,300000,common_009,2,common,0.0072,70.8052,0,0,19.5145,19.5145,90.3269,0,0,0,0,0,0,116,0,116,1365788,61834,35020,1,20260711
E2,1,Ren,300000,rare_003,2,rare,0.0183,0.6177,0,0,0.0042,0.0042,0.6402,0,0,0,0,0,0,116,0,116,47,597,1,1,20260711
E2,1,Ren,300000,rare_006,2,rare,0.0075,0.0039,0,0,0.0013,0.0013,0.0127,0,0,0,0,0,0,116,0,116,47,3,1,1,20260711
E2,1,Ren,300000,common_003,2,common,0.0079,12.6619,0,0,2.794,2.794,15.4638,0,0,0,0,0,0,116,0,116,201365,11380,5163,1,20260711
E2,1,Ren,300000,medium_009,2,medium,0.0156,2.7759,0,0,0.0175,0.0175,2.809,0,0,0,0,0,0,116,0,116,554,2025,14,1,20260711
E2,1,Ren,300000,common_002,2,common,0.0105,32.764,0,0,12.6783,12.6783,45.4528,0,0,0,0,0,0,116,0,116,857696,30050,21992,1,20260711
E2,1,Ren,300000,common_026,2,common,0.0209,80.0416,0,0,28.1991,28.1991,108.262,0,0,0,0,0,0,116,0,116,1987838,72370,50970,1,20260711
E2,1,Ren,300000,rare_002,2,rare,0.022,0.0343,0,0.0001,0.005,0.005,0.0613,0,0,0,0,0,0,116,0,116,47,24,1,1,20260711
E2,1,Ren,300000,medium_000,2,medium,0.0078,1.2543,0,0,0.0512,0.0512,1.3133,0,0,0,0,0,0,116,0,116,3596,1175,92,1,20260711
E2,1,Ren,300000,common_012,2,common,0.0076,16.8041,0,0,8.4353,8.4353,25.247,0,0,0,0,0,0,116,0,116,602636,15452,15452,1,20260711
E2,1,Ren,300000,medium_022,2,medium,0.0183,0.8171,0,0,0.0113,0.0113,0.8467,0,0,0,0,0,0,116,0,116,320,470,8,1,20260711
E2,1,Ren,300000,medium_023,2,medium,0.0103,5.9707,0,0,0.0583,0.0583,6.0393,0,0,0,0,0,0,116,0,116,4064,5804,104,1,20260711
E2,1,Ren,300000,rare_024,2,rare,0.0091,0.0016,0,0,0.0009,0.0009,0.0116,0,0,0,0,0,0,116,0,116,47,1,1,1,20260711
E2,1,Ren,300000,common_001,2,common,0.0074,27.1913,0,0,10.5575,10.5575,37.7562,0,0,0,0,0,0,116,0,116,729386,24699,18702,1,20260711
E2,1,Ren,300000,common_025,2,common,0.0183,43.7908,0,0.0001,17.6156,17.6156,61.4247,0,0,0,0,0,0,116,0,116,1221722,40437,31326,1,20260711
E2,1,Ren,300000,common_022,2,common,0.0197,70.0216,0,0.0001,9.1007,9.1007,79.142,0,0,0,0,0,0,116,0,116,645185,61834,16543,1,20260711
E2,1,Ren,300000,rare_000,2,rare,0.0211,0.0205,0,0,0.0064,0.0064,0.048,0,0,0,0,0,0,116,0,116,47,17,1,1,20260711
E2,1,Ren,300000,common_008,2,common,0.008,11.7574,0,0,3.1614,3.1614,14.9268,0,0,0,0,0,0,116,0,116,218642,10981,5606,1,20260711
E2,1,Ren,300000,rare_020,2,rare,0.012,0.3362,0,0,0.005,0.005,0.3532,0,0,0,0,0,0,116,0,116,125,316,3,1,20260711
E2,1,Ren,300000,rare_013,2,rare,0.0105,0.0234,0,0.0001,0.0037,0.0037,0.0376,0,0,0,0,0,0,116,0,116,125,21,3,1,20260711
E2,1,Ren,300000,rare_005,2,rare,0.0074,0.0663,0,0,0.0021,0.0021,0.0758,0,0,0,0,0,0,116,0,116,125,63,3,1,20260711
E2,1,Ren,300000,medium_015,2,medium,0.0071,3.2852,0,0,0.0144,0.0144,3.3067,0,0,0,0,0,0,116,0,116,944,3240,24,1,20260711
E2,1,Ren,300000,common_018,2,common,0.0073,25.8055,0,0,13.0095,13.0095,38.8223,0,0,0,0,0,0,116,0,116,935267,24000,23981,1,20260711
E2,1,Ren,300000,common_024,2,common,0.0209,37.1138,0,0.0001,18.0734,18.0734,55.2081,0,0,0,0,0,0,116,0,116,1244264,31904,31904,1,20260711
E2,1,Ren,300000,common_000,2,common,0.0223,45.616,0,0,12.1225,12.1225,57.7608,0,0,0,0,0,0,116,0,116,852509,41068,21859,1,20260711
E2,1,Ren,300000,medium_016,2,medium,0.0214,0.252,0,0.0001,0.0594,0.0594,0.3328,0,0,0,0,0,0,116,0,116,3752,219,96,1,20260711
E2,1,Ren,300000,common_010,2,common,0.0077,38.1684,0,0,14.3259,14.3259,52.502,0,0,0,0,0,0,116,0,116,1020131,34517,26157,1,20260711
E2,1,Ren,300000,medium_002,2,medium,0.0243,4.3896,0,0.0001,0.0396,0.0396,4.4535,0,0,0,0,0,0,116,0,116,2153,4078,55,1,20260711
E2,1,Ren,300000,common_021,2,common,0.0107,14.6397,0,0.0001,5.6583,5.6583,20.3087,0,0,0,0,0,0,116,0,116,393596,12689,10092,1,20260711
E2,1,Ren,300000,medium_025,2,medium,0.0211,4.4648,0,0.0001,0.0374,0.0374,4.5233,0,0,0,0,0,0,116,0,116,2114,4322,54,1,20260711
E2,1,Ren,300000,rare_014,2,rare,0.0085,0.0279,0,0,0.0008,0.0008,0.0372,0,0,0,0,0,0,116,0,116,47,24,1,1,20260711
E2,1,Ren,300000,rare_022,2,rare,0.0072,0.7332,0,0.0001,0.0021,0.0021,0.7425,0,0,0,0,0,0,116,0,116,125,731,3,1,20260711
E2,1,Ren,300000,common_020,2,common,0.0072,34.4291,0,0.0001,15.1526,15.1526,49.5889,0,0,0,0,0,0,116,0,116,1046846,32047,26842,1,20260711
E2,1,Ren,300000,medium_018,2,medium,0.0211,0.5404,0,0,0.0142,0.0142,0.5757,0,0,0,0,0,0,116,0,116,476,502,12,1,20260711
E2,1,Ren,300000,medium_014,2,medium,0.0082,0.3631,0,0.0001,0.0136,0.0136,0.3849,0,0,0,0,0,0,116,0,116,905,339,23,1,20260711
E2,1,Ren,300000,common_014,2,common,0.0076,33.1783,0,0,10.5252,10.5252,43.7111,0,0,0,0,0,0,116,0,116,718193,30050,18415,1,20260711
E2,1,Ren,300000,rare_007,2,rare,0.0211,0.4714,0,0,0.0106,0.0106,0.5031,0,0,0,0,0,0,116,0,116,359,447,9,1,20260711
E2,1,Ren,300000,rare_025,2,rare,0.0078,0.0167,0,0,0.0019,0.0019,0.0264,0,0,0,0,0,0,116,0,116,125,14,3,1,20260711
E2,1,SliceBF,300000,medium_007,3,medium,0.0284,0.0977,1.5615,0.3446,0.0149,1.921,2.0471,1,150336,0,0,1,64,616,25280,620,175616,1,1,1,20260711
E2,1,SliceBF,300000,common_001,3,common,0.0299,0.5467,2.3748,0.3657,11.6273,14.3678,14.9444,1,150336,0,0,1641,105024,616,70959296,7180,71109632,2313,2313,1,20260711
E2,1,SliceBF,300000,common_004,3,common,0.0348,1.5065,2.6277,0.4622,55.4395,58.5294,60.0707,1,150336,0,0,4183,267712,616,156946240,17348,157096576,12952,12952,1,20260711
E2,1,SliceBF,300000,rare_012,3,rare,0.0421,0.1303,1.8008,0.3676,0.0824,2.2508,2.4232,1,150336,0,0,13,832,616,541632,668,691968,14,14,1,20260711
E2,1,SliceBF,300000,common_027,3,common,0.03,2.1142,2.1401,0.5706,130.205,132.915,135.06,1,150336,0,0,4102,262528,616,157487232,17024,157637568,26737,26737,1,20260711
E2,1,SliceBF,300000,rare_024,3,rare,0.0443,0.1134,2.0237,0.3428,0.1245,2.491,2.6487,1,150336,0,0,22,1408,616,982144,704,1132480,22,22,1,20260711
E2,1,SliceBF,300000,common_025,3,common,0.0287,1.1035,2.1517,0.4184,29.5994,32.1695,33.3017,1,150336,0,0,3307,211648,616,110552640,13844,110702976,8113,8113,1,20260711
E2,1,SliceBF,300000,medium_019,3,medium,0.0348,0.1045,1.666,0.3416,0.0112,2.0188,2.1581,1,150336,0,0,1,64,616,25280,620,175616,1,1,1,20260711
E2,1,SliceBF,300000,rare_020,3,rare,0.0287,0.1035,1.9185,0.4912,0.0141,2.4238,2.556,1,150336,0,0,1,64,616,25280,620,175616,1,1,1,20260711
E2,1,SliceBF,300000,rare_016,3,rare,0.0398,0.2165,1.6658,0.3415,0.0133,2.0206,2.2769,1,150336,0,0,1,64,616,41664,620,192000,1,1,1,20260711
E2,1,SliceBF,300000,rare_025,3,rare,0.0297,0.101,2.0281,0.3431,0.0145,2.3857,2.5164,1,150336,0,0,2,128,616,50560,624,200896,2,2,1,20260711
E2,1,SliceBF,300000,medium_018,3,medium,0.0301,0.1004,1.2986,0.4191,0.0165,1.7342,1.8647,1,150336,0,0,1,64,616,41664,620,192000,1,1,1,20260711
E2,1,SliceBF,300000,medium_004,3,medium,0.0295,0.1041,1.4336,0.3425,0.0094,1.7855,1.9191,1,150336,0,0,1,64,616,25280,620,175616,1,1,1,20260711
E2,1,SliceBF,300000,common_012,3,common,0.0289,0.7389,1.6377,0.3783,13.8213,15.8373,16.6051,1,150336,0,0,2452,156928,616,88446720,10424,88597056,3545,3545,1,20260711
E2,1,SliceBF,300000,common_017,3,common,0.0341,1.0782,2.4293,0.4017,26.8102,29.6412,30.7535,1,150336,0,0,3425,219200,616,118590144,14316,118740480,6627,6627,1,20260711
E2,1,SliceBF,300000,rare_021,3,rare,0.0403,0.1042,1.1803,0.3416,0.0128,1.5347,1.6792,1,150336,0,0,1,64,616,25280,620,175616,1,1,1,20260711
E2,1,SliceBF,300000,medium_000,3,medium,0.029,0.0994,1.9485,0.3425,0.0195,2.3105,2.4389,1,150336,0,0,3,192,616,108608,628,258944,3,3,1,20260711
E2,1,SliceBF,300000,rare_006,3,rare,0.0286,0.1007,1.5202,0.3635,0.017,1.9007,2.03,1,150336,0,0,1,64,616,25280,620,175616,1,1,1,20260711
E2,1,SliceBF,300000,rare_022,3,rare,0.0296,0.1667,1.8028,0.3416,0.0279,2.1723,2.3686,1,150336,0,0,4,256,616,199424,632,349760,4,4,1,20260711
E2,1,SliceBF,300000,medium_006,3,medium,0.0288,0.0999,1.2806,0.3414,0.01,1.632,1.7607,1,150336,0,0,1,64,616,41664,620,192000,1,1,1,20260711
E2,1,SliceBF,300000,medium_001,3,medium,0.0293,0.1012,1.0648,0.3576,0.0377,1.4601,1.5906,1,150336,0,0,1,64,616,25280,620,175616,1,1,1,20260711
E2,1,SliceBF,300000,common_006,3,common,0.0293,0.24,2.0947,0.3487,1.8068,4.2502,4.5195,1,150336,0,0,462,29568,616,13432448,2464,13582784,502,502,1,20260711
E2,1,SliceBF,300000,medium_016,3,medium,0.0298,0.1013,1.4257,0.3414,0.0084,1.7755,1.9066,1,150336,0,0,1,64,616,25280,620,175616,1,1,1,20260711
E2,1,SliceBF,300000,medium_010,3,medium,0.0288,0.0994,1.7516,0.3414,0.0104,2.1034,2.2316,1,150336,0,0,1,64,616,41664,620,192000,1,1,1,20260711
E2,1,SliceBF,300000,common_015,3,common,0.0285,1.1195,2.7937,0.3843,20.4299,23.6079,24.7559,1,150336,0,0,2580,165120,616,104544000,10936,104694336,4442,4442,1,20260711
E2,1,SliceBF,300000,rare_011,3,rare,0.037,0.1079,1.5973,0.3417,0.0118,1.9508,2.0957,1,150336,0,0,1,64,616,25280,620,175616,1,1,1,20260711
E2,1,SliceBF,300000,common_026,3,common,0.029,2.3738,2.1257,0.5634,129.878,132.567,134.97,1,150336,0,0,4103,262592,616,157512512,17028,157662848,26769,26769,1,20260711
E2,1,SliceBF,300000,medium_009,3,medium,0.0449,0.1067,1.6934,0.343,0.0178,2.0542,2.2058,1,150336,0,0,1,64,616,41664,620,192000,1,1,1,20260711
E2,1,SliceBF,300000,medium_014,3,medium,0.0296,0.1038,1.4952,0.342,0.0663,1.9035,2.0369,1,150336,0,0,10,640,616,498560,656,648896,10,10,1,20260711
E2,1,SliceBF,300000,rare_005,3,rare,0.0294,0.0992,1.4193,0.3422,0.0139,1.7754,1.904,1,150336,0,0,1,64,616,41664,620,192000,1,1,1,20260711
E2,1,SliceBF,300000,medium_017,3,medium,0.03,0.1001,1.5502,0.3414,0.009,1.9006,2.0307,1,150336,0,0,1,64,616,25280,620,175616,1,1,1,20260711
E2,1,SliceBF,300000,rare_008,3,rare,0.0286,0.1005,1.3085,0.3446,0.0498,1.7029,1.832,1,150336,0,0,7,448,616,340800,644,491136,8,8,1,20260711
E2,1,SliceBF,300000,rare_001,3,rare,0.0285,0.0978,1.4739,0.3424,0.009,1.8253,1.9516,1,150336,0,0,1,64,616,41664,620,192000,1,1,1,20260711
E2,1,SliceBF,300000,common_009,3,common,0.0287,0.7826,2.3608,0.3964,27.369,30.1262,30.9375,1,150336,0,0,2361,151104,616,103120064,10060,103270400,5420,5420,1,20260711
E2,1,SliceBF,300000,rare_015,3,rare,0.0382,0.1099,1.9599,0.3445,0.022,2.3264,2.4745,1,150336,0,0,2,128,616,66944,624,217280,2,2,1,20260711
E2,1,SliceBF,300000,rare_003,3,rare,0.0294,0.0997,1.6094,0.4902,0.0172,2.1168,2.2459,1,150336,0,0,1,64,616,25280,620,175616,1,1,1,20260711
E2,1,SliceBF,300000,medium_020,3,medium,0.0299,0.1026,2.6683,0.3417,0.019,3.029,3.1615,1,150336,0,0,2,128,616,83328,624,233664,2,2,1,20260711
E2,1,SliceBF,300000,medium_023,3,medium,0.0292,0.098,1.5531,0.3414,0.0126,1.9071,2.0343,1,150336,0,0,1,64,616,41664,620,192000,1,1,1,20260711
E2,1,SliceBF,300000,rare_009,3,rare,0.0292,0.1057,1.5978,0.3429,0.0132,1.9539,2.0888,1,150336,0,0,1,64,616,41664,620,192000,1,1,1,20260711
E2,1,SliceBF,300000,common_002,3,common,0.029,0.4208,2.0995,0.3619,6.1052,8.5666,9.0164,1,150336,0,0,1175,75200,616,46628672,5316,46779008,1369,1369,1,20260711
E2,1,SliceBF,300000,common_008,3,common,0.0328,0.8493,2.5446,0.3776,17.8514,20.7736,21.6557,1,150336,0,0,2363,151232,616,95691328,10068,95841664,3878,3878,1,20260711
E2,1,SliceBF,300000,common_007,3,common,0.034,0.3769,1.6298,0.3573,7.676,9.6631,10.074,1,150336,0,0,1052,67328,616,46697728,4824,46848064,1452,1452,1,20260711
E2,1,SliceBF,300000,medium_012,3,medium,0.0362,0.1052,1.9211,0.3415,0.0122,2.2748,2.4162,1,150336,0,0,1,64,616,41664,620,192000,1,1,1,20260711
E2,1,SliceBF,300000,common_000,3,common,0.0289,0.6407,2.4662,0.38,22.3073,25.1535,25.8231,1,150336,0,0,1853,118592,616,81512384,8028,81662720,4242,4242,1,20260711
E2,1,SliceBF,300000,medium_021,3,medium,0.0371,0.1036,1.5706,0.3416,0.0123,1.9245,2.0652,1,150336,0,0,1,64,616,41664,620,192000,1,1,1,20260711
E2,1,SliceBF,300000,rare_010,3,rare,0.0291,0.1034,1.5727,0.3414,0.0097,1.9238,2.0563,1,150336,0,0,1,64,616,41664,620,192000,1,1,1,20260711
E2,1,SliceBF,300000,common_013,3,common,0.029,0.3063,1.7583,0.3533,3.202,5.3136,5.6489,1,150336,0,0,729,46656,616,24540352,3532,24690688,805,805,1,20260711
E2,1,SliceBF,300000,rare_014,3,rare,0.031,0.1038,1.6327,0.3416,0.0123,1.9866,2.1214,1,150336,0,0,1,64,616,17088,620,167424,1,1,1,20260711
E2,1,SliceBF,300000,medium_025,3,medium,0.0294,0.0979,1.3694,0.3414,0.0103,1.7211,1.8484,1,150336,0,0,1,64,616,25280,620,175616,1,1,1,20260711
E2,1,SliceBF,300000,common_016,3,common,0.0293,1.6615,2.3185,0.4595,53.5207,56.2987,57.9895,1,150336,0,0,4179,267456,616,153928768,17332,154079104,13073,13073,1,20260711
E2,1,SliceBF,300000,common_020,3,common,0.0501,1.1709,2.6389,0.4017,23.6394,26.68,27.901,1,150336,0,0,3264,208896,616,111890432,13672,112040768,6213,6213,1,20260711
E2,1,SliceBF,300000,common_019,3,common,0.0431,1.6603,2.7255,0.4852,62.5501,65.7608,67.4642,1,150336,0,0,4490,287360,616,163298176,18576,163448512,15472,15472,1,20260711
E2,1,SliceBF,300000,common_011,3,common,0.0437,1.4718,1.9935,0.4657,63.7785,66.2377,67.7532,1,150336,0,0,3791,242624,616,148658496,15780,148808832,13270,13270,1,20260711
E2,1,SliceBF,300000,rare_004,3,rare,0.0491,0.1614,1.3631,0.3417,0.0174,1.7222,1.9327,1,150336,0,0,1,64,616,25280,620,175616,1,1,1,20260711
E2,1,SliceBF,300000,rare_013,3,rare,0.0292,0.1099,1.4653,0.3426,0.1515,1.9594,2.0985,1,150336,0,0,29,1856,616,1191872,732,1342208,31,31,1,20260711
E2,1,SliceBF,300000,common_005,3,common,0.0291,0.795,2.5924,0.379,14.2077,17.1791,18.0032,1,150336,0,0,2487,159168,616,87971648,10564,88121984,3532,3532,1,20260711
E2,1,SliceBF,300000,common_023,3,common,0.0329,1.4388,2.7902,0.4527,56.0556,59.2985,60.7702,1,150336,0,0,4211,269504,616,157056064,17460,157206400,12472,12472,1,20260711
E2,1,SliceBF,300000,rare_017,3,rare,0.0415,0.1052,1.6424,0.3417,0.0133,1.9974,2.1441,1,150336,0,0,1,64,616,25280,620,175616,1,1,1,20260711
E2,1,SliceBF,300000,rare_002,3,rare,0.0289,0.1,1.5737,0.3414,0.0104,1.9255,2.0544,1,150336,0,0,1,64,616,41664,620,192000,1,1,1,20260711
E2,1,SliceBF,300000,medium_022,3,medium,0.0286,0.0997,1.3842,0.3416,0.0194,1.7452,1.8735,1,150336,0,0,3,192,616,108608,628,258944,3,3,1,20260711
E2,1,SliceBF,300000,rare_007,3,rare,0.0288,0.0991,1.5487,0.3429,0.0145,1.9061,2.034,1,150336,0,0,1,64,616,41664,620,192000,1,1,1,20260711
E2,1,SliceBF,300000,medium_024,3,medium,0.0292,0.1,1.46,0.3414,0.0103,1.8117,1.9409,1,150336,0,0,1,64,616,41664,620,192000,1,1,1,20260711
E2,1,SliceBF,300000,rare_023,3,rare,0.0291,0.1132,1.6193,0.3429,0.2295,2.1917,2.334,1,150336,0,0,44,2816,616,2062592,792,2212928,44,44,1,20260711
E2,1,SliceBF,300000,medium_013,3,medium,0.0285,0.1001,1.4579,0.3415,0.0247,1.8241,1.9527,1,150336,0,0,4,256,616,199424,632,349760,4,4,1,20260711
E2,1,SliceBF,300000,rare_019,3,rare,0.0281,0.1012,1.5517,0.3415,0.0088,1.902,2.0313,1,150336,0,0,1,64,616,25280,620,175616,1,1,1,20260711
E2,1,SliceBF,300000,common_003,3,common,0.0284,0.3217,2.2172,0.3518,4.372,6.941,7.2911,1,150336,0,0,808,51712,616,30928384,3848,31078720,898,898,1,20260711
E2,1,SliceBF,300000,common_024,3,common,0.0327,4.5587,2.4048,0.8644,294.069,297.338,301.929,1,150336,0,0,4661,298304,616,171200960,19260,171351296,72721,72721,1,20260711
E2,1,SliceBF,300000,medium_015,3,medium,0.0458,0.1196,1.3998,0.3424,0.0169,1.7591,1.9245,1,150336,0,0,1,64,616,25280,620,175616,1,1,1,20260711
E2,1,SliceBF,300000,common_014,3,common,0.0285,1.4146,1.7475,0.4248,43.3668,45.5391,46.9822,1,150336,0,0,3581,229184,616,139818944,14940,139969280,8670,8670,1,20260711
E2,1,SliceBF,300000,medium_003,3,medium,0.0427,0.1154,1.7482,0.3442,0.0191,2.1115,2.2696,1,150336,0,0,1,64,616,25280,620,175616,1,1,1,20260711
E2,1,SliceBF,300000,medium_011,3,medium,0.0317,0.1023,1.3405,0.3449,0.0094,1.6948,1.8288,1,150336,0,0,1,64,616,25280,620,175616,1,1,1,20260711
E2,1,SliceBF,300000,medium_002,3,medium,0.0289,0.0977,2.0296,0.3415,0.0093,2.3804,2.507,1,150336,0,0,1,64,616,25280,620,175616,1,1,1,20260711
E2,1,SliceBF,300000,common_021,3,common,0.0286,1.2184,2.7426,0.4258,43.465,46.6334,47.8804,1,150336,0,0,3663,234432,616,141818176,15268,141968512,9264,9264,1,20260711
E2,1,SliceBF,300000,common_022,3,common,0.043,1.4311,2.4141,0.4457,47.5734,50.4332,51.9073,1,150336,0,0,4227,270528,616,156002368,17524,156152704,11283,11283,1,20260711
E2,1,SliceBF,300000,common_010,3,common,0.0445,1.3395,1.653,0.438,44.8519,46.9429,48.3269,1,150336,0,0,4063,260032,616,152520000,16868,152670336,10198,10198,1,20260711
E2,1,SliceBF,300000,rare_018,3,rare,0.0426,0.1073,1.2806,0.3431,0.0151,1.6388,1.7887,1,150336,0,0,1,64,616,25280,620,175616,1,1,1,20260711
E2,1,SliceBF,300000,rare_000,3,rare,0.0294,0.0991,2.0524,0.3415,0.0105,2.4044,2.5329,1,150336,0,0,1,64,616,25280,620,175616,1,1,1,20260711
E2,1,SliceBF,300000,medium_008,3,medium,0.0289,0.1016,1.1442,0.3424,0.0091,1.4957,1.6262,1,150336,0,0,1,64,616,41664,620,192000,1,1,1,20260711
E2,1,SliceBF,300000,common_018,3,common,0.0282,1.0977,2.1289,0.4043,27.5847,30.1179,31.2438,1,150336,0,0,3590,229760,616,129683584,14976,129833920,6756,6756,1,20260711
E2,1,SliceBF,300000,medium_005,3,medium,0.0377,0.1072,2.1397,0.4615,0.0543,2.6555,2.8004,1,150336,0,0,7,448,616,275264,644,425600,7,7,1,20260711
E2,1,XEBFF-Conj,300000,medium_007,3,medium,0.0707,0.0177,0,0,0.0008,0.0008,0.0892,0,0,0,0,0,0,800,0,800,39,13,1,1,20260711
E2,1,XEBFF-Conj,300000,common_001,3,common,42.633,14.8083,0,0,1.4771,1.4771,58.9184,0,0,0,0,0,0,653600,0,653600,80959,10893,2313,1,20260711
E2,1,XEBFF-Conj,300000,common_004,3,common,167.483,56.191,0,0,7.3781,7.3781,231.052,0,0,0,0,0,0,2499740,0,2499740,453324,41662,12952,1,20260711
E2,1,XEBFF-Conj,300000,rare_012,3,rare,1.1329,0.3695,0,0,0.0178,0.0178,1.5202,0,0,0,0,0,0,16820,0,16820,494,280,14,1,20260711
E2,1,XEBFF-Conj,300000,common_027,3,common,129.457,43.6807,0,0,15.2469,15.2469,188.384,0,0,0,0,0,0,1914260,0,1914260,935799,31904,26737,1,20260711
E2,1,XEBFF-Conj,300000,rare_024,3,rare,13.9991,4.7056,0,0,0.0235,0.0235,18.7282,0,0,0,0,0,0,213500,0,213500,774,3558,22,1,20260711
E2,1,XEBFF-Conj,300000,common_025,3,common,50.3641,17.2826,0,0,5.2575,5.2575,72.9042,0,0,0,0,0,0,761360,0,761360,283959,12689,8113,1,20260711
E2,1,XEBFF-Conj,300000,medium_019,3,medium,0.2869,0.0915,0,0,0.0023,0.0023,0.3807,0,0,0,0,0,0,3860,0,3860,39,64,1,1,20260711
E2,1,XEBFF-Conj,300000,rare_020,3,rare,0.0394,0.0079,0,0,0.001,0.001,0.0483,0,0,0,0,0,0,320,0,320,39,5,1,1,20260711
E2,1,XEBFF-Conj,300000,rare_016,3,rare,1.7882,0.5817,0,0,0.0015,0.0015,2.3714,0,0,0,0,0,0,26540,0,26540,39,442,1,1,20260711
E2,1,XEBFF-Conj,300000,rare_025,3,rare,0.9158,0.3024,0,0,0.0019,0.0019,1.2201,0,0,0,0,0,0,13880,0,13880,74,231,2,1,20260711
E2,1,XEBFF-Conj,300000,medium_018,3,medium,0.2395,0.0745,0,0,0.0008,0.0008,0.3148,0,0,0,0,0,0,3440,0,3440,39,57,1,1,20260711
E2,1,XEBFF-Conj,300000,medium_004,3,medium,0.1902,0.0594,0,0,0.0009,0.0009,0.2505,0,0,0,0,0,0,2720,0,2720,39,45,1,1,20260711
E2,1,XEBFF-Conj,300000,common_012,3,common,28.9258,8.9256,0,0,2.0213,2.0213,39.8727,0,0,0,0,0,0,385160,0,385160,124079,6419,3545,1,20260711
E2,1,XEBFF-Conj,300000,common_017,3,common,33.8355,11.229,0,0,3.7397,3.7397,48.8042,0,0,0,0,0,0,494300,0,494300,231949,8238,6627,1,20260711
E2,1,XEBFF-Conj,300000,rare_021,3,rare,0.0847,0.0194,0,0,0.0064,0.0064,0.1105,0,0,0,0,0,0,800,0,800,39,13,1,1,20260711
E2,1,XEBFF-Conj,300000,medium_000,3,medium,0.6989,0.2318,0,0,0.0031,0.0031,0.9338,0,0,0,0,0,0,10580,0,10580,109,176,3,1,20260711
E2,1,XEBFF-Conj,300000,rare_006,3,rare,0.0273,0.0031,0,0,0.0009,0.0009,0.0313,0,0,0,0,0,0,140,0,140,39,2,1,1,20260711
E2,1,XEBFF-Conj,300000,rare_022,3,rare,1.5704,0.5304,0,0,0.0035,0.0035,2.1043,0,0,0,0,0,0,24140,0,24140,144,402,4,1,20260711
E2,1,XEBFF-Conj,300000,medium_006,3,medium,0.0275,0.0034,0,0,0.0011,0.0011,0.032,0,0,0,0,0,0,140,0,140,39,2,1,1,20260711
E2,1,XEBFF-Conj,300000,medium_001,3,medium,0.0229,0.0023,0,0,0.0008,0.0008,0.026,0,0,0,0,0,0,80,0,80,39,1,1,1,20260711
E2,1,XEBFF-Conj,300000,common_006,3,common,12.0136,3.8984,0,0,0.3015,0.3015,16.2135,0,0,0,0,0,0,174920,0,174920,17574,2915,502,1,20260711
E2,1,XEBFF-Conj,300000,medium_016,3,medium,0.7426,0.2466,0,0,0.003,0.003,0.9922,0,0,0,0,0,0,11240,0,11240,39,187,1,1,20260711
E2,1,XEBFF-Conj,300000,medium_010,3,medium,0.0275,0.0035,0,0,0.001,0.001,0.032,0,0,0,0,0,0,140,0,140,39,2,1,1,20260711
E2,1,XEBFF-Conj,300000,common_015,3,common,128.956,43.5164,0,0,2.7439,2.7439,175.216,0,0,0,0,0,0,1922840,0,1922840,155474,32047,4442,1,20260711
E2,1,XEBFF-Conj,300000,rare_011,3,rare,0.0402,0.0023,0,0,0.0039,0.0039,0.0464,0,0,0,0,0,0,80,0,80,39,1,1,1,20260711
E2,1,XEBFF-Conj,300000,common_026,3,common,128.096,43.2792,0,0,14.989,14.989,186.364,0,0,0,0,0,0,1922840,0,1922840,936919,32047,26769,1,20260711
E2,1,XEBFF-Conj,300000,medium_009,3,medium,0.6919,0.2241,0,0,0.0051,0.0051,0.9211,0,0,0,0,0,0,10160,0,10160,39,169,1,1,20260711
E2,1,XEBFF-Conj,300000,medium_014,3,medium,0.6783,0.2227,0,0,0.0088,0.0088,0.9098,0,0,0,0,0,0,10160,0,10160,354,169,10,1,20260711
E2,1,XEBFF-Conj,300000,rare_005,3,rare,0.1871,0.0579,0,0,0.0009,0.0009,0.2459,0,0,0,0,0,0,2600,0,2600,39,43,1,1,20260711
E2,1,XEBFF-Conj,300000,medium_017,3,medium,0.027,0.0781,0,0,0.0022,0.0022,0.1073,0,0,0,0,0,0,140,0,140,39,2,1,1,20260711
E2,1,XEBFF-Conj,300000,rare_008,3,rare,3.4092,1.0103,0,0,0.0115,0.0115,4.431,0,0,0,0,0,0,46160,0,46160,284,769,8,1,20260711
E2,1,XEBFF-Conj,300000,rare_001,3,rare,0.7065,0.2349,0,0,0.001,0.001,0.9424,0,0,0,0,0,0,10640,0,10640,39,177,1,1,20260711
E2,1,XEBFF-Conj,300000,common_009,3,common,111.343,37.7349,0,0,3.7708,3.7708,152.848,0,0,0,0,0,0,1678520,0,1678520,189704,27975,5420,1,20260711
E2,1,XEBFF-Conj,300000,rare_015,3,rare,2.6833,0.9097,0,0,0.0042,0.0042,3.5972,0,0,0,0,0,0,40520,0,40520,74,675,2,1,20260711
E2,1,XEBFF-Conj,300000,rare_003,3,rare,0.024,0.0018,0,0,0.0008,0.0008,0.0266,0,0,0,0,0,0,80,0,80,39,1,1,1,20260711
E2,1,XEBFF-Conj,300000,medium_020,3,medium,0.2367,0.0721,0,0,0.0017,0.0017,0.3105,0,0,0,0,0,0,3320,0,3320,74,55,2,1,20260711
E2,1,XEBFF-Conj,300000,medium_023,3,medium,1.9997,0.6815,0,0,0.0012,0.0012,2.6824,0,0,0,0,0,0,31220,0,31220,39,520,1,1,20260711
E2,1,XEBFF-Conj,300000,rare_009,3,rare,0.0351,0.0057,0,0,0.001,0.001,0.0418,0,0,0,0,0,0,260,0,260,39,4,1,1,20260711
E2,1,XEBFF-Conj,300000,common_002,3,common,26.9742,9.3522,0,0,0.7966,0.7966,37.123,0,0,0,0,0,0,410360,0,410360,47919,6839,1369,1,20260711
E2,1,XEBFF-Conj,300000,common_008,3,common,61.5434,21.4982,0,0,2.2328,2.2328,85.2744,0,0,0,0,0,0,927140,0,927140,135734,15452,3878,1,20260711
E2,1,XEBFF-Conj,300000,common_007,3,common,8.5219,2.8211,0,0,1.238,1.238,12.581,0,0,0,0,0,0,128000,0,128000,50824,2133,1452,1,20260711
E2,1,XEBFF-Conj,300000,medium_012,3,medium,1.1916,0.3523,0,0,0.0023,0.0023,1.5462,0,0,0,0,0,0,16100,0,16100,39,268,1,1,20260711
E2,1,XEBFF-Conj,300000,common_000,3,common,50.7484,16.7597,0,0,2.9628,2.9628,70.4709,0,0,0,0,0,0,738080,0,738080,148474,12301,4242,1,20260711
E2,1,XEBFF-Conj,300000,medium_021,3,medium,0.2303,0.0699,0,0,0.0028,0.0028,0.303,0,0,0,0,0,0,3080,0,3080,39,51,1,1,20260711
E2,1,XEBFF-Conj,300000,rare_010,3,rare,1.025,0.3389,0,0,0.0011,0.0011,1.365,0,0,0,0,0,0,15440,0,15440,39,257,1,1,20260711
E2,1,XEBFF-Conj,300000,common_013,3,common,4.3383,1.4624,0,0,0.4673,0.4673,6.268,0,0,0,0,0,0,66200,0,66200,28179,1103,805,1,20260711
E2,1,XEBFF-Conj,300000,rare_014,3,rare,0.1555,0.0451,0,0,0.001,0.001,0.2016,0,0,0,0,0,0,2060,0,2060,39,34,1,1,20260711
E2,1,XEBFF-Conj,300000,medium_025,3,medium,0.2382,0.0735,0,0,0.0009,0.0009,0.3126,0,0,0,0,0,0,3380,0,3380,39,56,1,1,20260711
E2,1,XEBFF-Conj,300000,common_016,3,common,120.738,42.6394,0,0,7.5829,7.5829,170.961,0,0,0,0,0,0,1803020,0,1803020,457559,30050,13073,1,20260711
E2,1,XEBFF-Conj,300000,common_020,3,common,100.989,32.7275,0,0,4.988,4.988,138.705,0,0,0,0,0,0,1440020,0,1440020,217459,24000,6213,1,20260711
E2,1,XEBFF-Conj,300000,common_019,3,common,102.449,35.8284,0,0,9.1576,9.1576,147.435,0,0,0,0,0,0,1543880,0,1543880,541524,25731,15472,1,20260711
E2,1,XEBFF-Conj,300000,common_011,3,common,60.8961,20.5101,0,0,8.2291,8.2291,89.6353,0,0,0,0,0,0,915380,0,915380,464454,15256,13270,1,20260711
E2,1,XEBFF-Conj,300000,rare_004,3,rare,0.1763,0.0505,0,0,0.0034,0.0034,0.2302,0,0,0,0,0,0,2180,0,2180,39,36,1,1,20260711
E2,1,XEBFF-Conj,300000,rare_013,3,rare,11.4708,3.7838,0,0,0.0262,0.0262,15.2808,0,0,0,0,0,0,172820,0,172820,1089,2880,31,1,20260711
E2,1,XEBFF-Conj,300000,common_005,3,common,94.7201,32.8838,0,0,2.0509,2.0509,129.655,0,0,0,0,0,0,1431140,0,1431140,123624,23852,3532,1,20260711
E2,1,XEBFF-Conj,300000,common_023,3,common,61.4121,21.3259,0,0,7.0414,7.0414,89.7794,0,0,0,0,0,0,927140,0,927140,436524,15452,12472,1,20260711
E2,1,XEBFF-Conj,300000,rare_017,3,rare,0.3152,0.0968,0,0,0.0064,0.0064,0.4184,0,0,0,0,0,0,4280,0,4280,39,71,1,1,20260711
E2,1,XEBFF-Conj,300000,rare_002,3,rare,1.8633,0.537,0,0,0.003,0.003,2.4033,0,0,0,0,0,0,24440,0,24440,39,407,1,1,20260711
E2,1,XEBFF-Conj,300000,medium_022,3,medium,8.2866,2.8691,0,0,0.0098,0.0098,11.1655,0,0,0,0,0,0,126500,0,126500,109,2108,3,1,20260711
E2,1,XEBFF-Conj,300000,rare_007,3,rare,0.1903,0.0615,0,0,0.001,0.001,0.2528,0,0,0,0,0,0,2660,0,2660,39,44,1,1,20260711
E2,1,XEBFF-Conj,300000,medium_024,3,medium,1.9344,0.8088,0,0,0.0053,0.0053,2.7485,0,0,0,0,0,0,29300,0,29300,39,488,1,1,20260711
E2,1,XEBFF-Conj,300000,rare_023,3,rare,19.1191,6.7907,0,0,0.0401,0.0401,25.9499,0,0,0,0,0,0,286760,0,286760,1544,4779,44,1,20260711
E2,1,XEBFF-Conj,300000,medium_013,3,medium,2.2803,0.7559,0,0,0.0069,0.0069,3.0431,0,0,0,0,0,0,34400,0,34400,144,573,4,1,20260711
E2,1,XEBFF-Conj,300000,rare_019,3,rare,8.1404,2.7077,0,0,0.0057,0.0057,10.8538,0,0,0,0,0,0,124100,0,124100,39,2068,1,1,20260711
E2,1,XEBFF-Conj,300000,common_003,3,common,26.9423,9.4734,0,0,0.6029,0.6029,37.0186,0,0,0,0,0,0,410360,0,410360,31434,6839,898,1,20260711
E2,1,XEBFF-Conj,300000,common_024,3,common,297.093,103.256,0,0,41.8998,41.8998,442.249,0,0,0,0,0,0,4415060,0,4415060,2545239,73584,72721,1,20260711
E2,1,XEBFF-Conj,300000,medium_015,3,medium,7.5133,2.4745,0,0,0.0075,0.0075,9.9953,0,0,0,0,0,0,112580,0,112580,39,1876,1,1,20260711
E2,1,XEBFF-Conj,300000,common_014,3,common,104.593,33.4791,0,0,4.9458,4.9458,143.018,0,0,0,0,0,0,1484600,0,1484600,303454,24743,8670,1,20260711
E2,1,XEBFF-Conj,300000,medium_003,3,medium,0.0534,0.0044,0,0,0.0081,0.0081,0.0659,0,0,0,0,0,0,140,0,140,39,2,1,1,20260711
E2,1,XEBFF-Conj,300000,medium_011,3,medium,0.5082,0.1736,0,0,0.0014,0.0014,0.6832,0,0,0,0,0,0,7580,0,7580,39,126,1,1,20260711
E2,1,XEBFF-Conj,300000,medium_002,3,medium,0.0313,0.0033,0,0,0.0008,0.0008,0.0354,0,0,0,0,0,0,140,0,140,39,2,1,1,20260711
E2,1,XEBFF-Conj,300000,common_021,3,common,61.7463,21.2567,0,0,5.4901,5.4901,88.4931,0,0,0,0,0,0,927140,0,927140,324244,15452,9264,1,20260711
E2,1,XEBFF-Conj,300000,common_022,3,common,54.9304,19.7021,0,0,6.4341,6.4341,81.0666,0,0,0,0,0,0,833180,0,833180,394909,13886,11283,1,20260711
E2,1,XEBFF-Conj,300000,common_010,3,common,64.7609,22.1041,0,0,5.7151,5.7151,92.5801,0,0,0,0,0,0,966320,0,966320,356934,16105,10198,1,20260711
E2,1,XEBFF-Conj,300000,rare_018,3,rare,8.0459,2.2166,0,0,0.0083,0.0083,10.2708,0,0,0,0,0,0,99320,0,99320,39,1655,1,1,20260711
E2,1,XEBFF-Conj,300000,rare_000,3,rare,0.219,0.0667,0,0,0.0015,0.0015,0.2872,0,0,0,0,0,0,3020,0,3020,39,50,1,1,20260711
E2,1,XEBFF-Conj,300000,medium_008,3,medium,0.4135,0.1346,0,0,0.001,0.001,0.5491,0,0,0,0,0,0,6140,0,6140,39,102,1,1,20260711
E2,1,XEBFF-Conj,300000,common_018,3,common,35.494,12.5335,0,0,3.8092,3.8092,51.8367,0,0,0,0,0,0,545540,0,545540,236464,9092,6756,1,20260711
E2,1,XEBFF-Conj,300000,medium_005,3,medium,0.6989,0.2216,0,0,0.013,0.013,0.9335,0,0,0,0,0,0,10100,0,10100,249,168,7,1,20260711
E2,1,Doris,300000,medium_007,3,medium,0.0572,0.0175,0,0,0.0008,0.0008,0.0755,0,0,0,0,0,0,800,0,800,39,13,1,1,20260711
E2,1,Doris,300000,common_001,3,common,43.4737,15.6356,0,0,1.3248,1.3248,60.4341,0,0,0,0,0,0,653600,0,653600,80959,10893,2313,1,20260711
E2,1,Doris,300000,common_004,3,common,170.447,57.079,0,0,7.6321,7.6321,235.158,0,0,0,0,0,0,2499740,0,2499740,453324,41662,12952,1,20260711
E2,1,Doris,300000,rare_012,3,rare,1.126,0.3763,0,0,0.0148,0.0148,1.5171,0,0,0,0,0,0,16820,0,16820,494,280,14,1,20260711
E2,1,Doris,300000,common_027,3,common,126.269,44.3322,0,0,15.7171,15.7171,186.319,0,0,0,0,0,0,1914260,0,1914260,935799,31904,26737,1,20260711
E2,1,Doris,300000,rare_024,3,rare,14.0574,5.0603,0,0,0.0258,0.0258,19.1435,0,0,0,0,0,0,213500,0,213500,774,3558,22,1,20260711
E2,1,Doris,300000,common_025,3,common,51.0858,17.386,0,0,4.7986,4.7986,73.2704,0,0,0,0,0,0,761360,0,761360,283959,12689,8113,1,20260711
E2,1,Doris,300000,medium_019,3,medium,0.1967,0.0656,0,0,0.0024,0.0024,0.2647,0,0,0,0,0,0,2660,0,2660,39,44,1,1,20260711
E2,1,Doris,300000,rare_020,3,rare,0.0274,0.0069,0,0,0.0009,0.0009,0.0352,0,0,0,0,0,0,320,0,320,39,5,1,1,20260711
E2,1,Doris,300000,rare_016,3,rare,1.723,0.5777,0,0,0.0011,0.0011,2.3018,0,0,0,0,0,0,26540,0,26540,39,442,1,1,20260711
E2,1,Doris,300000,rare_025,3,rare,0.9211,0.3016,0,0,0.0018,0.0018,1.2245,0,0,0,0,0,0,13880,0,13880,74,231,2,1,20260711
E2,1,Doris,300000,medium_018,3,medium,0.2293,0.0756,0,0,0.001,0.001,0.3059,0,0,0,0,0,0,3440,0,3440,39,57,1,1,20260711
E2,1,Doris,300000,medium_004,3,medium,0.0147,0.0031,0,0,0.0008,0.0008,0.0186,0,0,0,0,0,0,140,0,140,39,2,1,1,20260711
E2,1,Doris,300000,common_012,3,common,26.0243,8.6956,0,0,1.9794,1.9794,36.6993,0,0,0,0,0,0,385160,0,385160,124079,6419,3545,1,20260711
E2,1,Doris,300000,common_017,3,common,34.2102,11.1292,0,0,3.9943,3.9943,49.3337,0,0,0,0,0,0,494300,0,494300,231949,8238,6627,1,20260711
E2,1,Doris,300000,rare_021,3,rare,0.0749,0.0189,0,0,0.0029,0.0029,0.0967,0,0,0,0,0,0,800,0,800,39,13,1,1,20260711
E2,1,Doris,300000,medium_000,3,medium,0.6957,0.235,0,0,0.0036,0.0036,0.9343,0,0,0,0,0,0,10580,0,10580,109,176,3,1,20260711
E2,1,Doris,300000,rare_006,3,rare,0.0154,0.0031,0,0,0.0008,0.0008,0.0193,0,0,0,0,0,0,140,0,140,39,2,1,1,20260711
E2,1,Doris,300000,rare_022,3,rare,1.5653,0.5324,0,0,0.0034,0.0034,2.1011,0,0,0,0,0,0,24140,0,24140,144,402,4,1,20260711
E2,1,Doris,300000,medium_006,3,medium,0.0156,0.0034,0,0,0.0009,0.0009,0.0199,0,0,0,0,0,0,140,0,140,39,2,1,1,20260711
E2,1,Doris,300000,medium_001,3,medium,0.011,0.0022,0,0,0.0008,0.0008,0.014,0,0,0,0,0,0,80,0,80,39,1,1,1,20260711
E2,1,Doris,300000,common_006,3,common,11.4554,3.8618,0,0,0.2907,0.2907,15.6079,0,0,0,0,0,0,174920,0,174920,17574,2915,502,1,20260711
E2,1,Doris,300000,medium_016,3,medium,0.7336,0.2459,0,0,0.002,0.002,0.9815,0,0,0,0,0,0,11240,0,11240,39,187,1,1,20260711
E2,1,Doris,300000,medium_010,3,medium,0.0151,0.0031,0,0,0.001,0.001,0.0192,0,0,0,0,0,0,140,0,140,39,2,1,1,20260711
E2,1,Doris,300000,common_015,3,common,127.247,45.2554,0,0,2.5527,2.5527,175.055,0,0,0,0,0,0,1922840,0,1922840,155474,32047,4442,1,20260711
E2,1,Doris,300000,rare_011,3,rare,0.0328,0.0024,0,0,0.0071,0.0071,0.0423,0,0,0,0,0,0,80,0,80,39,1,1,1,20260711
E2,1,Doris,300000,common_026,3,common,128.89,44.9943,0,0,15.6263,15.6263,189.51,0,0,0,0,0,0,1922840,0,1922840,936919,32047,26769,1,20260711
E2,1,Doris,300000,medium_009,3,medium,0.6785,0.2267,0,0,0.0042,0.0042,0.9094,0,0,0,0,0,0,10160,0,10160,39,169,1,1,20260711
E2,1,Doris,300000,medium_014,3,medium,0.6613,0.2275,0,0,0.0088,0.0088,0.8976,0,0,0,0,0,0,10160,0,10160,354,169,10,1,20260711
E2,1,Doris,300000,rare_005,3,rare,0.1762,0.0593,0,0,0.0011,0.0011,0.2366,0,0,0,0,0,0,2600,0,2600,39,43,1,1,20260711
E2,1,Doris,300000,medium_017,3,medium,0.0156,0.003,0,0,0.0007,0.0007,0.0193,0,0,0,0,0,0,140,0,140,39,2,1,1,20260711
E2,1,Doris,300000,rare_008,3,rare,3.1084,1.0786,0,0,0.0093,0.0093,4.1963,0,0,0,0,0,0,46160,0,46160,284,769,8,1,20260711
E2,1,Doris,300000,rare_001,3,rare,0.6955,0.2329,0,0,0.001,0.001,0.9294,0,0,0,0,0,0,10640,0,10640,39,177,1,1,20260711
E2,1,Doris,300000,common_009,3,common,112.134,40.9827,0,0,3.08,3.08,156.196,0,0,0,0,0,0,1678520,0,1678520,189704,27975,5420,1,20260711
E2,1,Doris,300000,rare_015,3,rare,2.6648,0.9144,0,0,0.006,0.006,3.5852,0,0,0,0,0,0,40520,0,40520,74,675,2,1,20260711
E2,1,Doris,300000,rare_003,3,rare,0.0131,0.0019,0,0,0.001,0.001,0.016,0,0,0,0,0,0,80,0,80,39,1,1,1,20260711
E2,1,Doris,300000,medium_020,3,medium,0.2217,0.0742,0,0,0.0017,0.0017,0.2976,0,0,0,0,0,0,3320,0,3320,74,55,2,1,20260711
E2,1,Doris,300000,medium_023,3,medium,1.9915,0.7168,0,0,0.0012,0.0012,2.7095,0,0,0,0,0,0,31220,0,31220,39,520,1,1,20260711
E2,1,Doris,300000,rare_009,3,rare,0.0232,0.0059,0,0,0.0008,0.0008,0.0299,0,0,0,0,0,0,260,0,260,39,4,1,1,20260711
E2,1,Doris,300000,common_002,3,common,27.2452,9.5806,0,0,0.7912,0.7912,37.617,0,0,0,0,0,0,410360,0,410360,47919,6839,1369,1,20260711
E2,1,Doris,300000,common_008,3,common,61.0196,21.7651,0,0,2.2564,2.2564,85.0411,0,0,0,0,0,0,927140,0,927140,135734,15452,3878,1,20260711
E2,1,Doris,300000,common_007,3,common,8.2492,2.8106,0,0,0.8208,0.8208,11.8806,0,0,0,0,0,0,128000,0,128000,50824,2133,1452,1,20260711
E2,1,Doris,300000,medium_012,3,medium,1.0523,0.3508,0,0,0.0031,0.0031,1.4062,0,0,0,0,0,0,16100,0,16100,39,268,1,1,20260711
E2,1,Doris,300000,common_000,3,common,50.3771,17.2755,0,0,2.3865,2.3865,70.0391,0,0,0,0,0,0,738080,0,738080,148474,12301,4242,1,20260711
E2,1,Doris,300000,medium_021,3,medium,0.2228,0.0705,0,0,0.005,0.005,0.2983,0,0,0,0,0,0,3080,0,3080,39,51,1,1,20260711
E2,1,Doris,300000,rare_010,3,rare,1.0141,0.3383,0,0,0.001,0.001,1.3534,0,0,0,0,0,0,15440,0,15440,39,257,1,1,20260711
E2,1,Doris,300000,common_013,3,common,4.3087,1.8701,0,0,0.4592,0.4592,6.638,0,0,0,0,0,0,66200,0,66200,28179,1103,805,1,20260711
E2,1,Doris,300000,rare_014,3,rare,0.1433,0.046,0,0,0.0011,0.0011,0.1904,0,0,0,0,0,0,2060,0,2060,39,34,1,1,20260711
E2,1,Doris,300000,medium_025,3,medium,0.2252,0.0733,0,0,0.0009,0.0009,0.2994,0,0,0,0,0,0,3380,0,3380,39,56,1,1,20260711
E2,1,Doris,300000,common_016,3,common,120.597,42.7004,0,0,7.5741,7.5741,170.871,0,0,0,0,0,0,1803020,0,1803020,457559,30050,13073,1,20260711
E2,1,Doris,300000,common_020,3,common,97.0567,33.9556,0,0,4.1414,4.1414,135.154,0,0,0,0,0,0,1440020,0,1440020,217459,24000,6213,1,20260711
E2,1,Doris,300000,common_019,3,common,103.049,36.3238,0,0,8.7105,8.7105,148.084,0,0,0,0,0,0,1543880,0,1543880,541524,25731,15472,1,20260711
E2,1,Doris,300000,common_011,3,common,61.0167,21.9482,0,0,7.5978,7.5978,90.5627,0,0,0,0,0,0,915380,0,915380,464454,15256,13270,1,20260711
E2,1,Doris,300000,rare_004,3,rare,0.1675,0.051,0,0,0.0044,0.0044,0.2229,0,0,0,0,0,0,2180,0,2180,39,36,1,1,20260711
E2,1,Doris,300000,rare_013,3,rare,11.6267,4.0377,0,0,0.0306,0.0306,15.695,0,0,0,0,0,0,172820,0,172820,1089,2880,31,1,20260711
E2,1,Doris,300000,common_005,3,common,96.5401,34.293,0,0,2.1506,2.1506,132.984,0,0,0,0,0,0,1431140,0,1431140,123624,23852,3532,1,20260711
E2,1,Doris,300000,common_023,3,common,61.7,21.4506,0,0,6.8892,6.8892,90.0398,0,0,0,0,0,0,927140,0,927140,436524,15452,12472,1,20260711
E2,1,Doris,300000,rare_017,3,rare,0.2998,0.0971,0,0,0.0055,0.0055,0.4024,0,0,0,0,0,0,4280,0,4280,39,71,1,1,20260711
E2,1,Doris,300000,rare_002,3,rare,1.5685,0.5434,0,0,0.0021,0.0021,2.114,0,0,0,0,0,0,24440,0,24440,39,407,1,1,20260711
E2,1,Doris,300000,medium_022,3,medium,8.2941,3.5027,0,0,0.0092,0.0092,11.806,0,0,0,0,0,0,126500,0,126500,109,2108,3,1,20260711
E2,1,Doris,300000,rare_007,3,rare,0.1848,0.0645,0,0,0.0018,0.0018,0.2511,0,0,0,0,0,0,2660,0,2660,39,44,1,1,20260711
E2,1,Doris,300000,medium_024,3,medium,1.9068,0.6575,0,0,0.0013,0.0013,2.5656,0,0,0,0,0,0,29300,0,29300,39,488,1,1,20260711
E2,1,Doris,300000,rare_023,3,rare,19.3083,6.3181,0,0,0.0394,0.0394,25.6658,0,0,0,0,0,0,286760,0,286760,1544,4779,44,1,20260711
E2,1,Doris,300000,medium_013,3,medium,2.0406,0.6467,0,0,0.0053,0.0053,2.6926,0,0,0,0,0,0,29600,0,29600,144,493,4,1,20260711
E2,1,Doris,300000,rare_019,3,rare,8.044,2.7165,0,0,0.0049,0.0049,10.7654,0,0,0,0,0,0,124100,0,124100,39,2068,1,1,20260711
E2,1,Doris,300000,common_003,3,common,32.5233,9.3769,0,0,0.5355,0.5355,42.4357,0,0,0,0,0,0,410360,0,410360,31434,6839,898,1,20260711
E2,1,Doris,300000,common_024,3,common,296.713,102.665,0,0,42.8731,42.8731,442.251,0,0,0,0,0,0,4415060,0,4415060,2545239,73584,72721,1,20260711
E2,1,Doris,300000,medium_015,3,medium,8.3678,2.6678,0,0,0.0075,0.0075,11.0431,0,0,0,0,0,0,112580,0,112580,39,1876,1,1,20260711
E2,1,Doris,300000,common_014,3,common,99.9349,34.468,0,0,4.9181,4.9181,139.321,0,0,0,0,0,0,1484600,0,1484600,303454,24743,8670,1,20260711
E2,1,Doris,300000,medium_003,3,medium,0.0303,0.0039,0,0,0.0047,0.0047,0.0389,0,0,0,0,0,0,140,0,140,39,2,1,1,20260711
E2,1,Doris,300000,medium_011,3,medium,0.5011,0.1657,0,0,0.0011,0.0011,0.6679,0,0,0,0,0,0,7580,0,7580,39,126,1,1,20260711
E2,1,Doris,300000,medium_002,3,medium,0.0156,0.003,0,0,0.0008,0.0008,0.0194,0,0,0,0,0,0,140,0,140,39,2,1,1,20260711
E2,1,Doris,300000,common_021,3,common,61.9047,21.9962,0,0,6.2242,6.2242,90.1251,0,0,0,0,0,0,927140,0,927140,324244,15452,9264,1,20260711
E2,1,Doris,300000,common_022,3,common,55.3336,19.1106,0,0,6.2288,6.2288,80.673,0,0,0,0,0,0,833180,0,833180,394909,13886,11283,1,20260711
E2,1,Doris,300000,common_010,3,common,65.4548,22.5029,0,0,5.8116,5.8116,93.7693,0,0,0,0,0,0,966320,0,966320,356934,16105,10198,1,20260711
E2,1,Doris,300000,rare_018,3,rare,6.5017,2.1765,0,0,0.0059,0.0059,8.6841,0,0,0,0,0,0,99320,0,99320,39,1655,1,1,20260711
E2,1,Doris,300000,rare_000,3,rare,0.1998,0.066,0,0,0.0012,0.0012,0.267,0,0,0,0,0,0,3020,0,3020,39,50,1,1,20260711
E2,1,Doris,300000,medium_008,3,medium,0.4045,0.1338,0,0,0.001,0.001,0.5393,0,0,0,0,0,0,6140,0,6140,39,102,1,1,20260711
E2,1,Doris,300000,common_018,3,common,36.0267,12.3978,0,0,4.3052,4.3052,52.7297,0,0,0,0,0,0,545540,0,545540,236464,9092,6756,1,20260711
E2,1,Doris,300000,medium_005,3,medium,0.6673,0.2241,0,0,0.0072,0.0072,0.8986,0,0,0,0,0,0,10100,0,10100,249,168,7,1,20260711
E2,1,Ren,300000,medium_007,3,medium,0.0104,0.0146,0,0,0.0008,0.0008,0.0258,0,0,0,0,0,0,172,0,172,47,13,1,1,20260711
E2,1,Ren,300000,common_001,3,common,0.0109,14.1986,0,0,1.2757,1.2757,15.4852,0,0,0,0,0,0,172,0,172,90215,10893,2313,1,20260711
E2,1,Ren,300000,common_004,3,common,0.0175,59.4059,0,0,7.1476,7.1476,66.571,0,0,0,0,0,0,172,0,172,505136,41662,12952,1,20260711
E2,1,Ren,300000,rare_012,3,rare,0.0208,0.3214,0,0,0.0118,0.0118,0.354,0,0,0,0,0,0,172,0,172,554,280,14,1,20260711
E2,1,Ren,300000,common_027,3,common,0.0108,67.2979,0,0,15.6315,15.6315,82.9402,0,0,0,0,0,0,172,0,172,1042751,31904,26737,1,20260711
E2,1,Ren,300000,rare_024,3,rare,0.0241,4.0649,0,0,0.0388,0.0388,4.1278,0,0,0,0,0,0,172,0,172,866,3558,22,1,20260711
E2,1,Ren,300000,common_025,3,common,0.019,22.6488,0,0.0325,4.3757,4.3757,27.0435,0,0,0,0,0,0,172,0,172,316415,12689,8113,1,20260711
E2,1,Ren,300000,medium_019,3,medium,0.0198,0.0488,0,0,0.005,0.005,0.0736,0,0,0,0,0,0,172,0,172,47,44,1,1,20260711
E2,1,Ren,300000,rare_020,3,rare,0.0109,0.007,0,0,0.0009,0.0009,0.0188,0,0,0,0,0,0,172,0,172,47,5,1,1,20260711
E2,1,Ren,300000,rare_016,3,rare,0.0109,0.5247,0,0,0.002,0.002,0.5376,0,0,0,0,0,0,172,0,172,47,442,1,1,20260711
E2,1,Ren,300000,rare_025,3,rare,0.0119,0.2467,0,0,0.0017,0.0017,0.2603,0,0,0,0,0,0,172,0,172,86,231,2,1,20260711
E2,1,Ren,300000,medium_018,3,medium,0.0103,0.0605,0,0,0.0008,0.0008,0.0716,0,0,0,0,0,0,172,0,172,47,57,1,1,20260711
E2,1,Ren,300000,medium_004,3,medium,0.0106,0.0036,0,0,0.0008,0.0008,0.015,0,0,0,0,0,0,172,0,172,47,2,1,1,20260711
E2,1,Ren,300000,common_012,3,common,0.0104,12.6494,0,0,1.9244,1.9244,14.5842,0,0,0,0,0,0,172,0,172,138263,6419,3545,1,20260711
E2,1,Ren,300000,common_017,3,common,0.0144,18.6992,0,0,6.7407,6.7407,25.4543,0,0,0,0,0,0,172,0,172,258461,8238,6627,1,20260711
E2,1,Ren,300000,rare_021,3,rare,0.0214,0.0179,0,0.0001,0.0051,0.0051,0.0444,0,0,0,0,0,0,172,0,172,47,13,1,1,20260711
E2,1,Ren,300000,medium_000,3,medium,0.0106,0.3301,0,0,0.0027,0.0027,0.3434,0,0,0,0,0,0,172,0,172,125,176,3,1,20260711
E2,1,Ren,300000,rare_006,3,rare,0.0109,0.0038,0,0,0.0008,0.0008,0.0155,0,0,0,0,0,0,172,0,172,47,2,1,1,20260711
E2,1,Ren,300000,rare_022,3,rare,0.0103,0.4209,0,0.0001,0.0028,0.0028,0.434,0,0,0,0,0,0,172,0,172,164,402,4,1,20260711
E2,1,Ren,300000,medium_006,3,medium,0.0107,0.0037,0,0,0.0008,0.0008,0.0152,0,0,0,0,0,0,172,0,172,47,2,1,1,20260711
E2,1,Ren,300000,medium_001,3,medium,0.0106,0.0026,0,0,0.0007,0.0007,0.0139,0,0,0,0,0,0,172,0,172,47,1,1,1,20260711
E2,1,Ren,300000,common_006,3,common,0.0103,3.6262,0,0,0.2752,0.2752,3.9117,0,0,0,0,0,0,172,0,172,19586,2915,502,1,20260711
E2,1,Ren,300000,medium_016,3,medium,0.0116,0.2754,0,0,0.0009,0.0009,0.2879,0,0,0,0,0,0,172,0,172,47,187,1,1,20260711
E2,1,Ren,300000,medium_010,3,medium,0.0103,0.0036,0,0,0.0007,0.0007,0.0146,0,0,0,0,0,0,172,0,172,47,2,1,1,20260711
E2,1,Ren,300000,common_015,3,common,0.0103,39.2746,0,0,2.4127,2.4127,41.6976,0,0,0,0,0,0,172,0,172,173246,32047,4442,1,20260711
E2,1,Ren,300000,rare_011,3,rare,0.0179,0.0032,0,0.0001,0.0015,0.0015,0.0226,0,0,0,0,0,0,172,0,172,47,1,1,1,20260711
E2,1,Ren,300000,common_026,3,common,0.0104,69.406,0,0,14.9411,14.9411,84.3575,0,0,0,0,0,0,172,0,172,1043999,32047,26769,1,20260711
E2,1,Ren,300000,medium_009,3,medium,0.023,0.1842,0,0,0.0053,0.0053,0.2125,0,0,0,0,0,0,172,0,172,47,169,1,1,20260711
E2,1,Ren,300000,medium_014,3,medium,0.0109,0.1912,0,0,0.0063,0.0063,0.2084,0,0,0,0,0,0,172,0,172,398,169,10,1,20260711
E2,1,Ren,300000,rare_005,3,rare,0.0111,0.0464,0,0,0.0008,0.0008,0.0583,0,0,0,0,0,0,172,0,172,47,43,1,1,20260711
E2,1,Ren,300000,medium_017,3,medium,0.0114,0.0039,0,0,0.0012,0.0012,0.0165,0,0,0,0,0,0,172,0,172,47,2,1,1,20260711
E2,1,Ren,300000,rare_008,3,rare,0.0106,0.8113,0,0,0.005,0.005,0.8269,0,0,0,0,0,0,172,0,172,320,769,8,1,20260711
E2,1,Ren,300000,rare_001,3,rare,0.0104,0.1973,0,0,0.0008,0.0008,0.2085,0,0,0,0,0,0,172,0,172,47,177,1,1,20260711
E2,1,Ren,300000,common_009,3,common,0.0102,46.2223,0,0,3.0287,3.0287,49.2612,0,0,0,0,0,0,172,0,172,211388,27975,5420,1,20260711
E2,1,Ren,300000,rare_015,3,rare,0.0199,0.8497,0,0,0.0094,0.0094,0.879,0,0,0,0,0,0,172,0,172,86,675,2,1,20260711
E2,1,Ren,300000,rare_003,3,rare,0.013,0.0028,0,0,0.0008,0.0008,0.0166,0,0,0,0,0,0,172,0,172,47,1,1,1,20260711
E2,1,Ren,300000,medium_020,3,medium,0.0105,0.1221,0,0,0.0015,0.0015,0.1341,0,0,0,0,0,0,172,0,172,86,55,2,1,20260711
E2,1,Ren,300000,medium_023,3,medium,0.0104,0.5744,0,0,0.0008,0.0008,0.5856,0,0,0,0,0,0,172,0,172,47,520,1,1,20260711
E2,1,Ren,300000,rare_009,3,rare,0.0106,0.006,0,0,0.0008,0.0008,0.0174,0,0,0,0,0,0,172,0,172,47,4,1,1,20260711
E2,1,Ren,300000,common_002,3,common,0.0102,9.666,0,0,0.7487,0.7487,10.4249,0,0,0,0,0,0,172,0,172,53399,6839,1369,1,20260711
E2,1,Ren,300000,common_008,3,common,0.0125,33.5384,0,0,2.5223,2.5223,36.0732,0,0,0,0,0,0,172,0,172,151250,15452,3878,1,20260711
E2,1,Ren,300000,common_007,3,common,0.0242,3.866,0,0.0001,0.7982,0.7982,4.6884,0,0,0,0,0,0,172,0,172,56636,2133,1452,1,20260711
E2,1,Ren,300000,medium_012,3,medium,0.0151,0.37,0,0,0.0009,0.0009,0.386,0,0,0,0,0,0,172,0,172,47,268,1,1,20260711
E2,1,Ren,300000,common_000,3,common,0.0106,20.4953,0,0,2.5141,2.5141,23.02,0,0,0,0,0,0,172,0,172,165446,12301,4242,1,20260711
E2,1,Ren,300000,medium_021,3,medium,0.0194,0.0563,0,0.0001,0.0016,0.0016,0.0773,0,0,0,0,0,0,172,0,172,47,51,1,1,20260711
E2,1,Ren,300000,rare_010,3,rare,0.0107,0.2796,0,0,0.001,0.001,0.2913,0,0,0,0,0,0,172,0,172,47,257,1,1,20260711
E2,1,Ren,300000,common_013,3,common,0.0106,2.2764,0,0,0.4366,0.4366,2.7236,0,0,0,0,0,0,172,0,172,31403,1103,805,1,20260711
E2,1,Ren,300000,rare_014,3,rare,0.0123,0.0365,0,0,0.0009,0.0009,0.0497,0,0,0,0,0,0,172,0,172,47,34,1,1,20260711
E2,1,Ren,300000,medium_025,3,medium,0.0104,0.0596,0,0,0.0008,0.0008,0.0708,0,0,0,0,0,0,172,0,172,47,56,1,1,20260711
E2,1,Ren,300000,common_016,3,common,0.0102,55.8367,0,0.0001,7.5876,7.5876,63.4345,0,0,0,0,0,0,172,0,172,509855,30050,13073,1,20260711
E2,1,Ren,300000,common_020,3,common,0.0262,45.5229,0,0,3.3661,3.3661,48.9152,0,0,0,0,0,0,172,0,172,242315,24000,6213,1,20260711
E2,1,Ren,300000,common_019,3,common,0.0203,47.5389,0,0.0001,8.6232,8.6232,56.1824,0,0,0,0,0,0,172,0,172,603416,25731,15472,1,20260711
E2,1,Ren,300000,common_011,3,common,0.0251,30.6126,0,0.0001,7.602,7.602,38.2397,0,0,0,0,0,0,172,0,172,517538,15256,13270,1,20260711
E2,1,Ren,300000,rare_004,3,rare,0.0216,0.0432,0,0,0.0041,0.0041,0.0689,0,0,0,0,0,0,172,0,172,47,36,1,1,20260711
E2,1,Ren,300000,rare_013,3,rare,0.0107,5.8453,0,0,0.0195,0.0195,5.8755,0,0,0,0,0,0,172,0,172,1217,2880,31,1,20260711
E2,1,Ren,300000,common_005,3,common,0.0112,34.3333,0,0,1.9356,1.9356,36.2801,0,0,0,0,0,0,172,0,172,137756,23852,3532,1,20260711
E2,1,Ren,300000,common_023,3,common,0.0179,32.8481,0,0.0001,6.7811,6.7811,39.6471,0,0,0,0,0,0,172,0,172,486416,15452,12472,1,20260711
E2,1,Ren,300000,rare_017,3,rare,0.022,0.0958,0,0.0001,0.0045,0.0045,0.1223,0,0,0,0,0,0,172,0,172,47,71,1,1,20260711
E2,1,Ren,300000,rare_002,3,rare,0.0105,0.4331,0,0.0001,0.0011,0.0011,0.4447,0,0,0,0,0,0,172,0,172,47,407,1,1,20260711
E2,1,Ren,300000,medium_022,3,medium,0.0111,2.2087,0,0.0001,0.0033,0.0033,2.2231,0,0,0,0,0,0,172,0,172,125,2108,3,1,20260711
E2,1,Ren,300000,rare_007,3,rare,0.0114,0.05,0,0,0.0009,0.0009,0.0623,0,0,0,0,0,0,172,0,172,47,44,1,1,20260711
E2,1,Ren,300000,medium_024,3,medium,0.0104,0.5884,0,0,0.0016,0.0016,0.6004,0,0,0,0,0,0,172,0,172,47,488,1,1,20260711
E2,1,Ren,300000,rare_023,3,rare,0.013,8.2926,0,0,0.0286,0.0286,8.3342,0,0,0,0,0,0,172,0,172,1724,4779,44,1,20260711
E2,1,Ren,300000,medium_013,3,medium,0.0133,0.5016,0,0.0001,0.0027,0.0027,0.5176,0,0,0,0,0,0,172,0,172,164,493,4,1,20260711
E2,1,Ren,300000,rare_019,3,rare,0.0106,2.0607,0,0,0.0009,0.0009,2.0722,0,0,0,0,0,0,172,0,172,47,2068,1,1,20260711
E2,1,Ren,300000,common_003,3,common,0.0107,8.3138,0,0,0.489,0.489,8.8135,0,0,0,0,0,0,172,0,172,35030,6839,898,1,20260711
E2,1,Ren,300000,common_024,3,common,0.0134,159.479,0,0.0001,40.8832,40.8832,200.376,0,0,0,0,0,0,172,0,172,2836127,73584,72721,1,20260711
E2,1,Ren,300000,medium_015,3,medium,0.0275,2.1865,0,0,0.0069,0.0069,2.2209,0,0,0,0,0,0,172,0,172,47,1876,1,1,20260711
E2,1,Ren,300000,common_014,3,common,0.0118,36.7519,0,0,4.9408,4.9408,41.7045,0,0,0,0,0,0,172,0,172,338138,24743,8670,1,20260711
E2,1,Ren,300000,medium_003,3,medium,0.022,0.0049,0,0,0.0041,0.0041,0.031,0,0,0,0,0,0,172,0,172,47,2,1,1,20260711
E2,1,Ren,300000,medium_011,3,medium,0.011,0.1394,0,0,0.001,0.001,0.1514,0,0,0,0,0,0,172,0,172,47,126,1,1,20260711
E2,1,Ren,300000,medium_002,3,medium,0.0108,0.0038,0,0,0.0008,0.0008,0.0154,0,0,0,0,0,0,172,0,172,47,2,1,1,20260711
E2,1,Ren,300000,common_021,3,common,0.0103,33.1631,0,0,5.1064,5.1064,38.2798,0,0,0,0,0,0,172,0,172,361304,15452,9264,1,20260711
E2,1,Ren,300000,common_022,3,common,0.0271,30.202,0,0.0001,6.4866,6.4866,36.7157,0,0,0,0,0,0,172,0,172,440045,13886,11283,1,20260711
E2,1,Ren,300000,common_010,3,common,0.0224,28.5093,0,0,5.5568,5.5568,34.0885,0,0,0,0,0,0,172,0,172,397730,16105,10198,1,20260711
E2,1,Ren,300000,rare_018,3,rare,0.0202,1.7092,0,0.0001,0.0063,0.0063,1.7357,0,0,0,0,0,0,172,0,172,47,1655,1,1,20260711
E2,1,Ren,300000,rare_000,3,rare,0.0112,0.0533,0,0,0.0009,0.0009,0.0654,0,0,0,0,0,0,172,0,172,47,50,1,1,20260711
E2,1,Ren,300000,medium_008,3,medium,0.0108,0.1077,0,0,0.001,0.001,0.1195,0,0,0,0,0,0,172,0,172,47,102,1,1,20260711
E2,1,Ren,300000,common_018,3,common,0.0103,19.223,0,0,4.3066,4.3066,23.5399,0,0,0,0,0,0,172,0,172,263492,9092,6756,1,20260711
E2,1,Ren,300000,medium_005,3,medium,0.0184,0.1929,0,0.0001,0.0057,0.0057,0.217,0,0,0,0,0,0,172,0,172,281,168,7,1,20260711
E2,1,SliceBF,300000,common_002,4,common,0.0394,0.4745,4.2888,0.3628,8.1011,12.7527,13.2666,2,300672,0,0,1201,76864,808,53724864,5612,54025536,1653,1653,1,20260711
E2,1,SliceBF,300000,rare_009,4,rare,0.0415,0.1375,3.2168,0.3416,0.0147,3.5731,3.7521,2,300672,0,0,1,64,808,25280,812,325952,1,1,1,20260711
E2,1,SliceBF,300000,medium_022,4,medium,0.04,0.137,2.7146,0.391,0.015,3.1206,3.2976,2,300672,0,0,1,64,808,25280,812,325952,1,1,1,20260711
E2,1,SliceBF,300000,common_021,4,common,0.0387,0.7299,3.6459,0.376,12.34,16.3619,17.1305,2,300672,0,0,2184,139776,808,73438720,9544,73739392,3022,3022,1,20260711
E2,1,SliceBF,300000,common_016,4,common,0.0436,0.5935,3.9304,0.3659,12.9823,17.2786,17.9157,2,300672,0,0,1719,110016,808,67819328,7684,68120000,2218,2218,1,20260711
E2,1,SliceBF,300000,medium_023,4,medium,0.0498,0.1464,3.3146,0.3441,0.0195,3.6782,3.8744,2,300672,0,0,2,128,808,66944,816,367616,2,2,1,20260711
E2,1,SliceBF,300000,medium_000,4,medium,0.0391,0.1392,2.2579,0.3417,0.0148,2.6144,2.7927,2,300672,0,0,1,64,808,25280,812,325952,1,1,1,20260711
E2,1,SliceBF,300000,medium_001,4,medium,0.0389,0.1381,3.8742,0.3417,0.0181,4.234,4.411,2,300672,0,0,2,128,808,66944,816,367616,2,2,1,20260711
E2,1,SliceBF,300000,rare_020,4,rare,0.0382,0.1426,3.6437,0.3415,0.0094,3.9946,4.1754,2,300672,0,0,1,64,808,25280,812,325952,1,1,1,20260711
E2,1,SliceBF,300000,common_013,4,common,0.038,0.1921,3.0074,0.3476,0.8202,4.1752,4.4053,2,300672,0,0,207,13248,808,6953280,1636,7253952,208,208,1,20260711
E2,1,SliceBF,300000,medium_018,4,medium,0.04,0.1394,2.1845,0.3428,0.011,2.5383,2.7177,2,300672,0,0,1,64,808,41664,812,342336,1,1,1,20260711
E2,1,SliceBF,300000,common_015,4,common,0.0384,0.1984,2.9002,0.3473,0.7395,3.987,4.2238,2,300672,0,0,216,13824,808,5493248,1672,5793920,228,228,1,20260711
E2,1,SliceBF,300000,rare_006,4,rare,0.0387,0.1451,2.1149,0.3415,0.0099,2.4663,2.6501,2,300672,0,0,1,64,808,25280,812,325952,1,1,1,20260711
E2,1,SliceBF,300000,common_025,4,common,0.0379,1.5072,3.2364,0.4802,78.7055,82.4221,83.9672,2,300672,0,0,3029,193856,808,129149376,12924,129450048,14637,14637,1,20260711
E2,1,SliceBF,300000,medium_020,4,medium,0.0533,0.1609,2.3661,0.3421,0.018,2.7262,2.9404,2,300672,0,0,1,64,808,41664,812,342336,1,1,1,20260711
E2,1,SliceBF,300000,medium_003,4,medium,0.0393,0.1412,3.5127,0.3415,0.0119,3.8661,4.0466,2,300672,0,0,1,64,808,41664,812,342336,1,1,1,20260711
E2,1,SliceBF,300000,common_001,4,common,0.0384,0.1909,3.7194,0.345,0.5808,4.6452,4.8745,2,300672,0,0,150,9600,808,4136064,1408,4436736,157,157,1,20260711
E2,1,SliceBF,300000,common_007,4,common,0.0381,0.4434,4.1469,0.3585,6.6067,11.1121,11.5936,2,300672,0,0,1109,70976,808,48581056,5244,48881728,1363,1363,1,20260711
E2,1,SliceBF,300000,medium_010,4,medium,0.0424,0.1422,2.2394,0.3419,0.0221,2.6034,2.788,2,300672,0,0,2,128,808,83328,816,384000,2,2,1,20260711
E2,1,SliceBF,300000,medium_011,4,medium,0.0396,0.1449,3.1355,0.345,0.02,3.5005,3.685,2,300672,0,0,2,128,808,66944,816,367616,2,2,1,20260711
E2,1,SliceBF,300000,common_014,4,common,0.0396,0.203,2.6784,0.3461,0.8828,3.9073,4.1499,2,300672,0,0,239,15296,808,6484288,1764,6784960,247,247,1,20260711
E2,1,SliceBF,300000,medium_016,4,medium,0.04,0.1383,3.3312,0.3445,0.0108,3.6865,3.8648,2,300672,0,0,1,64,808,41664,812,342336,1,1,1,20260711
E2,1,SliceBF,300000,medium_021,4,medium,0.0383,0.1317,3.4037,0.3445,0.0142,3.7624,3.9324,2,300672,0,0,1,64,808,25280,812,325952,1,1,1,20260711
E2,1,SliceBF,300000,medium_007,4,medium,0.0406,0.1395,3.0403,0.3416,0.0133,3.3952,3.5753,2,300672,0,0,1,64,808,41664,812,342336,1,1,1,20260711
E2,1,SliceBF,300000,rare_017,4,rare,0.0387,0.138,2.5561,0.3417,0.0103,2.9081,3.0848,2,300672,0,0,1,64,808,25280,812,325952,1,1,1,20260711
E2,1,SliceBF,300000,medium_006,4,medium,0.0396,0.1406,1.9764,0.3416,0.0108,2.3288,2.509,2,300672,0,0,1,64,808,25280,812,325952,1,1,1,20260711
E2,1,SliceBF,300000,medium_025,4,medium,0.0388,0.1404,3.7831,0.3416,0.0117,4.1364,4.3156,2,300672,0,0,1,64,808,41664,812,342336,1,1,1,20260711
E2,1,SliceBF,300000,medium_008,4,medium,0.0384,0.1395,4.0077,0.3459,0.0148,4.3684,4.5463,2,300672,0,0,1,64,808,41664,812,342336,1,1,1,20260711
E2,1,SliceBF,300000,rare_007,4,rare,0.039,0.1371,1.9234,0.3416,0.0112,2.2762,2.4523,2,300672,0,0,1,64,808,25280,812,325952,1,1,1,20260711
E2,1,SliceBF,300000,medium_012,4,medium,0.0383,0.1411,2.6826,0.3443,0.01,3.0369,3.2163,2,300672,0,0,1,64,808,25280,812,325952,1,1,1,20260711
E2,1,SliceBF,300000,common_000,4,common,0.0384,0.1645,2.0169,0.3431,0.2905,2.6505,2.8534,2,300672,0,0,93,5952,808,2351040,1180,2651712,94,94,1,20260711
E2,1,SliceBF,300000,rare_024,4,rare,0.0404,0.1393,3.9105,0.3418,0.0259,4.2782,4.4579,2,300672,0,0,4,256,808,150272,824,450944,4,4,1,20260711
E2,1,SliceBF,300000,common_019,4,common,0.0379,1.1365,3.4828,0.4192,35.1916,39.0936,40.268,2,300672,0,0,3315,212160,808,132119616,14068,132420288,7649,7649,1,20260711
E2,1,SliceBF,300000,common_024,4,common,0.0499,1.1422,4.6704,0.4949,14.8701,20.0354,21.2275,2,300672,0,0,2422,155008,808,79594624,10496,79895296,3854,3854,1,20260711
E2,1,SliceBF,300000,common_009,4,common,0.0455,0.3844,4.2216,0.3543,3.5989,8.1748,8.6047,2,300672,0,0,788,50432,808,28669696,3960,28970368,856,856,1,20260711
E2,1,SliceBF,300000,rare_013,4,rare,0.0419,0.1409,2.0342,0.3417,0.0118,2.3877,2.5705,2,300672,0,0,1,64,808,25280,812,325952,1,1,1,20260711
E2,1,SliceBF,300000,common_020,4,common,0.0388,0.4632,3.2985,0.3622,8.7419,12.4026,12.9046,2,300672,0,0,1192,76288,808,52907520,5576,53208192,1738,1738,1,20260711
E2,1,SliceBF,300000,common_018,4,common,0.0547,0.3163,3.8764,0.362,2.5409,6.7793,7.1503,2,300672,0,0,610,39040,808,20172160,3248,20472832,659,659,1,20260711
E2,1,SliceBF,300000,common_017,4,common,0.0409,0.2705,3.4287,0.3518,1.8622,5.6427,5.9541,2,300672,0,0,448,28672,808,13176832,2600,13477504,506,506,1,20260711
E2,1,SliceBF,300000,common_012,4,common,0.0422,0.7532,3.9637,0.3747,13.467,17.8054,18.6008,2,300672,0,0,2373,151872,808,82034112,10300,82334784,3377,3377,1,20260711
E2,1,SliceBF,300000,rare_014,4,rare,0.0436,0.1413,2.7038,0.3431,0.02,3.0669,3.2518,2,300672,0,0,1,64,808,25280,812,325952,1,1,1,20260711
E2,1,SliceBF,300000,medium_004,4,medium,0.0399,0.1381,2.1959,0.3437,0.015,2.5546,2.7326,2,300672,0,0,1,64,808,25280,812,325952,1,1,1,20260711
E2,1,SliceBF,300000,common_010,4,common,0.0385,0.6348,4.1857,0.3754,15.6161,20.1772,20.8505,2,300672,0,0,1824,116736,808,80762880,8104,81063552,3091,3091,1,20260711
E2,1,SliceBF,300000,rare_015,4,rare,0.0428,0.1455,2.2231,0.3418,0.0129,2.5778,2.7661,2,300672,0,0,1,64,808,41664,812,342336,1,1,1,20260711
E2,1,SliceBF,300000,rare_000,4,rare,0.0391,0.1414,3.1241,0.3705,0.0129,3.5075,3.688,2,300672,0,0,1,64,808,25280,812,325952,1,1,1,20260711
E2,1,SliceBF,300000,medium_005,4,medium,0.0387,0.144,2.7924,0.3429,0.0128,3.1481,3.3308,2,300672,0,0,1,64,808,25280,812,325952,1,1,1,20260711
E2,1,SliceBF,300000,medium_017,4,medium,0.0392,0.145,2.2557,0.3453,0.0104,2.6114,2.7956,2,300672,0,0,1,64,808,25280,812,325952,1,1,1,20260711
E2,1,SliceBF,300000,common_006,4,common,0.0385,0.2543,2.8838,0.3535,1.5356,4.7729,5.0657,2,300672,0,0,269,17216,808,8881088,1884,9181760,285,285,1,20260711
E2,1,SliceBF,300000,medium_014,4,medium,0.0412,0.1938,2.8661,0.4884,0.0868,3.4413,3.6763,2,300672,0,0,5,320,808,191936,828,492608,5,5,1,20260711
E2,1,SliceBF,300000,medium_015,4,medium,0.0667,0.1434,3.0231,0.3418,0.0149,3.3798,3.5899,2,300672,0,0,1,64,808,41664,812,342336,1,1,1,20260711
E2,1,SliceBF,300000,common_011,4,common,0.0416,0.2616,2.6121,0.3512,1.7075,4.6708,4.974,2,300672,0,0,420,26880,808,14222080,2488,14522752,440,440,1,20260711
E2,1,SliceBF,300000,rare_005,4,rare,0.0495,0.1514,3.4449,0.3446,0.0122,3.8017,4.0026,2,300672,0,0,1,64,808,25280,812,325952,1,1,1,20260711
E2,1,SliceBF,300000,medium_002,4,medium,0.0386,0.1366,3.0787,0.3936,0.0196,3.4919,3.6671,2,300672,0,0,1,64,808,25280,812,325952,1,1,1,20260711
E2,1,SliceBF,300000,rare_016,4,rare,0.042,0.1627,3.3185,0.3455,0.0288,3.6928,3.8975,2,300672,0,0,4,256,808,125696,824,426368,4,4,1,20260711
E2,1,SliceBF,300000,common_026,4,common,0.0394,0.9516,2.6611,0.3941,18.8754,21.9306,22.9216,2,300672,0,0,2957,189248,808,101589952,12636,101890624,5021,5021,1,20260711
E2,1,SliceBF,300000,common_003,4,common,0.0448,0.2206,3.4815,0.3463,0.9319,4.7597,5.0251,2,300672,0,0,230,14720,808,6789248,1728,7089920,243,243,1,20260711
E2,1,SliceBF,300000,rare_002,4,rare,0.0392,0.142,2.4114,0.3415,0.0115,2.7644,2.9456,2,300672,0,0,1,64,808,25280,812,325952,1,1,1,20260711
E2,1,SliceBF,300000,rare_022,4,rare,0.0395,0.1451,3.3644,0.3415,0.011,3.7169,3.9015,2,300672,0,0,1,64,808,25280,812,325952,1,1,1,20260711
E2,1,SliceBF,300000,common_008,4,common,0.0385,0.3301,2.6404,0.3514,3.3854,6.3772,6.7458,2,300672,0,0,634,40576,808,25022336,3344,25323008,675,675,1,20260711
E2,1,SliceBF,300000,common_027,4,common,0.0441,2.0932,3.5772,0.5517,115.497,119.626,121.763,2,300672,0,0,3786,242304,808,149433216,15952,149733888,23144,23144,1,20260711
E2,1,SliceBF,300000,rare_019,4,rare,0.0574,0.1542,2.5054,0.3429,0.0259,2.8742,3.0858,2,300672,0,0,2,128,808,66944,816,367616,2,2,1,20260711
E2,1,SliceBF,300000,rare_011,4,rare,0.04,0.1437,2.3007,0.3424,0.0141,2.6572,2.8409,2,300672,0,0,1,64,808,41664,812,342336,1,1,1,20260711
E2,1,SliceBF,300000,rare_021,4,rare,0.0395,0.1454,3.6505,0.3416,0.0112,4.0033,4.1882,2,300672,0,0,1,64,808,25280,812,325952,1,1,1,20260711
E2,1,SliceBF,300000,rare_004,4,rare,0.0388,0.1396,2.2928,0.3417,0.0137,2.6482,2.8266,2,300672,0,0,1,64,808,41664,812,342336,1,1,1,20260711
E2,1,SliceBF,300000,common_004,4,common,0.0391,0.2286,3.7307,0.3468,1.212,5.2895,5.5572,2,300672,0,0,294,18816,808,9742464,1984,10043136,304,304,1,20260711
E2,1,SliceBF,300000,rare_018,4,rare,0.0409,0.1395,1.9539,0.3417,0.0098,2.3054,2.4858,2,300672,0,0,1,64,808,25280,812,325952,1,1,1,20260711
E2,1,SliceBF,300000,rare_012,4,rare,0.0387,0.1371,3.7054,0.3415,0.0128,4.0597,4.2355,2,300672,0,0,1,64,808,25280,812,325952,1,1,1,20260711
E2,1,SliceBF,300000,common_023,4,common,0.0452,0.6492,2.7122,0.3698,9.683,12.765,13.4594,2,300672,0,0,1824,116736,808,61118464,8104,61419136,2417,2417,1,20260711
E2,1,SliceBF,300000,rare_023,4,rare,0.0494,0.1497,3.5325,0.346,0.0218,3.9003,4.0994,2,300672,0,0,1,64,808,41664,812,342336,1,1,1,20260711
E2,1,SliceBF,300000,rare_025,4,rare,0.0391,0.1374,2.4802,0.3429,0.0131,2.8362,3.0127,2,300672,0,0,1,64,808,25280,812,325952,1,1,1,20260711
E2,1,SliceBF,300000,medium_009,4,medium,0.0395,0.1418,3.4526,0.3425,0.0116,3.8067,3.988,2,300672,0,0,1,64,808,25280,812,325952,1,1,1,20260711
E2,1,SliceBF,300000,rare_010,4,rare,0.0396,0.1398,2.2177,0.3416,0.0126,2.5719,2.7513,2,300672,0,0,1,64,808,41664,812,342336,1,1,1,20260711
E2,1,SliceBF,300000,medium_013,4,medium,0.0389,0.1432,3.0301,0.3417,0.0213,3.3931,3.5752,2,300672,0,0,2,128,808,116096,816,416768,2,2,1,20260711
E2,1,SliceBF,300000,common_005,4,common,0.0392,0.1775,4.4111,0.3448,0.5711,5.327,5.5437,2,300672,0,0,132,8448,808,4434688,1336,4735360,136,136,1,20260711
E2,1,SliceBF,300000,common_022,4,common,0.0411,0.7676,3.1946,0.378,13.25,16.8226,17.6313,2,300672,0,0,2421,154944,808,87351744,10492,87652416,3442,3442,1,20260711
E2,1,SliceBF,300000,rare_001,4,rare,0.0412,0.1402,2.4375,0.3417,0.0116,2.7908,2.9722,2,300672,0,0,1,64,808,25280,812,325952,1,1,1,20260711
E2,1,SliceBF,300000,rare_008,4,rare,0.0387,0.1412,2.8613,0.3428,0.0153,3.2194,3.3993,2,300672,0,0,2,128,808,66944,816,367616,2,2,1,20260711
E2,1,SliceBF,300000,medium_019,4,medium,0.0388,0.144,2.4528,0.3427,0.0132,2.8087,2.9915,2,300672,0,0,1,64,808,41664,812,342336,1,1,1,20260711
E2,1,SliceBF,300000,rare_003,4,rare,0.0387,0.1424,2.4348,0.3416,0.012,2.7884,2.9695,2,300672,0,0,1,64,808,25280,812,325952,1,1,1,20260711
E2,1,SliceBF,300000,medium_024,4,medium,0.0382,0.1414,2.2018,0.3436,0.0108,2.5562,2.7358,2,300672,0,0,1,64,808,41664,812,342336,1,1,1,20260711
E2,1,XEBFF-Conj,300000,common_002,4,common,131.727,37.942,0,0,1.0511,1.0511,170.72,0,0,0,0,0,0,1790012,0,1790012,57859,24861,1653,1,20260711
E2,1,XEBFF-Conj,300000,rare_009,4,rare,0.3367,0.0895,0,0,0.0028,0.0028,0.429,0,0,0,0,0,0,4196,0,4196,39,58,1,1,20260711
E2,1,XEBFF-Conj,300000,medium_022,4,medium,1.9896,0.5702,0,0,0.0013,0.0013,2.5611,0,0,0,0,0,0,27596,0,27596,39,383,1,1,20260711
E2,1,XEBFF-Conj,300000,common_021,4,common,44.6873,12.4759,0,0,1.7261,1.7261,58.8893,0,0,0,0,0,0,593156,0,593156,105774,8238,3022,1,20260711
E2,1,XEBFF-Conj,300000,common_016,4,common,52.5289,15.2896,0,0,1.278,1.278,69.0965,0,0,0,0,0,0,710732,0,710732,77634,9871,2218,1,20260711
E2,1,XEBFF-Conj,300000,medium_023,4,medium,26.8118,7.4222,0,0,0.0087,0.0087,34.2427,0,0,0,0,0,0,364268,0,364268,74,5059,2,1,20260711
E2,1,XEBFF-Conj,300000,medium_000,4,medium,7.2717,1.9757,0,0,0.0052,0.0052,9.2526,0,0,0,0,0,0,97940,0,97940,39,1360,1,1,20260711
E2,1,XEBFF-Conj,300000,medium_001,4,medium,17.0883,4.6597,0,0,0.0079,0.0079,21.7559,0,0,0,0,0,0,227252,0,227252,74,3156,2,1,20260711
E2,1,XEBFF-Conj,300000,rare_020,4,rare,0.3784,0.0999,0,0,0.0022,0.0022,0.4805,0,0,0,0,0,0,4916,0,4916,39,68,1,1,20260711
E2,1,XEBFF-Conj,300000,common_013,4,common,15.1874,4.4885,0,0,0.136,0.136,19.8119,0,0,0,0,0,0,206228,0,206228,7284,2864,208,1,20260711
E2,1,XEBFF-Conj,300000,medium_018,4,medium,0.4326,0.116,0,0,0.0014,0.0014,0.55,0,0,0,0,0,0,5708,0,5708,39,79,1,1,20260711
E2,1,XEBFF-Conj,300000,common_015,4,common,35.5712,10.437,0,0,0.1445,0.1445,46.1527,0,0,0,0,0,0,492428,0,492428,7984,6839,228,1,20260711
E2,1,XEBFF-Conj,300000,rare_006,4,rare,0.0882,0.0171,0,0,0.0017,0.0017,0.107,0,0,0,0,0,0,812,0,812,39,11,1,1,20260711
E2,1,XEBFF-Conj,300000,common_025,4,common,148.833,42.8483,0,0,8.3334,8.3334,200.015,0,0,0,0,0,0,2014220,0,2014220,512299,27975,14637,1,20260711
E2,1,XEBFF-Conj,300000,medium_020,4,medium,1.5322,0.4173,0,0,0.0036,0.0036,1.9531,0,0,0,0,0,0,20972,0,20972,39,291,1,1,20260711
E2,1,XEBFF-Conj,300000,medium_003,4,medium,0.3696,0.0966,0,0,0.0011,0.0011,0.4673,0,0,0,0,0,0,4916,0,4916,39,68,1,1,20260711
E2,1,XEBFF-Conj,300000,common_001,4,common,2.5297,0.6949,0,0,0.0931,0.0931,3.3177,0,0,0,0,0,0,35444,0,35444,5499,492,157,1,20260711
E2,1,XEBFF-Conj,300000,common_007,4,common,170.164,46.8307,0,0,0.8417,0.8417,217.837,0,0,0,0,0,0,2307404,0,2307404,47709,32047,1363,1,20260711
E2,1,XEBFF-Conj,300000,medium_010,4,medium,0.3131,0.0793,0,0,0.0072,0.0072,0.3996,0,0,0,0,0,0,3548,0,3548,74,49,2,1,20260711
E2,1,XEBFF-Conj,300000,medium_011,4,medium,3.473,0.9633,0,0,0.0039,0.0039,4.4402,0,0,0,0,0,0,47540,0,47540,74,660,2,1,20260711
E2,1,XEBFF-Conj,300000,common_014,4,common,5.4219,1.6103,0,0,0.1876,0.1876,7.2198,0,0,0,0,0,0,71372,0,71372,8649,991,247,1,20260711
E2,1,XEBFF-Conj,300000,medium_016,4,medium,0.04,0.0038,0,0,0.0013,0.0013,0.0451,0,0,0,0,0,0,164,0,164,39,2,1,1,20260711
E2,1,XEBFF-Conj,300000,medium_021,4,medium,19.6325,5.5237,0,0,0.0072,0.0072,25.1634,0,0,0,0,0,0,269660,0,269660,39,3745,1,1,20260711
E2,1,XEBFF-Conj,300000,medium_007,4,medium,2.4803,0.688,0,0,0.0032,0.0032,3.1715,0,0,0,0,0,0,34292,0,34292,39,476,1,1,20260711
E2,1,XEBFF-Conj,300000,rare_017,4,rare,0.6949,0.3835,0,0,0.0026,0.0026,1.081,0,0,0,0,0,0,9524,0,9524,39,132,1,1,20260711
E2,1,XEBFF-Conj,300000,medium_006,4,medium,0.167,0.034,0,0,0.0018,0.0018,0.2028,0,0,0,0,0,0,1676,0,1676,39,23,1,1,20260711
E2,1,XEBFF-Conj,300000,medium_025,4,medium,0.2012,0.0502,0,0,0.0011,0.0011,0.2525,0,0,0,0,0,0,2252,0,2252,39,31,1,1,20260711
E2,1,XEBFF-Conj,300000,medium_008,4,medium,5.4821,1.4444,0,0,0.0026,0.0026,6.9291,0,0,0,0,0,0,71372,0,71372,39,991,1,1,20260711
E2,1,XEBFF-Conj,300000,rare_007,4,rare,0.257,0.0645,0,0,0.0018,0.0018,0.3233,0,0,0,0,0,0,3188,0,3188,39,44,1,1,20260711
E2,1,XEBFF-Conj,300000,medium_012,4,medium,0.0303,0.0022,0,0,0.0009,0.0009,0.0334,0,0,0,0,0,0,92,0,92,39,1,1,1,20260711
E2,1,XEBFF-Conj,300000,common_000,4,common,0.5327,0.1498,0,0,0.0572,0.0572,0.7397,0,0,0,0,0,0,7148,0,7148,3294,99,94,1,20260711
E2,1,XEBFF-Conj,300000,rare_024,4,rare,16.2632,4.6276,0,0,0.0098,0.0098,20.9006,0,0,0,0,0,0,221276,0,221276,144,3073,4,1,20260711
E2,1,XEBFF-Conj,300000,common_019,4,common,65.0829,18.8856,0,0,4.3541,4.3541,88.3226,0,0,0,0,0,0,879212,0,879212,267719,12211,7649,1,20260711
E2,1,XEBFF-Conj,300000,common_024,4,common,68.0087,21.703,0,0,2.204,2.204,91.9157,0,0,0,0,0,0,913628,0,913628,134894,12689,3854,1,20260711
E2,1,XEBFF-Conj,300000,common_009,4,common,40.2816,12.2484,0,0,0.5298,0.5298,53.0598,0,0,0,0,0,0,555212,0,555212,29964,7711,856,1,20260711
E2,1,XEBFF-Conj,300000,rare_013,4,rare,0.328,0.0899,0,0,0.0021,0.0021,0.42,0,0,0,0,0,0,4052,0,4052,39,56,1,1,20260711
E2,1,XEBFF-Conj,300000,common_020,4,common,92.9783,26.7269,0,0,1.0996,1.0996,120.805,0,0,0,0,0,0,1268444,0,1268444,60834,17617,1738,1,20260711
E2,1,XEBFF-Conj,300000,common_018,4,common,5.1007,1.4193,0,0,0.5771,0.5771,7.0971,0,0,0,0,0,0,71372,0,71372,23069,991,659,1,20260711
E2,1,XEBFF-Conj,300000,common_017,4,common,14.0261,4.1134,0,0,0.3006,0.3006,18.4401,0,0,0,0,0,0,189668,0,189668,17714,2634,506,1,20260711
E2,1,XEBFF-Conj,300000,common_012,4,common,43.4039,12.9114,0,0,2.0734,2.0734,58.3887,0,0,0,0,0,0,593156,0,593156,118199,8238,3377,1,20260711
E2,1,XEBFF-Conj,300000,rare_014,4,rare,0.1809,0.0407,0,0,0.0056,0.0056,0.2272,0,0,0,0,0,0,1964,0,1964,39,27,1,1,20260711
E2,1,XEBFF-Conj,300000,medium_004,4,medium,0.3977,0.1063,0,0,0.001,0.001,0.505,0,0,0,0,0,0,5204,0,5204,39,72,1,1,20260711
E2,1,XEBFF-Conj,300000,common_010,4,common,122.878,35.3878,0,0,1.9938,1.9938,160.259,0,0,0,0,0,0,1666316,0,1666316,108189,23143,3091,1,20260711
E2,1,XEBFF-Conj,300000,rare_015,4,rare,0.1114,0.0238,0,0,0.0044,0.0044,0.1396,0,0,0,0,0,0,956,0,956,39,13,1,1,20260711
E2,1,XEBFF-Conj,300000,rare_000,4,rare,0.046,0.007,0,0,0.0009,0.0009,0.0539,0,0,0,0,0,0,308,0,308,39,4,1,1,20260711
E2,1,XEBFF-Conj,300000,medium_005,4,medium,4.8361,1.3049,0,0,0.0052,0.0052,6.1462,0,0,0,0,0,0,64028,0,64028,39,889,1,1,20260711
E2,1,XEBFF-Conj,300000,medium_017,4,medium,0.76,0.2266,0,0,0.0014,0.0014,0.988,0,0,0,0,0,0,10316,0,10316,39,143,1,1,20260711
E2,1,XEBFF-Conj,300000,common_006,4,common,58.1746,16.5833,0,0,0.228,0.228,74.9859,0,0,0,0,0,0,790652,0,790652,9979,10981,285,1,20260711
E2,1,XEBFF-Conj,300000,medium_014,4,medium,7.7698,2.1354,0,0,0.006,0.006,9.9112,0,0,0,0,0,0,108668,0,108668,179,1509,5,1,20260711
E2,1,XEBFF-Conj,300000,medium_015,4,medium,1.2786,0.3456,0,0,0.0023,0.0023,1.6265,0,0,0,0,0,0,17660,0,17660,39,245,1,1,20260711
E2,1,XEBFF-Conj,300000,common_011,4,common,34.0983,10.7178,0,0,0.2818,0.2818,45.0979,0,0,0,0,0,0,462188,0,462188,15404,6419,440,1,20260711
E2,1,XEBFF-Conj,300000,rare_005,4,rare,0.7777,0.2148,0,0,0.0018,0.0018,0.9943,0,0,0,0,0,0,10604,0,10604,39,147,1,1,20260711
E2,1,XEBFF-Conj,300000,medium_002,4,medium,1.5802,0.4268,0,0,0.0042,0.0042,2.0112,0,0,0,0,0,0,19676,0,19676,39,273,1,1,20260711
E2,1,XEBFF-Conj,300000,rare_016,4,rare,17.9734,4.845,0,0,0.0092,0.0092,22.8276,0,0,0,0,0,0,232580,0,232580,144,3230,4,1,20260711
E2,1,XEBFF-Conj,300000,common_026,4,common,33.5136,9.7903,0,0,2.8047,2.8047,46.1086,0,0,0,0,0,0,462188,0,462188,175739,6419,5021,1,20260711
E2,1,XEBFF-Conj,300000,common_003,4,common,37.6,11.5052,0,0,0.1651,0.1651,49.2703,0,0,0,0,0,0,518924,0,518924,8509,7207,243,1,20260711
E2,1,XEBFF-Conj,300000,rare_002,4,rare,0.9362,0.3619,0,0,0.0032,0.0032,1.3013,0,0,0,0,0,0,12764,0,12764,39,177,1,1,20260711
E2,1,XEBFF-Conj,300000,rare_022,4,rare,1.2996,0.3618,0,0,0.0011,0.0011,1.6625,0,0,0,0,0,0,18164,0,18164,39,252,1,1,20260711
E2,1,XEBFF-Conj,300000,common_008,4,common,126.474,36.616,0,0,0.4617,0.4617,163.551,0,0,0,0,0,0,1728020,0,1728020,23629,24000,675,1,20260711
E2,1,XEBFF-Conj,300000,common_027,4,common,148.201,41.5587,0,0,13.8422,13.8422,203.602,0,0,0,0,0,0,2014220,0,2014220,810044,27975,23144,1,20260711
E2,1,XEBFF-Conj,300000,rare_019,4,rare,9.7679,2.9931,0,0,0.0091,0.0091,12.7701,0,0,0,0,0,0,119900,0,119900,74,1665,2,1,20260711
E2,1,XEBFF-Conj,300000,rare_011,4,rare,0.391,0.1072,0,0,0.0016,0.0016,0.4998,0,0,0,0,0,0,5132,0,5132,39,71,1,1,20260711
E2,1,XEBFF-Conj,300000,rare_021,4,rare,0.1209,0.0284,0,0,0.0009,0.0009,0.1502,0,0,0,0,0,0,1316,0,1316,39,18,1,1,20260711
E2,1,XEBFF-Conj,300000,rare_004,4,rare,0.0362,0.0034,0,0,0.0009,0.0009,0.0405,0,0,0,0,0,0,164,0,164,39,2,1,1,20260711
E2,1,XEBFF-Conj,300000,common_004,4,common,6.2667,1.8218,0,0,0.1834,0.1834,8.2719,0,0,0,0,0,0,86636,0,86636,10644,1203,304,1,20260711
E2,1,XEBFF-Conj,300000,rare_018,4,rare,0.0344,0.0023,0,0,0.0011,0.0011,0.0378,0,0,0,0,0,0,92,0,92,39,1,1,1,20260711
E2,1,XEBFF-Conj,300000,rare_012,4,rare,0.0353,0.0034,0,0,0.0008,0.0008,0.0395,0,0,0,0,0,0,164,0,164,39,2,1,1,20260711
E2,1,XEBFF-Conj,300000,common_023,4,common,33.1159,10.3022,0,0,1.3966,1.3966,44.8147,0,0,0,0,0,0,462188,0,462188,84599,6419,2417,1,20260711
E2,1,XEBFF-Conj,300000,rare_023,4,rare,0.1895,0.0429,0,0,0.0043,0.0043,0.2367,0,0,0,0,0,0,2036,0,2036,39,28,1,1,20260711
E2,1,XEBFF-Conj,300000,rare_025,4,rare,0.0614,0.0107,0,0,0.0009,0.0009,0.073,0,0,0,0,0,0,524,0,524,39,7,1,1,20260711
E2,1,XEBFF-Conj,300000,medium_009,4,medium,0.2616,0.0671,0,0,0.0008,0.0008,0.3295,0,0,0,0,0,0,3332,0,3332,39,46,1,1,20260711
E2,1,XEBFF-Conj,300000,rare_010,4,rare,0.2091,0.0537,0,0,0.0009,0.0009,0.2637,0,0,0,0,0,0,2612,0,2612,39,36,1,1,20260711
E2,1,XEBFF-Conj,300000,medium_013,4,medium,1.6444,0.4546,0,0,0.0022,0.0022,2.1012,0,0,0,0,0,0,22484,0,22484,74,312,2,1,20260711
E2,1,XEBFF-Conj,300000,common_005,4,common,6.2995,1.6402,0,0,0.0919,0.0919,8.0316,0,0,0,0,0,0,79436,0,79436,4764,1103,136,1,20260711
E2,1,XEBFF-Conj,300000,common_022,4,common,33.409,10.0128,0,0,1.9293,1.9293,45.3511,0,0,0,0,0,0,462188,0,462188,120474,6419,3442,1,20260711
E2,1,XEBFF-Conj,300000,rare_001,4,rare,0.9452,0.2588,0,0,0.0062,0.0062,1.2102,0,0,0,0,0,0,12764,0,12764,39,177,1,1,20260711
E2,1,XEBFF-Conj,300000,rare_008,4,rare,0.0416,0.0055,0,0,0.0017,0.0017,0.0488,0,0,0,0,0,0,236,0,236,74,3,2,1,20260711
E2,1,XEBFF-Conj,300000,medium_019,4,medium,2.3582,0.6669,0,0,0.0012,0.0012,3.0263,0,0,0,0,0,0,32780,0,32780,39,455,1,1,20260711
E2,1,XEBFF-Conj,300000,rare_003,4,rare,0.2444,0.0631,0,0,0.0008,0.0008,0.3083,0,0,0,0,0,0,3116,0,3116,39,43,1,1,20260711
E2,1,XEBFF-Conj,300000,medium_024,4,medium,4.3857,1.1674,0,0,0.0033,0.0033,5.5564,0,0,0,0,0,0,56756,0,56756,39,788,1,1,20260711
E2,1,Doris,300000,common_002,4,common,138.925,39.1104,0,0,1.0702,1.0702,179.105,0,0,0,0,0,0,1790012,0,1790012,57859,24861,1653,1,20260711
E2,1,Doris,300000,rare_009,4,rare,0.3321,0.0953,0,0,0.0038,0.0038,0.4312,0,0,0,0,0,0,4196,0,4196,39,58,1,1,20260711
E2,1,Doris,300000,medium_022,4,medium,2.1263,0.5504,0,0,0.0036,0.0036,2.6803,0,0,0,0,0,0,27596,0,27596,39,383,1,1,20260711
E2,1,Doris,300000,common_021,4,common,45.6911,13.2862,0,0,1.7204,1.7204,60.6977,0,0,0,0,0,0,593156,0,593156,105774,8238,3022,1,20260711
E2,1,Doris,300000,common_016,4,common,53.9988,15.6091,0,0,1.4548,1.4548,71.0627,0,0,0,0,0,0,710732,0,710732,77634,9871,2218,1,20260711
E2,1,Doris,300000,medium_023,4,medium,27.6816,8.0042,0,0,0.0087,0.0087,35.6945,0,0,0,0,0,0,364268,0,364268,74,5059,2,1,20260711
E2,1,Doris,300000,medium_000,4,medium,7.232,2.6072,0,0,0.0056,0.0056,9.8448,0,0,0,0,0,0,97940,0,97940,39,1360,1,1,20260711
E2,1,Doris,300000,medium_001,4,medium,17.3421,4.764,0,0,0.008,0.008,22.1141,0,0,0,0,0,0,227252,0,227252,74,3156,2,1,20260711
E2,1,Doris,300000,rare_020,4,rare,0.3715,0.1027,0,0,0.0016,0.0016,0.4758,0,0,0,0,0,0,4916,0,4916,39,68,1,1,20260711
E2,1,Doris,300000,common_013,4,common,16.5102,4.3327,0,0,0.2592,0.2592,21.1021,0,0,0,0,0,0,206228,0,206228,7284,2864,208,1,20260711
E2,1,Doris,300000,medium_018,4,medium,0.4357,0.12,0,0,0.0015,0.0015,0.5572,0,0,0,0,0,0,5708,0,5708,39,79,1,1,20260711
E2,1,Doris,300000,common_015,4,common,37.2089,10.6634,0,0,0.143,0.143,48.0153,0,0,0,0,0,0,492428,0,492428,7984,6839,228,1,20260711
E2,1,Doris,300000,rare_006,4,rare,0.0745,0.0168,0,0,0.0013,0.0013,0.0926,0,0,0,0,0,0,812,0,812,39,11,1,1,20260711
E2,1,Doris,300000,common_025,4,common,152.717,43.5922,0,0,8.4769,8.4769,204.786,0,0,0,0,0,0,2014220,0,2014220,512299,27975,14637,1,20260711
E2,1,Doris,300000,medium_020,4,medium,1.5762,0.4365,0,0,0.0059,0.0059,2.0186,0,0,0,0,0,0,20972,0,20972,39,291,1,1,20260711
E2,1,Doris,300000,medium_003,4,medium,0.3655,0.1014,0,0,0.0013,0.0013,0.4682,0,0,0,0,0,0,4916,0,4916,39,68,1,1,20260711
E2,1,Doris,300000,common_001,4,common,2.8174,0.7496,0,0,0.0937,0.0937,3.6607,0,0,0,0,0,0,35444,0,35444,5499,492,157,1,20260711
E2,1,Doris,300000,common_007,4,common,174.6,49.6391,0,0,0.8258,0.8258,225.065,0,0,0,0,0,0,2307404,0,2307404,47709,32047,1363,1,20260711
E2,1,Doris,300000,medium_010,4,medium,0.294,0.0744,0,0,0.0044,0.0044,0.3728,0,0,0,0,0,0,3548,0,3548,74,49,2,1,20260711
E2,1,Doris,300000,medium_011,4,medium,3.6585,0.9863,0,0,0.0041,0.0041,4.6489,0,0,0,0,0,0,47540,0,47540,74,660,2,1,20260711
E2,1,Doris,300000,common_014,4,common,5.1983,1.4789,0,0,0.1484,0.1484,6.8256,0,0,0,0,0,0,71372,0,71372,8649,991,247,1,20260711
E2,1,Doris,300000,medium_016,4,medium,0.0223,0.0034,0,0,0.0008,0.0008,0.0265,0,0,0,0,0,0,164,0,164,39,2,1,1,20260711
E2,1,Doris,300000,medium_021,4,medium,20.5782,5.8082,0,0,0.007,0.007,26.3934,0,0,0,0,0,0,269660,0,269660,39,3745,1,1,20260711
E2,1,Doris,300000,medium_007,4,medium,2.5426,0.7072,0,0,0.0029,0.0029,3.2527,0,0,0,0,0,0,34292,0,34292,39,476,1,1,20260711
E2,1,Doris,300000,rare_017,4,rare,0.7251,0.199,0,0,0.0013,0.0013,0.9254,0,0,0,0,0,0,9524,0,9524,39,132,1,1,20260711
E2,1,Doris,300000,medium_006,4,medium,0.1315,0.0346,0,0,0.0009,0.0009,0.167,0,0,0,0,0,0,1676,0,1676,39,23,1,1,20260711
E2,1,Doris,300000,medium_025,4,medium,0.1769,0.0481,0,0,0.0009,0.0009,0.2259,0,0,0,0,0,0,2252,0,2252,39,31,1,1,20260711
E2,1,Doris,300000,medium_008,4,medium,5.5375,1.4847,0,0,0.0051,0.0051,7.0273,0,0,0,0,0,0,70436,0,70436,39,978,1,1,20260711
E2,1,Doris,300000,rare_007,4,rare,0.2412,0.067,0,0,0.0013,0.0013,0.3095,0,0,0,0,0,0,3188,0,3188,39,44,1,1,20260711
E2,1,Doris,300000,medium_012,4,medium,0.0167,0.0018,0,0,0.0013,0.0013,0.0198,0,0,0,0,0,0,92,0,92,39,1,1,1,20260711
E2,1,Doris,300000,common_000,4,common,0.5317,0.1512,0,0,0.0571,0.0571,0.74,0,0,0,0,0,0,7148,0,7148,3294,99,94,1,20260711
E2,1,Doris,300000,rare_024,4,rare,16.5939,4.6581,0,0,0.01,0.01,21.262,0,0,0,0,0,0,221276,0,221276,144,3073,4,1,20260711
E2,1,Doris,300000,common_019,4,common,67.8234,19.2199,0,0,4.202,4.202,91.2453,0,0,0,0,0,0,879212,0,879212,267719,12211,7649,1,20260711
E2,1,Doris,300000,common_024,4,common,70.0607,19.9045,0,0,2.1779,2.1779,92.1431,0,0,0,0,0,0,913628,0,913628,134894,12689,3854,1,20260711
E2,1,Doris,300000,common_009,4,common,41.9906,12.2819,0,0,0.546,0.546,54.8185,0,0,0,0,0,0,555212,0,555212,29964,7711,856,1,20260711
E2,1,Doris,300000,rare_013,4,rare,0.3207,0.0871,0,0,0.0022,0.0022,0.41,0,0,0,0,0,0,4052,0,4052,39,56,1,1,20260711
E2,1,Doris,300000,common_020,4,common,94.3905,27.3646,0,0,1.0455,1.0455,122.801,0,0,0,0,0,0,1268444,0,1268444,60834,17617,1738,1,20260711
E2,1,Doris,300000,common_018,4,common,5.2238,1.8672,0,0,0.3823,0.3823,7.4733,0,0,0,0,0,0,71372,0,71372,23069,991,659,1,20260711
E2,1,Doris,300000,common_017,4,common,14.1525,4.1337,0,0,0.3551,0.3551,18.6413,0,0,0,0,0,0,189668,0,189668,17714,2634,506,1,20260711
E2,1,Doris,300000,common_012,4,common,44.4023,13.1537,0,0,2.0447,2.0447,59.6007,0,0,0,0,0,0,593156,0,593156,118199,8238,3377,1,20260711
E2,1,Doris,300000,rare_014,4,rare,0.1693,0.0426,0,0,0.0032,0.0032,0.2151,0,0,0,0,0,0,1964,0,1964,39,27,1,1,20260711
E2,1,Doris,300000,medium_004,4,medium,0.3898,0.1088,0,0,0.0012,0.0012,0.4998,0,0,0,0,0,0,5204,0,5204,39,72,1,1,20260711
E2,1,Doris,300000,common_010,4,common,128.606,38.2307,0,0,1.8291,1.8291,168.665,0,0,0,0,0,0,1666316,0,1666316,108189,23143,3091,1,20260711
E2,1,Doris,300000,rare_015,4,rare,0.0966,0.0259,0,0,0.0029,0.0029,0.1254,0,0,0,0,0,0,956,0,956,39,13,1,1,20260711
E2,1,Doris,300000,rare_000,4,rare,0.0306,0.0067,0,0,0.0012,0.0012,0.0385,0,0,0,0,0,0,308,0,308,39,4,1,1,20260711
E2,1,Doris,300000,medium_005,4,medium,4.6999,1.3996,0,0,0.0017,0.0017,6.1012,0,0,0,0,0,0,64028,0,64028,39,889,1,1,20260711
E2,1,Doris,300000,medium_017,4,medium,0.7705,0.2257,0,0,0.001,0.001,0.9972,0,0,0,0,0,0,10316,0,10316,39,143,1,1,20260711
E2,1,Doris,300000,common_006,4,common,59.8781,18.8782,0,0,0.2746,0.2746,79.0309,0,0,0,0,0,0,790652,0,790652,9979,10981,285,1,20260711
E2,1,Doris,300000,medium_014,4,medium,8.008,2.2851,0,0,0.0074,0.0074,10.3005,0,0,0,0,0,0,108668,0,108668,179,1509,5,1,20260711
E2,1,Doris,300000,medium_015,4,medium,1.2985,0.3669,0,0,0.002,0.002,1.6674,0,0,0,0,0,0,17660,0,17660,39,245,1,1,20260711
E2,1,Doris,300000,common_011,4,common,34.7192,10.0797,0,0,0.2729,0.2729,45.0718,0,0,0,0,0,0,462188,0,462188,15404,6419,440,1,20260711
E2,1,Doris,300000,rare_005,4,rare,0.7901,0.2207,0,0,0.0018,0.0018,1.0126,0,0,0,0,0,0,10604,0,10604,39,147,1,1,20260711
E2,1,Doris,300000,medium_002,4,medium,1.6999,0.4927,0,0,0.0045,0.0045,2.1971,0,0,0,0,0,0,19676,0,19676,39,273,1,1,20260711
E2,1,Doris,300000,rare_016,4,rare,17.3291,5.035,0,0,0.0096,0.0096,22.3737,0,0,0,0,0,0,232580,0,232580,144,3230,4,1,20260711
E2,1,Doris,300000,common_026,4,common,34.5043,10.808,0,0,2.7648,2.7648,48.0771,0,0,0,0,0,0,462188,0,462188,175739,6419,5021,1,20260711
E2,1,Doris,300000,common_003,4,common,38.5678,11.5942,0,0,0.1715,0.1715,50.3335,0,0,0,0,0,0,518924,0,518924,8509,7207,243,1,20260711
E2,1,Doris,300000,rare_002,4,rare,0.9579,0.3226,0,0,0.0038,0.0038,1.2843,0,0,0,0,0,0,12764,0,12764,39,177,1,1,20260711
E2,1,Doris,300000,rare_022,4,rare,1.3258,0.4875,0,0,0.0016,0.0016,1.8149,0,0,0,0,0,0,18164,0,18164,39,252,1,1,20260711
E2,1,Doris,300000,common_008,4,common,128.507,37.6592,0,0,0.4392,0.4392,166.606,0,0,0,0,0,0,1728020,0,1728020,23629,24000,675,1,20260711
E2,1,Doris,300000,common_027,4,common,153.49,43.1227,0,0,13.2879,13.2879,209.901,0,0,0,0,0,0,2014220,0,2014220,810044,27975,23144,1,20260711
E2,1,Doris,300000,rare_019,4,rare,9.0799,2.8191,0,0,0.0091,0.0091,11.9081,0,0,0,0,0,0,119900,0,119900,74,1665,2,1,20260711
E2,1,Doris,300000,rare_011,4,rare,0.3885,0.1161,0,0,0.0013,0.0013,0.5059,0,0,0,0,0,0,5132,0,5132,39,71,1,1,20260711
E2,1,Doris,300000,rare_021,4,rare,0.1049,0.0309,0,0,0.001,0.001,0.1368,0,0,0,0,0,0,1316,0,1316,39,18,1,1,20260711
E2,1,Doris,300000,rare_004,4,rare,0.0204,0.0037,0,0,0.0008,0.0008,0.0249,0,0,0,0,0,0,164,0,164,39,2,1,1,20260711
E2,1,Doris,300000,common_004,4,common,6.3481,1.8721,0,0,0.1814,0.1814,8.4016,0,0,0,0,0,0,86636,0,86636,10644,1203,304,1,20260711
E2,1,Doris,300000,rare_018,4,rare,0.0186,0.0021,0,0,0.0009,0.0009,0.0216,0,0,0,0,0,0,92,0,92,39,1,1,1,20260711
E2,1,Doris,300000,rare_012,4,rare,0.0192,0.0033,0,0,0.0008,0.0008,0.0233,0,0,0,0,0,0,164,0,164,39,2,1,1,20260711
E2,1,Doris,300000,common_023,4,common,34.6485,10.4988,0,0,1.3687,1.3687,46.516,0,0,0,0,0,0,462188,0,462188,84599,6419,2417,1,20260711
E2,1,Doris,300000,rare_023,4,rare,0.1938,0.0444,0,0,0.0055,0.0055,0.2437,0,0,0,0,0,0,2036,0,2036,39,28,1,1,20260711
E2,1,Doris,300000,rare_025,4,rare,0.0466,0.0113,0,0,0.0009,0.0009,0.0588,0,0,0,0,0,0,524,0,524,39,7,1,1,20260711
E2,1,Doris,300000,medium_009,4,medium,0.2535,0.0697,0,0,0.0009,0.0009,0.3241,0,0,0,0,0,0,3332,0,3332,39,46,1,1,20260711
E2,1,Doris,300000,rare_010,4,rare,0.1985,0.0544,0,0,0.0009,0.0009,0.2538,0,0,0,0,0,0,2612,0,2612,39,36,1,1,20260711
E2,1,Doris,300000,medium_013,4,medium,1.6522,0.6119,0,0,0.0031,0.0031,2.2672,0,0,0,0,0,0,22484,0,22484,74,312,2,1,20260711
E2,1,Doris,300000,common_005,4,common,5.9129,1.8014,0,0,0.0909,0.0909,7.8052,0,0,0,0,0,0,79436,0,79436,4764,1103,136,1,20260711
E2,1,Doris,300000,common_022,4,common,34.7076,13.045,0,0,1.9337,1.9337,49.6863,0,0,0,0,0,0,462188,0,462188,120474,6419,3442,1,20260711
E2,1,Doris,300000,rare_001,4,rare,0.9623,0.2681,0,0,0.0046,0.0046,1.235,0,0,0,0,0,0,12764,0,12764,39,177,1,1,20260711
E2,1,Doris,300000,rare_008,4,rare,0.0258,0.0052,0,0,0.0015,0.0015,0.0325,0,0,0,0,0,0,236,0,236,74,3,2,1,20260711
E2,1,Doris,300000,medium_019,4,medium,2.5599,0.6871,0,0,0.0018,0.0018,3.2488,0,0,0,0,0,0,32780,0,32780,39,455,1,1,20260711
E2,1,Doris,300000,rare_003,4,rare,0.2351,0.0642,0,0,0.0011,0.0011,0.3004,0,0,0,0,0,0,3116,0,3116,39,43,1,1,20260711
E2,1,Doris,300000,medium_024,4,medium,4.1803,1.2013,0,0,0.0034,0.0034,5.385,0,0,0,0,0,0,56756,0,56756,39,788,1,1,20260711
E2,1,Ren,300000,common_002,4,common,0.0135,38.9404,0,0,0.9131,0.9131,39.867,0,0,0,0,0,0,228,0,228,64475,24861,1653,1,20260711
E2,1,Ren,300000,rare_009,4,rare,0.0461,0.0849,0,0.0001,0.0027,0.0027,0.1337,0,0,0,0,0,0,228,0,228,47,58,1,1,20260711
E2,1,Ren,300000,medium_022,4,medium,0.0152,0.7392,0,0,0.0017,0.0017,0.7561,0,0,0,0,0,0,228,0,228,47,383,1,1,20260711
E2,1,Ren,300000,common_021,4,common,0.0151,21.4729,0,0,1.6582,1.6582,23.1462,0,0,0,0,0,0,228,0,228,117866,8238,3022,1,20260711
E2,1,Ren,300000,common_016,4,common,0.0196,16.1071,0,0,1.2243,1.2243,17.351,0,0,0,0,0,0,228,0,228,86510,9871,2218,1,20260711
E2,1,Ren,300000,medium_023,4,medium,0.0188,5.1737,0,0.0001,0.004,0.004,5.1965,0,0,0,0,0,0,228,0,228,86,5059,2,1,20260711
E2,1,Ren,300000,medium_000,4,medium,0.0155,1.4029,0,0,0.001,0.001,1.4194,0,0,0,0,0,0,228,0,228,47,1360,1,1,20260711
E2,1,Ren,300000,medium_001,4,medium,0.014,3.5776,0,0,0.0058,0.0058,3.5974,0,0,0,0,0,0,228,0,228,86,3156,2,1,20260711
E2,1,Ren,300000,rare_020,4,rare,0.0163,0.0734,0,0,0.0009,0.0009,0.0906,0,0,0,0,0,0,228,0,228,47,68,1,1,20260711
E2,1,Ren,300000,common_013,4,common,0.0136,4.5829,0,0,0.1167,0.1167,4.7132,0,0,0,0,0,0,228,0,228,8120,2864,208,1,20260711
E2,1,Ren,300000,medium_018,4,medium,0.0155,0.1033,0,0,0.0009,0.0009,0.1197,0,0,0,0,0,0,228,0,228,47,79,1,1,20260711
E2,1,Ren,300000,common_015,4,common,0.0137,7.8614,0,0,0.1613,0.1613,8.0364,0,0,0,0,0,0,228,0,228,8900,6839,228,1,20260711
E2,1,Ren,300000,rare_006,4,rare,0.0163,0.0201,0,0,0.0008,0.0008,0.0372,0,0,0,0,0,0,228,0,228,47,11,1,1,20260711
E2,1,Ren,300000,common_025,4,common,0.0137,76.4914,0,0,8.2906,8.2906,84.7957,0,0,0,0,0,0,228,0,228,570851,27975,14637,1,20260711
E2,1,Ren,300000,medium_020,4,medium,0.0271,0.341,0,0.0001,0.0074,0.0074,0.3755,0,0,0,0,0,0,228,0,228,47,291,1,1,20260711
E2,1,Ren,300000,medium_003,4,medium,0.014,0.0911,0,0,0.0009,0.0009,0.106,0,0,0,0,0,0,228,0,228,47,68,1,1,20260711
E2,1,Ren,300000,common_001,4,common,0.0138,0.8694,0,0,0.0869,0.0869,0.9701,0,0,0,0,0,0,228,0,228,6131,492,157,1,20260711
E2,1,Ren,300000,common_007,4,common,0.0143,43.4817,0,0,0.7468,0.7468,44.2428,0,0,0,0,0,0,228,0,228,53165,32047,1363,1,20260711
E2,1,Ren,300000,medium_010,4,medium,0.0206,0.0573,0,0.0001,0.0017,0.0017,0.0796,0,0,0,0,0,0,228,0,228,86,49,2,1,20260711
E2,1,Ren,300000,medium_011,4,medium,0.0144,0.7828,0,0,0.0015,0.0015,0.7987,0,0,0,0,0,0,228,0,228,86,660,2,1,20260711
E2,1,Ren,300000,common_014,4,common,0.0139,2.7942,0,0,0.1371,0.1371,2.9452,0,0,0,0,0,0,228,0,228,9641,991,247,1,20260711
E2,1,Ren,300000,medium_016,4,medium,0.0143,0.0047,0,0,0.0008,0.0008,0.0198,0,0,0,0,0,0,228,0,228,47,2,1,1,20260711
E2,1,Ren,300000,medium_021,4,medium,0.0137,3.9594,0,0,0.0029,0.0029,3.976,0,0,0,0,0,0,228,0,228,47,3745,1,1,20260711
E2,1,Ren,300000,medium_007,4,medium,0.0157,0.5514,0,0,0.001,0.001,0.5681,0,0,0,0,0,0,228,0,228,47,476,1,1,20260711
E2,1,Ren,300000,rare_017,4,rare,0.0138,0.1568,0,0.0001,0.0012,0.0012,0.1718,0,0,0,0,0,0,228,0,228,47,132,1,1,20260711
E2,1,Ren,300000,medium_006,4,medium,0.014,0.0261,0,0.0001,0.0008,0.0008,0.0409,0,0,0,0,0,0,228,0,228,47,23,1,1,20260711
E2,1,Ren,300000,medium_025,4,medium,0.0142,0.0343,0,0,0.0009,0.0009,0.0494,0,0,0,0,0,0,228,0,228,47,31,1,1,20260711
E2,1,Ren,300000,medium_008,4,medium,0.0134,1.1517,0,0,0.001,0.001,1.1661,0,0,0,0,0,0,228,0,228,47,978,1,1,20260711
E2,1,Ren,300000,rare_007,4,rare,0.0138,0.0657,0,0,0.0008,0.0008,0.0803,0,0,0,0,0,0,228,0,228,47,44,1,1,20260711
E2,1,Ren,300000,medium_012,4,medium,0.0138,0.0039,0,0,0.0008,0.0008,0.0185,0,0,0,0,0,0,228,0,228,47,1,1,1,20260711
E2,1,Ren,300000,common_000,4,common,0.0148,0.3088,0,0.0001,0.0526,0.0526,0.3762,0,0,0,0,0,0,228,0,228,3674,99,94,1,20260711
E2,1,Ren,300000,rare_024,4,rare,0.0137,3.8718,0,0,0.0038,0.0038,3.8893,0,0,0,0,0,0,228,0,228,164,3073,4,1,20260711
E2,1,Ren,300000,common_019,4,common,0.0149,31.0031,0,0,4.1698,4.1698,35.1878,0,0,0,0,0,0,228,0,228,298319,12211,7649,1,20260711
E2,1,Ren,300000,common_024,4,common,0.0248,27.0037,0,0,2.0944,2.0944,29.1229,0,0,0,0,0,0,228,0,228,150314,12689,3854,1,20260711
E2,1,Ren,300000,common_009,4,common,0.0234,10.367,0,0,0.4677,0.4677,10.8581,0,0,0,0,0,0,228,0,228,33392,7711,856,1,20260711
E2,1,Ren,300000,rare_013,4,rare,0.0224,0.0969,0,0,0.0018,0.0018,0.1211,0,0,0,0,0,0,228,0,228,47,56,1,1,20260711
E2,1,Ren,300000,common_020,4,common,0.0148,22.0099,0,0,0.9443,0.9443,22.969,0,0,0,0,0,0,228,0,228,67790,17617,1738,1,20260711
E2,1,Ren,300000,common_018,4,common,0.0186,2.8922,0,0.0001,0.3676,0.3676,3.2784,0,0,0,0,0,0,228,0,228,25709,991,659,1,20260711
E2,1,Ren,300000,common_017,4,common,0.0166,5.4469,0,0,0.2791,0.2791,5.7426,0,0,0,0,0,0,228,0,228,19742,2634,506,1,20260711
E2,1,Ren,300000,common_012,4,common,0.0156,18.5976,0,0,1.8825,1.8825,20.4957,0,0,0,0,0,0,228,0,228,131711,8238,3377,1,20260711
E2,1,Ren,300000,rare_014,4,rare,0.0237,0.0329,0,0.0001,0.0014,0.0014,0.058,0,0,0,0,0,0,228,0,228,47,27,1,1,20260711
E2,1,Ren,300000,medium_004,4,medium,0.0139,0.0778,0,0,0.0008,0.0008,0.0925,0,0,0,0,0,0,228,0,228,47,72,1,1,20260711
E2,1,Ren,300000,common_010,4,common,0.0137,55.4022,0,0,1.6983,1.6983,57.1142,0,0,0,0,0,0,228,0,228,120557,23143,3091,1,20260711
E2,1,Ren,300000,rare_015,4,rare,0.0209,0.0185,0,0,0.0012,0.0012,0.0406,0,0,0,0,0,0,228,0,228,47,13,1,1,20260711
E2,1,Ren,300000,rare_000,4,rare,0.0143,0.007,0,0,0.0008,0.0008,0.0221,0,0,0,0,0,0,228,0,228,47,4,1,1,20260711
E2,1,Ren,300000,medium_005,4,medium,0.0137,0.9495,0,0,0.0011,0.0011,0.9643,0,0,0,0,0,0,228,0,228,47,889,1,1,20260711
E2,1,Ren,300000,medium_017,4,medium,0.0154,0.1572,0,0,0.0008,0.0008,0.1734,0,0,0,0,0,0,228,0,228,47,143,1,1,20260711
E2,1,Ren,300000,common_006,4,common,0.0135,13.7689,0,0,0.1598,0.1598,13.9422,0,0,0,0,0,0,228,0,228,11123,10981,285,1,20260711
E2,1,Ren,300000,medium_014,4,medium,0.0185,1.664,0,0,0.0034,0.0034,1.6859,0,0,0,0,0,0,228,0,228,203,1509,5,1,20260711
E2,1,Ren,300000,medium_015,4,medium,0.0144,0.2754,0,0,0.0008,0.0008,0.2906,0,0,0,0,0,0,228,0,228,47,245,1,1,20260711
E2,1,Ren,300000,common_011,4,common,0.0137,17.7888,0,0,0.2431,0.2431,18.0456,0,0,0,0,0,0,228,0,228,17168,6419,440,1,20260711
E2,1,Ren,300000,rare_005,4,rare,0.0179,0.1566,0,0.0001,0.0009,0.0009,0.1754,0,0,0,0,0,0,228,0,228,47,147,1,1,20260711
E2,1,Ren,300000,medium_002,4,medium,0.0139,0.2775,0,0,0.0008,0.0008,0.2922,0,0,0,0,0,0,228,0,228,47,273,1,1,20260711
E2,1,Ren,300000,rare_016,4,rare,0.0139,4.0483,0,0,0.0074,0.0074,4.0696,0,0,0,0,0,0,228,0,228,164,3230,4,1,20260711
E2,1,Ren,300000,common_026,4,common,0.0176,18.4607,0,0,2.7398,2.7398,21.2181,0,0,0,0,0,0,228,0,228,195827,6419,5021,1,20260711
E2,1,Ren,300000,common_003,4,common,0.0217,8.8992,0,0,0.1403,0.1403,9.0612,0,0,0,0,0,0,228,0,228,9485,7207,243,1,20260711
E2,1,Ren,300000,rare_002,4,rare,0.019,0.2293,0,0,0.0018,0.0018,0.2501,0,0,0,0,0,0,228,0,228,47,177,1,1,20260711
E2,1,Ren,300000,rare_022,4,rare,0.0148,0.3039,0,0.0001,0.0009,0.0009,0.3196,0,0,0,0,0,0,228,0,228,47,252,1,1,20260711
E2,1,Ren,300000,common_008,4,common,0.0137,26.1694,0,0.0001,0.5751,0.5751,26.7582,0,0,0,0,0,0,228,0,228,26333,24000,675,1,20260711
E2,1,Ren,300000,common_027,4,common,0.0752,86.493,0,0,12.9161,12.9161,99.4843,0,0,0,0,0,0,228,0,228,902624,27975,23144,1,20260711
E2,1,Ren,300000,rare_019,4,rare,0.033,1.9116,0,0.0001,0.008,0.008,1.9526,0,0,0,0,0,0,228,0,228,86,1665,2,1,20260711
E2,1,Ren,300000,rare_011,4,rare,0.0144,0.0785,0,0,0.0008,0.0008,0.0937,0,0,0,0,0,0,228,0,228,47,71,1,1,20260711
E2,1,Ren,300000,rare_021,4,rare,0.0149,0.0227,0,0,0.0011,0.0011,0.0387,0,0,0,0,0,0,228,0,228,47,18,1,1,20260711
E2,1,Ren,300000,rare_004,4,rare,0.0138,0.0048,0,0,0.0009,0.0009,0.0195,0,0,0,0,0,0,228,0,228,47,2,1,1,20260711
E2,1,Ren,300000,common_004,4,common,0.0138,3.0478,0,0,0.1847,0.1847,3.2463,0,0,0,0,0,0,228,0,228,11864,1203,304,1,20260711
E2,1,Ren,300000,rare_018,4,rare,0.0168,0.0038,0,0,0.0008,0.0008,0.0214,0,0,0,0,0,0,228,0,228,47,1,1,1,20260711
E2,1,Ren,300000,rare_012,4,rare,0.0139,0.005,0,0,0.0008,0.0008,0.0197,0,0,0,0,0,0,228,0,228,47,2,1,1,20260711
E2,1,Ren,300000,common_023,4,common,0.0139,18.5894,0,0,1.5797,1.5797,20.183,0,0,0,0,0,0,228,0,228,94271,6419,2417,1,20260711
E2,1,Ren,300000,rare_023,4,rare,0.0199,0.0339,0,0.0001,0.0014,0.0014,0.0552,0,0,0,0,0,0,228,0,228,47,28,1,1,20260711
E2,1,Ren,300000,rare_025,4,rare,0.0141,0.0159,0,0,0.0009,0.0009,0.0309,0,0,0,0,0,0,228,0,228,47,7,1,1,20260711
E2,1,Ren,300000,medium_009,4,medium,0.0136,0.0526,0,0,0.0008,0.0008,0.067,0,0,0,0,0,0,228,0,228,47,46,1,1,20260711
E2,1,Ren,300000,rare_010,4,rare,0.0136,0.0411,0,0.0001,0.0008,0.0008,0.0555,0,0,0,0,0,0,228,0,228,47,36,1,1,20260711
E2,1,Ren,300000,medium_013,4,medium,0.0135,0.3397,0,0.0001,0.0013,0.0013,0.3545,0,0,0,0,0,0,228,0,228,86,312,2,1,20260711
E2,1,Ren,300000,common_005,4,common,0.0136,1.8726,0,0,0.0754,0.0754,1.9616,0,0,0,0,0,0,228,0,228,5312,1103,136,1,20260711
E2,1,Ren,300000,common_022,4,common,0.0145,17.7552,0,0,1.8771,1.8771,19.6468,0,0,0,0,0,0,228,0,228,134246,6419,3442,1,20260711
E2,1,Ren,300000,rare_001,4,rare,0.0185,0.1855,0,0,0.0018,0.0018,0.2058,0,0,0,0,0,0,228,0,228,47,177,1,1,20260711
E2,1,Ren,300000,rare_008,4,rare,0.0141,0.0096,0,0,0.0014,0.0014,0.0251,0,0,0,0,0,0,228,0,228,86,3,2,1,20260711
E2,1,Ren,300000,medium_019,4,medium,0.0137,0.4785,0,0,0.0009,0.0009,0.4931,0,0,0,0,0,0,228,0,228,47,455,1,1,20260711
E2,1,Ren,300000,rare_003,4,rare,0.0141,0.0476,0,0,0.0008,0.0008,0.0625,0,0,0,0,0,0,228,0,228,47,43,1,1,20260711
E2,1,Ren,300000,medium_024,4,medium,0.0136,1.0938,0,0,0.0036,0.0036,1.111,0,0,0,0,0,0,228,0,228,47,788,1,1,20260711
E2,1,SliceBF,300000,common_003,5,common,0.0485,0.2544,3.3964,0.3477,1.226,4.9701,5.273,2,300672,0,0,270,17280,1000,10733184,2080,11033856,279,279,1,20260711
E2,1,SliceBF,300000,common_017,5,common,0.0497,0.3424,3.7856,0.3608,5.7734,9.9198,10.3119,2,300672,0,0,604,38656,1000,29654272,3416,29954944,936,936,1,20260711
E2,1,SliceBF,300000,common_008,5,common,0.0519,0.1914,4.6733,0.3465,0.2884,5.3082,5.5515,2,300672,0,0,65,4160,1000,2183872,1260,2484544,67,67,1,20260711
E2,1,SliceBF,300000,rare_020,5,rare,0.0487,0.1731,2.6131,0.3416,0.011,2.9657,3.1875,2,300672,0,0,1,64,1000,17088,1004,317760,1,1,1,20260711
E2,1,SliceBF,300000,common_027,5,common,0.0475,0.5374,3.2701,0.363,6.193,9.8261,10.411,2,300672,0,0,1339,85696,1000,44196416,6356,44497088,1656,1656,1,20260711
E2,1,SliceBF,300000,rare_012,5,rare,0.0538,0.1696,2.6925,0.3418,0.0168,3.0511,3.2745,2,300672,0,0,1,64,1000,41664,1004,342336,1,1,1,20260711
E2,1,SliceBF,300000,rare_002,5,rare,0.0476,0.1732,2.9356,0.3979,0.0155,3.349,3.5698,2,300672,0,0,1,64,1000,41664,1004,342336,1,1,1,20260711
E2,1,SliceBF,300000,common_007,5,common,0.0617,0.2044,2.6722,0.3444,0.1562,3.1728,3.4389,2,300672,0,0,33,2112,1000,1243840,1132,1544512,33,33,1,20260711
E2,1,SliceBF,300000,medium_017,5,medium,0.0474,0.3432,2.5246,0.3415,0.0115,2.8776,3.2682,2,300672,0,0,1,64,1000,25280,1004,325952,1,1,1,20260711
E2,1,SliceBF,300000,medium_011,5,medium,0.0472,0.1663,3.6326,0.3416,0.0115,3.9857,4.1992,2,300672,0,0,1,64,1000,25280,1004,325952,1,1,1,20260711
E2,1,SliceBF,300000,medium_018,5,medium,0.0473,0.1681,2.659,0.3435,0.0118,3.0143,3.2297,2,300672,0,0,1,64,1000,25280,1004,325952,1,1,1,20260711
E2,1,SliceBF,300000,common_010,5,common,0.0475,0.1959,3.0136,0.3439,0.4054,3.7629,4.0063,2,300672,0,0,98,6272,1000,3198336,1392,3499008,101,101,1,20260711
E2,1,SliceBF,300000,rare_004,5,rare,0.0487,0.1695,3.9558,0.3418,0.019,4.3166,4.5348,2,300672,0,0,1,64,1000,25280,1004,325952,1,1,1,20260711
E2,1,SliceBF,300000,medium_003,5,medium,0.0483,0.1729,2.9515,0.3416,0.0132,3.3063,3.5275,2,300672,0,0,1,64,1000,41664,1004,342336,1,1,1,20260711
E2,1,SliceBF,300000,medium_010,5,medium,0.0479,0.1669,3.9887,0.4282,0.052,4.4689,4.6837,2,300672,0,0,1,64,1000,41664,1004,342336,1,1,1,20260711
E2,1,SliceBF,300000,common_011,5,common,0.0568,0.354,3.3286,0.3467,0.956,4.6313,5.0421,2,300672,0,0,167,10688,1000,8497984,1668,8798656,177,177,1,20260711
E2,1,SliceBF,300000,medium_020,5,medium,0.0484,0.1659,3.6525,0.342,0.0116,4.0061,4.2204,2,300672,0,0,1,64,1000,25280,1004,325952,1,1,1,20260711
E2,1,SliceBF,300000,rare_018,5,rare,0.0477,0.1679,3.436,0.3416,0.0132,3.7908,4.0064,2,300672,0,0,1,64,1000,25280,1004,325952,1,1,1,20260711
E2,1,SliceBF,300000,rare_017,5,rare,0.0472,0.168,4.1703,0.3648,0.0176,4.5527,4.7679,2,300672,0,0,1,64,1000,17088,1004,317760,1,1,1,20260711
E2,1,SliceBF,300000,common_026,5,common,0.0487,0.2895,4.2829,0.3463,1.1145,5.7437,6.0819,2,300672,0,0,259,16576,1000,9644096,2036,9944768,266,266,1,20260711
E2,1,SliceBF,300000,common_021,5,common,0.0485,0.3206,3.3746,0.3542,2.464,6.1928,6.5619,2,300672,0,0,518,33152,1000,19558528,3072,19859200,558,558,1,20260711
E2,1,SliceBF,300000,rare_010,5,rare,0.0512,0.1756,2.6315,0.3425,0.0159,2.9899,3.2167,2,300672,0,0,1,64,1000,41664,1004,342336,1,1,1,20260711
E2,1,SliceBF,300000,common_015,5,common,0.0519,0.1909,3.1914,0.3434,0.239,3.7738,4.0166,2,300672,0,0,68,4352,1000,1719040,1272,2019712,69,69,1,20260711
E2,1,SliceBF,300000,medium_001,5,medium,0.05,0.1765,2.6836,0.343,0.0129,3.0395,3.266,2,300672,0,0,1,64,1000,41664,1004,342336,1,1,1,20260711
E2,1,SliceBF,300000,common_012,5,common,0.0481,0.2142,3.3553,0.3464,0.5704,4.2721,4.5344,2,300672,0,0,134,8576,1000,4812928,1536,5113600,135,135,1,20260711
E2,1,SliceBF,300000,rare_021,5,rare,0.0713,0.3879,2.8518,0.3421,0.0197,3.2136,3.6728,2,300672,0,0,1,64,1000,41664,1004,342336,1,1,1,20260711
E2,1,SliceBF,300000,rare_016,5,rare,0.049,0.1728,2.9391,0.3421,0.0234,3.3046,3.5264,2,300672,0,0,1,64,1000,41664,1004,342336,1,1,1,20260711
E2,1,SliceBF,300000,medium_002,5,medium,0.049,0.1737,2.7164,0.3416,0.0135,3.0715,3.2942,2,300672,0,0,1,64,1000,41664,1004,342336,1,1,1,20260711
E2,1,SliceBF,300000,rare_019,5,rare,0.0479,0.1733,3.8172,0.3434,0.0244,4.185,4.4062,2,300672,0,0,2,128,1000,83328,1008,384000,2,2,1,20260711
E2,1,SliceBF,300000,rare_003,5,rare,0.0488,0.1719,3.8415,0.3417,0.0173,4.2005,4.4212,2,300672,0,0,1,64,1000,25280,1004,325952,1,1,1,20260711
E2,1,SliceBF,300000,rare_000,5,rare,0.0491,0.1718,3.0961,0.3436,0.0154,3.4551,3.676,2,300672,0,0,1,64,1000,25280,1004,325952,1,1,1,20260711
E2,1,SliceBF,300000,rare_022,5,rare,0.0485,0.1718,4.5636,0.342,0.0188,4.9244,5.1447,2,300672,0,0,2,128,1000,66944,1008,367616,2,2,1,20260711
E2,1,SliceBF,300000,common_024,5,common,0.0478,0.4654,3.6295,0.4291,4.6633,8.7219,9.2351,2,300672,0,0,998,63872,1000,35944576,4992,36245248,1131,1131,1,20260711
E2,1,SliceBF,300000,rare_023,5,rare,0.052,0.171,3.8375,0.3418,0.0119,4.1912,4.4142,2,300672,0,0,1,64,1000,25280,1004,325952,1,1,1,20260711
E2,1,SliceBF,300000,common_020,5,common,0.0476,0.6138,5.0715,0.6779,6.5732,12.3226,12.984,2,300672,0,0,1296,82944,1000,49622016,6184,49922688,1549,1549,1,20260711
E2,1,SliceBF,300000,medium_006,5,medium,0.0516,0.1731,2.7045,0.3425,0.0198,3.0668,3.2915,2,300672,0,0,2,128,1000,83328,1008,384000,2,2,1,20260711
E2,1,SliceBF,300000,medium_012,5,medium,0.0489,0.1655,4.3117,0.346,0.0178,4.6755,4.8899,2,300672,0,0,1,64,1000,25280,1004,325952,1,1,1,20260711
E2,1,SliceBF,300000,common_025,5,common,0.0482,0.2251,3.0219,0.3465,0.7048,4.0732,4.3465,2,300672,0,0,187,11968,1000,5333568,1748,5634240,189,189,1,20260711
E2,1,SliceBF,300000,common_000,5,common,0.0475,0.2604,4.1788,0.3523,3.4658,7.9969,8.3048,2,300672,0,0,341,21824,1000,19204544,2364,19505216,598,598,1,20260711
E2,1,SliceBF,300000,medium_024,5,medium,0.0481,0.1726,2.7992,0.344,0.0147,3.1579,3.3786,2,300672,0,0,1,64,1000,25280,1004,325952,1,1,1,20260711
E2,1,SliceBF,300000,rare_005,5,rare,0.0485,0.1664,3.0348,0.3417,0.0173,3.3938,3.6087,2,300672,0,0,1,64,1000,41664,1004,342336,1,1,1,20260711
E2,1,SliceBF,300000,medium_023,5,medium,0.0485,0.1715,3.1512,0.3416,0.0142,3.507,3.727,2,300672,0,0,1,64,1000,41664,1004,342336,1,1,1,20260711
E2,1,SliceBF,300000,medium_009,5,medium,0.0478,0.1681,3.3203,0.3417,0.0112,3.6732,3.8891,2,300672,0,0,1,64,1000,25280,1004,325952,1,1,1,20260711
E2,1,SliceBF,300000,rare_008,5,rare,0.0476,0.168,2.5939,0.3416,0.0116,2.9471,3.1627,2,300672,0,0,1,64,1000,25280,1004,325952,1,1,1,20260711
E2,1,SliceBF,300000,rare_009,5,rare,0.0475,0.1677,2.9541,0.3459,0.0146,3.3146,3.5298,2,300672,0,0,1,64,1000,41664,1004,342336,1,1,1,20260711
E2,1,SliceBF,300000,medium_013,5,medium,0.0481,0.1705,3.3582,0.3444,0.0122,3.7148,3.9334,2,300672,0,0,1,64,1000,41664,1004,342336,1,1,1,20260711
E2,1,SliceBF,300000,medium_007,5,medium,0.0476,0.167,3.65,0.3417,0.0115,4.0032,4.2178,2,300672,0,0,1,64,1000,25280,1004,325952,1,1,1,20260711
E2,1,SliceBF,300000,medium_005,5,medium,0.0471,0.1681,2.8705,0.3415,0.0119,3.2239,3.4391,2,300672,0,0,1,64,1000,41664,1004,342336,1,1,1,20260711
E2,1,SliceBF,300000,rare_013,5,rare,0.1888,0.2107,2.7021,0.3421,0.0155,3.0597,3.4592,2,300672,0,0,1,64,1000,41664,1004,342336,1,1,1,20260711
E2,1,SliceBF,300000,medium_021,5,medium,0.049,0.1714,2.8111,0.3416,0.0141,3.1668,3.3872,2,300672,0,0,1,64,1000,25280,1004,325952,1,1,1,20260711
E2,1,SliceBF,300000,common_014,5,common,0.0477,0.2777,3.052,0.3462,0.8159,4.2141,4.5395,2,300672,0,0,208,13312,1000,6216704,1832,6517376,222,222,1,20260711
E2,1,SliceBF,300000,common_009,5,common,0.0494,0.7689,4.3467,0.3663,9.0934,13.8064,14.6247,2,300672,0,0,1596,102144,1000,65758464,7384,66059136,2122,2122,1,20260711
E2,1,SliceBF,300000,medium_000,5,medium,0.0542,0.1721,3.3983,0.4113,0.0251,3.8347,4.061,2,300672,0,0,1,64,1000,25280,1004,325952,1,1,1,20260711
E2,1,SliceBF,300000,common_006,5,common,0.0488,0.2175,4.3309,0.3454,0.7087,5.385,5.6513,2,300672,0,0,140,8960,1000,6095104,1560,6395776,143,143,1,20260711
E2,1,SliceBF,300000,rare_001,5,rare,0.0496,0.1668,3.6379,0.3422,0.0174,3.9975,4.2139,2,300672,0,0,1,64,1000,25280,1004,325952,1,1,1,20260711
E2,1,SliceBF,300000,common_005,5,common,0.0476,0.5757,3.0097,0.4509,11.2212,14.6818,15.3051,2,300672,0,0,1523,97472,1000,67763264,7092,68063936,2205,2205,1,20260711
E2,1,SliceBF,300000,common_016,5,common,0.0544,0.2084,3.7491,0.3496,0.7345,4.8332,5.096,2,300672,0,0,130,8320,1000,3138944,1520,3439616,151,151,1,20260711
E2,1,SliceBF,300000,medium_014,5,medium,0.0496,0.1725,2.9742,0.3449,0.0151,3.3342,3.5563,2,300672,0,0,1,64,1000,41664,1004,342336,1,1,1,20260711
E2,1,SliceBF,300000,medium_004,5,medium,0.0477,0.1712,3.1375,0.3429,0.0141,3.4945,3.7134,2,300672,0,0,1,64,1000,25280,1004,325952,1,1,1,20260711
E2,1,SliceBF,300000,common_018,5,common,0.0482,0.5111,4.5295,0.3687,7.2536,12.1518,12.7111,2,300672,0,0,1246,79744,1000,52732544,5984,53033216,1545,1545,1,20260711
E2,1,SliceBF,300000,medium_022,5,medium,0.0515,0.1693,3.3815,0.3464,0.0126,3.7405,3.9613,2,300672,0,0,1,64,1000,25280,1004,325952,1,1,1,20260711
E2,1,SliceBF,300000,common_002,5,common,0.0478,0.2156,3.5976,0.3474,0.8542,4.7992,5.0626,2,300672,0,0,169,10816,1000,7909568,1676,8210240,172,172,1,20260711
E2,1,SliceBF,300000,medium_016,5,medium,0.0478,0.1682,3.2616,0.3429,0.0139,3.6184,3.8344,2,300672,0,0,1,64,1000,25280,1004,325952,1,1,1,20260711
E2,1,SliceBF,300000,common_001,5,common,0.0479,0.2423,3.3568,0.3494,1.3296,5.0358,5.326,2,300672,0,0,268,17152,1000,12116224,2072,12416896,277,277,1,20260711
E2,1,SliceBF,300000,rare_006,5,rare,0.0494,0.1884,2.4762,0.3488,0.0118,2.8368,3.0746,2,300672,0,0,1,64,1000,25280,1004,325952,1,1,1,20260711
E2,1,SliceBF,300000,medium_025,5,medium,0.0501,0.1696,3.3814,0.3418,0.0112,3.7344,3.9541,2,300672,0,0,1,64,1000,25280,1004,325952,1,1,1,20260711
E2,1,SliceBF,300000,medium_015,5,medium,0.0474,0.1658,4.2548,0.342,0.0142,4.611,4.8242,2,300672,0,0,1,64,1000,25280,1004,325952,1,1,1,20260711
E2,1,SliceBF,300000,medium_008,5,medium,0.0485,0.1782,3.0629,0.428,0.0612,3.5521,3.7788,2,300672,0,0,1,64,1000,25280,1004,325952,1,1,1,20260711
E2,1,SliceBF,300000,rare_025,5,rare,0.0499,0.1726,3.5454,0.3416,0.0139,3.9009,4.1234,2,300672,0,0,1,64,1000,25280,1004,325952,1,1,1,20260711
E2,1,SliceBF,300000,medium_019,5,medium,0.0481,0.247,2.9775,0.6819,0.03,3.6894,3.9845,2,300672,0,0,1,64,1000,25280,1004,325952,1,1,1,20260711
E2,1,SliceBF,300000,common_004,5,common,0.0671,0.478,2.6295,0.3457,0.1952,3.1704,3.7155,2,300672,0,0,26,1664,1000,968576,1104,1269248,26,26,1,20260711
E2,1,SliceBF,300000,common_019,5,common,0.0488,0.7253,4.8427,0.3791,14.3745,19.5963,20.3704,2,300672,0,0,1982,126848,1000,83643008,8928,83943680,2970,2970,1,20260711
E2,1,SliceBF,300000,rare_024,5,rare,0.0533,0.1794,2.7791,0.342,0.0152,3.1363,3.369,2,300672,0,0,1,64,1000,41664,1004,342336,1,1,1,20260711
E2,1,SliceBF,300000,common_023,5,common,0.048,0.2728,4.6989,0.35,1.3871,6.436,6.7568,2,300672,0,0,339,21696,1000,10937408,2356,11238080,354,354,1,20260711
E2,1,SliceBF,300000,rare_015,5,rare,0.0481,0.1715,2.8046,0.3416,0.0111,3.1573,3.3769,2,300672,0,0,1,64,1000,25280,1004,325952,1,1,1,20260711
E2,1,SliceBF,300000,common_013,5,common,0.0475,0.2496,4.87,0.3476,1.4477,6.6653,6.9624,2,300672,0,0,299,19136,1000,12949056,2196,13249728,311,311,1,20260711
E2,1,SliceBF,300000,rare_007,5,rare,0.0543,0.3445,3.5406,0.3431,0.0165,3.9002,4.299,2,300672,0,0,1,64,1000,25280,1004,325952,1,1,1,20260711
E2,1,SliceBF,300000,common_022,5,common,0.0494,0.2841,4.1174,0.3533,1.6035,6.0742,6.4077,2,300672,0,0,396,25344,1000,12329216,2584,12629888,416,416,1,20260711
E2,1,SliceBF,300000,rare_014,5,rare,0.0489,0.1697,3.0852,0.3417,0.0157,3.4426,3.6612,2,300672,0,0,1,64,1000,25280,1004,325952,1,1,1,20260711
E2,1,SliceBF,300000,rare_011,5,rare,0.0489,0.1699,3.1071,0.3416,0.013,3.4617,3.6805,2,300672,0,0,1,64,1000,25280,1004,325952,1,1,1,20260711
E2,1,XEBFF-Conj,300000,common_003,5,common,47.933,12.095,0,0,0.1888,0.1888,60.2168,0,0,0,0,0,0,605408,0,605408,9769,7207,279,1,20260711
E2,1,XEBFF-Conj,300000,common_017,5,common,58.5016,15.3054,0,0,0.5697,0.5697,74.3767,0,0,0,0,0,0,749300,0,749300,32764,8920,936,1,20260711
E2,1,XEBFF-Conj,300000,common_008,5,common,48.6784,12.6006,0,0,0.056,0.056,61.335,0,0,0,0,0,0,620360,0,620360,2349,7385,67,1,20260711
E2,1,XEBFF-Conj,300000,rare_020,5,rare,0.8574,0.1994,0,0,0.0018,0.0018,1.0586,0,0,0,0,0,0,10604,0,10604,39,126,1,1,20260711
E2,1,XEBFF-Conj,300000,common_027,5,common,72.5285,22.1776,0,0,0.9512,0.9512,95.6573,0,0,0,0,0,0,922424,0,922424,57964,10981,1656,1,20260711
E2,1,XEBFF-Conj,300000,rare_012,5,rare,0.6049,0.1339,0,0,0.0027,0.0027,0.7415,0,0,0,0,0,0,7076,0,7076,39,84,1,1,20260711
E2,1,XEBFF-Conj,300000,rare_002,5,rare,0.6598,0.1434,0,0,0.0015,0.0015,0.8047,0,0,0,0,0,0,7664,0,7664,39,91,1,1,20260711
E2,1,XEBFF-Conj,300000,common_007,5,common,10.3031,2.5232,0,0,0.0307,0.0307,12.857,0,0,0,0,0,0,129548,0,129548,1159,1542,33,1,20260711
E2,1,XEBFF-Conj,300000,medium_017,5,medium,0.0734,0.01,0,0,0.001,0.001,0.0844,0,0,0,0,0,0,524,0,524,39,6,1,1,20260711
E2,1,XEBFF-Conj,300000,medium_011,5,medium,2.5566,0.626,0,0,0.0029,0.0029,3.1855,0,0,0,0,0,0,33452,0,33452,39,398,1,1,20260711
E2,1,XEBFF-Conj,300000,medium_018,5,medium,0.365,0.0813,0,0,0.0009,0.0009,0.4472,0,0,0,0,0,0,4388,0,4388,39,52,1,1,20260711
E2,1,XEBFF-Conj,300000,common_010,5,common,1.8718,0.4531,0,0,0.0619,0.0619,2.3868,0,0,0,0,0,0,24296,0,24296,3539,289,101,1,20260711
E2,1,XEBFF-Conj,300000,rare_004,5,rare,0.6942,0.1617,0,0,0.0016,0.0016,0.8575,0,0,0,0,0,0,8588,0,8588,39,102,1,1,20260711
E2,1,XEBFF-Conj,300000,medium_003,5,medium,1.774,0.4365,0,0,0.0011,0.0011,2.2116,0,0,0,0,0,0,23288,0,23288,39,277,1,1,20260711
E2,1,XEBFF-Conj,300000,medium_010,5,medium,1.3203,0.3196,0,0,0.0014,0.0014,1.6413,0,0,0,0,0,0,17156,0,17156,39,204,1,1,20260711
E2,1,XEBFF-Conj,300000,common_011,5,common,8.7205,2.5009,0,0,0.1123,0.1123,11.3337,0,0,0,0,0,0,114848,0,114848,6199,1367,177,1,20260711
E2,1,XEBFF-Conj,300000,medium_020,5,medium,3.023,0.7562,0,0,0.0047,0.0047,3.7839,0,0,0,0,0,0,39500,0,39500,39,470,1,1,20260711
E2,1,XEBFF-Conj,300000,rare_018,5,rare,1.0743,0.257,0,0,0.0012,0.0012,1.3325,0,0,0,0,0,0,13712,0,13712,39,163,1,1,20260711
E2,1,XEBFF-Conj,300000,rare_017,5,rare,0.0884,0.0145,0,0,0.0009,0.0009,0.1038,0,0,0,0,0,0,776,0,776,39,9,1,1,20260711
E2,1,XEBFF-Conj,300000,common_026,5,common,7.0503,1.7192,0,0,0.1561,0.1561,8.9256,0,0,0,0,0,0,92672,0,92672,9314,1103,266,1,20260711
E2,1,XEBFF-Conj,300000,common_021,5,common,7.4068,1.7431,0,0,0.3188,0.3188,9.4687,0,0,0,0,0,0,92336,0,92336,19534,1099,558,1,20260711
E2,1,XEBFF-Conj,300000,rare_010,5,rare,0.0628,0.0076,0,0,0.0012,0.0012,0.0716,0,0,0,0,0,0,356,0,356,39,4,1,1,20260711
E2,1,XEBFF-Conj,300000,common_015,5,common,0.6629,0.1582,0,0,0.0405,0.0405,0.8616,0,0,0,0,0,0,8336,0,8336,2419,99,69,1,20260711
E2,1,XEBFF-Conj,300000,medium_001,5,medium,3.4404,1.1124,0,0,0.0116,0.0116,4.5644,0,0,0,0,0,0,43700,0,43700,39,520,1,1,20260711
E2,1,XEBFF-Conj,300000,common_012,5,common,18.0875,4.609,0,0,0.0888,0.0888,22.7853,0,0,0,0,0,0,229760,0,229760,4729,2735,135,1,20260711
E2,1,XEBFF-Conj,300000,rare_021,5,rare,0.5981,0.1389,0,0,0.002,0.002,0.739,0,0,0,0,0,0,7412,0,7412,39,88,1,1,20260711
E2,1,XEBFF-Conj,300000,rare_016,5,rare,0.4941,0.1124,0,0,0.0009,0.0009,0.6074,0,0,0,0,0,0,5984,0,5984,39,71,1,1,20260711
E2,1,XEBFF-Conj,300000,medium_002,5,medium,0.3431,0.0774,0,0,0.0009,0.0009,0.4214,0,0,0,0,0,0,4136,0,4136,39,49,1,1,20260711
E2,1,XEBFF-Conj,300000,rare_019,5,rare,1.1217,0.2666,0,0,0.0027,0.0027,1.391,0,0,0,0,0,0,14300,0,14300,74,170,2,1,20260711
E2,1,XEBFF-Conj,300000,rare_003,5,rare,0.3092,0.0697,0,0,0.0008,0.0008,0.3797,0,0,0,0,0,0,3716,0,3716,39,44,1,1,20260711
E2,1,XEBFF-Conj,300000,rare_000,5,rare,0.3777,0.0882,0,0,0.0008,0.0008,0.4667,0,0,0,0,0,0,4640,0,4640,39,55,1,1,20260711
E2,1,XEBFF-Conj,300000,rare_022,5,rare,0.1007,0.0183,0,0,0.0014,0.0014,0.1204,0,0,0,0,0,0,944,0,944,74,11,2,1,20260711
E2,1,XEBFF-Conj,300000,common_024,5,common,34.2443,8.0595,0,0,0.6518,0.6518,42.9556,0,0,0,0,0,0,409604,0,409604,39589,4876,1131,1,20260711
E2,1,XEBFF-Conj,300000,rare_023,5,rare,9.2496,2.1969,0,0,0.0074,0.0074,11.4539,0,0,0,0,0,0,116780,0,116780,39,1390,1,1,20260711
E2,1,XEBFF-Conj,300000,common_020,5,common,158.863,39.653,0,0,0.9402,0.9402,199.456,0,0,0,0,0,0,2016020,0,2016020,54219,24000,1549,1,20260711
E2,1,XEBFF-Conj,300000,medium_006,5,medium,0.0809,0.0093,0,0,0.0041,0.0041,0.0943,0,0,0,0,0,0,440,0,440,74,5,2,1,20260711
E2,1,XEBFF-Conj,300000,medium_012,5,medium,1.6481,0.3834,0,0,0.0022,0.0022,2.0337,0,0,0,0,0,0,21020,0,21020,39,250,1,1,20260711
E2,1,XEBFF-Conj,300000,common_025,5,common,19.0459,4.9436,0,0,0.1242,0.1242,24.1137,0,0,0,0,0,0,244880,0,244880,6619,2915,189,1,20260711
E2,1,XEBFF-Conj,300000,common_000,5,common,66.6999,17.1902,0,0,0.3733,0.3733,84.2634,0,0,0,0,0,0,840188,0,840188,20934,10002,598,1,20260711
E2,1,XEBFF-Conj,300000,medium_024,5,medium,0.0536,0.0042,0,0,0.0026,0.0026,0.0604,0,0,0,0,0,0,188,0,188,39,2,1,1,20260711
E2,1,XEBFF-Conj,300000,rare_005,5,rare,0.6042,0.1334,0,0,0.0018,0.0018,0.7394,0,0,0,0,0,0,7076,0,7076,39,84,1,1,20260711
E2,1,XEBFF-Conj,300000,medium_023,5,medium,1.8176,0.3662,0,0,0.1374,0.1374,2.3212,0,0,0,0,0,0,19592,0,19592,39,233,1,1,20260711
E2,1,XEBFF-Conj,300000,medium_009,5,medium,20.9453,5.1351,0,0,0.0084,0.0084,26.0888,0,0,0,0,0,0,269576,0,269576,39,3209,1,1,20260711
E2,1,XEBFF-Conj,300000,rare_008,5,rare,1.1616,0.2808,0,0,0.0026,0.0026,1.445,0,0,0,0,0,0,14888,0,14888,39,177,1,1,20260711
E2,1,XEBFF-Conj,300000,rare_009,5,rare,0.4053,0.0935,0,0,0.0011,0.0011,0.4999,0,0,0,0,0,0,4976,0,4976,39,59,1,1,20260711
E2,1,XEBFF-Conj,300000,medium_013,5,medium,25.0335,6.117,0,0,0.0069,0.0069,31.1574,0,0,0,0,0,0,318128,0,318128,39,3787,1,1,20260711
E2,1,XEBFF-Conj,300000,medium_007,5,medium,10.5026,2.54,0,0,0.0067,0.0067,13.0493,0,0,0,0,0,0,135428,0,135428,39,1612,1,1,20260711
E2,1,XEBFF-Conj,300000,medium_005,5,medium,4.8553,1.2023,0,0,0.0044,0.0044,6.062,0,0,0,0,0,0,61424,0,61424,39,731,1,1,20260711
E2,1,XEBFF-Conj,300000,rare_013,5,rare,0.1305,0.0251,0,0,0.0014,0.0014,0.157,0,0,0,0,0,0,1280,0,1280,39,15,1,1,20260711
E2,1,XEBFF-Conj,300000,medium_021,5,medium,0.0433,0.0037,0,0,0.0011,0.0011,0.0481,0,0,0,0,0,0,188,0,188,39,2,1,1,20260711
E2,1,XEBFF-Conj,300000,common_014,5,common,2.922,0.7884,0,0,0.1411,0.1411,3.8515,0,0,0,0,0,0,36056,0,36056,7774,429,222,1,20260711
E2,1,XEBFF-Conj,300000,common_009,5,common,47.276,13.6684,0,0,1.2023,1.2023,62.1467,0,0,0,0,0,0,606332,0,606332,74274,7218,2122,1,20260711
E2,1,XEBFF-Conj,300000,medium_000,5,medium,1.5689,0.3888,0,0,0.0055,0.0055,1.9632,0,0,0,0,0,0,19928,0,19928,39,237,1,1,20260711
E2,1,XEBFF-Conj,300000,common_006,5,common,7.8318,1.98,0,0,0.0977,0.0977,9.9095,0,0,0,0,0,0,99476,0,99476,5009,1184,143,1,20260711
E2,1,XEBFF-Conj,300000,rare_001,5,rare,0.3471,0.0762,0,0,0.0012,0.0012,0.4245,0,0,0,0,0,0,4052,0,4052,39,48,1,1,20260711
E2,1,XEBFF-Conj,300000,common_005,5,common,69.5449,17.9406,0,0,1.2645,1.2645,88.75,0,0,0,0,0,0,885968,0,885968,77179,10547,2205,1,20260711
E2,1,XEBFF-Conj,300000,common_016,5,common,19.8713,4.987,0,0,0.1069,0.1069,24.9652,0,0,0,0,0,0,254792,0,254792,5289,3033,151,1,20260711
E2,1,XEBFF-Conj,300000,medium_014,5,medium,0.833,0.162,0,0,0.0026,0.0026,0.9976,0,0,0,0,0,0,8168,0,8168,39,97,1,1,20260711
E2,1,XEBFF-Conj,300000,medium_004,5,medium,2.7853,0.6605,0,0,0.004,0.004,3.4498,0,0,0,0,0,0,34880,0,34880,39,415,1,1,20260711
E2,1,XEBFF-Conj,300000,common_018,5,common,38.7447,10.086,0,0,0.8838,0.8838,49.7145,0,0,0,0,0,0,488312,0,488312,54079,5813,1545,1,20260711
E2,1,XEBFF-Conj,300000,medium_022,5,medium,0.1697,0.0328,0,0,0.0031,0.0031,0.2056,0,0,0,0,0,0,1700,0,1700,39,20,1,1,20260711
E2,1,XEBFF-Conj,300000,common_002,5,common,29.8907,7.9471,0,0,0.279,0.279,38.1168,0,0,0,0,0,0,383144,0,383144,6024,4561,172,1,20260711
E2,1,XEBFF-Conj,300000,medium_016,5,medium,0.2578,0.0536,0,0,0.0024,0.0024,0.3138,0,0,0,0,0,0,2792,0,2792,39,33,1,1,20260711
E2,1,XEBFF-Conj,300000,common_001,5,common,39.8848,10.3474,0,0,0.1898,0.1898,50.422,0,0,0,0,0,0,510236,0,510236,9699,6074,277,1,20260711
E2,1,XEBFF-Conj,300000,rare_006,5,rare,0.1576,0.0293,0,0,0.0017,0.0017,0.1886,0,0,0,0,0,0,1532,0,1532,39,18,1,1,20260711
E2,1,XEBFF-Conj,300000,medium_025,5,medium,0.2686,0.0585,0,0,0.001,0.001,0.3281,0,0,0,0,0,0,3128,0,3128,39,37,1,1,20260711
E2,1,XEBFF-Conj,300000,medium_015,5,medium,10.5066,2.5104,0,0,0.0074,0.0074,13.0244,0,0,0,0,0,0,133580,0,133580,39,1590,1,1,20260711
E2,1,XEBFF-Conj,300000,medium_008,5,medium,1.5724,0.3424,0,0,0.0034,0.0034,1.9182,0,0,0,0,0,0,18248,0,18248,39,217,1,1,20260711
E2,1,XEBFF-Conj,300000,rare_025,5,rare,5.4304,1.3078,0,0,0.0074,0.0074,6.7456,0,0,0,0,0,0,69572,0,69572,39,828,1,1,20260711
E2,1,XEBFF-Conj,300000,medium_019,5,medium,0.0417,0.0021,0,0,0.0012,0.0012,0.045,0,0,0,0,0,0,104,0,104,39,1,1,1,20260711
E2,1,XEBFF-Conj,300000,common_004,5,common,10.2237,2.5635,0,0,0.0251,0.0251,12.8123,0,0,0,0,0,0,129548,0,129548,914,1542,26,1,20260711
E2,1,XEBFF-Conj,300000,common_019,5,common,78.7118,19.783,0,0,1.6787,1.6787,100.174,0,0,0,0,0,0,1005332,0,1005332,103954,11968,2970,1,20260711
E2,1,XEBFF-Conj,300000,rare_024,5,rare,1.1778,0.277,0,0,0.0055,0.0055,1.4603,0,0,0,0,0,0,14804,0,14804,39,176,1,1,20260711
E2,1,XEBFF-Conj,300000,common_023,5,common,58.7529,15.5317,0,0,0.2242,0.2242,74.5088,0,0,0,0,0,0,751568,0,751568,12394,8947,354,1,20260711
E2,1,XEBFF-Conj,300000,rare_015,5,rare,0.1097,0.0175,0,0,0.0034,0.0034,0.1306,0,0,0,0,0,0,860,0,860,39,10,1,1,20260711
E2,1,XEBFF-Conj,300000,common_013,5,common,156.299,38.7572,0,0,0.2057,0.2057,195.262,0,0,0,0,0,0,1944032,0,1944032,10889,23143,311,1,20260711
E2,1,XEBFF-Conj,300000,rare_007,5,rare,1.1822,0.3223,0,0,0.0052,0.0052,1.5097,0,0,0,0,0,0,14888,0,14888,39,177,1,1,20260711
E2,1,XEBFF-Conj,300000,common_022,5,common,82.7202,20.9375,0,0,0.2784,0.2784,103.936,0,0,0,0,0,0,1065896,0,1065896,14564,12689,416,1,20260711
E2,1,XEBFF-Conj,300000,rare_014,5,rare,0.0593,0.0059,0,0,0.0023,0.0023,0.0675,0,0,0,0,0,0,272,0,272,39,3,1,1,20260711
E2,1,XEBFF-Conj,300000,rare_011,5,rare,0.0375,0.002,0,0,0.001,0.001,0.0405,0,0,0,0,0,0,104,0,104,39,1,1,1,20260711
E2,1,Doris,300000,common_003,5,common,49.8325,12.109,0,0,0.1897,0.1897,62.1312,0,0,0,0,0,0,605408,0,605408,9769,7207,279,1,20260711
E2,1,Doris,300000,common_017,5,common,59.6158,14.813,0,0,0.5659,0.5659,74.9947,0,0,0,0,0,0,749300,0,749300,32764,8920,936,1,20260711
E2,1,Doris,300000,common_008,5,common,50.2984,12.9022,0,0,0.055,0.055,63.2556,0,0,0,0,0,0,620360,0,620360,2349,7385,67,1,20260711
E2,1,Doris,300000,rare_020,5,rare,0.8968,0.1985,0,0,0.0024,0.0024,1.0977,0,0,0,0,0,0,10604,0,10604,39,126,1,1,20260711
E2,1,Doris,300000,common_027,5,common,73.531,18.4312,0,0,1.0709,1.0709,93.0331,0,0,0,0,0,0,922424,0,922424,57964,10981,1656,1,20260711
E2,1,Doris,300000,rare_012,5,rare,0.5661,0.1328,0,0,0.0036,0.0036,0.7025,0,0,0,0,0,0,7076,0,7076,39,84,1,1,20260711
E2,1,Doris,300000,rare_002,5,rare,0.5938,0.1454,0,0,0.001,0.001,0.7402,0,0,0,0,0,0,7664,0,7664,39,91,1,1,20260711
E2,1,Doris,300000,common_007,5,common,10.186,3.537,0,0,0.0309,0.0309,13.7539,0,0,0,0,0,0,129548,0,129548,1159,1542,33,1,20260711
E2,1,Doris,300000,medium_017,5,medium,0.0577,0.0136,0,0,0.0014,0.0014,0.0727,0,0,0,0,0,0,524,0,524,39,6,1,1,20260711
E2,1,Doris,300000,medium_011,5,medium,2.5798,0.6933,0,0,0.0023,0.0023,3.2754,0,0,0,0,0,0,33452,0,33452,39,398,1,1,20260711
E2,1,Doris,300000,medium_018,5,medium,0.3515,0.0842,0,0,0.001,0.001,0.4367,0,0,0,0,0,0,4388,0,4388,39,52,1,1,20260711
E2,1,Doris,300000,common_010,5,common,1.8996,0.4664,0,0,0.0634,0.0634,2.4294,0,0,0,0,0,0,24296,0,24296,3539,289,101,1,20260711
E2,1,Doris,300000,rare_004,5,rare,0.6647,0.1614,0,0,0.001,0.001,0.8271,0,0,0,0,0,0,8588,0,8588,39,102,1,1,20260711
E2,1,Doris,300000,medium_003,5,medium,1.7765,0.4395,0,0,0.0011,0.0011,2.2171,0,0,0,0,0,0,23288,0,23288,39,277,1,1,20260711
E2,1,Doris,300000,medium_010,5,medium,1.323,0.3226,0,0,0.0012,0.0012,1.6468,0,0,0,0,0,0,17156,0,17156,39,204,1,1,20260711
E2,1,Doris,300000,common_011,5,common,9.2358,2.2791,0,0,0.1191,0.1191,11.634,0,0,0,0,0,0,114848,0,114848,6199,1367,177,1,20260711
E2,1,Doris,300000,medium_020,5,medium,3.1009,0.8078,0,0,0.0059,0.0059,3.9146,0,0,0,0,0,0,39500,0,39500,39,470,1,1,20260711
E2,1,Doris,300000,rare_018,5,rare,1.0742,0.256,0,0,0.0015,0.0015,1.3317,0,0,0,0,0,0,13712,0,13712,39,163,1,1,20260711
E2,1,Doris,300000,rare_017,5,rare,0.0696,0.0145,0,0,0.0008,0.0008,0.0849,0,0,0,0,0,0,776,0,776,39,9,1,1,20260711
E2,1,Doris,300000,common_026,5,common,7.3854,1.7794,0,0,0.1606,0.1606,9.3254,0,0,0,0,0,0,92672,0,92672,9314,1103,266,1,20260711
E2,1,Doris,300000,common_021,5,common,7.367,1.8388,0,0,0.3219,0.3219,9.5277,0,0,0,0,0,0,92336,0,92336,19534,1099,558,1,20260711
E2,1,Doris,300000,rare_010,5,rare,0.0407,0.0069,0,0,0.0011,0.0011,0.0487,0,0,0,0,0,0,356,0,356,39,4,1,1,20260711
E2,1,Doris,300000,common_015,5,common,0.6477,0.1624,0,0,0.0417,0.0417,0.8518,0,0,0,0,0,0,8336,0,8336,2419,99,69,1,20260711
E2,1,Doris,300000,medium_001,5,medium,3.4163,0.8224,0,0,0.0029,0.0029,4.2416,0,0,0,0,0,0,43700,0,43700,39,520,1,1,20260711
E2,1,Doris,300000,common_012,5,common,17.8122,4.5626,0,0,0.0894,0.0894,22.4642,0,0,0,0,0,0,229760,0,229760,4729,2735,135,1,20260711
E2,1,Doris,300000,rare_021,5,rare,0.5846,0.1402,0,0,0.0029,0.0029,0.7277,0,0,0,0,0,0,7412,0,7412,39,88,1,1,20260711
E2,1,Doris,300000,rare_016,5,rare,0.4687,0.1133,0,0,0.001,0.001,0.583,0,0,0,0,0,0,5984,0,5984,39,71,1,1,20260711
E2,1,Doris,300000,medium_002,5,medium,0.504,0.0775,0,0,0.001,0.001,0.5825,0,0,0,0,0,0,4136,0,4136,39,49,1,1,20260711
E2,1,Doris,300000,rare_019,5,rare,1.113,0.2665,0,0,0.0019,0.0019,1.3814,0,0,0,0,0,0,14300,0,14300,74,170,2,1,20260711
E2,1,Doris,300000,rare_003,5,rare,0.2976,0.0699,0,0,0.001,0.001,0.3685,0,0,0,0,0,0,3716,0,3716,39,44,1,1,20260711
E2,1,Doris,300000,rare_000,5,rare,0.3635,0.0865,0,0,0.0008,0.0008,0.4508,0,0,0,0,0,0,4640,0,4640,39,55,1,1,20260711
E2,1,Doris,300000,rare_022,5,rare,0.081,0.0177,0,0,0.0016,0.0016,0.1003,0,0,0,0,0,0,944,0,944,74,11,2,1,20260711
E2,1,Doris,300000,common_024,5,common,33.2306,8.7505,0,0,0.6577,0.6577,42.6388,0,0,0,0,0,0,409352,0,409352,39589,4873,1131,1,20260711
E2,1,Doris,300000,rare_023,5,rare,8.9861,2.4933,0,0,0.0075,0.0075,11.4869,0,0,0,0,0,0,116780,0,116780,39,1390,1,1,20260711
E2,1,Doris,300000,common_020,5,common,159.938,39.5117,0,0,0.9748,0.9748,200.425,0,0,0,0,0,0,2016020,0,2016020,54219,24000,1549,1,20260711
E2,1,Doris,300000,medium_006,5,medium,0.0635,0.0092,0,0,0.0045,0.0045,0.0772,0,0,0,0,0,0,440,0,440,74,5,2,1,20260711
E2,1,Doris,300000,medium_012,5,medium,0.8677,0.2825,0,0,0.0022,0.0022,1.1524,0,0,0,0,0,0,11024,0,11024,39,131,1,1,20260711
E2,1,Doris,300000,common_025,5,common,19.8967,4.5824,0,0,0.1206,0.1206,24.5997,0,0,0,0,0,0,244880,0,244880,6619,2915,189,1,20260711
E2,1,Doris,300000,common_000,5,common,66.5417,16.7787,0,0,0.3783,0.3783,83.6987,0,0,0,0,0,0,840188,0,840188,20934,10002,598,1,20260711
E2,1,Doris,300000,medium_024,5,medium,0.0348,0.0041,0,0,0.0028,0.0028,0.0417,0,0,0,0,0,0,188,0,188,39,2,1,1,20260711
E2,1,Doris,300000,rare_005,5,rare,0.2649,0.0609,0,0,0.001,0.001,0.3268,0,0,0,0,0,0,3296,0,3296,39,39,1,1,20260711
E2,1,Doris,300000,medium_023,5,medium,1.5149,0.3658,0,0,0.001,0.001,1.8817,0,0,0,0,0,0,19592,0,19592,39,233,1,1,20260711
E2,1,Doris,300000,medium_009,5,medium,22.0441,5.5077,0,0,0.0068,0.0068,27.5586,0,0,0,0,0,0,269576,0,269576,39,3209,1,1,20260711
E2,1,Doris,300000,rare_008,5,rare,1.1648,0.2789,0,0,0.0025,0.0025,1.4462,0,0,0,0,0,0,14888,0,14888,39,177,1,1,20260711
E2,1,Doris,300000,rare_009,5,rare,0.389,0.0941,0,0,0.001,0.001,0.4841,0,0,0,0,0,0,4976,0,4976,39,59,1,1,20260711
E2,1,Doris,300000,medium_013,5,medium,25.1779,6.0543,0,0,0.0067,0.0067,31.2389,0,0,0,0,0,0,318128,0,318128,39,3787,1,1,20260711
E2,1,Doris,300000,medium_007,5,medium,10.5948,2.782,0,0,0.0051,0.0051,13.3819,0,0,0,0,0,0,135428,0,135428,39,1612,1,1,20260711
E2,1,Doris,300000,medium_005,5,medium,4.7436,1.1495,0,0,0.0059,0.0059,5.899,0,0,0,0,0,0,61424,0,61424,39,731,1,1,20260711
E2,1,Doris,300000,rare_013,5,rare,0.113,0.0244,0,0,0.0009,0.0009,0.1383,0,0,0,0,0,0,1280,0,1280,39,15,1,1,20260711
E2,1,Doris,300000,medium_021,5,medium,0.0232,0.0037,0,0,0.0008,0.0008,0.0277,0,0,0,0,0,0,188,0,188,39,2,1,1,20260711
E2,1,Doris,300000,common_014,5,common,3.1432,0.7001,0,0,0.1364,0.1364,3.9797,0,0,0,0,0,0,36056,0,36056,7774,429,222,1,20260711
E2,1,Doris,300000,common_009,5,common,47.8386,11.8743,0,0,1.6286,1.6286,61.3415,0,0,0,0,0,0,606332,0,606332,74274,7218,2122,1,20260711
E2,1,Doris,300000,medium_000,5,medium,0.1052,0.0642,0,0,0.0038,0.0038,0.1732,0,0,0,0,0,0,1028,0,1028,39,12,1,1,20260711
E2,1,Doris,300000,common_006,5,common,7.8078,1.8777,0,0,0.0971,0.0971,9.7826,0,0,0,0,0,0,99476,0,99476,5009,1184,143,1,20260711
E2,1,Doris,300000,rare_001,5,rare,0.3249,0.0762,0,0,0.001,0.001,0.4021,0,0,0,0,0,0,4052,0,4052,39,48,1,1,20260711
E2,1,Doris,300000,common_005,5,common,70.9659,17.5544,0,0,1.317,1.317,89.8373,0,0,0,0,0,0,885960,0,885960,77179,10547,2205,1,20260711
E2,1,Doris,300000,common_016,5,common,21.1319,6.2375,0,0,0.1018,0.1018,27.4712,0,0,0,0,0,0,254792,0,254792,5289,3033,151,1,20260711
E2,1,Doris,300000,medium_014,5,medium,0.6506,0.1586,0,0,0.0016,0.0016,0.8108,0,0,0,0,0,0,8168,0,8168,39,97,1,1,20260711
E2,1,Doris,300000,medium_004,5,medium,2.6999,0.7794,0,0,0.0057,0.0057,3.485,0,0,0,0,0,0,34880,0,34880,39,415,1,1,20260711
E2,1,Doris,300000,common_018,5,common,44.1535,10.0705,0,0,0.8913,0.8913,55.1153,0,0,0,0,0,0,488312,0,488312,54079,5813,1545,1,20260711
E2,1,Doris,300000,medium_022,5,medium,0.1607,0.0327,0,0,0.0044,0.0044,0.1978,0,0,0,0,0,0,1700,0,1700,39,20,1,1,20260711
E2,1,Doris,300000,common_002,5,common,29.8394,7.2464,0,0,0.178,0.178,37.2638,0,0,0,0,0,0,383144,0,383144,6024,4561,172,1,20260711
E2,1,Doris,300000,medium_016,5,medium,0.4145,0.067,0,0,0.0026,0.0026,0.4841,0,0,0,0,0,0,2792,0,2792,39,33,1,1,20260711
E2,1,Doris,300000,common_001,5,common,41.1162,10.4943,0,0,0.1905,0.1905,51.801,0,0,0,0,0,0,510236,0,510236,9699,6074,277,1,20260711
E2,1,Doris,300000,rare_006,5,rare,0.1359,0.0295,0,0,0.0016,0.0016,0.167,0,0,0,0,0,0,1532,0,1532,39,18,1,1,20260711
E2,1,Doris,300000,medium_025,5,medium,0.2523,0.0583,0,0,0.0009,0.0009,0.3115,0,0,0,0,0,0,3128,0,3128,39,37,1,1,20260711
E2,1,Doris,300000,medium_015,5,medium,10.9733,2.5435,0,0,0.0072,0.0072,13.524,0,0,0,0,0,0,133580,0,133580,39,1590,1,1,20260711
E2,1,Doris,300000,medium_008,5,medium,1.4058,0.3441,0,0,0.0043,0.0043,1.7542,0,0,0,0,0,0,18248,0,18248,39,217,1,1,20260711
E2,1,Doris,300000,rare_025,5,rare,5.3437,1.3062,0,0,0.0036,0.0036,6.6535,0,0,0,0,0,0,69572,0,69572,39,828,1,1,20260711
E2,1,Doris,300000,medium_019,5,medium,0.0198,0.0021,0,0,0.0011,0.0011,0.023,0,0,0,0,0,0,104,0,104,39,1,1,1,20260711
E2,1,Doris,300000,common_004,5,common,10.6424,2.5442,0,0,0.025,0.025,13.2116,0,0,0,0,0,0,129548,0,129548,914,1542,26,1,20260711
E2,1,Doris,300000,common_019,5,common,79.0876,21.955,0,0,1.7036,1.7036,102.746,0,0,0,0,0,0,1005332,0,1005332,103954,11968,2970,1,20260711
E2,1,Doris,300000,rare_024,5,rare,1.0797,0.2571,0,0,0.0034,0.0034,1.3402,0,0,0,0,0,0,13628,0,13628,39,162,1,1,20260711
E2,1,Doris,300000,common_023,5,common,59.3205,15.1909,0,0,0.2384,0.2384,74.7498,0,0,0,0,0,0,751568,0,751568,12394,8947,354,1,20260711
E2,1,Doris,300000,rare_015,5,rare,0.0914,0.0171,0,0,0.0022,0.0022,0.1107,0,0,0,0,0,0,860,0,860,39,10,1,1,20260711
E2,1,Doris,300000,common_013,5,common,153.954,38.8293,0,0,0.2055,0.2055,192.989,0,0,0,0,0,0,1944032,0,1944032,10889,23143,311,1,20260711
E2,1,Doris,300000,rare_007,5,rare,1.1854,0.2739,0,0,0.0033,0.0033,1.4626,0,0,0,0,0,0,14888,0,14888,39,177,1,1,20260711
E2,1,Doris,300000,common_022,5,common,84.9538,21.2637,0,0,0.2848,0.2848,106.502,0,0,0,0,0,0,1065896,0,1065896,14564,12689,416,1,20260711
E2,1,Doris,300000,rare_014,5,rare,0.0416,0.0059,0,0,0.0028,0.0028,0.0503,0,0,0,0,0,0,272,0,272,39,3,1,1,20260711
E2,1,Doris,300000,rare_011,5,rare,0.0165,0.0019,0,0,0.0009,0.0009,0.0193,0,0,0,0,0,0,104,0,104,39,1,1,1,20260711
E2,1,Ren,300000,common_003,5,common,0.0166,9.8014,0,0,0.1604,0.1604,9.9784,0,0,0,0,0,0,284,0,284,10889,7207,279,1,20260711
E2,1,Ren,300000,common_017,5,common,0.019,13.6109,0,0,0.5717,0.5717,14.2016,0,0,0,0,0,0,284,0,284,36512,8920,936,1,20260711
E2,1,Ren,300000,common_008,5,common,0.0202,11.3028,0,0,0.0401,0.0401,11.3631,0,0,0,0,0,0,284,0,284,2621,7385,67,1,20260711
E2,1,Ren,300000,rare_020,5,rare,0.0192,0.135,0,0.0001,0.0009,0.0009,0.1551,0,0,0,0,0,0,284,0,284,47,126,1,1,20260711
E2,1,Ren,300000,common_027,5,common,0.0171,27.3248,0,0,0.9497,0.9497,28.2916,0,0,0,0,0,0,284,0,284,64592,10981,1656,1,20260711
E2,1,Ren,300000,rare_012,5,rare,0.0215,0.1414,0,0.0001,0.0011,0.0011,0.164,0,0,0,0,0,0,284,0,284,47,84,1,1,20260711
E2,1,Ren,300000,rare_002,5,rare,0.0175,0.0963,0,0,0.0009,0.0009,0.1147,0,0,0,0,0,0,284,0,284,47,91,1,1,20260711
E2,1,Ren,300000,common_007,5,common,0.0171,1.7875,0,0,0.0192,0.0192,1.8238,0,0,0,0,0,0,284,0,284,1295,1542,33,1,20260711
E2,1,Ren,300000,medium_017,5,medium,0.0175,0.0103,0,0,0.0007,0.0007,0.0285,0,0,0,0,0,0,284,0,284,47,6,1,1,20260711
E2,1,Ren,300000,medium_011,5,medium,0.0167,0.4181,0,0,0.0009,0.0009,0.4357,0,0,0,0,0,0,284,0,284,47,398,1,1,20260711
E2,1,Ren,300000,medium_018,5,medium,0.0166,0.0567,0,0,0.0008,0.0008,0.0741,0,0,0,0,0,0,284,0,284,47,52,1,1,20260711
E2,1,Ren,300000,common_010,5,common,0.0169,0.6131,0,0,0.0555,0.0555,0.6855,0,0,0,0,0,0,284,0,284,3947,289,101,1,20260711
E2,1,Ren,300000,rare_004,5,rare,0.0175,0.1096,0,0,0.0009,0.0009,0.128,0,0,0,0,0,0,284,0,284,47,102,1,1,20260711
E2,1,Ren,300000,medium_003,5,medium,0.0167,0.2852,0,0,0.0879,0.0879,0.3898,0,0,0,0,0,0,284,0,284,47,277,1,1,20260711
E2,1,Ren,300000,medium_010,5,medium,0.0537,0.4096,0,0.0001,0.0011,0.0011,0.4644,0,0,0,0,0,0,284,0,284,47,204,1,1,20260711
E2,1,Ren,300000,common_011,5,common,0.0172,2.6621,0,0,0.0996,0.0996,2.7789,0,0,0,0,0,0,284,0,284,6911,1367,177,1,20260711
E2,1,Ren,300000,medium_020,5,medium,0.0183,0.6743,0,0,0.0009,0.0009,0.6935,0,0,0,0,0,0,284,0,284,47,470,1,1,20260711
E2,1,Ren,300000,rare_018,5,rare,0.0172,0.1715,0,0,0.0008,0.0008,0.1895,0,0,0,0,0,0,284,0,284,47,163,1,1,20260711
E2,1,Ren,300000,rare_017,5,rare,0.0169,0.0129,0,0,0.0008,0.0008,0.0306,0,0,0,0,0,0,284,0,284,47,9,1,1,20260711
E2,1,Ren,300000,common_026,5,common,0.0167,2.1503,0,0,0.1448,0.1448,2.3118,0,0,0,0,0,0,284,0,284,10382,1103,266,1,20260711
E2,1,Ren,300000,common_021,5,common,0.0173,3.8578,0,0.0001,0.3045,0.3045,4.1796,0,0,0,0,0,0,284,0,284,21770,1099,558,1,20260711
E2,1,Ren,300000,rare_010,5,rare,0.0174,0.0078,0,0,0.0008,0.0008,0.026,0,0,0,0,0,0,284,0,284,47,4,1,1,20260711
E2,1,Ren,300000,common_015,5,common,0.0172,0.3415,0,0,0.038,0.038,0.3967,0,0,0,0,0,0,284,0,284,2699,99,69,1,20260711
E2,1,Ren,300000,medium_001,5,medium,0.0169,0.5278,0,0,0.0008,0.0008,0.5455,0,0,0,0,0,0,284,0,284,47,520,1,1,20260711
E2,1,Ren,300000,common_012,5,common,0.0166,3.6382,0,0,0.0737,0.0737,3.7285,0,0,0,0,0,0,284,0,284,5273,2735,135,1,20260711
E2,1,Ren,300000,rare_021,5,rare,0.0173,0.1881,0,0,0.0008,0.0008,0.2062,0,0,0,0,0,0,284,0,284,47,88,1,1,20260711
E2,1,Ren,300000,rare_016,5,rare,0.0891,0.1367,0,0.0001,0.0017,0.0017,0.2275,0,0,0,0,0,0,284,0,284,47,71,1,1,20260711
E2,1,Ren,300000,medium_002,5,medium,0.0192,0.0677,0,0,0.0015,0.0015,0.0884,0,0,0,0,0,0,284,0,284,47,49,1,1,20260711
E2,1,Ren,300000,rare_019,5,rare,0.0173,0.4243,0,0,0.0041,0.0041,0.4457,0,0,0,0,0,0,284,0,284,86,170,2,1,20260711
E2,1,Ren,300000,rare_003,5,rare,0.0837,0.0911,0,0,0.0018,0.0018,0.1766,0,0,0,0,0,0,284,0,284,47,44,1,1,20260711
E2,1,Ren,300000,rare_000,5,rare,0.0176,0.0881,0,0,0.0012,0.0012,0.1069,0,0,0,0,0,0,284,0,284,47,55,1,1,20260711
E2,1,Ren,300000,rare_022,5,rare,0.0272,0.0922,0,0,0.003,0.003,0.1224,0,0,0,0,0,0,284,0,284,86,11,2,1,20260711
E2,1,Ren,300000,common_024,5,common,0.0171,13.8607,0,0.0001,1.0366,1.0366,14.9144,0,0,0,0,0,0,284,0,284,44117,4873,1131,1,20260711
E2,1,Ren,300000,rare_023,5,rare,0.0215,1.7635,0,0,0.0012,0.0012,1.7862,0,0,0,0,0,0,284,0,284,47,1390,1,1,20260711
E2,1,Ren,300000,common_020,5,common,0.0171,33.3142,0,0.0001,0.9385,0.9385,34.2698,0,0,0,0,0,0,284,0,284,60419,24000,1549,1,20260711
E2,1,Ren,300000,medium_006,5,medium,0.024,0.0133,0,0,0.0033,0.0033,0.0406,0,0,0,0,0,0,284,0,284,86,5,2,1,20260711
E2,1,Ren,300000,medium_012,5,medium,0.0173,0.1424,0,0.0001,0.0008,0.0008,0.1605,0,0,0,0,0,0,284,0,284,47,131,1,1,20260711
E2,1,Ren,300000,common_025,5,common,0.0168,5.2723,0,0,0.1045,0.1045,5.3936,0,0,0,0,0,0,284,0,284,7379,2915,189,1,20260711
E2,1,Ren,300000,common_000,5,common,0.0183,16.7751,0,0,0.3291,0.3291,17.1225,0,0,0,0,0,0,284,0,284,23330,10002,598,1,20260711
E2,1,Ren,300000,medium_024,5,medium,0.0206,0.007,0,0.0001,0.0009,0.0009,0.0285,0,0,0,0,0,0,284,0,284,47,2,1,1,20260711
E2,1,Ren,300000,rare_005,5,rare,0.017,0.0453,0,0,0.0009,0.0009,0.0632,0,0,0,0,0,0,284,0,284,47,39,1,1,20260711
E2,1,Ren,300000,medium_023,5,medium,0.017,0.2579,0,0.0001,0.0008,0.0008,0.2757,0,0,0,0,0,0,284,0,284,47,233,1,1,20260711
E2,1,Ren,300000,medium_009,5,medium,0.017,4.7088,0,0,0.0039,0.0039,4.7297,0,0,0,0,0,0,284,0,284,47,3209,1,1,20260711
E2,1,Ren,300000,rare_008,5,rare,0.0209,0.1827,0,0,0.0011,0.0011,0.2047,0,0,0,0,0,0,284,0,284,47,177,1,1,20260711
E2,1,Ren,300000,rare_009,5,rare,0.0177,0.0682,0,0,0.0008,0.0008,0.0867,0,0,0,0,0,0,284,0,284,47,59,1,1,20260711
E2,1,Ren,300000,medium_013,5,medium,0.0171,3.9319,0,0,0.0024,0.0024,3.9514,0,0,0,0,0,0,284,0,284,47,3787,1,1,20260711
E2,1,Ren,300000,medium_007,5,medium,0.0178,1.6306,0,0,0.0011,0.0011,1.6495,0,0,0,0,0,0,284,0,284,47,1612,1,1,20260711
E2,1,Ren,300000,medium_005,5,medium,0.017,0.7338,0,0,0.0009,0.0009,0.7517,0,0,0,0,0,0,284,0,284,47,731,1,1,20260711
E2,1,Ren,300000,rare_013,5,rare,0.0184,0.0191,0,0,0.0009,0.0009,0.0384,0,0,0,0,0,0,284,0,284,47,15,1,1,20260711
E2,1,Ren,300000,medium_021,5,medium,0.0169,0.006,0,0,0.0007,0.0007,0.0236,0,0,0,0,0,0,284,0,284,47,2,1,1,20260711
E2,1,Ren,300000,common_014,5,common,0.0169,1.1442,0,0,0.1222,0.1222,1.2833,0,0,0,0,0,0,284,0,284,8666,429,222,1,20260711
E2,1,Ren,300000,common_009,5,common,0.0175,16.5678,0,0,1.1522,1.1522,17.7375,0,0,0,0,0,0,284,0,284,82766,7218,2122,1,20260711
E2,1,Ren,300000,medium_000,5,medium,0.0227,0.0163,0,0,0.0013,0.0013,0.0403,0,0,0,0,0,0,284,0,284,47,12,1,1,20260711
E2,1,Ren,300000,common_006,5,common,0.0168,2.0465,0,0,0.1155,0.1155,2.1788,0,0,0,0,0,0,284,0,284,5585,1184,143,1,20260711
E2,1,Ren,300000,rare_001,5,rare,0.0207,0.0721,0,0,0.0016,0.0016,0.0944,0,0,0,0,0,0,284,0,284,47,48,1,1,20260711
E2,1,Ren,300000,common_005,5,common,0.0185,43.1752,0,0,1.1923,1.1923,44.386,0,0,0,0,0,0,284,0,284,86003,10547,2205,1,20260711
E2,1,Ren,300000,common_016,5,common,0.0223,3.8623,0,0,0.0868,0.0868,3.9714,0,0,0,0,0,0,284,0,284,5897,3033,151,1,20260711
E2,1,Ren,300000,medium_014,5,medium,0.0194,0.1058,0,0.0001,0.0011,0.0011,0.1263,0,0,0,0,0,0,284,0,284,47,97,1,1,20260711
E2,1,Ren,300000,medium_004,5,medium,0.0171,0.5114,0,0,0.0008,0.0008,0.5293,0,0,0,0,0,0,284,0,284,47,415,1,1,20260711
E2,1,Ren,300000,common_018,5,common,0.0171,17.6345,0,0,0.8426,0.8426,18.4942,0,0,0,0,0,0,284,0,284,60263,5813,1545,1,20260711
E2,1,Ren,300000,medium_022,5,medium,0.0206,0.0336,0,0.0001,0.0011,0.0011,0.0553,0,0,0,0,0,0,284,0,284,47,20,1,1,20260711
E2,1,Ren,300000,common_002,5,common,0.0183,13.772,0,0.0001,0.0999,0.0999,13.8902,0,0,0,0,0,0,284,0,284,6716,4561,172,1,20260711
E2,1,Ren,300000,medium_016,5,medium,0.0206,0.0377,0,0,0.0009,0.0009,0.0592,0,0,0,0,0,0,284,0,284,47,33,1,1,20260711
E2,1,Ren,300000,common_001,5,common,0.0185,7.6105,0,0,0.1536,0.1536,7.7826,0,0,0,0,0,0,284,0,284,10811,6074,277,1,20260711
E2,1,Ren,300000,rare_006,5,rare,0.0198,0.0283,0,0,0.0009,0.0009,0.049,0,0,0,0,0,0,284,0,284,47,18,1,1,20260711
E2,1,Ren,300000,medium_025,5,medium,0.0169,0.0571,0,0,0.0008,0.0008,0.0748,0,0,0,0,0,0,284,0,284,47,37,1,1,20260711
E2,1,Ren,300000,medium_015,5,medium,0.017,1.6448,0,0,0.0014,0.0014,1.6632,0,0,0,0,0,0,284,0,284,47,1590,1,1,20260711
E2,1,Ren,300000,medium_008,5,medium,0.0174,0.2352,0,0,0.0009,0.0009,0.2535,0,0,0,0,0,0,284,0,284,47,217,1,1,20260711
E2,1,Ren,300000,rare_025,5,rare,0.0168,1.0027,0,0,0.0021,0.0021,1.0216,0,0,0,0,0,0,284,0,284,47,828,1,1,20260711
E2,1,Ren,300000,medium_019,5,medium,0.0178,0.0049,0,0,0.0008,0.0008,0.0235,0,0,0,0,0,0,284,0,284,47,1,1,1,20260711
E2,1,Ren,300000,common_004,5,common,0.0174,2.5218,0,0,0.0154,0.0154,2.5546,0,0,0,0,0,0,284,0,284,1022,1542,26,1,20260711
E2,1,Ren,300000,common_019,5,common,0.0172,33.3614,0,0,1.6569,1.6569,35.0355,0,0,0,0,0,0,284,0,284,115838,11968,2970,1,20260711
E2,1,Ren,300000,rare_024,5,rare,0.0256,0.2018,0,0,0.0014,0.0014,0.2288,0,0,0,0,0,0,284,0,284,47,162,1,1,20260711
E2,1,Ren,300000,common_023,5,common,0.017,11.0072,0,0.0001,0.1964,0.1964,11.2206,0,0,0,0,0,0,284,0,284,13814,8947,354,1,20260711
E2,1,Ren,300000,rare_015,5,rare,0.0205,0.0179,0,0,0.0009,0.0009,0.0393,0,0,0,0,0,0,284,0,284,47,10,1,1,20260711
E2,1,Ren,300000,common_013,5,common,0.017,26.0063,0,0,0.3412,0.3412,26.3645,0,0,0,0,0,0,284,0,284,12137,23143,311,1,20260711
E2,1,Ren,300000,rare_007,5,rare,0.0228,0.2917,0,0,0.002,0.002,0.3165,0,0,0,0,0,0,284,0,284,47,177,1,1,20260711
E2,1,Ren,300000,common_022,5,common,0.0187,15.056,0,0,0.3375,0.3375,15.4122,0,0,0,0,0,0,284,0,284,16232,12689,416,1,20260711
E2,1,Ren,300000,rare_014,5,rare,0.0246,0.0078,0,0.0001,0.0008,0.0008,0.0332,0,0,0,0,0,0,284,0,284,47,3,1,1,20260711
E2,1,Ren,300000,rare_011,5,rare,0.0182,0.0045,0,0,0.0009,0.0009,0.0236,0,0,0,0,0,0,284,0,284,47,1,1,1,20260711
E2,2,SliceBF,300000,rare_016,2,rare,0.021,0.0696,1.1123,0.3459,0.0224,1.4806,1.5712,1,150336,0,0,4,256,424,150272,440,300608,4,4,1,20260711
E2,2,SliceBF,300000,common_017,2,common,0.0197,1.239,1.6338,0.4394,36.9709,39.0441,40.3028,1,150336,0,0,3772,241408,424,129574144,15512,129724480,10176,10176,1,20260711
E2,2,SliceBF,300000,medium_018,2,medium,0.0295,0.0781,1.0978,0.4934,0.0622,1.6534,1.761,1,150336,0,0,12,768,424,368896,472,519232,12,12,1,20260711
E2,2,SliceBF,300000,medium_022,2,medium,0.0213,0.0714,0.9185,0.3417,0.0346,1.2948,1.3875,1,150336,0,0,8,512,424,218624,456,368960,8,8,1,20260711
E2,2,SliceBF,300000,common_007,2,common,0.02,0.9491,1.2537,0.3965,20.9588,22.609,23.5781,1,150336,0,0,3079,197056,424,105444160,12740,105594496,5570,5570,1,20260711
E2,2,SliceBF,300000,rare_004,2,rare,0.0268,0.0721,1.2913,0.3519,0.0186,1.6618,1.7607,1,150336,0,0,2,128,424,83328,432,233664,2,2,1,20260711
E2,2,SliceBF,300000,rare_007,2,rare,0.0203,0.0704,1.1757,0.3422,0.0697,1.5876,1.6783,1,150336,0,0,9,576,424,391360,460,541696,9,9,1,20260711
E2,2,SliceBF,300000,medium_002,2,medium,0.0209,0.0866,1.4306,0.3434,0.2395,2.0135,2.121,1,150336,0,0,55,3520,424,1849152,644,1999488,55,55,1,20260711
E2,2,SliceBF,300000,rare_000,2,rare,0.0209,0.0697,0.9186,0.3415,0.0085,1.2686,1.3592,1,150336,0,0,1,64,424,25280,428,175616,1,1,1,20260711
E2,2,SliceBF,300000,medium_009,2,medium,0.0193,0.0703,1.0556,0.3606,0.0663,1.4825,1.5721,1,150336,0,0,14,896,424,517760,480,668096,14,14,1,20260711
E2,2,SliceBF,300000,rare_015,2,rare,0.0195,0.0677,1.2053,0.3525,0.0194,1.5772,1.6644,1,150336,0,0,1,64,424,25280,428,175616,1,1,1,20260711
E2,2,SliceBF,300000,rare_011,2,rare,0.0246,0.0684,1.0635,0.3415,0.0143,1.4193,1.5123,1,150336,0,0,2,128,424,83328,432,233664,2,2,1,20260711
E2,2,SliceBF,300000,common_012,2,common,0.0195,1.5868,1.6976,0.4788,67.1136,69.29,70.8963,1,150336,0,0,4434,283776,424,164086144,18160,164236480,15452,15452,1,20260711
E2,2,SliceBF,300000,medium_019,2,medium,0.0321,0.1084,1.2547,0.3472,0.5277,2.1296,2.2701,1,150336,0,0,109,6976,424,4787136,860,4937472,111,111,1,20260711
E2,2,SliceBF,300000,medium_017,2,medium,0.02,0.0738,1.3963,0.3435,0.0701,1.8099,1.9037,1,150336,0,0,14,896,424,534144,480,684480,14,14,1,20260711
E2,2,SliceBF,300000,common_016,2,common,0.0201,1.082,1.5007,0.4169,29.6263,31.5439,32.646,1,150336,0,0,3335,213440,424,111833920,13764,111984256,8226,8226,1,20260711
E2,2,SliceBF,300000,medium_025,2,medium,0.0276,0.0958,1.0141,0.3452,0.2327,1.592,1.7154,1,150336,0,0,54,3456,424,2020480,640,2170816,54,54,1,20260711
E2,2,SliceBF,300000,medium_014,2,medium,0.0203,0.0765,1.0008,0.4551,0.1176,1.5735,1.6703,1,150336,0,0,23,1472,424,892736,516,1043072,23,23,1,20260711
E2,2,SliceBF,300000,rare_013,2,rare,0.0204,0.0691,1.649,0.3431,0.0218,2.0139,2.1034,1,150336,0,0,3,192,424,92224,436,242560,3,3,1,20260711
E2,2,SliceBF,300000,medium_007,2,medium,0.0199,0.0774,1.0377,0.3425,0.0994,1.4796,1.5769,1,150336,0,0,21,1344,424,842176,508,992512,21,21,1,20260711
E2,2,SliceBF,300000,common_027,2,common,0.0195,3.3379,2.1549,0.7896,197.86,200.804,204.162,1,150336,0,0,4694,300416,424,171641984,19200,171792320,51308,51308,1,20260711
E2,2,SliceBF,300000,rare_017,2,rare,0.0344,0.0788,1.0761,0.342,0.0196,1.4377,1.5509,1,150336,0,0,1,64,424,25280,428,175616,1,1,1,20260711
E2,2,SliceBF,300000,medium_000,2,medium,0.0202,0.1016,1.144,0.345,0.4208,1.9098,2.0316,1,150336,0,0,90,5760,424,3635072,784,3785408,92,92,1,20260711
E2,2,SliceBF,300000,medium_003,2,medium,0.0199,0.1195,1.1092,0.3426,0.0798,1.5316,1.671,1,150336,0,0,18,1152,424,651648,496,801984,18,18,1,20260711
E2,2,SliceBF,300000,medium_006,2,medium,0.0204,0.0728,1.1116,0.3426,0.0347,1.4889,1.5821,1,150336,0,0,8,512,424,235008,456,385344,8,8,1,20260711
E2,2,SliceBF,300000,rare_019,2,rare,0.0193,0.0686,1.4489,0.3424,0.0288,1.8201,1.908,1,150336,0,0,4,256,424,232192,440,382528,4,4,1,20260711
E2,2,SliceBF,300000,medium_011,2,medium,0.0192,0.0733,1.207,0.3422,0.0906,1.6398,1.7323,1,150336,0,0,19,1216,424,775232,500,925568,19,19,1,20260711
E2,2,SliceBF,300000,common_023,2,common,0.0226,2.0986,1.4509,0.5702,137.309,139.33,141.452,1,150336,0,0,3880,248320,424,151727616,15944,151877952,27923,27923,1,20260711
E2,2,SliceBF,300000,rare_025,2,rare,0.0339,0.0773,1.2832,0.3418,0.0255,1.6505,1.7617,1,150336,0,0,3,192,424,108608,436,258944,3,3,1,20260711
E2,2,SliceBF,300000,common_021,2,common,0.0206,1.2849,1.5625,0.4344,38.4046,40.4015,41.707,1,150336,0,0,3896,249344,424,135379456,16008,135529792,10092,10092,1,20260711
E2,2,SliceBF,300000,common_025,2,common,0.0699,2.7065,2.4778,0.6221,132.18,135.28,138.057,1,150336,0,0,4687,299968,424,171530560,19172,171680896,31326,31326,1,20260711
E2,2,SliceBF,300000,common_004,2,common,0.0344,0.9274,1.4623,0.3922,19.5482,21.4027,22.3645,1,150336,0,0,2979,190656,424,102195264,12340,102345600,5199,5199,1,20260711
E2,2,SliceBF,300000,common_024,2,common,0.03,2.7327,1.3006,0.6045,151.526,153.431,156.194,1,150336,0,0,4198,268672,424,159783040,17216,159933376,31904,31904,1,20260711
E2,2,SliceBF,300000,common_022,2,common,0.0362,1.7131,1.9033,0.488,66.5016,68.8929,70.6422,1,150336,0,0,4551,291264,424,165978944,18628,166129280,16543,16543,1,20260711
E2,2,SliceBF,300000,medium_020,2,medium,0.0331,0.0962,1.0657,0.3436,0.3198,1.7291,1.8584,1,150336,0,0,65,4160,424,2921152,684,3071488,65,65,1,20260711
E2,2,SliceBF,300000,common_009,2,common,0.0197,2.786,2.357,0.649,136.453,139.459,142.264,1,150336,0,0,4690,300160,424,171499904,19184,171650240,35020,35020,1,20260711
E2,2,SliceBF,300000,rare_010,2,rare,0.0345,0.0833,1.0075,0.4606,0.093,1.5611,1.6789,1,150336,0,0,12,768,424,418048,472,568384,12,12,1,20260711
E2,2,SliceBF,300000,common_015,2,common,0.0519,1.2253,1.2172,0.4238,29.7936,31.4346,32.7118,1,150336,0,0,3310,211840,424,110669440,13664,110819776,8114,8114,1,20260711
E2,2,SliceBF,300000,common_006,2,common,0.0326,1.589,1.7805,0.5116,56.8657,59.1578,60.7794,1,150336,0,0,4470,286080,424,164316288,18304,164466624,13886,13886,1,20260711
E2,2,SliceBF,300000,common_018,2,common,0.0312,1.9518,1.5174,0.6197,87.4343,89.5714,91.5544,1,150336,0,0,4338,277632,424,152746368,17776,152896704,23981,23981,1,20260711
E2,2,SliceBF,300000,common_000,2,common,0.0339,1.9609,2.0501,0.5347,94.7512,97.336,99.3308,1,150336,0,0,4536,290304,424,168278528,18568,168428864,21859,21859,1,20260711
E2,2,SliceBF,300000,rare_021,2,rare,0.0331,0.0735,0.9714,0.3416,0.0104,1.3234,1.43,1,150336,0,0,1,64,424,25280,428,175616,1,1,1,20260711
E2,2,SliceBF,300000,common_001,2,common,0.0624,1.7699,1.762,0.5227,82.0458,84.3305,86.1628,1,150336,0,0,4402,281728,424,164432256,18032,164582592,18702,18702,1,20260711
E2,2,SliceBF,300000,medium_010,2,medium,0.0364,0.0922,1.1562,0.345,0.1317,1.6329,1.7615,1,150336,0,0,26,1664,424,984960,528,1135296,26,26,1,20260711
E2,2,SliceBF,300000,common_013,2,common,0.0206,2.001,1.8464,0.5426,115.512,117.901,119.923,1,150336,0,0,3790,242560,424,149419648,15584,149569984,23494,23494,1,20260711
E2,2,SliceBF,300000,medium_005,2,medium,0.0343,0.0833,1.0597,0.3582,0.1334,1.5513,1.6689,1,150336,0,0,24,1536,424,1032704,520,1183040,24,24,1,20260711
E2,2,SliceBF,300000,medium_024,2,medium,0.0205,0.089,1.0947,0.3428,0.2325,1.67,1.7795,1,150336,0,0,52,3328,424,2019072,632,2169408,52,52,1,20260711
E2,2,SliceBF,300000,common_011,2,common,0.0197,4.4141,1.7319,0.866,283.728,286.326,290.76,1,150336,0,0,4660,298240,424,171306752,19064,171457088,72862,72862,1,20260711
E2,2,SliceBF,300000,common_020,2,common,0.0378,2.5283,1.8477,0.5668,127.508,129.923,132.489,1,150336,0,0,4105,262720,424,157432000,16844,157582336,26842,26842,1,20260711
E2,2,SliceBF,300000,rare_022,2,rare,0.0399,0.074,1.0637,0.342,0.0253,1.431,1.5449,1,150336,0,0,3,192,424,100416,436,250752,3,3,1,20260711
E2,2,SliceBF,300000,common_003,2,common,0.0198,0.9015,1.4674,0.392,18.5533,20.4127,21.334,1,150336,0,0,2964,189696,424,101668608,12280,101818944,5163,5163,1,20260711
E2,2,SliceBF,300000,medium_001,2,medium,0.0236,0.0788,0.9617,0.3448,0.0927,1.3992,1.5016,1,150336,0,0,19,1216,424,775232,500,925568,19,19,1,20260711
E2,2,SliceBF,300000,medium_016,2,medium,0.0196,0.098,1.746,0.3433,0.4277,2.517,2.6346,1,150336,0,0,96,6144,424,3966976,808,4117312,96,96,1,20260711
E2,2,SliceBF,300000,rare_008,2,rare,0.0194,0.0736,0.9657,0.3452,0.0583,1.3692,1.4622,1,150336,0,0,13,832,424,492480,476,642816,13,13,1,20260711
E2,2,SliceBF,300000,rare_012,2,rare,0.0189,0.0663,1.0473,0.3414,0.0126,1.4013,1.4865,1,150336,0,0,2,128,424,83328,432,233664,2,2,1,20260711
E2,2,SliceBF,300000,common_010,2,common,0.019,2.2516,2.4041,0.5705,112.126,115.1,117.371,1,150336,0,0,4623,295872,424,170158400,18916,170308736,26157,26157,1,20260711
E2,2,SliceBF,300000,common_005,2,common,0.034,1.4502,1.9362,0.458,54.9801,57.3743,58.8585,1,150336,0,0,4216,269824,424,157428224,17288,157578560,12472,12472,1,20260711
E2,2,SliceBF,300000,common_019,2,common,0.033,2.1742,2.1541,0.5741,127.2,129.928,132.135,1,150336,0,0,4092,261888,424,157103360,16792,157253696,26737,26737,1,20260711
E2,2,SliceBF,300000,medium_004,2,medium,0.0353,0.093,1.0869,0.3449,0.2505,1.6823,1.8106,1,150336,0,0,53,3392,424,2126272,636,2276608,53,53,1,20260711
E2,2,SliceBF,300000,common_026,2,common,0.0202,3.43,2.1515,0.7785,219.496,222.426,225.876,1,150336,0,0,4682,299648,424,171551616,19152,171701952,50970,50970,1,20260711
E2,2,SliceBF,300000,medium_023,2,medium,0.038,0.1164,1.0815,0.348,0.4783,1.9078,2.0622,1,150336,0,0,103,6592,424,4102976,836,4253312,104,104,1,20260711
E2,2,SliceBF,300000,rare_005,2,rare,0.0208,0.0714,1.6587,0.342,0.024,2.0247,2.1169,1,150336,0,0,3,192,424,108608,436,258944,3,3,1,20260711
E2,2,SliceBF,300000,medium_015,2,medium,0.0208,0.0775,1.2088,0.343,0.1123,1.6641,1.7624,1,150336,0,0,24,1536,424,885248,520,1035584,24,24,1,20260711
E2,2,SliceBF,300000,medium_013,2,medium,0.0202,0.0932,1.2115,0.3457,0.2862,1.8434,1.9568,1,150336,0,0,66,4224,424,2536832,688,2687168,67,67,1,20260711
E2,2,SliceBF,300000,medium_012,2,medium,0.0197,0.0797,1.189,0.5063,0.1523,1.8476,1.947,1,150336,0,0,32,2048,424,1267712,552,1418048,32,32,1,20260711
E2,2,SliceBF,300000,common_014,2,common,0.0197,1.9738,1.7991,0.5097,72.1031,74.4119,76.4054,1,150336,0,0,4532,290048,424,163294976,18552,163445312,18415,18415,1,20260711
E2,2,SliceBF,300000,rare_018,2,rare,0.0335,0.0746,1.1943,0.3437,0.0139,1.5519,1.66,1,150336,0,0,1,64,424,25280,428,175616,1,1,1,20260711
E2,2,SliceBF,300000,rare_020,2,rare,0.0203,0.0721,0.9803,0.3717,0.025,1.377,1.4694,1,150336,0,0,3,192,424,124992,436,275328,3,3,1,20260711
E2,2,SliceBF,300000,rare_014,2,rare,0.0203,0.0709,0.9754,0.3416,0.0128,1.3298,1.421,1,150336,0,0,1,64,424,25280,428,175616,1,1,1,20260711
E2,2,SliceBF,300000,medium_008,2,medium,0.0217,0.1307,1.0346,0.345,0.0504,1.43,1.5824,1,150336,0,0,10,640,424,367488,464,517824,10,10,1,20260711
E2,2,SliceBF,300000,rare_002,2,rare,0.0205,0.0721,1.1954,0.3413,0.0077,1.5444,1.637,1,150336,0,0,1,64,424,25280,428,175616,1,1,1,20260711
E2,2,SliceBF,300000,rare_024,2,rare,0.0197,0.0717,0.9103,0.3895,0.0076,1.3074,1.3988,1,150336,0,0,1,64,424,25280,428,175616,1,1,1,20260711
E2,2,SliceBF,300000,rare_003,2,rare,0.0195,0.0675,1.3399,0.343,0.0084,1.6913,1.7783,1,150336,0,0,1,64,424,25280,428,175616,1,1,1,20260711
E2,2,SliceBF,300000,rare_006,2,rare,0.0199,0.0671,1.6073,0.3422,0.0092,1.9587,2.0457,1,150336,0,0,1,64,424,41664,428,192000,1,1,1,20260711
E2,2,SliceBF,300000,medium_021,2,medium,0.0199,0.1112,1.0566,0.3445,0.6055,2.0066,2.1377,1,150336,0,0,135,8640,424,5591872,964,5742208,137,137,1,20260711
E2,2,SliceBF,300000,common_002,2,common,0.0209,1.9865,1.9784,0.5588,86.8416,89.3788,91.3862,1,150336,0,0,4539,290496,424,163619392,18580,163769728,21992,21992,1,20260711
E2,2,SliceBF,300000,rare_001,2,rare,0.0333,0.0756,1.3053,0.3417,0.0208,1.6678,1.7767,1,150336,0,0,2,128,424,66944,432,217280,2,2,1,20260711
E2,2,SliceBF,300000,common_008,2,common,0.0198,0.945,1.2538,0.3971,20.379,22.0299,22.9947,1,150336,0,0,3088,197632,424,105802752,12776,105953088,5606,5606,1,20260711
E2,2,SliceBF,300000,rare_023,2,rare,0.0247,0.0745,1.0083,0.3416,0.01,1.3599,1.4591,1,150336,0,0,1,64,424,41664,428,192000,1,1,1,20260711
E2,2,SliceBF,300000,rare_009,2,rare,0.0197,0.0668,1.4502,0.3434,0.0179,1.8115,1.898,1,150336,0,0,1,64,424,25280,428,175616,1,1,1,20260711
E2,2,XEBFF-Conj,300000,rare_016,2,rare,0.9488,0.4025,0,0,0.0048,0.0048,1.3561,0,0,0,0,0,0,16580,0,16580,144,345,4,1,20260711
E2,2,XEBFF-Conj,300000,common_017,2,common,68.9111,28.6586,0,0,6.1324,6.1324,103.702,0,0,0,0,0,0,1152020,0,1152020,356164,24000,10176,1,20260711
E2,2,XEBFF-Conj,300000,medium_018,2,medium,1.3753,0.5992,0,0,0.0162,0.0162,1.9907,0,0,0,0,0,0,24116,0,24116,424,502,12,1,20260711
E2,2,XEBFF-Conj,300000,medium_022,2,medium,1.2569,0.5595,0,0,0.0059,0.0059,1.8223,0,0,0,0,0,0,22580,0,22580,284,470,8,1,20260711
E2,2,XEBFF-Conj,300000,common_007,2,common,17.377,8.1903,0,0,3.134,3.134,28.7013,0,0,0,0,0,0,308132,0,308132,194954,6419,5570,1,20260711
E2,2,XEBFF-Conj,300000,rare_004,2,rare,0.4761,0.2113,0,0,0.0032,0.0032,0.6906,0,0,0,0,0,0,8276,0,8276,74,172,2,1,20260711
E2,2,XEBFF-Conj,300000,rare_007,2,rare,1.1966,0.5395,0,0,0.0076,0.0076,1.7437,0,0,0,0,0,0,21476,0,21476,319,447,9,1,20260711
E2,2,XEBFF-Conj,300000,medium_002,2,medium,11.0834,4.7607,0,0,0.0441,0.0441,15.8882,0,0,0,0,0,0,195764,0,195764,1929,4078,55,1,20260711
E2,2,XEBFF-Conj,300000,rare_000,2,rare,0.0619,0.0207,0,0,0.0011,0.0011,0.0837,0,0,0,0,0,0,836,0,836,39,17,1,1,20260711
E2,2,XEBFF-Conj,300000,medium_009,2,medium,5.6214,2.3597,0,0,0.0164,0.0164,7.9975,0,0,0,0,0,0,97220,0,97220,494,2025,14,1,20260711
E2,2,XEBFF-Conj,300000,rare_015,2,rare,0.0309,0.0083,0,0,0.0009,0.0009,0.0401,0,0,0,0,0,0,308,0,308,39,6,1,1,20260711
E2,2,XEBFF-Conj,300000,rare_011,2,rare,1.8246,0.8024,0,0,0.0022,0.0022,2.6292,0,0,0,0,0,0,33188,0,33188,74,691,2,1,20260711
E2,2,XEBFF-Conj,300000,common_012,2,common,41.7228,18.557,0,0,8.7005,8.7005,68.9803,0,0,0,0,0,0,741716,0,741716,540824,15452,15452,1,20260711
E2,2,XEBFF-Conj,300000,medium_019,2,medium,1.0837,0.4727,0,0,0.0787,0.0787,1.6351,0,0,0,0,0,0,18884,0,18884,3889,393,111,1,20260711
E2,2,XEBFF-Conj,300000,medium_017,2,medium,3.2817,1.4625,0,0,0.0108,0.0108,4.755,0,0,0,0,0,0,59828,0,59828,494,1246,14,1,20260711
E2,2,XEBFF-Conj,300000,common_016,2,common,34.7433,15.3688,0,0,5.7301,5.7301,55.8422,0,0,0,0,0,0,609092,0,609092,287914,12689,8226,1,20260711
E2,2,XEBFF-Conj,300000,medium_025,2,medium,12.221,5.3473,0,0,0.0477,0.0477,17.616,0,0,0,0,0,0,209732,0,209732,1894,4369,54,1,20260711
E2,2,XEBFF-Conj,300000,medium_014,2,medium,0.9103,0.4029,0,0,0.0172,0.0172,1.3304,0,0,0,0,0,0,16292,0,16292,809,339,23,1,20260711
E2,2,XEBFF-Conj,300000,rare_013,2,rare,0.0693,0.0258,0,0,0.0023,0.0023,0.0974,0,0,0,0,0,0,1028,0,1028,109,21,3,1,20260711
E2,2,XEBFF-Conj,300000,medium_007,2,medium,5.4767,2.5035,0,0,0.021,0.021,8.0012,0,0,0,0,0,0,95204,0,95204,739,1983,21,1,20260711
E2,2,XEBFF-Conj,300000,common_027,2,common,169.153,75.1266,0,0,29.1809,29.1809,273.461,0,0,0,0,0,0,2968052,0,2968052,1795784,61834,51308,1,20260711
E2,2,XEBFF-Conj,300000,rare_017,2,rare,0.0694,0.0158,0,0,0.0056,0.0056,0.0908,0,0,0,0,0,0,596,0,596,39,12,1,1,20260711
E2,2,XEBFF-Conj,300000,medium_000,2,medium,3.1308,1.3902,0,0,0.0609,0.0609,4.5819,0,0,0,0,0,0,56420,0,56420,3224,1175,92,1,20260711
E2,2,XEBFF-Conj,300000,medium_003,2,medium,1.5806,0.4367,0,0,0.0184,0.0184,2.0357,0,0,0,0,0,0,15668,0,15668,634,326,18,1,20260711
E2,2,XEBFF-Conj,300000,medium_006,2,medium,0.0369,0.0107,0,0,0.0054,0.0054,0.053,0,0,0,0,0,0,404,0,404,284,8,8,1,20260711
E2,2,XEBFF-Conj,300000,rare_019,2,rare,0.0378,0.0113,0,0,0.0029,0.0029,0.052,0,0,0,0,0,0,452,0,452,144,9,4,1,20260711
E2,2,XEBFF-Conj,300000,medium_011,2,medium,3.3303,1.406,0,0,0.0145,0.0145,4.7508,0,0,0,0,0,0,57476,0,57476,669,1197,19,1,20260711
E2,2,XEBFF-Conj,300000,common_023,2,common,76.6067,34.3765,0,0,18.6591,18.6591,129.642,0,0,0,0,0,0,1340324,0,1340324,977309,27923,27923,1,20260711
E2,2,XEBFF-Conj,300000,rare_025,2,rare,0.0714,0.0181,0,0,0.008,0.008,0.0975,0,0,0,0,0,0,692,0,692,109,14,3,1,20260711
E2,2,XEBFF-Conj,300000,common_021,2,common,34.0634,16.3357,0,0,5.7809,5.7809,56.18,0,0,0,0,0,0,609092,0,609092,353224,12689,10092,1,20260711
E2,2,XEBFF-Conj,300000,common_025,2,common,111.426,49.1483,0,0,19.1109,19.1109,179.685,0,0,0,0,0,0,1940996,0,1940996,1096414,40437,31326,1,20260711
E2,2,XEBFF-Conj,300000,common_004,2,common,31.6237,14.0043,0,0,3.0288,3.0288,48.6568,0,0,0,0,0,0,546260,0,546260,181969,11380,5199,1,20260711
E2,2,XEBFF-Conj,300000,common_024,2,common,85.5804,39.7743,0,0,18.1024,18.1024,143.457,0,0,0,0,0,0,1531412,0,1531412,1116644,31904,31904,1,20260711
E2,2,XEBFF-Conj,300000,common_022,2,common,167.432,75.7346,0,0,9.4911,9.4911,252.658,0,0,0,0,0,0,2968052,0,2968052,579009,61834,16543,1,20260711
E2,2,XEBFF-Conj,300000,medium_020,2,medium,1.1307,0.4907,0,0,0.0486,0.0486,1.67,0,0,0,0,0,0,19892,0,19892,2279,414,65,1,20260711
E2,2,XEBFF-Conj,300000,common_009,2,common,169.191,77.5278,0,0,20.6114,20.6114,267.33,0,0,0,0,0,0,2968052,0,2968052,1225704,61834,35020,1,20260711
E2,2,XEBFF-Conj,300000,rare_010,2,rare,0.9297,0.3991,0,0,0.015,0.015,1.3438,0,0,0,0,0,0,16196,0,16196,424,337,12,1,20260711
E2,2,XEBFF-Conj,300000,common_015,2,common,34.6872,15.2654,0,0,4.5811,4.5811,54.5337,0,0,0,0,0,0,609092,0,609092,283994,12689,8114,1,20260711
E2,2,XEBFF-Conj,300000,common_006,2,common,37.9608,17.8585,0,0,10.9099,10.9099,66.7292,0,0,0,0,0,0,666548,0,666548,486014,13886,13886,1,20260711
E2,2,XEBFF-Conj,300000,common_018,2,common,64.3586,29.1247,0,0,13.2707,13.2707,106.754,0,0,0,0,0,0,1152020,0,1152020,839339,24000,23981,1,20260711
E2,2,XEBFF-Conj,300000,common_000,2,common,112.441,49.8157,0,0,13.7112,13.7112,175.968,0,0,0,0,0,0,1971284,0,1971284,765069,41068,21859,1,20260711
E2,2,XEBFF-Conj,300000,rare_021,2,rare,0.0418,0.0022,0,0,0.0051,0.0051,0.0491,0,0,0,0,0,0,68,0,68,39,1,1,1,20260711
E2,2,XEBFF-Conj,300000,common_001,2,common,68.0833,30.1112,0,0,10.4996,10.4996,108.694,0,0,0,0,0,0,1185572,0,1185572,654574,24699,18702,1,20260711
E2,2,XEBFF-Conj,300000,medium_010,2,medium,9.8614,4.6081,0,0,0.0285,0.0285,14.498,0,0,0,0,0,0,178580,0,178580,914,3720,26,1,20260711
E2,2,XEBFF-Conj,300000,common_013,2,common,76.0403,34.18,0,0,13.2064,13.2064,123.427,0,0,0,0,0,0,1340324,0,1340324,822294,27923,23494,1,20260711
E2,2,XEBFF-Conj,300000,medium_005,2,medium,3.8525,1.6949,0,0,0.0234,0.0234,5.5708,0,0,0,0,0,0,69092,0,69092,844,1439,24,1,20260711
E2,2,XEBFF-Conj,300000,medium_024,2,medium,10.6522,4.5881,0,0,0.0458,0.0458,15.2861,0,0,0,0,0,0,185108,0,185108,1824,3856,52,1,20260711
E2,2,XEBFF-Conj,300000,common_011,2,common,199.574,92.01,0,0,42.1495,42.1495,333.734,0,0,0,0,0,0,3532052,0,3532052,2550174,73584,72862,1,20260711
E2,2,XEBFF-Conj,300000,common_020,2,common,87.8278,40.8369,0,0,14.9485,14.9485,143.613,0,0,0,0,0,0,1538276,0,1538276,939474,32047,26842,1,20260711
E2,2,XEBFF-Conj,300000,rare_022,2,rare,1.9695,0.8644,0,0,0.0088,0.0088,2.8427,0,0,0,0,0,0,35108,0,35108,109,731,3,1,20260711
E2,2,XEBFF-Conj,300000,common_003,2,common,30.8836,13.9979,0,0,2.9054,2.9054,47.7869,0,0,0,0,0,0,546260,0,546260,180709,11380,5163,1,20260711
E2,2,XEBFF-Conj,300000,medium_001,2,medium,4.4422,1.8984,0,0,0.0214,0.0214,6.362,0,0,0,0,0,0,77396,0,77396,669,1612,19,1,20260711
E2,2,XEBFF-Conj,300000,medium_016,2,medium,0.5903,0.2594,0,0,0.0582,0.0582,0.9079,0,0,0,0,0,0,10532,0,10532,3364,219,96,1,20260711
E2,2,XEBFF-Conj,300000,rare_008,2,rare,1.7097,0.7584,0,0,0.0094,0.0094,2.4775,0,0,0,0,0,0,30932,0,30932,459,644,13,1,20260711
E2,2,XEBFF-Conj,300000,rare_012,2,rare,1.4059,0.6118,0,0,0.0017,0.0017,2.0194,0,0,0,0,0,0,25076,0,25076,74,522,2,1,20260711
E2,2,XEBFF-Conj,300000,common_010,2,common,93.987,42.1582,0,0,15.0205,15.0205,151.166,0,0,0,0,0,0,1656836,0,1656836,915499,34517,26157,1,20260711
E2,2,XEBFF-Conj,300000,common_005,2,common,41.7426,18.989,0,0,7.6701,7.6701,68.4017,0,0,0,0,0,0,741716,0,741716,436524,15452,12472,1,20260711
E2,2,XEBFF-Conj,300000,common_019,2,common,86.6568,42.2313,0,0,15.1665,15.1665,144.055,0,0,0,0,0,0,1531412,0,1531412,935799,31904,26737,1,20260711
E2,2,XEBFF-Conj,300000,medium_004,2,medium,0.2218,0.0901,0,0,0.0391,0.0391,0.351,0,0,0,0,0,0,3476,0,3476,1859,72,53,1,20260711
E2,2,XEBFF-Conj,300000,common_026,2,common,202.232,90.3604,0,0,28.907,28.907,321.499,0,0,0,0,0,0,3473780,0,3473780,1783954,72370,50970,1,20260711
E2,2,XEBFF-Conj,300000,medium_023,2,medium,16.2816,6.9129,0,0,0.0813,0.0813,23.2758,0,0,0,0,0,0,278612,0,278612,3644,5804,104,1,20260711
E2,2,XEBFF-Conj,300000,rare_005,2,rare,0.1829,0.0758,0,0,0.0031,0.0031,0.2618,0,0,0,0,0,0,3044,0,3044,109,63,3,1,20260711
E2,2,XEBFF-Conj,300000,medium_015,2,medium,8.7081,3.8531,0,0,0.0244,0.0244,12.5856,0,0,0,0,0,0,155540,0,155540,844,3240,24,1,20260711
E2,2,XEBFF-Conj,300000,medium_013,2,medium,2.7782,1.23,0,0,0.0487,0.0487,4.0569,0,0,0,0,0,0,50324,0,50324,2349,1048,67,1,20260711
E2,2,XEBFF-Conj,300000,medium_012,2,medium,2.032,0.9028,0,0,0.0241,0.0241,2.9589,0,0,0,0,0,0,36980,0,36980,1124,770,32,1,20260711
E2,2,XEBFF-Conj,300000,common_014,2,common,81.7031,37.8225,0,0,10.6686,10.6686,130.194,0,0,0,0,0,0,1442420,0,1442420,644529,30050,18415,1,20260711
E2,2,XEBFF-Conj,300000,rare_018,2,rare,0.0666,0.0159,0,0,0.0101,0.0101,0.0926,0,0,0,0,0,0,596,0,596,39,12,1,1,20260711
E2,2,XEBFF-Conj,300000,rare_020,2,rare,0.8524,0.3748,0,0,0.0036,0.0036,1.2308,0,0,0,0,0,0,15188,0,15188,109,316,3,1,20260711
E2,2,XEBFF-Conj,300000,rare_014,2,rare,0.0772,0.0317,0,0,0.0008,0.0008,0.1097,0,0,0,0,0,0,1172,0,1172,39,24,1,1,20260711
E2,2,XEBFF-Conj,300000,medium_008,2,medium,2.9858,1.5442,0,0,0.0109,0.0109,4.5409,0,0,0,0,0,0,53252,0,53252,354,1109,10,1,20260711
E2,2,XEBFF-Conj,300000,rare_002,2,rare,0.0796,0.029,0,0,0.0009,0.0009,0.1095,0,0,0,0,0,0,1172,0,1172,39,24,1,1,20260711
E2,2,XEBFF-Conj,300000,rare_024,2,rare,0.0203,0.0017,0,0,0.0008,0.0008,0.0228,0,0,0,0,0,0,68,0,68,39,1,1,1,20260711
E2,2,XEBFF-Conj,300000,rare_003,2,rare,1.59,0.6989,0,0,0.001,0.001,2.2899,0,0,0,0,0,0,28676,0,28676,39,597,1,1,20260711
E2,2,XEBFF-Conj,300000,rare_006,2,rare,0.022,0.004,0,0,0.0009,0.0009,0.0269,0,0,0,0,0,0,164,0,164,39,3,1,1,20260711
E2,2,XEBFF-Conj,300000,medium_021,2,medium,11.7708,6.0986,0,0,0.0998,0.0998,17.9692,0,0,0,0,0,0,209732,0,209732,4799,4369,137,1,20260711
E2,2,XEBFF-Conj,300000,common_002,2,common,81.8099,37.551,0,0,12.4674,12.4674,131.828,0,0,0,0,0,0,1442420,0,1442420,769724,30050,21992,1,20260711
E2,2,XEBFF-Conj,300000,rare_001,2,rare,0.1493,0.0511,0,0,0.0075,0.0075,0.2079,0,0,0,0,0,0,1988,0,1988,74,41,2,1,20260711
E2,2,XEBFF-Conj,300000,common_008,2,common,30.3154,13.348,0,0,3.1354,3.1354,46.7988,0,0,0,0,0,0,527108,0,527108,196214,10981,5606,1,20260711
E2,2,XEBFF-Conj,300000,rare_023,2,rare,0.0755,0.0217,0,0,0.0058,0.0058,0.103,0,0,0,0,0,0,836,0,836,39,17,1,1,20260711
E2,2,XEBFF-Conj,300000,rare_009,2,rare,0.0241,0.0055,0,0,0.0012,0.0012,0.0308,0,0,0,0,0,0,212,0,212,39,4,1,1,20260711
E2,2,Doris,300000,rare_016,2,rare,0.9273,0.4045,0,0,0.0037,0.0037,1.3355,0,0,0,0,0,0,16580,0,16580,144,345,4,1,20260711
E2,2,Doris,300000,common_017,2,common,65.8618,32.109,0,0,5.7571,5.7571,103.728,0,0,0,0,0,0,1152020,0,1152020,356164,24000,10176,1,20260711
E2,2,Doris,300000,medium_018,2,medium,1.9966,0.6532,0,0,0.0173,0.0173,2.6671,0,0,0,0,0,0,24116,0,24116,424,502,12,1,20260711
E2,2,Doris,300000,medium_022,2,medium,1.3417,0.5512,0,0,0.0069,0.0069,1.8998,0,0,0,0,0,0,22580,0,22580,284,470,8,1,20260711
E2,2,Doris,300000,common_007,2,common,17.2987,8.214,0,0,3.513,3.513,29.0257,0,0,0,0,0,0,308132,0,308132,194954,6419,5570,1,20260711
E2,2,Doris,300000,rare_004,2,rare,0.48,0.2121,0,0,0.004,0.004,0.6961,0,0,0,0,0,0,8276,0,8276,74,172,2,1,20260711
E2,2,Doris,300000,rare_007,2,rare,1.1934,0.5671,0,0,0.0101,0.0101,1.7706,0,0,0,0,0,0,21476,0,21476,319,447,9,1,20260711
E2,2,Doris,300000,medium_002,2,medium,11.4789,5.0825,0,0,0.0509,0.0509,16.6123,0,0,0,0,0,0,195764,0,195764,1929,4078,55,1,20260711
E2,2,Doris,300000,rare_000,2,rare,0.0541,0.022,0,0,0.0013,0.0013,0.0774,0,0,0,0,0,0,836,0,836,39,17,1,1,20260711
E2,2,Doris,300000,medium_009,2,medium,5.4104,2.4449,0,0,0.0121,0.0121,7.8674,0,0,0,0,0,0,97220,0,97220,494,2025,14,1,20260711
E2,2,Doris,300000,rare_015,2,rare,0.0236,0.0077,0,0,0.0009,0.0009,0.0322,0,0,0,0,0,0,308,0,308,39,6,1,1,20260711
E2,2,Doris,300000,rare_011,2,rare,1.9612,0.8156,0,0,0.0042,0.0042,2.781,0,0,0,0,0,0,33188,0,33188,74,691,2,1,20260711
E2,2,Doris,300000,common_012,2,common,41.2693,18.6301,0,0,8.7931,8.7931,68.6925,0,0,0,0,0,0,741716,0,741716,540824,15452,15452,1,20260711
E2,2,Doris,300000,medium_019,2,medium,1.0568,0.4734,0,0,0.0725,0.0725,1.6027,0,0,0,0,0,0,18884,0,18884,3889,393,111,1,20260711
E2,2,Doris,300000,medium_017,2,medium,3.548,1.5125,0,0,0.0128,0.0128,5.0733,0,0,0,0,0,0,59828,0,59828,494,1246,14,1,20260711
E2,2,Doris,300000,common_016,2,common,34.4192,16.1134,0,0,4.6065,4.6065,55.1391,0,0,0,0,0,0,609092,0,609092,287914,12689,8226,1,20260711
E2,2,Doris,300000,medium_025,2,medium,11.9745,5.1352,0,0,0.0463,0.0463,17.156,0,0,0,0,0,0,207476,0,207476,1894,4322,54,1,20260711
E2,2,Doris,300000,medium_014,2,medium,0.9091,0.3971,0,0,0.0166,0.0166,1.3228,0,0,0,0,0,0,16292,0,16292,809,339,23,1,20260711
E2,2,Doris,300000,rare_013,2,rare,0.0614,0.0255,0,0,0.0023,0.0023,0.0892,0,0,0,0,0,0,1028,0,1028,109,21,3,1,20260711
E2,2,Doris,300000,medium_007,2,medium,5.4315,2.3297,0,0,0.0196,0.0196,7.7808,0,0,0,0,0,0,95204,0,95204,739,1983,21,1,20260711
E2,2,Doris,300000,common_027,2,common,168.38,75.6418,0,0,31.3465,31.3465,275.368,0,0,0,0,0,0,2968052,0,2968052,1795784,61834,51308,1,20260711
E2,2,Doris,300000,rare_017,2,rare,0.0625,0.0162,0,0,0.0049,0.0049,0.0836,0,0,0,0,0,0,596,0,596,39,12,1,1,20260711
E2,2,Doris,300000,medium_000,2,medium,3.1485,1.3917,0,0,0.0612,0.0612,4.6014,0,0,0,0,0,0,56420,0,56420,3224,1175,92,1,20260711
E2,2,Doris,300000,medium_003,2,medium,0.8738,0.3859,0,0,0.0126,0.0126,1.2723,0,0,0,0,0,0,15668,0,15668,634,326,18,1,20260711
E2,2,Doris,300000,medium_006,2,medium,0.027,0.0105,0,0,0.0053,0.0053,0.0428,0,0,0,0,0,0,404,0,404,284,8,8,1,20260711
E2,2,Doris,300000,rare_019,2,rare,0.0301,0.0122,0,0,0.0037,0.0037,0.046,0,0,0,0,0,0,452,0,452,144,9,4,1,20260711
E2,2,Doris,300000,medium_011,2,medium,3.1482,1.4008,0,0,0.015,0.015,4.564,0,0,0,0,0,0,57476,0,57476,669,1197,19,1,20260711
E2,2,Doris,300000,common_023,2,common,76.1648,34.3729,0,0,16.0457,16.0457,126.583,0,0,0,0,0,0,1340324,0,1340324,977309,27923,27923,1,20260711
E2,2,Doris,300000,rare_025,2,rare,0.0632,0.0183,0,0,0.0081,0.0081,0.0896,0,0,0,0,0,0,692,0,692,109,14,3,1,20260711
E2,2,Doris,300000,common_021,2,common,34.2508,15.4963,0,0,5.6352,5.6352,55.3823,0,0,0,0,0,0,609092,0,609092,353224,12689,10092,1,20260711
E2,2,Doris,300000,common_025,2,common,112.741,49.7642,0,0,18.3092,18.3092,180.815,0,0,0,0,0,0,1940996,0,1940996,1096414,40437,31326,1,20260711
E2,2,Doris,300000,common_004,2,common,30.8882,13.8721,0,0,2.9076,2.9076,47.6679,0,0,0,0,0,0,546260,0,546260,181969,11380,5199,1,20260711
E2,2,Doris,300000,common_024,2,common,87.4931,39.2911,0,0,17.9015,17.9015,144.686,0,0,0,0,0,0,1531412,0,1531412,1116644,31904,31904,1,20260711
E2,2,Doris,300000,common_022,2,common,167.254,75.7814,0,0,9.5915,9.5915,252.627,0,0,0,0,0,0,2968052,0,2968052,579009,61834,16543,1,20260711
E2,2,Doris,300000,medium_020,2,medium,1.3157,0.5041,0,0,0.0492,0.0492,1.869,0,0,0,0,0,0,19892,0,19892,2279,414,65,1,20260711
E2,2,Doris,300000,common_009,2,common,172.498,75.723,0,0,19.9092,19.9092,268.13,0,0,0,0,0,0,2968052,0,2968052,1225704,61834,35020,1,20260711
E2,2,Doris,300000,rare_010,2,rare,0.9298,0.4015,0,0,0.0152,0.0152,1.3465,0,0,0,0,0,0,16196,0,16196,424,337,12,1,20260711
E2,2,Doris,300000,common_015,2,common,34.2886,15.6142,0,0,4.6202,4.6202,54.523,0,0,0,0,0,0,609092,0,609092,283994,12689,8114,1,20260711
E2,2,Doris,300000,common_006,2,common,38.4692,17.3093,0,0,7.8705,7.8705,63.649,0,0,0,0,0,0,666548,0,666548,486014,13886,13886,1,20260711
E2,2,Doris,300000,common_018,2,common,65.6826,30.2596,0,0,13.6753,13.6753,109.618,0,0,0,0,0,0,1152020,0,1152020,839339,24000,23981,1,20260711
E2,2,Doris,300000,common_000,2,common,115.001,51.0046,0,0,12.5198,12.5198,178.526,0,0,0,0,0,0,1971284,0,1971284,765069,41068,21859,1,20260711
E2,2,Doris,300000,rare_021,2,rare,0.03,0.0031,0,0,0.0054,0.0054,0.0385,0,0,0,0,0,0,68,0,68,39,1,1,1,20260711
E2,2,Doris,300000,common_001,2,common,66.6405,30.5851,0,0,10.9046,10.9046,108.13,0,0,0,0,0,0,1185572,0,1185572,654574,24699,18702,1,20260711
E2,2,Doris,300000,medium_010,2,medium,10.4178,4.4642,0,0,0.0263,0.0263,14.9083,0,0,0,0,0,0,178580,0,178580,914,3720,26,1,20260711
E2,2,Doris,300000,common_013,2,common,76.5346,34.787,0,0,13.2831,13.2831,124.605,0,0,0,0,0,0,1340324,0,1340324,822294,27923,23494,1,20260711
E2,2,Doris,300000,medium_005,2,medium,3.84,1.6932,0,0,0.0258,0.0258,5.559,0,0,0,0,0,0,69092,0,69092,844,1439,24,1,20260711
E2,2,Doris,300000,medium_024,2,medium,11.1289,4.6211,0,0,0.0456,0.0456,15.7956,0,0,0,0,0,0,185108,0,185108,1824,3856,52,1,20260711
E2,2,Doris,300000,common_011,2,common,204.375,91.6449,0,0,41.7394,41.7394,337.759,0,0,0,0,0,0,3532052,0,3532052,2550174,73584,72862,1,20260711
E2,2,Doris,300000,common_020,2,common,90.5022,39.624,0,0,16.8483,16.8483,146.975,0,0,0,0,0,0,1538276,0,1538276,939474,32047,26842,1,20260711
E2,2,Doris,300000,rare_022,2,rare,2.0986,0.8648,0,0,0.0081,0.0081,2.9715,0,0,0,0,0,0,35108,0,35108,109,731,3,1,20260711
E2,2,Doris,300000,common_003,2,common,32.071,14.3971,0,0,2.925,2.925,49.3931,0,0,0,0,0,0,546260,0,546260,180709,11380,5163,1,20260711
E2,2,Doris,300000,medium_001,2,medium,4.3268,2.0589,0,0,0.0228,0.0228,6.4085,0,0,0,0,0,0,77396,0,77396,669,1612,19,1,20260711
E2,2,Doris,300000,medium_016,2,medium,0.5864,0.2617,0,0,0.0578,0.0578,0.9059,0,0,0,0,0,0,10532,0,10532,3364,219,96,1,20260711
E2,2,Doris,300000,rare_008,2,rare,1.7482,0.7563,0,0,0.0108,0.0108,2.5153,0,0,0,0,0,0,30932,0,30932,459,644,13,1,20260711
E2,2,Doris,300000,rare_012,2,rare,1.3906,0.6102,0,0,0.0018,0.0018,2.0026,0,0,0,0,0,0,25076,0,25076,74,522,2,1,20260711
E2,2,Doris,300000,common_010,2,common,95.2443,44.5859,0,0,14.8529,14.8529,154.683,0,0,0,0,0,0,1656836,0,1656836,915499,34517,26157,1,20260711
E2,2,Doris,300000,common_005,2,common,42.4781,19.0726,0,0,7.2026,7.2026,68.7533,0,0,0,0,0,0,741716,0,741716,436524,15452,12472,1,20260711
E2,2,Doris,300000,common_019,2,common,87.3711,39.3826,0,0,15.4609,15.4609,142.215,0,0,0,0,0,0,1531412,0,1531412,935799,31904,26737,1,20260711
E2,2,Doris,300000,medium_004,2,medium,0.246,0.0944,0,0,0.0429,0.0429,0.3833,0,0,0,0,0,0,3476,0,3476,1859,72,53,1,20260711
E2,2,Doris,300000,common_026,2,common,196.807,90.111,0,0,29.5567,29.5567,316.475,0,0,0,0,0,0,3473780,0,3473780,1783954,72370,50970,1,20260711
E2,2,Doris,300000,medium_023,2,medium,15.8688,6.9681,0,0,0.0819,0.0819,22.9188,0,0,0,0,0,0,278612,0,278612,3644,5804,104,1,20260711
E2,2,Doris,300000,rare_005,2,rare,0.1809,0.0753,0,0,0.003,0.003,0.2592,0,0,0,0,0,0,3044,0,3044,109,63,3,1,20260711
E2,2,Doris,300000,medium_015,2,medium,8.7278,3.9803,0,0,0.0255,0.0255,12.7336,0,0,0,0,0,0,155540,0,155540,844,3240,24,1,20260711
E2,2,Doris,300000,medium_013,2,medium,2.7863,1.259,0,0,0.0484,0.0484,4.0937,0,0,0,0,0,0,50324,0,50324,2349,1048,67,1,20260711
E2,2,Doris,300000,medium_012,2,medium,2.1282,0.9086,0,0,0.024,0.024,3.0608,0,0,0,0,0,0,36980,0,36980,1124,770,32,1,20260711
E2,2,Doris,300000,common_014,2,common,82.2821,38.593,0,0,10.497,10.497,131.372,0,0,0,0,0,0,1442420,0,1442420,644529,30050,18415,1,20260711
E2,2,Doris,300000,rare_018,2,rare,0.0546,0.0961,0,0,0.0076,0.0076,0.1583,0,0,0,0,0,0,596,0,596,39,12,1,1,20260711
E2,2,Doris,300000,rare_020,2,rare,0.9826,0.4382,0,0,0.005,0.005,1.4258,0,0,0,0,0,0,15188,0,15188,109,316,3,1,20260711
E2,2,Doris,300000,rare_014,2,rare,0.0701,0.0302,0,0,0.0013,0.0013,0.1016,0,0,0,0,0,0,1172,0,1172,39,24,1,1,20260711
E2,2,Doris,300000,medium_008,2,medium,2.9686,1.3029,0,0,0.0085,0.0085,4.28,0,0,0,0,0,0,53252,0,53252,354,1109,10,1,20260711
E2,2,Doris,300000,rare_002,2,rare,0.0694,0.0289,0,0,0.0013,0.0013,0.0996,0,0,0,0,0,0,1172,0,1172,39,24,1,1,20260711
E2,2,Doris,300000,rare_024,2,rare,0.0084,0.0016,0,0,0.0007,0.0007,0.0107,0,0,0,0,0,0,68,0,68,39,1,1,1,20260711
E2,2,Doris,300000,rare_003,2,rare,1.6221,0.6986,0,0,0.0015,0.0015,2.3222,0,0,0,0,0,0,28676,0,28676,39,597,1,1,20260711
E2,2,Doris,300000,rare_006,2,rare,0.0149,0.0039,0,0,0.0008,0.0008,0.0196,0,0,0,0,0,0,164,0,164,39,3,1,1,20260711
E2,2,Doris,300000,medium_021,2,medium,13.2131,5.5084,0,0,0.1003,0.1003,18.8218,0,0,0,0,0,0,209732,0,209732,4799,4369,137,1,20260711
E2,2,Doris,300000,common_002,2,common,82.2966,41.5703,0,0,12.7018,12.7018,136.569,0,0,0,0,0,0,1442420,0,1442420,769724,30050,21992,1,20260711
E2,2,Doris,300000,rare_001,2,rare,0.144,0.051,0,0,0.0073,0.0073,0.2023,0,0,0,0,0,0,1988,0,1988,74,41,2,1,20260711
E2,2,Doris,300000,common_008,2,common,31.0478,13.5979,0,0,3.262,3.262,47.9077,0,0,0,0,0,0,527108,0,527108,196214,10981,5606,1,20260711
E2,2,Doris,300000,rare_023,2,rare,0.0612,0.0214,0,0,0.002,0.002,0.0846,0,0,0,0,0,0,836,0,836,39,17,1,1,20260711
E2,2,Doris,300000,rare_009,2,rare,0.0163,0.0053,0,0,0.0009,0.0009,0.0225,0,0,0,0,0,0,212,0,212,39,4,1,1,20260711
E2,2,Ren,300000,rare_016,2,rare,0.0092,0.3476,0,0,0.0027,0.0027,0.3595,0,0,0,0,0,0,116,0,116,164,345,4,1,20260711
E2,2,Ren,300000,common_017,2,common,0.0075,25.7677,0,0,5.9539,5.9539,31.7291,0,0,0,0,0,0,116,0,116,396872,24000,10176,1,20260711
E2,2,Ren,300000,medium_018,2,medium,0.0166,0.5368,0,0.0001,0.0114,0.0114,0.5648,0,0,0,0,0,0,116,0,116,476,502,12,1,20260711
E2,2,Ren,300000,medium_022,2,medium,0.0087,0.6048,0,0,0.0061,0.0061,0.6196,0,0,0,0,0,0,116,0,116,320,470,8,1,20260711
E2,2,Ren,300000,common_007,2,common,0.0082,7.0421,0,0,3.6753,3.6753,10.7256,0,0,0,0,0,0,116,0,116,217238,6419,5570,1,20260711
E2,2,Ren,300000,rare_004,2,rare,0.0173,0.1863,0,0,0.0025,0.0025,0.2061,0,0,0,0,0,0,116,0,116,86,172,2,1,20260711
E2,2,Ren,300000,rare_007,2,rare,0.0076,0.4836,0,0,0.0065,0.0065,0.4977,0,0,0,0,0,0,116,0,116,359,447,9,1,20260711
E2,2,Ren,300000,medium_002,2,medium,0.0082,4.1986,0,0,0.0324,0.0324,4.2392,0,0,0,0,0,0,116,0,116,2153,4078,55,1,20260711
E2,2,Ren,300000,rare_000,2,rare,0.0084,0.0179,0,0.0001,0.0008,0.0008,0.0271,0,0,0,0,0,0,116,0,116,47,17,1,1,20260711
E2,2,Ren,300000,medium_009,2,medium,0.0072,2.0371,0,0,0.0081,0.0081,2.0524,0,0,0,0,0,0,116,0,116,554,2025,14,1,20260711
E2,2,Ren,300000,rare_015,2,rare,0.0093,0.0071,0,0.0001,0.0008,0.0008,0.0172,0,0,0,0,0,0,116,0,116,47,6,1,1,20260711
E2,2,Ren,300000,rare_011,2,rare,0.0072,0.6998,0,0,0.0014,0.0014,0.7084,0,0,0,0,0,0,116,0,116,86,691,2,1,20260711
E2,2,Ren,300000,common_012,2,common,0.0073,19.4666,0,0,8.9184,8.9184,28.3923,0,0,0,0,0,0,116,0,116,602636,15452,15452,1,20260711
E2,2,Ren,300000,medium_019,2,medium,0.0182,0.4334,0,0.0001,0.0664,0.0664,0.518,0,0,0,0,0,0,116,0,116,4337,393,111,1,20260711
E2,2,Ren,300000,medium_017,2,medium,0.0079,1.2759,0,0,0.0082,0.0082,1.292,0,0,0,0,0,0,116,0,116,554,1246,14,1,20260711
E2,2,Ren,300000,common_016,2,common,0.0074,13.9073,0,0.0001,4.7446,4.7446,18.6593,0,0,0,0,0,0,116,0,116,320822,12689,8226,1,20260711
E2,2,Ren,300000,medium_025,2,medium,0.0182,5.0015,0,0,0.0501,0.0501,5.0698,0,0,0,0,0,0,116,0,116,2114,4322,54,1,20260711
E2,2,Ren,300000,medium_014,2,medium,0.0121,0.4147,0,0.0001,0.014,0.014,0.4408,0,0,0,0,0,0,116,0,116,905,339,23,1,20260711
E2,2,Ren,300000,rare_013,2,rare,0.0075,0.0231,0,0.0001,0.0019,0.0019,0.0325,0,0,0,0,0,0,116,0,116,125,21,3,1,20260711
E2,2,Ren,300000,medium_007,2,medium,0.0072,2.0209,0,0,0.012,0.012,2.0401,0,0,0,0,0,0,116,0,116,827,1983,21,1,20260711
E2,2,Ren,300000,common_027,2,common,0.0076,67.9813,0,0,29.2438,29.2438,97.2327,0,0,0,0,0,0,116,0,116,2001020,61834,51308,1,20260711
E2,2,Ren,300000,rare_017,2,rare,0.0218,0.0146,0,0,0.0072,0.0072,0.0436,0,0,0,0,0,0,116,0,116,47,12,1,1,20260711
E2,2,Ren,300000,medium_000,2,medium,0.0075,1.2528,0,0,0.0517,0.0517,1.312,0,0,0,0,0,0,116,0,116,3596,1175,92,1,20260711
E2,2,Ren,300000,medium_003,2,medium,0.0074,0.3414,0,0,0.0105,0.0105,0.3593,0,0,0,0,0,0,116,0,116,710,326,18,1,20260711
E2,2,Ren,300000,medium_006,2,medium,0.0079,0.0098,0,0,0.0049,0.0049,0.0226,0,0,0,0,0,0,116,0,116,320,8,8,1,20260711
E2,2,Ren,300000,rare_019,2,rare,0.0071,0.0107,0,0,0.0025,0.0025,0.0203,0,0,0,0,0,0,116,0,116,164,9,4,1,20260711
E2,2,Ren,300000,medium_011,2,medium,0.0076,1.2426,0,0,0.0112,0.0112,1.2614,0,0,0,0,0,0,116,0,116,749,1197,19,1,20260711
E2,2,Ren,300000,common_023,2,common,0.0073,30.9289,0,0,15.6275,15.6275,46.5637,0,0,0,0,0,0,116,0,116,1089005,27923,27923,1,20260711
E2,2,Ren,300000,rare_025,2,rare,0.023,0.0173,0,0.0001,0.0093,0.0093,0.0496,0,0,0,0,0,0,116,0,116,125,14,3,1,20260711
E2,2,Ren,300000,common_021,2,common,0.0075,14.1298,0,0.0001,5.5367,5.5367,19.674,0,0,0,0,0,0,116,0,116,393596,12689,10092,1,20260711
E2,2,Ren,300000,common_025,2,common,0.0185,44.4361,0,0.0001,17.7093,17.7093,62.1639,0,0,0,0,0,0,116,0,116,1221722,40437,31326,1,20260711
E2,2,Ren,300000,common_004,2,common,0.025,12.2976,0,0,3.794,3.794,16.1166,0,0,0,0,0,0,116,0,116,202769,11380,5199,1,20260711
E2,2,Ren,300000,common_024,2,common,0.0156,35.0356,0,0,17.9735,17.9735,53.0247,0,0,0,0,0,0,116,0,116,1244264,31904,31904,1,20260711
E2,2,Ren,300000,common_022,2,common,0.0227,66.2152,0,0.0001,9.4912,9.4912,75.7291,0,0,0,0,0,0,116,0,116,645185,61834,16543,1,20260711
E2,2,Ren,300000,medium_020,2,medium,0.0207,0.4898,0,0,0.0424,0.0424,0.5529,0,0,0,0,0,0,116,0,116,2543,414,65,1,20260711
E2,2,Ren,300000,common_009,2,common,0.0084,68.4471,0,0,20.6228,20.6228,89.0783,0,0,0,0,0,0,116,0,116,1365788,61834,35020,1,20260711
E2,2,Ren,300000,rare_010,2,rare,0.0208,0.3575,0,0,0.0101,0.0101,0.3884,0,0,0,0,0,0,116,0,116,476,337,12,1,20260711
E2,2,Ren,300000,common_015,2,common,0.0076,14.3735,0,0.0001,4.4503,4.4503,18.8314,0,0,0,0,0,0,116,0,116,316454,12689,8114,1,20260711
E2,2,Ren,300000,common_006,2,common,0.0221,15.3645,0,0,7.5843,7.5843,22.9709,0,0,0,0,0,0,116,0,116,541562,13886,13886,1,20260711
E2,2,Ren,300000,common_018,2,common,0.0179,25.9404,0,0.0001,13.4282,13.4282,39.3865,0,0,0,0,0,0,116,0,116,935267,24000,23981,1,20260711
E2,2,Ren,300000,common_000,2,common,0.0176,45.7346,0,0,11.996,11.996,57.7482,0,0,0,0,0,0,116,0,116,852509,41068,21859,1,20260711
E2,2,Ren,300000,rare_021,2,rare,0.0208,0.0029,0,0,0.0049,0.0049,0.0286,0,0,0,0,0,0,116,0,116,47,1,1,1,20260711
E2,2,Ren,300000,common_001,2,common,0.0075,27.4915,0,0,10.6173,10.6173,38.1163,0,0,0,0,0,0,116,0,116,729386,24699,18702,1,20260711
E2,2,Ren,300000,medium_010,2,medium,0.0234,3.765,0,0,0.0214,0.0214,3.8098,0,0,0,0,0,0,116,0,116,1022,3720,26,1,20260711
E2,2,Ren,300000,common_013,2,common,0.0077,30.5362,0,0,12.9741,12.9741,43.518,0,0,0,0,0,0,116,0,116,916274,27923,23494,1,20260711
E2,2,Ren,300000,medium_005,2,medium,0.0201,1.4854,0,0,0.0202,0.0202,1.5257,0,0,0,0,0,0,116,0,116,944,1439,24,1,20260711
E2,2,Ren,300000,medium_024,2,medium,0.0077,4.6097,0,0,0.0347,0.0347,4.6521,0,0,0,0,0,0,116,0,116,2036,3856,52,1,20260711
E2,2,Ren,300000,common_011,2,common,0.012,82.7518,0,0.0001,40.9034,40.9034,123.667,0,0,0,0,0,0,116,0,116,2841626,73584,72862,1,20260711
E2,2,Ren,300000,common_020,2,common,0.0262,35.8037,0,0,14.8558,14.8558,50.6857,0,0,0,0,0,0,116,0,116,1046846,32047,26842,1,20260711
E2,2,Ren,300000,rare_022,2,rare,0.0245,0.7774,0,0,0.0097,0.0097,0.8116,0,0,0,0,0,0,116,0,116,125,731,3,1,20260711
E2,2,Ren,300000,common_003,2,common,0.0115,12.2605,0,0,3.6138,3.6138,15.8858,0,0,0,0,0,0,116,0,116,201365,11380,5163,1,20260711
E2,2,Ren,300000,medium_001,2,medium,0.016,1.8593,0,0,0.015,0.015,1.8903,0,0,0,0,0,0,116,0,116,749,1612,19,1,20260711
E2,2,Ren,300000,medium_016,2,medium,0.0101,0.243,0,0.0001,0.0536,0.0536,0.3067,0,0,0,0,0,0,116,0,116,3752,219,96,1,20260711
E2,2,Ren,300000,rare_008,2,rare,0.0079,0.6627,0,0.0001,0.0079,0.0079,0.6785,0,0,0,0,0,0,116,0,116,515,644,13,1,20260711
E2,2,Ren,300000,rare_012,2,rare,0.0076,0.5333,0,0.0001,0.0014,0.0014,0.5423,0,0,0,0,0,0,116,0,116,86,522,2,1,20260711
E2,2,Ren,300000,common_010,2,common,0.0071,38.5882,0,0,14.5564,14.5564,53.1517,0,0,0,0,0,0,116,0,116,1020131,34517,26157,1,20260711
E2,2,Ren,300000,common_005,2,common,0.0229,16.6866,0,0.0001,6.765,6.765,23.4745,0,0,0,0,0,0,116,0,116,486416,15452,12472,1,20260711
E2,2,Ren,300000,common_019,2,common,0.1465,35.1151,0,0,14.9528,14.9528,50.2144,0,0,0,0,0,0,116,0,116,1042751,31904,26737,1,20260711
E2,2,Ren,300000,medium_004,2,medium,0.0199,0.0839,0,0,0.0351,0.0351,0.1389,0,0,0,0,0,0,116,0,116,2075,72,53,1,20260711
E2,2,Ren,300000,common_026,2,common,0.0075,80.8899,0,0,28.6014,28.6014,109.499,0,0,0,0,0,0,116,0,116,1987838,72370,50970,1,20260711
E2,2,Ren,300000,medium_023,2,medium,0.0261,6.1152,0,0.0001,0.0648,0.0648,6.2061,0,0,0,0,0,0,116,0,116,4064,5804,104,1,20260711
E2,2,Ren,300000,rare_005,2,rare,0.0091,0.1416,0,0,0.0033,0.0033,0.154,0,0,0,0,0,0,116,0,116,125,63,3,1,20260711
E2,2,Ren,300000,medium_015,2,medium,0.0172,3.4561,0,0,0.0166,0.0166,3.4899,0,0,0,0,0,0,116,0,116,944,3240,24,1,20260711
E2,2,Ren,300000,medium_013,2,medium,0.0086,1.0697,0,0.0001,0.0381,0.0381,1.1164,0,0,0,0,0,0,116,0,116,2621,1048,67,1,20260711
E2,2,Ren,300000,medium_012,2,medium,0.0074,0.7822,0,0,0.0183,0.0183,0.8079,0,0,0,0,0,0,116,0,116,1256,770,32,1,20260711
E2,2,Ren,300000,common_014,2,common,0.0072,32.7221,0,0,10.6708,10.6708,43.4001,0,0,0,0,0,0,116,0,116,718193,30050,18415,1,20260711
E2,2,Ren,300000,rare_018,2,rare,0.0241,0.0151,0,0,0.0048,0.0048,0.044,0,0,0,0,0,0,116,0,116,47,12,1,1,20260711
E2,2,Ren,300000,rare_020,2,rare,0.0076,0.3342,0,0,0.0023,0.0023,0.3441,0,0,0,0,0,0,116,0,116,125,316,3,1,20260711
E2,2,Ren,300000,rare_014,2,rare,0.0073,0.0255,0,0,0.0008,0.0008,0.0336,0,0,0,0,0,0,116,0,116,47,24,1,1,20260711
E2,2,Ren,300000,medium_008,2,medium,0.0077,1.186,0,0,0.007,0.007,1.2007,0,0,0,0,0,0,116,0,116,398,1109,10,1,20260711
E2,2,Ren,300000,rare_002,2,rare,0.0087,0.0257,0,0,0.0008,0.0008,0.0352,0,0,0,0,0,0,116,0,116,47,24,1,1,20260711
E2,2,Ren,300000,rare_024,2,rare,0.0081,0.0016,0,0,0.0008,0.0008,0.0105,0,0,0,0,0,0,116,0,116,47,1,1,1,20260711
E2,2,Ren,300000,rare_003,2,rare,0.0069,0.6101,0,0.0001,0.0008,0.0008,0.6178,0,0,0,0,0,0,116,0,116,47,597,1,1,20260711
E2,2,Ren,300000,rare_006,2,rare,0.0073,0.0035,0,0,0.0007,0.0007,0.0115,0,0,0,0,0,0,116,0,116,47,3,1,1,20260711
E2,2,Ren,300000,medium_021,2,medium,0.0075,5.179,0,0,0.0796,0.0796,5.2661,0,0,0,0,0,0,116,0,116,5351,4369,137,1,20260711
E2,2,Ren,300000,common_002,2,common,0.0107,33.0711,0,0,12.8872,12.8872,45.969,0,0,0,0,0,0,116,0,116,857696,30050,21992,1,20260711
E2,2,Ren,300000,rare_001,2,rare,0.0213,0.0455,0,0,0.0075,0.0075,0.0743,0,0,0,0,0,0,116,0,116,86,41,2,1,20260711
E2,2,Ren,300000,common_008,2,common,0.0123,11.6599,0,0,3.3347,3.3347,15.0069,0,0,0,0,0,0,116,0,116,218642,10981,5606,1,20260711
E2,2,Ren,300000,rare_023,2,rare,0.0166,0.0196,0,0,0.0025,0.0025,0.0387,0,0,0,0,0,0,116,0,116,47,17,1,1,20260711
E2,2,Ren,300000,rare_009,2,rare,0.0074,0.005,0,0,0.001,0.001,0.0134,0,0,0,0,0,0,116,0,116,47,4,1,1,20260711
E2,2,SliceBF,300000,rare_010,3,rare,0.0338,0.105,1.2883,0.3428,0.0168,1.6479,1.7867,1,150336,0,0,1,64,616,41664,620,192000,1,1,1,20260711
E2,2,SliceBF,300000,rare_011,3,rare,0.0302,0.0988,2.4957,0.6981,0.0286,3.2224,3.3514,1,150336,0,0,1,64,616,25280,620,175616,1,1,1,20260711
E2,2,SliceBF,300000,medium_025,3,medium,0.0544,0.1899,2.1053,0.3828,0.0234,2.5115,2.7558,1,150336,0,0,1,64,616,25280,620,175616,1,1,1,20260711
E2,2,SliceBF,300000,rare_009,3,rare,0.0302,0.1023,1.1043,0.3415,0.0108,1.4566,1.5891,1,150336,0,0,1,64,616,41664,620,192000,1,1,1,20260711
E2,2,SliceBF,300000,medium_020,3,medium,0.0314,0.1004,2.2232,0.3415,0.0148,2.5795,2.7113,1,150336,0,0,2,128,616,83328,624,233664,2,2,1,20260711
E2,2,SliceBF,300000,medium_003,3,medium,0.0286,0.0993,1.4658,0.3414,0.0101,1.8173,1.9452,1,150336,0,0,1,64,616,25280,620,175616,1,1,1,20260711
E2,2,SliceBF,300000,rare_008,3,rare,0.0287,0.1039,1.247,0.3416,0.0494,1.638,1.7706,1,150336,0,0,8,512,616,415232,648,565568,8,8,1,20260711
E2,2,SliceBF,300000,medium_010,3,medium,0.0284,0.0977,1.3948,0.4221,0.0111,1.828,1.9541,1,150336,0,0,1,64,616,41664,620,192000,1,1,1,20260711
E2,2,SliceBF,300000,common_012,3,common,0.0292,0.7462,1.521,0.3759,13.5063,15.4032,16.1786,1,150336,0,0,2447,156608,616,88205632,10404,88355968,3545,3545,1,20260711
E2,2,SliceBF,300000,common_011,3,common,0.0324,1.4292,1.7724,0.4602,59.4046,61.6372,63.0988,1,150336,0,0,3798,243072,616,148786304,15808,148936640,13270,13270,1,20260711
E2,2,SliceBF,300000,common_010,3,common,0.0674,1.3533,1.9359,0.444,46.482,48.8619,50.2826,1,150336,0,0,4058,259712,616,152377216,16848,152527552,10198,10198,1,20260711
E2,2,SliceBF,300000,common_008,3,common,0.0406,0.7723,2.126,0.3836,19.0375,21.5471,22.36,1,150336,0,0,2340,149760,616,94847744,9976,94998080,3878,3878,1,20260711
E2,2,SliceBF,300000,common_003,3,common,0.0393,0.3401,2.1516,0.3529,3.8082,6.3127,6.6921,1,150336,0,0,798,51072,616,30610048,3808,30760384,898,898,1,20260711
E2,2,SliceBF,300000,common_001,3,common,0.0312,0.5492,2.1261,0.3668,11.0057,13.4986,14.079,1,150336,0,0,1643,105152,616,71042624,7188,71192960,2313,2313,1,20260711
E2,2,SliceBF,300000,medium_001,3,medium,0.0335,0.1056,1.1244,0.3415,0.0104,1.4763,1.6154,1,150336,0,0,1,64,616,25280,620,175616,1,1,1,20260711
E2,2,SliceBF,300000,medium_006,3,medium,0.0288,0.1017,1.3096,0.3413,0.0101,1.661,1.7915,1,150336,0,0,1,64,616,41664,620,192000,1,1,1,20260711
E2,2,SliceBF,300000,medium_004,3,medium,0.0286,0.1017,1.504,0.3414,0.0085,1.8539,1.9842,1,150336,0,0,1,64,616,25280,620,175616,1,1,1,20260711
E2,2,SliceBF,300000,medium_012,3,medium,0.0281,0.0988,2.041,0.3446,0.0116,2.3972,2.5241,1,150336,0,0,1,64,616,41664,620,192000,1,1,1,20260711
E2,2,SliceBF,300000,common_000,3,common,0.0293,0.618,2.3547,0.3811,22.1275,24.8633,25.5106,1,150336,0,0,1859,118976,616,81762368,8052,81912704,4242,4242,1,20260711
E2,2,SliceBF,300000,common_026,3,common,0.034,2.3737,2.1809,1.3146,129.143,132.638,135.046,1,150336,0,0,4097,262208,616,157377216,17004,157527552,26769,26769,1,20260711
E2,2,SliceBF,300000,medium_019,3,medium,0.0435,0.1089,1.3633,0.3426,0.014,1.7199,1.8723,1,150336,0,0,1,64,616,25280,620,175616,1,1,1,20260711
E2,2,SliceBF,300000,common_021,3,common,0.029,1.238,2.8166,0.4379,42.8603,46.1148,47.3818,1,150336,0,0,3623,231872,616,139955008,15108,140105344,9264,9264,1,20260711
E2,2,SliceBF,300000,medium_014,3,medium,0.0428,0.1117,1.6248,0.3423,0.0693,2.0364,2.1909,1,150336,0,0,10,640,616,498560,656,648896,10,10,1,20260711
E2,2,SliceBF,300000,common_015,3,common,0.029,0.8225,2.5304,0.388,20.3234,23.2418,24.0933,1,150336,0,0,2562,163968,616,103957888,10864,104108224,4442,4442,1,20260711
E2,2,SliceBF,300000,common_002,3,common,0.0385,0.4412,2.2667,0.3614,5.8673,8.4954,8.9751,1,150336,0,0,1170,74880,616,46600576,5296,46750912,1369,1369,1,20260711
E2,2,SliceBF,300000,medium_005,3,medium,0.0343,0.1024,2.0385,0.3429,0.0436,2.425,2.5617,1,150336,0,0,7,448,616,275264,644,425600,7,7,1,20260711
E2,2,SliceBF,300000,medium_011,3,medium,0.0289,0.1013,1.3262,0.3414,0.0084,1.676,1.8062,1,150336,0,0,1,64,616,25280,620,175616,1,1,1,20260711
E2,2,SliceBF,300000,rare_016,3,rare,0.0286,0.1026,1.3665,0.3424,0.0091,1.718,1.8492,1,150336,0,0,1,64,616,41664,620,192000,1,1,1,20260711
E2,2,SliceBF,300000,rare_018,3,rare,0.0282,0.0968,1.6806,0.342,0.021,2.0436,2.1686,1,150336,0,0,1,64,616,25280,620,175616,1,1,1,20260711
E2,2,SliceBF,300000,common_004,3,common,0.03,1.472,2.5058,0.4587,55.0757,58.0402,59.5422,1,150336,0,0,4185,267840,616,156341440,17356,156491776,12952,12952,1,20260711
E2,2,SliceBF,300000,rare_012,3,rare,0.0438,0.1092,1.7165,0.3424,0.0773,2.1362,2.2892,1,150336,0,0,14,896,616,583296,672,733632,14,14,1,20260711
E2,2,SliceBF,300000,common_013,3,common,0.0282,0.3462,1.5581,0.353,3.0181,4.9292,5.3036,1,150336,0,0,734,46976,616,24633984,3552,24784320,805,805,1,20260711
E2,2,SliceBF,300000,common_027,3,common,0.0301,2.1288,2.2593,0.5636,130.581,133.404,135.563,1,150336,0,0,4095,262080,616,157326656,16996,157476992,26737,26737,1,20260711
E2,2,SliceBF,300000,medium_016,3,medium,0.043,0.1075,1.2436,0.3417,0.0146,1.5999,1.7504,1,150336,0,0,1,64,616,25280,620,175616,1,1,1,20260711
E2,2,SliceBF,300000,medium_013,3,medium,0.0287,0.1,1.3957,0.3416,0.0283,1.7656,1.8943,1,150336,0,0,4,256,616,199424,632,349760,4,4,1,20260711
E2,2,SliceBF,300000,rare_014,3,rare,0.0289,0.2311,1.4419,0.3426,0.0093,1.7938,2.0538,1,150336,0,0,1,64,616,17088,620,167424,1,1,1,20260711
E2,2,SliceBF,300000,medium_000,3,medium,0.0319,0.1002,1.8454,0.3444,0.0187,2.2085,2.3406,1,150336,0,0,3,192,616,108608,628,258944,3,3,1,20260711
E2,2,SliceBF,300000,common_016,3,common,0.0286,1.5067,2.4311,0.5308,54.0396,57.0015,58.5368,1,150336,0,0,4168,266752,616,153380352,17288,153530688,13073,13073,1,20260711
E2,2,SliceBF,300000,medium_009,3,medium,0.0506,0.1402,1.3878,0.3463,0.0197,1.7538,1.9446,1,150336,0,0,1,64,616,41664,620,192000,1,1,1,20260711
E2,2,SliceBF,300000,medium_015,3,medium,0.0316,0.1121,1.4728,0.343,0.0185,1.8343,1.978,1,150336,0,0,1,64,616,25280,620,175616,1,1,1,20260711
E2,2,SliceBF,300000,rare_006,3,rare,0.0307,0.1074,1.518,0.3458,0.0148,1.8786,2.0167,1,150336,0,0,1,64,616,25280,620,175616,1,1,1,20260711
E2,2,SliceBF,300000,rare_022,3,rare,0.0315,0.1088,1.2306,0.3424,0.0335,1.6065,1.7468,1,150336,0,0,4,256,616,199424,632,349760,4,4,1,20260711
E2,2,SliceBF,300000,rare_017,3,rare,0.0313,0.1107,1.4782,0.3397,0.015,1.8329,1.9749,1,150336,0,0,1,64,616,25280,620,175616,1,1,1,20260711
E2,2,SliceBF,300000,rare_003,3,rare,0.0305,0.1089,1.3152,0.4438,0.0221,1.7811,1.9205,1,150336,0,0,1,64,616,25280,620,175616,1,1,1,20260711
E2,2,SliceBF,300000,medium_021,3,medium,0.0329,0.1226,1.4743,0.4008,0.0309,1.906,2.0615,1,150336,0,0,1,64,616,41664,620,192000,1,1,1,20260711
E2,2,SliceBF,300000,rare_024,3,rare,0.041,0.1266,2.0337,0.4272,0.134,2.5949,2.7625,1,150336,0,0,21,1344,616,940480,700,1090816,22,22,1,20260711
E2,2,SliceBF,300000,common_023,3,common,0.0315,1.741,2.3693,0.5076,55.5767,58.4536,60.2261,1,150336,0,0,4232,270848,616,157586944,17544,157737280,12472,12472,1,20260711
E2,2,SliceBF,300000,rare_013,3,rare,0.0419,0.1175,1.4713,0.3444,0.1559,1.9716,2.131,1,150336,0,0,31,1984,616,1258816,740,1409152,31,31,1,20260711
E2,2,SliceBF,300000,rare_019,3,rare,0.0295,0.1,1.435,0.3424,0.0088,1.7862,1.9157,1,150336,0,0,1,64,616,25280,620,175616,1,1,1,20260711
E2,2,SliceBF,300000,medium_002,3,medium,0.0292,0.1007,2.1764,0.3433,0.0097,2.5294,2.6593,1,150336,0,0,1,64,616,25280,620,175616,1,1,1,20260711
E2,2,SliceBF,300000,rare_023,3,rare,0.0291,0.1149,1.8425,0.3354,0.2351,2.413,2.557,1,150336,0,0,44,2816,616,2062592,792,2212928,44,44,1,20260711
E2,2,SliceBF,300000,rare_005,3,rare,0.0303,0.1024,1.5112,0.3477,0.0131,1.872,2.0047,1,150336,0,0,1,64,616,41664,620,192000,1,1,1,20260711
E2,2,SliceBF,300000,rare_007,3,rare,0.0327,0.1198,1.4699,0.3414,0.0106,1.8219,1.9744,1,150336,0,0,1,64,616,41664,620,192000,1,1,1,20260711
E2,2,SliceBF,300000,medium_022,3,medium,0.03,0.1025,1.3088,0.3416,0.0198,1.6702,1.8027,1,150336,0,0,3,192,616,108608,628,258944,3,3,1,20260711
E2,2,SliceBF,300000,common_017,3,common,0.0289,1.113,2.3356,0.4058,27.0157,29.7571,30.899,1,150336,0,0,3415,218560,616,117886784,14276,118037120,6627,6627,1,20260711
E2,2,SliceBF,300000,common_014,3,common,0.0424,1.2498,1.8118,0.4782,37.8711,40.1611,41.4533,1,150336,0,0,3568,228352,616,139621376,14888,139771712,8670,8670,1,20260711
E2,2,SliceBF,300000,common_019,3,common,0.0416,1.6783,2.599,0.4805,61.6062,64.6857,66.4056,1,150336,0,0,4506,288384,616,164079488,18640,164229824,15472,15472,1,20260711
E2,2,SliceBF,300000,medium_008,3,medium,0.0418,0.1092,1.5148,0.3416,0.0125,1.8689,2.0199,1,150336,0,0,1,64,616,41664,620,192000,1,1,1,20260711
E2,2,SliceBF,300000,medium_017,3,medium,0.0292,0.1168,1.9358,0.3418,0.0125,2.2901,2.4361,1,150336,0,0,1,64,616,25280,620,175616,1,1,1,20260711
E2,2,SliceBF,300000,common_005,3,common,0.0293,0.8107,3.2105,0.3825,14.3648,17.9578,18.7978,1,150336,0,0,2455,157120,616,86638400,10436,86788736,3532,3532,1,20260711
E2,2,SliceBF,300000,common_024,3,common,0.0402,4.5957,2.4873,0.8683,287.613,290.968,295.604,1,150336,0,0,4659,298176,616,171166784,19252,171317120,72721,72721,1,20260711
E2,2,SliceBF,300000,medium_007,3,medium,0.0506,0.1107,1.7499,0.3478,0.0171,2.1148,2.2761,1,150336,0,0,1,64,616,25280,620,175616,1,1,1,20260711
E2,2,SliceBF,300000,medium_018,3,medium,0.0291,0.0993,1.2685,0.344,0.0108,1.6233,1.7517,1,150336,0,0,1,64,616,41664,620,192000,1,1,1,20260711
E2,2,SliceBF,300000,rare_021,3,rare,0.0288,0.0992,1.4961,0.3986,0.0118,1.9065,2.0345,1,150336,0,0,1,64,616,25280,620,175616,1,1,1,20260711
E2,2,SliceBF,300000,medium_024,3,medium,0.029,0.1023,1.7002,0.4737,0.0156,2.1895,2.3208,1,150336,0,0,1,64,616,41664,620,192000,1,1,1,20260711
E2,2,SliceBF,300000,common_006,3,common,0.0295,0.2931,2.2712,0.3505,1.846,4.4677,4.7903,1,150336,0,0,459,29376,616,13323840,2452,13474176,502,502,1,20260711
E2,2,SliceBF,300000,rare_004,3,rare,0.032,0.0998,1.3873,0.3659,0.0184,1.7716,1.9034,1,150336,0,0,1,64,616,25280,620,175616,1,1,1,20260711
E2,2,SliceBF,300000,common_009,3,common,0.0293,0.8068,2.2752,0.3966,28.1823,30.8541,31.6902,1,150336,0,0,2385,152640,616,104120000,10156,104270336,5420,5420,1,20260711
E2,2,SliceBF,300000,rare_015,3,rare,0.0451,0.1037,1.3209,0.3432,0.0212,1.6853,1.8341,1,150336,0,0,2,128,616,66944,624,217280,2,2,1,20260711
E2,2,SliceBF,300000,common_007,3,common,0.0291,0.3965,1.7268,0.3581,7.79,9.8749,10.3005,1,150336,0,0,1063,68032,616,47156032,4868,47306368,1452,1452,1,20260711
E2,2,SliceBF,300000,rare_001,3,rare,0.0351,0.1068,1.4704,0.3987,0.0165,1.8856,2.0275,1,150336,0,0,1,64,616,41664,620,192000,1,1,1,20260711
E2,2,SliceBF,300000,rare_000,3,rare,0.0299,0.1028,1.1992,0.3414,0.01,1.5506,1.6833,1,150336,0,0,1,64,616,25280,620,175616,1,1,1,20260711
E2,2,SliceBF,300000,common_018,3,common,0.029,1.0955,2.2692,0.4047,27.4022,30.0761,31.2006,1,150336,0,0,3597,230208,616,130286528,15004,130436864,6756,6756,1,20260711
E2,2,SliceBF,300000,common_025,3,common,0.0369,1.09,2.0082,0.4175,30.1977,32.6234,33.7503,1,150336,0,0,3269,209216,616,109084096,13692,109234432,8113,8113,1,20260711
E2,2,SliceBF,300000,common_020,3,common,0.0416,1.0148,2.4834,0.3991,23.6873,26.5698,27.6262,1,150336,0,0,3258,208512,616,111722368,13648,111872704,6213,6213,1,20260711
E2,2,SliceBF,300000,rare_020,3,rare,0.0419,0.1098,2.2112,0.3481,0.0236,2.5829,2.7346,1,150336,0,0,1,64,616,25280,620,175616,1,1,1,20260711
E2,2,SliceBF,300000,common_022,3,common,0.0309,1.417,2.3523,0.4451,47.6345,50.4319,51.8798,1,150336,0,0,4275,273600,616,157330496,17716,157480832,11283,11283,1,20260711
E2,2,SliceBF,300000,medium_023,3,medium,0.0409,0.1081,1.4139,0.3418,0.0133,1.769,1.918,1,150336,0,0,1,64,616,41664,620,192000,1,1,1,20260711
E2,2,SliceBF,300000,rare_002,3,rare,0.0293,0.1,1.68,0.3414,0.0098,2.0312,2.1605,1,150336,0,0,1,64,616,41664,620,192000,1,1,1,20260711
E2,2,SliceBF,300000,rare_025,3,rare,0.0284,0.0995,2.0432,0.4559,0.0535,2.5526,2.6805,1,150336,0,0,2,128,616,50560,624,200896,2,2,1,20260711
E2,2,XEBFF-Conj,300000,rare_010,3,rare,1.0993,0.3454,0,0,0.0034,0.0034,1.4481,0,0,0,0,0,0,15440,0,15440,39,257,1,1,20260711
E2,2,XEBFF-Conj,300000,rare_011,3,rare,0.0251,0.0022,0,0,0.001,0.001,0.0283,0,0,0,0,0,0,80,0,80,39,1,1,1,20260711
E2,2,XEBFF-Conj,300000,medium_025,3,medium,0.2382,0.0755,0,0,0.0008,0.0008,0.3145,0,0,0,0,0,0,3380,0,3380,39,56,1,1,20260711
E2,2,XEBFF-Conj,300000,rare_009,3,rare,0.0367,0.0057,0,0,0.0009,0.0009,0.0433,0,0,0,0,0,0,260,0,260,39,4,1,1,20260711
E2,2,XEBFF-Conj,300000,medium_020,3,medium,0.2333,0.0729,0,0,0.0017,0.0017,0.3079,0,0,0,0,0,0,3320,0,3320,74,55,2,1,20260711
E2,2,XEBFF-Conj,300000,medium_003,3,medium,0.0274,0.0032,0,0,0.0008,0.0008,0.0314,0,0,0,0,0,0,140,0,140,39,2,1,1,20260711
E2,2,XEBFF-Conj,300000,rare_008,3,rare,2.9868,1.0066,0,0,0.0065,0.0065,3.9999,0,0,0,0,0,0,46160,0,46160,284,769,8,1,20260711
E2,2,XEBFF-Conj,300000,medium_010,3,medium,0.0275,0.003,0,0,0.0008,0.0008,0.0313,0,0,0,0,0,0,140,0,140,39,2,1,1,20260711
E2,2,XEBFF-Conj,300000,common_012,3,common,25.2841,8.8357,0,0,2.0633,2.0633,36.1831,0,0,0,0,0,0,385160,0,385160,124079,6419,3545,1,20260711
E2,2,XEBFF-Conj,300000,common_011,3,common,60.6491,21.1557,0,0,7.4499,7.4499,89.2547,0,0,0,0,0,0,915380,0,915380,464454,15256,13270,1,20260711
E2,2,XEBFF-Conj,300000,common_010,3,common,64.6077,22.2865,0,0,5.8892,5.8892,92.7834,0,0,0,0,0,0,966320,0,966320,356934,16105,10198,1,20260711
E2,2,XEBFF-Conj,300000,common_008,3,common,61.3717,21.7414,0,0,2.2223,2.2223,85.3354,0,0,0,0,0,0,927140,0,927140,135734,15452,3878,1,20260711
E2,2,XEBFF-Conj,300000,common_003,3,common,27.4395,9.4096,0,0,0.5322,0.5322,37.3813,0,0,0,0,0,0,410360,0,410360,31434,6839,898,1,20260711
E2,2,XEBFF-Conj,300000,common_001,3,common,43.1497,14.959,0,0,1.3474,1.3474,59.4561,0,0,0,0,0,0,653600,0,653600,80959,10893,2313,1,20260711
E2,2,XEBFF-Conj,300000,medium_001,3,medium,0.0365,0.0023,0,0,0.0042,0.0042,0.043,0,0,0,0,0,0,80,0,80,39,1,1,1,20260711
E2,2,XEBFF-Conj,300000,medium_006,3,medium,0.0278,0.0032,0,0,0.0012,0.0012,0.0322,0,0,0,0,0,0,140,0,140,39,2,1,1,20260711
E2,2,XEBFF-Conj,300000,medium_004,3,medium,0.2496,0.0617,0,0,0.0015,0.0015,0.3128,0,0,0,0,0,0,2720,0,2720,39,45,1,1,20260711
E2,2,XEBFF-Conj,300000,medium_012,3,medium,1.4859,0.3542,0,0,0.0028,0.0028,1.8429,0,0,0,0,0,0,16100,0,16100,39,268,1,1,20260711
E2,2,XEBFF-Conj,300000,common_000,3,common,49.2762,16.6276,0,0,2.7085,2.7085,68.6123,0,0,0,0,0,0,738080,0,738080,148474,12301,4242,1,20260711
E2,2,XEBFF-Conj,300000,common_026,3,common,127.586,43.9177,0,0,15.2437,15.2437,186.747,0,0,0,0,0,0,1922840,0,1922840,936919,32047,26769,1,20260711
E2,2,XEBFF-Conj,300000,medium_019,3,medium,0.2841,0.0858,0,0,0.0035,0.0035,0.3734,0,0,0,0,0,0,3860,0,3860,39,64,1,1,20260711
E2,2,XEBFF-Conj,300000,common_021,3,common,61.7788,22.4786,0,0,5.3148,5.3148,89.5722,0,0,0,0,0,0,927140,0,927140,324244,15452,9264,1,20260711
E2,2,XEBFF-Conj,300000,medium_014,3,medium,0.7021,0.2249,0,0,0.0137,0.0137,0.9407,0,0,0,0,0,0,10160,0,10160,354,169,10,1,20260711
E2,2,XEBFF-Conj,300000,common_015,3,common,128.198,43.7272,0,0,3.4176,3.4176,175.342,0,0,0,0,0,0,1922840,0,1922840,155474,32047,4442,1,20260711
E2,2,XEBFF-Conj,300000,common_002,3,common,27.8181,9.2374,0,0,0.7957,0.7957,37.8512,0,0,0,0,0,0,410360,0,410360,47919,6839,1369,1,20260711
E2,2,XEBFF-Conj,300000,medium_005,3,medium,0.6832,0.2214,0,0,0.0084,0.0084,0.913,0,0,0,0,0,0,10100,0,10100,249,168,7,1,20260711
E2,2,XEBFF-Conj,300000,medium_011,3,medium,0.5682,0.1693,0,0,0.0016,0.0016,0.7391,0,0,0,0,0,0,7580,0,7580,39,126,1,1,20260711
E2,2,XEBFF-Conj,300000,rare_016,3,rare,1.8586,0.621,0,0,0.0018,0.0018,2.4814,0,0,0,0,0,0,26540,0,26540,39,442,1,1,20260711
E2,2,XEBFF-Conj,300000,rare_018,3,rare,6.4503,2.1661,0,0,0.0026,0.0026,8.619,0,0,0,0,0,0,99320,0,99320,39,1655,1,1,20260711
E2,2,XEBFF-Conj,300000,common_004,3,common,168.598,56.809,0,0,7.2531,7.2531,232.66,0,0,0,0,0,0,2499740,0,2499740,453324,41662,12952,1,20260711
E2,2,XEBFF-Conj,300000,rare_012,3,rare,1.1278,0.5249,0,0,0.017,0.017,1.6697,0,0,0,0,0,0,16820,0,16820,494,280,14,1,20260711
E2,2,XEBFF-Conj,300000,common_013,3,common,4.3012,1.4705,0,0,0.4587,0.4587,6.2304,0,0,0,0,0,0,66200,0,66200,28179,1103,805,1,20260711
E2,2,XEBFF-Conj,300000,common_027,3,common,127.824,44.5263,0,0,15.3102,15.3102,187.661,0,0,0,0,0,0,1914260,0,1914260,935799,31904,26737,1,20260711
E2,2,XEBFF-Conj,300000,medium_016,3,medium,0.7578,0.2487,0,0,0.0053,0.0053,1.0118,0,0,0,0,0,0,11240,0,11240,39,187,1,1,20260711
E2,2,XEBFF-Conj,300000,medium_013,3,medium,2.3903,0.7536,0,0,0.0064,0.0064,3.1503,0,0,0,0,0,0,34400,0,34400,144,573,4,1,20260711
E2,2,XEBFF-Conj,300000,rare_014,3,rare,0.1528,0.0457,0,0,0.0009,0.0009,0.1994,0,0,0,0,0,0,2060,0,2060,39,34,1,1,20260711
E2,2,XEBFF-Conj,300000,medium_000,3,medium,0.6999,0.2314,0,0,0.0025,0.0025,0.9338,0,0,0,0,0,0,10580,0,10580,109,176,3,1,20260711
E2,2,XEBFF-Conj,300000,common_016,3,common,119.678,41.6503,0,0,7.5273,7.5273,168.855,0,0,0,0,0,0,1803020,0,1803020,457559,30050,13073,1,20260711
E2,2,XEBFF-Conj,300000,medium_009,3,medium,0.6959,0.2236,0,0,0.0047,0.0047,0.9242,0,0,0,0,0,0,10160,0,10160,39,169,1,1,20260711
E2,2,XEBFF-Conj,300000,medium_015,3,medium,7.2865,2.7501,0,0,0.0046,0.0046,10.0412,0,0,0,0,0,0,112580,0,112580,39,1876,1,1,20260711
E2,2,XEBFF-Conj,300000,rare_006,3,rare,0.036,0.0038,0,0,0.0022,0.0022,0.042,0,0,0,0,0,0,140,0,140,39,2,1,1,20260711
E2,2,XEBFF-Conj,300000,rare_022,3,rare,1.6798,0.532,0,0,0.0046,0.0046,2.2164,0,0,0,0,0,0,24140,0,24140,144,402,4,1,20260711
E2,2,XEBFF-Conj,300000,rare_017,3,rare,0.2921,0.0937,0,0,0.0012,0.0012,0.387,0,0,0,0,0,0,4280,0,4280,39,71,1,1,20260711
E2,2,XEBFF-Conj,300000,rare_003,3,rare,0.0237,0.0019,0,0,0.0008,0.0008,0.0264,0,0,0,0,0,0,80,0,80,39,1,1,1,20260711
E2,2,XEBFF-Conj,300000,medium_021,3,medium,0.2164,0.0675,0,0,0.0009,0.0009,0.2848,0,0,0,0,0,0,3080,0,3080,39,51,1,1,20260711
E2,2,XEBFF-Conj,300000,rare_024,3,rare,14.1501,4.9746,0,0,0.0235,0.0235,19.1482,0,0,0,0,0,0,213500,0,213500,774,3558,22,1,20260711
E2,2,XEBFF-Conj,300000,common_023,3,common,61.4448,21.0667,0,0,7.4374,7.4374,89.9489,0,0,0,0,0,0,927140,0,927140,436524,15452,12472,1,20260711
E2,2,XEBFF-Conj,300000,rare_013,3,rare,11.7201,4.017,0,0,0.0308,0.0308,15.7679,0,0,0,0,0,0,172820,0,172820,1089,2880,31,1,20260711
E2,2,XEBFF-Conj,300000,rare_019,3,rare,8.2876,2.7413,0,0,0.007,0.007,11.0359,0,0,0,0,0,0,124100,0,124100,39,2068,1,1,20260711
E2,2,XEBFF-Conj,300000,medium_002,3,medium,0.0303,0.0038,0,0,0.001,0.001,0.0351,0,0,0,0,0,0,140,0,140,39,2,1,1,20260711
E2,2,XEBFF-Conj,300000,rare_023,3,rare,18.7116,6.4684,0,0,0.0423,0.0423,25.2223,0,0,0,0,0,0,286760,0,286760,1544,4779,44,1,20260711
E2,2,XEBFF-Conj,300000,rare_005,3,rare,0.1925,0.0577,0,0,0.0016,0.0016,0.2518,0,0,0,0,0,0,2600,0,2600,39,43,1,1,20260711
E2,2,XEBFF-Conj,300000,rare_007,3,rare,0.1879,0.0584,0,0,0.0008,0.0008,0.2471,0,0,0,0,0,0,2660,0,2660,39,44,1,1,20260711
E2,2,XEBFF-Conj,300000,medium_022,3,medium,8.1869,2.7587,0,0,0.005,0.005,10.9506,0,0,0,0,0,0,126500,0,126500,109,2108,3,1,20260711
E2,2,XEBFF-Conj,300000,common_017,3,common,32.8631,11.3169,0,0,3.7113,3.7113,47.8913,0,0,0,0,0,0,494300,0,494300,231949,8238,6627,1,20260711
E2,2,XEBFF-Conj,300000,common_014,3,common,98.4442,34.0889,0,0,5.1459,5.1459,137.679,0,0,0,0,0,0,1484600,0,1484600,303454,24743,8670,1,20260711
E2,2,XEBFF-Conj,300000,common_019,3,common,103.811,35.572,0,0,8.8604,8.8604,148.244,0,0,0,0,0,0,1543880,0,1543880,541524,25731,15472,1,20260711
E2,2,XEBFF-Conj,300000,medium_008,3,medium,0.529,0.1388,0,0,0.0058,0.0058,0.6736,0,0,0,0,0,0,6140,0,6140,39,102,1,1,20260711
E2,2,XEBFF-Conj,300000,medium_017,3,medium,0.0277,0.0032,0,0,0.0011,0.0011,0.032,0,0,0,0,0,0,140,0,140,39,2,1,1,20260711
E2,2,XEBFF-Conj,300000,common_005,3,common,94.551,32.4939,0,0,2.0673,2.0673,129.112,0,0,0,0,0,0,1431140,0,1431140,123624,23852,3532,1,20260711
E2,2,XEBFF-Conj,300000,common_024,3,common,296.721,100.512,0,0,42.3522,42.3522,439.586,0,0,0,0,0,0,4415060,0,4415060,2545239,73584,72721,1,20260711
E2,2,XEBFF-Conj,300000,medium_007,3,medium,0.1013,0.0207,0,0,0.0068,0.0068,0.1288,0,0,0,0,0,0,800,0,800,39,13,1,1,20260711
E2,2,XEBFF-Conj,300000,medium_018,3,medium,0.2436,0.0786,0,0,0.0015,0.0015,0.3237,0,0,0,0,0,0,3440,0,3440,39,57,1,1,20260711
E2,2,XEBFF-Conj,300000,rare_021,3,rare,0.07,0.0182,0,0,0.0012,0.0012,0.0894,0,0,0,0,0,0,800,0,800,39,13,1,1,20260711
E2,2,XEBFF-Conj,300000,medium_024,3,medium,1.9131,0.6501,0,0,0.0012,0.0012,2.5644,0,0,0,0,0,0,29300,0,29300,39,488,1,1,20260711
E2,2,XEBFF-Conj,300000,common_006,3,common,11.7937,4.0308,0,0,0.3041,0.3041,16.1286,0,0,0,0,0,0,174920,0,174920,17574,2915,502,1,20260711
E2,2,XEBFF-Conj,300000,rare_004,3,rare,0.1615,0.0487,0,0,0.0016,0.0016,0.2118,0,0,0,0,0,0,2180,0,2180,39,36,1,1,20260711
E2,2,XEBFF-Conj,300000,common_009,3,common,114.778,38.5164,0,0,3.1081,3.1081,156.403,0,0,0,0,0,0,1678520,0,1678520,189704,27975,5420,1,20260711
E2,2,XEBFF-Conj,300000,rare_015,3,rare,2.9399,0.9805,0,0,0.0095,0.0095,3.9299,0,0,0,0,0,0,40520,0,40520,74,675,2,1,20260711
E2,2,XEBFF-Conj,300000,common_007,3,common,8.5276,2.8409,0,0,0.8827,0.8827,12.2512,0,0,0,0,0,0,128000,0,128000,50824,2133,1452,1,20260711
E2,2,XEBFF-Conj,300000,rare_001,3,rare,0.7087,0.4093,0,0,0.0062,0.0062,1.1242,0,0,0,0,0,0,10640,0,10640,39,177,1,1,20260711
E2,2,XEBFF-Conj,300000,rare_000,3,rare,0.2495,0.0729,0,0,0.0016,0.0016,0.324,0,0,0,0,0,0,3020,0,3020,39,50,1,1,20260711
E2,2,XEBFF-Conj,300000,common_018,3,common,35.5406,12.7237,0,0,3.813,3.813,52.0773,0,0,0,0,0,0,545540,0,545540,236464,9092,6756,1,20260711
E2,2,XEBFF-Conj,300000,common_025,3,common,50.131,17.2845,0,0,5.5623,5.5623,72.9778,0,0,0,0,0,0,761360,0,761360,283959,12689,8113,1,20260711
E2,2,XEBFF-Conj,300000,common_020,3,common,95.3654,33.0259,0,0,3.5888,3.5888,131.98,0,0,0,0,0,0,1440020,0,1440020,217459,24000,6213,1,20260711
E2,2,XEBFF-Conj,300000,rare_020,3,rare,0.061,0.0078,0,0,0.0067,0.0067,0.0755,0,0,0,0,0,0,320,0,320,39,5,1,1,20260711
E2,2,XEBFF-Conj,300000,common_022,3,common,55.2193,18.9841,0,0,6.3918,6.3918,80.5952,0,0,0,0,0,0,833180,0,833180,394909,13886,11283,1,20260711
E2,2,XEBFF-Conj,300000,medium_023,3,medium,2.0258,0.6806,0,0,0.0051,0.0051,2.7115,0,0,0,0,0,0,31220,0,31220,39,520,1,1,20260711
E2,2,XEBFF-Conj,300000,rare_002,3,rare,1.5711,0.5342,0,0,0.0012,0.0012,2.1065,0,0,0,0,0,0,24440,0,24440,39,407,1,1,20260711
E2,2,XEBFF-Conj,300000,rare_025,3,rare,1.0671,0.321,0,0,0.0033,0.0033,1.3914,0,0,0,0,0,0,13880,0,13880,74,231,2,1,20260711
E2,2,Doris,300000,rare_010,3,rare,1.0267,0.3422,0,0,0.0066,0.0066,1.3755,0,0,0,0,0,0,15440,0,15440,39,257,1,1,20260711
E2,2,Doris,300000,rare_011,3,rare,0.0115,0.0016,0,0,0.0011,0.0011,0.0142,0,0,0,0,0,0,80,0,80,39,1,1,1,20260711
E2,2,Doris,300000,medium_025,3,medium,0.2255,0.0746,0,0,0.0009,0.0009,0.301,0,0,0,0,0,0,3380,0,3380,39,56,1,1,20260711
E2,2,Doris,300000,rare_009,3,rare,0.0237,0.0063,0,0,0.0009,0.0009,0.0309,0,0,0,0,0,0,260,0,260,39,4,1,1,20260711
E2,2,Doris,300000,medium_020,3,medium,0.2214,0.0748,0,0,0.0018,0.0018,0.298,0,0,0,0,0,0,3320,0,3320,74,55,2,1,20260711
E2,2,Doris,300000,medium_003,3,medium,0.015,0.0037,0,0,0.0008,0.0008,0.0195,0,0,0,0,0,0,140,0,140,39,2,1,1,20260711
E2,2,Doris,300000,rare_008,3,rare,2.9939,1.0783,0,0,0.0077,0.0077,4.0799,0,0,0,0,0,0,46160,0,46160,284,769,8,1,20260711
E2,2,Doris,300000,medium_010,3,medium,0.0176,0.0033,0,0,0.0007,0.0007,0.0216,0,0,0,0,0,0,140,0,140,39,2,1,1,20260711
E2,2,Doris,300000,common_012,3,common,25.6925,8.8899,0,0,2.0699,2.0699,36.6523,0,0,0,0,0,0,385160,0,385160,124079,6419,3545,1,20260711
E2,2,Doris,300000,common_011,3,common,61.6773,21.5533,0,0,7.7195,7.7195,90.9501,0,0,0,0,0,0,915380,0,915380,464454,15256,13270,1,20260711
E2,2,Doris,300000,common_010,3,common,66.7212,22.5655,0,0,5.7794,5.7794,95.0661,0,0,0,0,0,0,966320,0,966320,356934,16105,10198,1,20260711
E2,2,Doris,300000,common_008,3,common,62.1581,21.3432,0,0,6.3148,6.3148,89.8161,0,0,0,0,0,0,927140,0,927140,135734,15452,3878,1,20260711
E2,2,Doris,300000,common_003,3,common,27.6055,9.643,0,0,0.5452,0.5452,37.7937,0,0,0,0,0,0,410360,0,410360,31434,6839,898,1,20260711
E2,2,Doris,300000,common_001,3,common,43.7806,15.1274,0,0,1.364,1.364,60.272,0,0,0,0,0,0,653600,0,653600,80959,10893,2313,1,20260711
E2,2,Doris,300000,medium_001,3,medium,0.0204,0.0021,0,0,0.0028,0.0028,0.0253,0,0,0,0,0,0,80,0,80,39,1,1,1,20260711
E2,2,Doris,300000,medium_006,3,medium,0.0156,0.0031,0,0,0.0008,0.0008,0.0195,0,0,0,0,0,0,140,0,140,39,2,1,1,20260711
E2,2,Doris,300000,medium_004,3,medium,0.015,0.0031,0,0,0.0008,0.0008,0.0189,0,0,0,0,0,0,140,0,140,39,2,1,1,20260711
E2,2,Doris,300000,medium_012,3,medium,1.1531,0.3572,0,0,0.0017,0.0017,1.512,0,0,0,0,0,0,16100,0,16100,39,268,1,1,20260711
E2,2,Doris,300000,common_000,3,common,49.3267,18.2492,0,0,2.4276,2.4276,70.0035,0,0,0,0,0,0,738080,0,738080,148474,12301,4242,1,20260711
E2,2,Doris,300000,common_026,3,common,129.104,44.7535,0,0,15.0799,15.0799,188.938,0,0,0,0,0,0,1922840,0,1922840,936919,32047,26769,1,20260711
E2,2,Doris,300000,medium_019,3,medium,0.2011,0.0594,0,0,0.0054,0.0054,0.2659,0,0,0,0,0,0,2660,0,2660,39,44,1,1,20260711
E2,2,Doris,300000,common_021,3,common,61.9491,22.3729,0,0,5.3175,5.3175,89.6395,0,0,0,0,0,0,927140,0,927140,324244,15452,9264,1,20260711
E2,2,Doris,300000,medium_014,3,medium,0.7393,0.2293,0,0,0.0139,0.0139,0.9825,0,0,0,0,0,0,10160,0,10160,354,169,10,1,20260711
E2,2,Doris,300000,common_015,3,common,130.085,44.904,0,0,2.6919,2.6919,177.681,0,0,0,0,0,0,1922840,0,1922840,155474,32047,4442,1,20260711
E2,2,Doris,300000,common_002,3,common,26.9074,9.5633,0,0,0.797,0.797,37.2677,0,0,0,0,0,0,410360,0,410360,47919,6839,1369,1,20260711
E2,2,Doris,300000,medium_005,3,medium,0.6705,0.2235,0,0,0.007,0.007,0.901,0,0,0,0,0,0,10100,0,10100,249,168,7,1,20260711
E2,2,Doris,300000,medium_011,3,medium,0.566,0.17,0,0,0.002,0.002,0.738,0,0,0,0,0,0,7580,0,7580,39,126,1,1,20260711
E2,2,Doris,300000,rare_016,3,rare,1.8654,0.5821,0,0,0.0016,0.0016,2.4491,0,0,0,0,0,0,26540,0,26540,39,442,1,1,20260711
E2,2,Doris,300000,rare_018,3,rare,6.496,2.2034,0,0,0.0018,0.0018,8.7012,0,0,0,0,0,0,99320,0,99320,39,1655,1,1,20260711
E2,2,Doris,300000,common_004,3,common,168.197,57.3983,0,0,7.4128,7.4128,233.008,0,0,0,0,0,0,2499740,0,2499740,453324,41662,12952,1,20260711
E2,2,Doris,300000,rare_012,3,rare,1.3015,0.3715,0,0,0.0176,0.0176,1.6906,0,0,0,0,0,0,16820,0,16820,494,280,14,1,20260711
E2,2,Doris,300000,common_013,3,common,4.5745,1.4706,0,0,0.466,0.466,6.5111,0,0,0,0,0,0,66200,0,66200,28179,1103,805,1,20260711
E2,2,Doris,300000,common_027,3,common,128.406,43.8108,0,0,15.1404,15.1404,187.357,0,0,0,0,0,0,1914260,0,1914260,935799,31904,26737,1,20260711
E2,2,Doris,300000,medium_016,3,medium,0.7636,0.2532,0,0,0.0068,0.0068,1.0236,0,0,0,0,0,0,11240,0,11240,39,187,1,1,20260711
E2,2,Doris,300000,medium_013,3,medium,1.9215,0.6571,0,0,0.0048,0.0048,2.5834,0,0,0,0,0,0,29600,0,29600,144,493,4,1,20260711
E2,2,Doris,300000,rare_014,3,rare,0.1439,0.0469,0,0,0.0008,0.0008,0.1916,0,0,0,0,0,0,2060,0,2060,39,34,1,1,20260711
E2,2,Doris,300000,medium_000,3,medium,0.7009,0.2398,0,0,0.0024,0.0024,0.9431,0,0,0,0,0,0,10580,0,10580,109,176,3,1,20260711
E2,2,Doris,300000,common_016,3,common,121.129,41.0745,0,0,7.8659,7.8659,170.069,0,0,0,0,0,0,1803020,0,1803020,457559,30050,13073,1,20260711
E2,2,Doris,300000,medium_009,3,medium,0.6803,0.2251,0,0,0.0038,0.0038,0.9092,0,0,0,0,0,0,10160,0,10160,39,169,1,1,20260711
E2,2,Doris,300000,medium_015,3,medium,7.6846,2.5255,0,0,0.005,0.005,10.2151,0,0,0,0,0,0,112580,0,112580,39,1876,1,1,20260711
E2,2,Doris,300000,rare_006,3,rare,0.0183,0.0033,0,0,0.0012,0.0012,0.0228,0,0,0,0,0,0,140,0,140,39,2,1,1,20260711
E2,2,Doris,300000,rare_022,3,rare,1.5838,0.529,0,0,0.0047,0.0047,2.1175,0,0,0,0,0,0,24140,0,24140,144,402,4,1,20260711
E2,2,Doris,300000,rare_017,3,rare,0.3254,0.0936,0,0,0.0014,0.0014,0.4204,0,0,0,0,0,0,4280,0,4280,39,71,1,1,20260711
E2,2,Doris,300000,rare_003,3,rare,0.0123,0.0019,0,0,0.0009,0.0009,0.0151,0,0,0,0,0,0,80,0,80,39,1,1,1,20260711
E2,2,Doris,300000,medium_021,3,medium,0.2071,0.0682,0,0,0.0008,0.0008,0.2761,0,0,0,0,0,0,3080,0,3080,39,51,1,1,20260711
E2,2,Doris,300000,rare_024,3,rare,14.4655,4.7123,0,0,0.0243,0.0243,19.2021,0,0,0,0,0,0,213500,0,213500,774,3558,22,1,20260711
E2,2,Doris,300000,common_023,3,common,62.1147,21.1515,0,0,7.136,7.136,90.4022,0,0,0,0,0,0,927140,0,927140,436524,15452,12472,1,20260711
E2,2,Doris,300000,rare_013,3,rare,11.2446,4.2757,0,0,0.0306,0.0306,15.5509,0,0,0,0,0,0,172820,0,172820,1089,2880,31,1,20260711
E2,2,Doris,300000,rare_019,3,rare,8.1139,2.7155,0,0,0.0069,0.0069,10.8363,0,0,0,0,0,0,124100,0,124100,39,2068,1,1,20260711
E2,2,Doris,300000,medium_002,3,medium,0.0184,0.0031,0,0,0.001,0.001,0.0225,0,0,0,0,0,0,140,0,140,39,2,1,1,20260711
E2,2,Doris,300000,rare_023,3,rare,19.0738,6.9248,0,0,0.0407,0.0407,26.0393,0,0,0,0,0,0,286760,0,286760,1544,4779,44,1,20260711
E2,2,Doris,300000,rare_005,3,rare,0.1863,0.0583,0,0,0.0016,0.0016,0.2462,0,0,0,0,0,0,2600,0,2600,39,43,1,1,20260711
E2,2,Doris,300000,rare_007,3,rare,0.1794,0.0597,0,0,0.0007,0.0007,0.2398,0,0,0,0,0,0,2660,0,2660,39,44,1,1,20260711
E2,2,Doris,300000,medium_022,3,medium,9.0362,2.7958,0,0,0.0098,0.0098,11.8418,0,0,0,0,0,0,126500,0,126500,109,2108,3,1,20260711
E2,2,Doris,300000,common_017,3,common,33.1596,11.7928,0,0,3.8322,3.8322,48.7846,0,0,0,0,0,0,494300,0,494300,231949,8238,6627,1,20260711
E2,2,Doris,300000,common_014,3,common,98.9048,35.11,0,0,5.0294,5.0294,139.044,0,0,0,0,0,0,1484600,0,1484600,303454,24743,8670,1,20260711
E2,2,Doris,300000,common_019,3,common,103.746,35.6859,0,0,9.2965,9.2965,148.729,0,0,0,0,0,0,1543880,0,1543880,541524,25731,15472,1,20260711
E2,2,Doris,300000,medium_008,3,medium,0.4324,0.4053,0,0,0.008,0.008,0.8457,0,0,0,0,0,0,6140,0,6140,39,102,1,1,20260711
E2,2,Doris,300000,medium_017,3,medium,0.0215,0.0039,0,0,0.0014,0.0014,0.0268,0,0,0,0,0,0,140,0,140,39,2,1,1,20260711
E2,2,Doris,300000,common_005,3,common,95.0268,32.751,0,0,2.2795,2.2795,130.057,0,0,0,0,0,0,1431140,0,1431140,123624,23852,3532,1,20260711
E2,2,Doris,300000,common_024,3,common,298.528,100.902,0,0,42.0491,42.0491,441.479,0,0,0,0,0,0,4415060,0,4415060,2545239,73584,72721,1,20260711
E2,2,Doris,300000,medium_007,3,medium,0.0827,0.0212,0,0,0.0069,0.0069,0.1108,0,0,0,0,0,0,800,0,800,39,13,1,1,20260711
E2,2,Doris,300000,medium_018,3,medium,0.2364,0.0792,0,0,0.0011,0.0011,0.3167,0,0,0,0,0,0,3440,0,3440,39,57,1,1,20260711
E2,2,Doris,300000,rare_021,3,rare,0.058,0.0181,0,0,0.001,0.001,0.0771,0,0,0,0,0,0,800,0,800,39,13,1,1,20260711
E2,2,Doris,300000,medium_024,3,medium,1.9456,0.6503,0,0,0.0018,0.0018,2.5977,0,0,0,0,0,0,29300,0,29300,39,488,1,1,20260711
E2,2,Doris,300000,common_006,3,common,11.7063,3.9536,0,0,0.3039,0.3039,15.9638,0,0,0,0,0,0,174920,0,174920,17574,2915,502,1,20260711
E2,2,Doris,300000,rare_004,3,rare,0.1493,0.0491,0,0,0.0013,0.0013,0.1997,0,0,0,0,0,0,2180,0,2180,39,36,1,1,20260711
E2,2,Doris,300000,common_009,3,common,113.104,38.7963,0,0,3.1442,3.1442,155.044,0,0,0,0,0,0,1678520,0,1678520,189704,27975,5420,1,20260711
E2,2,Doris,300000,rare_015,3,rare,2.7075,1.2769,0,0,0.0082,0.0082,3.9926,0,0,0,0,0,0,40520,0,40520,74,675,2,1,20260711
E2,2,Doris,300000,common_007,3,common,8.3605,2.8421,0,0,0.8299,0.8299,12.0325,0,0,0,0,0,0,128000,0,128000,50824,2133,1452,1,20260711
E2,2,Doris,300000,rare_001,3,rare,0.7022,0.2313,0,0,0.0026,0.0026,0.9361,0,0,0,0,0,0,10640,0,10640,39,177,1,1,20260711
E2,2,Doris,300000,rare_000,3,rare,0.2007,0.0659,0,0,0.0009,0.0009,0.2675,0,0,0,0,0,0,3020,0,3020,39,50,1,1,20260711
E2,2,Doris,300000,common_018,3,common,36.5958,12.7207,0,0,3.8653,3.8653,53.1818,0,0,0,0,0,0,545540,0,545540,236464,9092,6756,1,20260711
E2,2,Doris,300000,common_025,3,common,50.4661,17.7007,0,0,4.7446,4.7446,72.9114,0,0,0,0,0,0,761360,0,761360,283959,12689,8113,1,20260711
E2,2,Doris,300000,common_020,3,common,98.766,33.2007,0,0,3.6843,3.6843,135.651,0,0,0,0,0,0,1440020,0,1440020,217459,24000,6213,1,20260711
E2,2,Doris,300000,rare_020,3,rare,0.0472,0.0081,0,0,0.0066,0.0066,0.0619,0,0,0,0,0,0,320,0,320,39,5,1,1,20260711
E2,2,Doris,300000,common_022,3,common,55.5951,19.5703,0,0,6.5416,6.5416,81.707,0,0,0,0,0,0,833180,0,833180,394909,13886,11283,1,20260711
E2,2,Doris,300000,medium_023,3,medium,2.7404,0.7655,0,0,0.0065,0.0065,3.5124,0,0,0,0,0,0,31220,0,31220,39,520,1,1,20260711
E2,2,Doris,300000,rare_002,3,rare,1.5735,0.5414,0,0,0.0018,0.0018,2.1167,0,0,0,0,0,0,24440,0,24440,39,407,1,1,20260711
E2,2,Doris,300000,rare_025,3,rare,0.9093,0.3061,0,0,0.0024,0.0024,1.2178,0,0,0,0,0,0,13880,0,13880,74,231,2,1,20260711
E2,2,Ren,300000,rare_010,3,rare,0.0132,0.2706,0,0.0001,0.0008,0.0008,0.2846,0,0,0,0,0,0,172,0,172,47,257,1,1,20260711
E2,2,Ren,300000,rare_011,3,rare,0.0111,0.0028,0,0,0.0009,0.0009,0.0148,0,0,0,0,0,0,172,0,172,47,1,1,1,20260711
E2,2,Ren,300000,medium_025,3,medium,0.0106,0.0598,0,0,0.0007,0.0007,0.0711,0,0,0,0,0,0,172,0,172,47,56,1,1,20260711
E2,2,Ren,300000,rare_009,3,rare,0.0105,0.0059,0,0,0.0008,0.0008,0.0172,0,0,0,0,0,0,172,0,172,47,4,1,1,20260711
E2,2,Ren,300000,medium_020,3,medium,0.0103,0.0946,0,0,0.0014,0.0014,0.1063,0,0,0,0,0,0,172,0,172,86,55,2,1,20260711
E2,2,Ren,300000,medium_003,3,medium,0.0103,0.004,0,0,0.0007,0.0007,0.015,0,0,0,0,0,0,172,0,172,47,2,1,1,20260711
E2,2,Ren,300000,rare_008,3,rare,0.0103,0.8051,0,0,0.0047,0.0047,0.8201,0,0,0,0,0,0,172,0,172,320,769,8,1,20260711
E2,2,Ren,300000,medium_010,3,medium,0.0104,0.0036,0,0,0.0008,0.0008,0.0148,0,0,0,0,0,0,172,0,172,47,2,1,1,20260711
E2,2,Ren,300000,common_012,3,common,0.0104,12.4169,0,0,1.9407,1.9407,14.368,0,0,0,0,0,0,172,0,172,138263,6419,3545,1,20260711
E2,2,Ren,300000,common_011,3,common,0.0167,31.5079,0,0.0001,7.479,7.479,39.0036,0,0,0,0,0,0,172,0,172,517538,15256,13270,1,20260711
E2,2,Ren,300000,common_010,3,common,0.0202,28.8443,0,0.0001,5.5032,5.5032,34.3677,0,0,0,0,0,0,172,0,172,397730,16105,10198,1,20260711
E2,2,Ren,300000,common_008,3,common,0.0244,33.0622,0,0.0001,2.0992,2.0992,35.1858,0,0,0,0,0,0,172,0,172,151250,15452,3878,1,20260711
E2,2,Ren,300000,common_003,3,common,0.0171,8.5379,0,0,0.4947,0.4947,9.0497,0,0,0,0,0,0,172,0,172,35030,6839,898,1,20260711
E2,2,Ren,300000,common_001,3,common,0.0141,14.4276,0,0.0001,1.2724,1.2724,15.7141,0,0,0,0,0,0,172,0,172,90215,10893,2313,1,20260711
E2,2,Ren,300000,medium_001,3,medium,0.0145,0.003,0,0,0.0011,0.0011,0.0186,0,0,0,0,0,0,172,0,172,47,1,1,1,20260711
E2,2,Ren,300000,medium_006,3,medium,0.011,0.0038,0,0,0.0008,0.0008,0.0156,0,0,0,0,0,0,172,0,172,47,2,1,1,20260711
E2,2,Ren,300000,medium_004,3,medium,0.0104,0.0038,0,0,0.0007,0.0007,0.0149,0,0,0,0,0,0,172,0,172,47,2,1,1,20260711
E2,2,Ren,300000,medium_012,3,medium,0.0105,0.3739,0,0,0.0008,0.0008,0.3852,0,0,0,0,0,0,172,0,172,47,268,1,1,20260711
E2,2,Ren,300000,common_000,3,common,0.0103,20.4921,0,0,2.2946,2.2946,22.797,0,0,0,0,0,0,172,0,172,165446,12301,4242,1,20260711
E2,2,Ren,300000,common_026,3,common,0.0342,68.4084,0,0.0001,15.6228,15.6228,84.0654,0,0,0,0,0,0,172,0,172,1043999,32047,26769,1,20260711
E2,2,Ren,300000,medium_019,3,medium,0.0251,0.0548,0,0.0001,0.0068,0.0068,0.0867,0,0,0,0,0,0,172,0,172,47,44,1,1,20260711
E2,2,Ren,300000,common_021,3,common,0.0108,33.3854,0,0,5.0642,5.0642,38.4604,0,0,0,0,0,0,172,0,172,361304,15452,9264,1,20260711
E2,2,Ren,300000,medium_014,3,medium,0.0213,0.195,0,0,0.0108,0.0108,0.2271,0,0,0,0,0,0,172,0,172,398,169,10,1,20260711
E2,2,Ren,300000,common_015,3,common,0.0106,39.9093,0,0,2.9454,2.9454,42.8653,0,0,0,0,0,0,172,0,172,173246,32047,4442,1,20260711
E2,2,Ren,300000,common_002,3,common,0.019,9.8656,0,0.0001,0.8084,0.8084,10.693,0,0,0,0,0,0,172,0,172,53399,6839,1369,1,20260711
E2,2,Ren,300000,medium_005,3,medium,0.0133,0.1821,0,0.0001,0.0046,0.0046,0.2,0,0,0,0,0,0,172,0,172,281,168,7,1,20260711
E2,2,Ren,300000,medium_011,3,medium,0.0106,0.1304,0,0,0.0008,0.0008,0.1418,0,0,0,0,0,0,172,0,172,47,126,1,1,20260711
E2,2,Ren,300000,rare_016,3,rare,0.0105,0.4552,0,0,0.0008,0.0008,0.4665,0,0,0,0,0,0,172,0,172,47,442,1,1,20260711
E2,2,Ren,300000,rare_018,3,rare,0.0102,1.8345,0,0,0.0024,0.0024,1.8471,0,0,0,0,0,0,172,0,172,47,1655,1,1,20260711
E2,2,Ren,300000,common_004,3,common,0.0114,59.4757,0,0,7.4547,7.4547,66.9418,0,0,0,0,0,0,172,0,172,505136,41662,12952,1,20260711
E2,2,Ren,300000,rare_012,3,rare,0.0245,0.349,0,0,0.0146,0.0146,0.3881,0,0,0,0,0,0,172,0,172,554,280,14,1,20260711
E2,2,Ren,300000,common_013,3,common,0.0115,2.3725,0,0,0.4386,0.4386,2.8226,0,0,0,0,0,0,172,0,172,31403,1103,805,1,20260711
E2,2,Ren,300000,common_027,3,common,0.0119,68.738,0,0,15.1778,15.1778,83.9277,0,0,0,0,0,0,172,0,172,1042751,31904,26737,1,20260711
E2,2,Ren,300000,medium_016,3,medium,0.0231,0.2889,0,0,0.0046,0.0046,0.3166,0,0,0,0,0,0,172,0,172,47,187,1,1,20260711
E2,2,Ren,300000,medium_013,3,medium,0.0109,0.5355,0,0,0.0032,0.0032,0.5496,0,0,0,0,0,0,172,0,172,164,493,4,1,20260711
E2,2,Ren,300000,rare_014,3,rare,0.0108,0.0375,0,0,0.0008,0.0008,0.0491,0,0,0,0,0,0,172,0,172,47,34,1,1,20260711
E2,2,Ren,300000,medium_000,3,medium,0.0104,0.3231,0,0,0.002,0.002,0.3355,0,0,0,0,0,0,172,0,172,125,176,3,1,20260711
E2,2,Ren,300000,common_016,3,common,0.0104,56.7338,0,0,7.257,7.257,64.0012,0,0,0,0,0,0,172,0,172,509855,30050,13073,1,20260711
E2,2,Ren,300000,medium_009,3,medium,0.0243,0.19,0,0.0001,0.0078,0.0078,0.2221,0,0,0,0,0,0,172,0,172,47,169,1,1,20260711
E2,2,Ren,300000,medium_015,3,medium,0.0107,1.9663,0,0,0.0016,0.0016,1.9786,0,0,0,0,0,0,172,0,172,47,1876,1,1,20260711
E2,2,Ren,300000,rare_006,3,rare,0.0109,0.0036,0,0,0.0009,0.0009,0.0154,0,0,0,0,0,0,172,0,172,47,2,1,1,20260711
E2,2,Ren,300000,rare_022,3,rare,0.0104,0.4165,0,0,0.003,0.003,0.4299,0,0,0,0,0,0,172,0,172,164,402,4,1,20260711
E2,2,Ren,300000,rare_017,3,rare,0.0104,0.088,0,0,0.0007,0.0007,0.0991,0,0,0,0,0,0,172,0,172,47,71,1,1,20260711
E2,2,Ren,300000,rare_003,3,rare,0.0108,0.0027,0,0,0.0008,0.0008,0.0143,0,0,0,0,0,0,172,0,172,47,1,1,1,20260711
E2,2,Ren,300000,medium_021,3,medium,0.0103,0.0542,0,0,0.0008,0.0008,0.0653,0,0,0,0,0,0,172,0,172,47,51,1,1,20260711
E2,2,Ren,300000,rare_024,3,rare,0.0108,3.6604,0,0,0.0142,0.0142,3.6854,0,0,0,0,0,0,172,0,172,866,3558,22,1,20260711
E2,2,Ren,300000,common_023,3,common,0.0114,32.9681,0,0,7.014,7.014,39.9935,0,0,0,0,0,0,172,0,172,486416,15452,12472,1,20260711
E2,2,Ren,300000,rare_013,3,rare,0.021,6.0956,0,0,0.0218,0.0218,6.1384,0,0,0,0,0,0,172,0,172,1217,2880,31,1,20260711
E2,2,Ren,300000,rare_019,3,rare,0.0117,2.0847,0,0.0001,0.001,0.001,2.0974,0,0,0,0,0,0,172,0,172,47,2068,1,1,20260711
E2,2,Ren,300000,medium_002,3,medium,0.0109,0.0038,0,0.0001,0.0008,0.0008,0.0155,0,0,0,0,0,0,172,0,172,47,2,1,1,20260711
E2,2,Ren,300000,rare_023,3,rare,0.0109,8.8537,0,0,0.0295,0.0295,8.8941,0,0,0,0,0,0,172,0,172,1724,4779,44,1,20260711
E2,2,Ren,300000,rare_005,3,rare,0.0136,0.0457,0,0,0.0009,0.0009,0.0602,0,0,0,0,0,0,172,0,172,47,43,1,1,20260711
E2,2,Ren,300000,rare_007,3,rare,0.0105,0.0508,0,0,0.0008,0.0008,0.0621,0,0,0,0,0,0,172,0,172,47,44,1,1,20260711
E2,2,Ren,300000,medium_022,3,medium,0.0112,2.2133,0,0,0.0028,0.0028,2.2273,0,0,0,0,0,0,172,0,172,125,2108,3,1,20260711
E2,2,Ren,300000,common_017,3,common,0.011,17.1994,0,0,3.6048,3.6048,20.8152,0,0,0,0,0,0,172,0,172,258461,8238,6627,1,20260711
E2,2,Ren,300000,common_014,3,common,0.0165,36.7698,0,0,4.6748,4.6748,41.4611,0,0,0,0,0,0,172,0,172,338138,24743,8670,1,20260711
E2,2,Ren,300000,common_019,3,common,0.019,48.2057,0,0,8.5463,8.5463,56.771,0,0,0,0,0,0,172,0,172,603416,25731,15472,1,20260711
E2,2,Ren,300000,medium_008,3,medium,0.0267,0.1128,0,0.0001,0.0077,0.0077,0.1472,0,0,0,0,0,0,172,0,172,47,102,1,1,20260711
E2,2,Ren,300000,medium_017,3,medium,0.0113,0.0038,0,0,0.0009,0.0009,0.016,0,0,0,0,0,0,172,0,172,47,2,1,1,20260711
E2,2,Ren,300000,common_005,3,common,0.0104,29.6814,0,0.0001,1.9193,1.9193,31.6111,0,0,0,0,0,0,172,0,172,137756,23852,3532,1,20260711
E2,2,Ren,300000,common_024,3,common,0.0194,156.353,0,0.0001,40.8741,40.8741,197.246,0,0,0,0,0,0,172,0,172,2836127,73584,72721,1,20260711
E2,2,Ren,300000,medium_007,3,medium,0.0277,0.0175,0,0,0.0074,0.0074,0.0526,0,0,0,0,0,0,172,0,172,47,13,1,1,20260711
E2,2,Ren,300000,medium_018,3,medium,0.0112,0.0637,0,0,0.0018,0.0018,0.0767,0,0,0,0,0,0,172,0,172,47,57,1,1,20260711
E2,2,Ren,300000,rare_021,3,rare,0.0108,0.0162,0,0,0.001,0.001,0.028,0,0,0,0,0,0,172,0,172,47,13,1,1,20260711
E2,2,Ren,300000,medium_024,3,medium,0.0107,0.5352,0,0.0001,0.0012,0.0012,0.5471,0,0,0,0,0,0,172,0,172,47,488,1,1,20260711
E2,2,Ren,300000,common_006,3,common,0.0106,3.9052,0,0,0.2751,0.2751,4.1909,0,0,0,0,0,0,172,0,172,19586,2915,502,1,20260711
E2,2,Ren,300000,rare_004,3,rare,0.0136,0.0426,0,0.0001,0.0012,0.0012,0.0574,0,0,0,0,0,0,172,0,172,47,36,1,1,20260711
E2,2,Ren,300000,common_009,3,common,0.0106,46.936,0,0,3.0914,3.0914,50.038,0,0,0,0,0,0,172,0,172,211388,27975,5420,1,20260711
E2,2,Ren,300000,rare_015,3,rare,0.0182,0.6953,0,0,0.0032,0.0032,0.7167,0,0,0,0,0,0,172,0,172,86,675,2,1,20260711
E2,2,Ren,300000,common_007,3,common,0.0108,3.8332,0,0,0.7882,0.7882,4.6322,0,0,0,0,0,0,172,0,172,56636,2133,1452,1,20260711
E2,2,Ren,300000,rare_001,3,rare,0.0129,0.195,0,0,0.0008,0.0008,0.2087,0,0,0,0,0,0,172,0,172,47,177,1,1,20260711
E2,2,Ren,300000,rare_000,3,rare,0.0106,0.0527,0,0,0.0007,0.0007,0.064,0,0,0,0,0,0,172,0,172,47,50,1,1,20260711
E2,2,Ren,300000,common_018,3,common,0.0104,19.836,0,0,4.2429,4.2429,24.0893,0,0,0,0,0,0,172,0,172,263492,9092,6756,1,20260711
E2,2,Ren,300000,common_025,3,common,0.0211,22.3834,0,0,4.7735,4.7735,27.178,0,0,0,0,0,0,172,0,172,316415,12689,8113,1,20260711
E2,2,Ren,300000,common_020,3,common,0.0175,42.143,0,0.0001,3.5589,3.5589,45.7194,0,0,0,0,0,0,172,0,172,242315,24000,6213,1,20260711
E2,2,Ren,300000,rare_020,3,rare,0.021,0.0084,0,0,0.0042,0.0042,0.0336,0,0,0,0,0,0,172,0,172,47,5,1,1,20260711
E2,2,Ren,300000,common_022,3,common,0.0106,29.257,0,0.0001,6.2405,6.2405,35.5081,0,0,0,0,0,0,172,0,172,440045,13886,11283,1,20260711
E2,2,Ren,300000,medium_023,3,medium,0.0193,0.5887,0,0.0001,0.006,0.006,0.614,0,0,0,0,0,0,172,0,172,47,520,1,1,20260711
E2,2,Ren,300000,rare_002,3,rare,0.0108,0.4272,0,0,0.0009,0.0009,0.4389,0,0,0,0,0,0,172,0,172,47,407,1,1,20260711
E2,2,Ren,300000,rare_025,3,rare,0.0105,0.2432,0,0,0.0015,0.0015,0.2552,0,0,0,0,0,0,172,0,172,86,231,2,1,20260711
E2,2,SliceBF,300000,rare_012,4,rare,0.095,0.1414,3.6077,0.3459,0.0121,3.9657,4.2021,2,300672,0,0,1,64,808,25280,812,325952,1,1,1,20260711
E2,2,SliceBF,300000,common_018,4,common,0.0388,0.3145,3.3585,0.3509,2.6812,6.3906,6.7439,2,300672,0,0,612,39168,808,20370176,3256,20670848,659,659,1,20260711
E2,2,SliceBF,300000,medium_020,4,medium,0.0418,0.1368,2.3246,0.3467,0.0132,2.6845,2.8631,2,300672,0,0,1,64,808,41664,812,342336,1,1,1,20260711
E2,2,SliceBF,300000,medium_010,4,medium,0.0382,0.1408,2.0791,0.3421,0.0202,2.4414,2.6204,2,300672,0,0,2,128,808,83328,816,384000,2,2,1,20260711
E2,2,SliceBF,300000,common_000,4,common,0.0388,0.1595,1.9918,0.344,0.3145,2.6503,2.8486,2,300672,0,0,88,5632,808,2224640,1160,2525312,94,94,1,20260711
E2,2,SliceBF,300000,rare_013,4,rare,0.0403,0.1368,1.99,0.3444,0.0104,2.3448,2.5219,2,300672,0,0,1,64,808,25280,812,325952,1,1,1,20260711
E2,2,SliceBF,300000,rare_003,4,rare,0.038,0.1341,2.4588,0.3429,0.0129,2.8146,2.9867,2,300672,0,0,1,64,808,25280,812,325952,1,1,1,20260711
E2,2,SliceBF,300000,common_020,4,common,0.0387,0.4767,2.8934,0.3617,8.8659,12.121,12.6364,2,300672,0,0,1182,75648,808,52556416,5536,52857088,1738,1738,1,20260711
E2,2,SliceBF,300000,rare_005,4,rare,0.0408,0.1405,3.4874,0.3438,0.0143,3.8455,4.0268,2,300672,0,0,1,64,808,25280,812,325952,1,1,1,20260711
E2,2,SliceBF,300000,medium_024,4,medium,0.0389,0.1402,2.2955,0.3458,0.0142,2.6555,2.8346,2,300672,0,0,1,64,808,41664,812,342336,1,1,1,20260711
E2,2,SliceBF,300000,medium_016,4,medium,0.0384,0.1372,3.2574,0.3414,0.0108,3.6096,3.7852,2,300672,0,0,1,64,808,41664,812,342336,1,1,1,20260711
E2,2,SliceBF,300000,rare_011,4,rare,0.0378,0.1396,2.4218,0.3421,0.0154,2.7793,2.9567,2,300672,0,0,1,64,808,41664,812,342336,1,1,1,20260711
E2,2,SliceBF,300000,common_015,4,common,0.0382,0.2029,2.7494,0.5136,1.5491,4.8121,5.0532,2,300672,0,0,213,13632,808,5417408,1660,5718080,228,228,1,20260711
E2,2,SliceBF,300000,common_021,4,common,0.0414,0.7785,3.9084,0.4098,11.9498,16.268,17.0879,2,300672,0,0,2135,136640,808,71749440,9348,72050112,3022,3022,1,20260711
E2,2,SliceBF,300000,medium_018,4,medium,0.0473,0.1427,2.1634,0.3417,0.0163,2.5214,2.7114,2,300672,0,0,1,64,808,41664,812,342336,1,1,1,20260711
E2,2,SliceBF,300000,medium_014,4,medium,0.0386,0.1385,2.5098,0.342,0.0299,2.8817,3.0588,2,300672,0,0,5,320,808,191936,828,492608,5,5,1,20260711
E2,2,SliceBF,300000,medium_011,4,medium,0.0379,0.1338,2.9012,0.3415,0.0151,3.2578,3.4295,2,300672,0,0,2,128,808,66944,816,367616,2,2,1,20260711
E2,2,SliceBF,300000,rare_017,4,rare,0.0378,0.1401,2.1975,0.3415,0.0096,2.5486,2.7265,2,300672,0,0,1,64,808,25280,812,325952,1,1,1,20260711
E2,2,SliceBF,300000,medium_002,4,medium,0.0376,0.1352,2.4081,0.3419,0.0131,2.7631,2.9359,2,300672,0,0,1,64,808,25280,812,325952,1,1,1,20260711
E2,2,SliceBF,300000,rare_002,4,rare,0.0392,0.1363,2.2894,0.3416,0.01,2.641,2.8165,2,300672,0,0,1,64,808,25280,812,325952,1,1,1,20260711
E2,2,SliceBF,300000,rare_006,4,rare,0.0382,0.1382,2.1884,0.3426,0.0116,2.5426,2.719,2,300672,0,0,1,64,808,25280,812,325952,1,1,1,20260711
E2,2,SliceBF,300000,medium_015,4,medium,0.0386,0.133,2.2776,0.3443,0.0115,2.6334,2.805,2,300672,0,0,1,64,808,41664,812,342336,1,1,1,20260711
E2,2,SliceBF,300000,common_005,4,common,0.038,0.1734,4.1669,0.3445,0.8147,5.3261,5.5375,2,300672,0,0,135,8640,808,4526912,1348,4827584,136,136,1,20260711
E2,2,SliceBF,300000,common_023,4,common,0.0436,0.6357,2.4704,0.3688,9.305,12.1442,12.8235,2,300672,0,0,1838,117632,808,61767296,8160,62067968,2417,2417,1,20260711
E2,2,SliceBF,300000,rare_010,4,rare,0.0783,0.18,2.3288,0.3418,0.0192,2.6898,2.9481,2,300672,0,0,1,64,808,41664,812,342336,1,1,1,20260711
E2,2,SliceBF,300000,rare_016,4,rare,0.0403,0.1407,3.087,0.342,0.028,3.457,3.638,2,300672,0,0,4,256,808,125696,824,426368,4,4,1,20260711
E2,2,SliceBF,300000,rare_025,4,rare,0.039,0.1382,2.4124,0.3417,0.0126,2.7667,2.9439,2,300672,0,0,1,64,808,25280,812,325952,1,1,1,20260711
E2,2,SliceBF,300000,common_001,4,common,0.0382,0.1821,3.7026,0.3449,0.5851,4.6326,4.8529,2,300672,0,0,151,9664,808,4144960,1412,4445632,157,157,1,20260711
E2,2,SliceBF,300000,common_004,4,common,0.0388,0.2225,4.1047,0.3514,1.1971,5.6532,5.9145,2,300672,0,0,293,18752,808,9717184,1980,10017856,304,304,1,20260711
E2,2,SliceBF,300000,medium_007,4,medium,0.043,0.1387,2.7646,0.346,0.0168,3.1274,3.3091,2,300672,0,0,1,64,808,41664,812,342336,1,1,1,20260711
E2,2,SliceBF,300000,medium_003,4,medium,0.0382,0.1386,3.2941,0.3415,0.011,3.6466,3.8234,2,300672,0,0,1,64,808,41664,812,342336,1,1,1,20260711
E2,2,SliceBF,300000,rare_019,4,rare,0.0379,0.1386,2.0775,0.3415,0.016,2.435,2.6115,2,300672,0,0,2,128,808,66944,816,367616,2,2,1,20260711
E2,2,SliceBF,300000,medium_004,4,medium,0.0379,0.1347,2.5525,0.3415,0.0117,2.9057,3.0783,2,300672,0,0,1,64,808,25280,812,325952,1,1,1,20260711
E2,2,SliceBF,300000,rare_020,4,rare,0.0382,0.136,3.4169,0.3416,0.0112,3.7697,3.9439,2,300672,0,0,1,64,808,25280,812,325952,1,1,1,20260711
E2,2,SliceBF,300000,common_003,4,common,0.0382,0.2046,3.2864,0.3489,0.901,4.5363,4.7791,2,300672,0,0,227,14528,808,6713408,1716,7014080,243,243,1,20260711
E2,2,SliceBF,300000,medium_001,4,medium,0.0388,0.1393,3.4008,0.3417,0.0156,3.7581,3.9362,2,300672,0,0,2,128,808,66944,816,367616,2,2,1,20260711
E2,2,SliceBF,300000,medium_000,4,medium,0.0379,0.1414,2.673,0.3417,0.0166,3.0313,3.2106,2,300672,0,0,1,64,808,25280,812,325952,1,1,1,20260711
E2,2,SliceBF,300000,medium_019,4,medium,0.0396,0.1388,2.3555,0.3447,0.0125,2.7127,2.8911,2,300672,0,0,1,64,808,41664,812,342336,1,1,1,20260711
E2,2,SliceBF,300000,medium_021,4,medium,0.038,0.137,3.3945,0.3461,0.0112,3.7518,3.9268,2,300672,0,0,1,64,808,25280,812,325952,1,1,1,20260711
E2,2,SliceBF,300000,rare_001,4,rare,0.0386,0.1347,2.4887,0.3425,0.0101,2.8413,3.0146,2,300672,0,0,1,64,808,25280,812,325952,1,1,1,20260711
E2,2,SliceBF,300000,rare_024,4,rare,0.0376,0.137,3.9136,0.5238,0.049,4.4864,4.661,2,300672,0,0,4,256,808,150272,824,450944,4,4,1,20260711
E2,2,SliceBF,300000,rare_018,4,rare,0.0431,0.461,2.1589,0.3534,0.015,2.5273,3.0314,2,300672,0,0,1,64,808,25280,812,325952,1,1,1,20260711
E2,2,SliceBF,300000,common_025,4,common,0.0402,1.3638,3.2223,0.4829,76.4984,80.2036,81.6076,2,300672,0,0,3024,193536,808,128990208,12904,129290880,14637,14637,1,20260711
E2,2,SliceBF,300000,medium_023,4,medium,0.0517,0.1622,3.3925,0.342,0.0197,3.7542,3.9681,2,300672,0,0,2,128,808,66944,816,367616,2,2,1,20260711
E2,2,SliceBF,300000,common_016,4,common,0.0403,0.6458,4.2943,0.3683,9.5284,14.191,14.8771,2,300672,0,0,1722,110208,808,67927936,7696,68228608,2218,2218,1,20260711
E2,2,SliceBF,300000,common_017,4,common,0.0427,0.287,4.775,0.3492,2.5921,7.7163,8.046,2,300672,0,0,474,30336,808,13817728,2704,14118400,506,506,1,20260711
E2,2,SliceBF,300000,rare_021,4,rare,0.0435,0.1446,3.2976,0.3419,0.0146,3.6541,3.8422,2,300672,0,0,1,64,808,25280,812,325952,1,1,1,20260711
E2,2,SliceBF,300000,common_027,4,common,0.0383,2.2415,3.3347,0.5506,115.086,118.971,121.251,2,300672,0,0,3804,243456,808,149904640,16024,150205312,23144,23144,1,20260711
E2,2,SliceBF,300000,common_007,4,common,0.0542,0.469,4.671,0.3588,6.4527,11.4825,12.0057,2,300672,0,0,1111,71104,808,48860992,5252,49161664,1363,1363,1,20260711
E2,2,SliceBF,300000,rare_009,4,rare,0.043,0.1465,2.7979,0.3418,0.0163,3.156,3.3455,2,300672,0,0,1,64,808,25280,812,325952,1,1,1,20260711
E2,2,SliceBF,300000,rare_022,4,rare,0.0394,0.1403,3.206,0.3418,0.0163,3.5641,3.7438,2,300672,0,0,1,64,808,25280,812,325952,1,1,1,20260711
E2,2,SliceBF,300000,medium_025,4,medium,0.0422,0.1393,3.2199,0.3418,0.0167,3.5784,3.7599,2,300672,0,0,1,64,808,41664,812,342336,1,1,1,20260711
E2,2,SliceBF,300000,medium_005,4,medium,0.04,0.1436,2.7558,0.3416,0.0125,3.1099,3.2935,2,300672,0,0,1,64,808,25280,812,325952,1,1,1,20260711
E2,2,SliceBF,300000,common_014,4,common,0.0387,0.2089,2.526,0.3448,0.8543,3.7251,3.9727,2,300672,0,0,237,15168,808,6433728,1756,6734400,247,247,1,20260711
E2,2,SliceBF,300000,rare_023,4,rare,0.0387,0.185,2.9677,0.3427,0.0136,3.324,3.5477,2,300672,0,0,1,64,808,41664,812,342336,1,1,1,20260711
E2,2,SliceBF,300000,common_024,4,common,0.0388,0.7876,4.177,0.3844,14.8095,19.3709,20.1973,2,300672,0,0,2419,154816,808,79649856,10484,79950528,3854,3854,1,20260711
E2,2,SliceBF,300000,common_022,4,common,0.0456,0.7758,3.1854,0.3806,13.5578,17.1238,17.9452,2,300672,0,0,2408,154112,808,86384128,10440,86684800,3442,3442,1,20260711
E2,2,SliceBF,300000,common_008,4,common,0.045,0.331,2.8348,0.3512,3.3446,6.5306,6.9066,2,300672,0,0,617,39488,808,24395968,3276,24696640,675,675,1,20260711
E2,2,SliceBF,300000,common_009,4,common,0.0482,0.3763,3.9282,0.3521,3.5657,7.846,8.2705,2,300672,0,0,775,49600,808,28242752,3908,28543424,856,856,1,20260711
E2,2,SliceBF,300000,medium_006,4,medium,0.0412,0.1416,2.0284,0.3417,0.0107,2.3808,2.5636,2,300672,0,0,1,64,808,25280,812,325952,1,1,1,20260711
E2,2,SliceBF,300000,medium_022,4,medium,0.0379,0.1361,2.8543,0.3671,0.0158,3.2372,3.4112,2,300672,0,0,1,64,808,25280,812,325952,1,1,1,20260711
E2,2,SliceBF,300000,medium_009,4,medium,0.0388,0.1412,4.1417,0.3415,0.0104,4.4936,4.6736,2,300672,0,0,1,64,808,25280,812,325952,1,1,1,20260711
E2,2,SliceBF,300000,medium_017,4,medium,0.0383,0.1398,2.118,0.3446,0.0099,2.4725,2.6506,2,300672,0,0,1,64,808,25280,812,325952,1,1,1,20260711
E2,2,SliceBF,300000,common_012,4,common,0.0379,0.748,4.1438,0.3764,13.2605,17.7807,18.5666,2,300672,0,0,2347,150208,808,81245760,10196,81546432,3377,3377,1,20260711
E2,2,SliceBF,300000,rare_007,4,rare,0.0431,0.1389,1.9519,0.3416,0.0113,2.3048,2.4868,2,300672,0,0,1,64,808,25280,812,325952,1,1,1,20260711
E2,2,SliceBF,300000,rare_000,4,rare,0.0376,0.1622,3.275,0.342,0.0195,3.6365,3.8363,2,300672,0,0,1,64,808,25280,812,325952,1,1,1,20260711
E2,2,SliceBF,300000,rare_014,4,rare,0.0399,0.1395,1.9178,0.3452,0.0143,2.2773,2.4567,2,300672,0,0,1,64,808,25280,812,325952,1,1,1,20260711
E2,2,SliceBF,300000,common_019,4,common,0.0386,1.129,2.8753,0.4271,44.8232,48.1256,49.2932,2,300672,0,0,3310,211840,808,131878528,14048,132179200,7649,7649,1,20260711
E2,2,SliceBF,300000,rare_015,4,rare,0.0488,0.1442,2.0091,0.342,0.0141,2.3652,2.5582,2,300672,0,0,1,64,808,41664,812,342336,1,1,1,20260711
E2,2,SliceBF,300000,common_010,4,common,0.0381,0.7789,4.2556,0.4825,16.5379,21.276,22.093,2,300672,0,0,1810,115840,808,80179584,8048,80480256,3091,3091,1,20260711
E2,2,SliceBF,300000,common_006,4,common,0.0482,0.2365,2.784,0.3471,1.1204,4.2515,4.5362,2,300672,0,0,279,17856,808,9166656,1924,9467328,285,285,1,20260711
E2,2,SliceBF,300000,common_026,4,common,0.0418,0.9673,2.3261,0.3942,18.6322,21.3525,22.3616,2,300672,0,0,2948,188672,808,100723456,12600,101024128,5021,5021,1,20260711
E2,2,SliceBF,300000,common_002,4,common,0.0442,0.4788,4.1947,0.3619,8.0615,12.6181,13.1411,2,300672,0,0,1212,77568,808,54166784,5656,54467456,1653,1653,1,20260711
E2,2,SliceBF,300000,rare_004,4,rare,0.0406,0.1389,2.4825,0.3921,0.0147,2.8893,3.0688,2,300672,0,0,1,64,808,41664,812,342336,1,1,1,20260711
E2,2,SliceBF,300000,medium_012,4,medium,0.0388,0.1432,2.8513,0.3416,0.0134,3.2063,3.3883,2,300672,0,0,1,64,808,25280,812,325952,1,1,1,20260711
E2,2,SliceBF,300000,common_013,4,common,0.0382,0.1964,3.156,0.3459,0.8004,4.3023,4.5369,2,300672,0,0,206,13184,808,6928000,1632,7228672,208,208,1,20260711
E2,2,SliceBF,300000,rare_008,4,rare,0.0388,0.1378,2.896,0.3416,0.0141,3.2517,3.4283,2,300672,0,0,2,128,808,66944,816,367616,2,2,1,20260711
E2,2,SliceBF,300000,common_011,4,common,0.0385,0.3329,2.6208,0.8221,4.1413,7.5842,7.9556,2,300672,0,0,419,26816,808,14147648,2484,14448320,440,440,1,20260711
E2,2,SliceBF,300000,medium_008,4,medium,0.0718,0.1448,4.3669,0.3423,0.0184,4.7276,4.9442,2,300672,0,0,1,64,808,41664,812,342336,1,1,1,20260711
E2,2,SliceBF,300000,medium_013,4,medium,0.0406,0.1419,2.77,0.342,0.0211,3.1331,3.3156,2,300672,0,0,2,128,808,116096,816,416768,2,2,1,20260711
E2,2,XEBFF-Conj,300000,rare_012,4,rare,0.0341,0.0034,0,0,0.0008,0.0008,0.0383,0,0,0,0,0,0,164,0,164,39,2,1,1,20260711
E2,2,XEBFF-Conj,300000,common_018,4,common,5.082,1.4416,0,0,0.3758,0.3758,6.8994,0,0,0,0,0,0,71372,0,71372,23069,991,659,1,20260711
E2,2,XEBFF-Conj,300000,medium_020,4,medium,1.5168,0.4176,0,0,0.0031,0.0031,1.9375,0,0,0,0,0,0,20972,0,20972,39,291,1,1,20260711
E2,2,XEBFF-Conj,300000,medium_010,4,medium,0.291,0.0702,0,0,0.0024,0.0024,0.3636,0,0,0,0,0,0,3548,0,3548,74,49,2,1,20260711
E2,2,XEBFF-Conj,300000,common_000,4,common,0.5348,0.1444,0,0,0.0565,0.0565,0.7357,0,0,0,0,0,0,7148,0,7148,3294,99,94,1,20260711
E2,2,XEBFF-Conj,300000,rare_013,4,rare,0.3092,0.0816,0,0,0.001,0.001,0.3918,0,0,0,0,0,0,4052,0,4052,39,56,1,1,20260711
E2,2,XEBFF-Conj,300000,rare_003,4,rare,0.2425,0.0628,0,0,0.0007,0.0007,0.306,0,0,0,0,0,0,3116,0,3116,39,43,1,1,20260711
E2,2,XEBFF-Conj,300000,common_020,4,common,92.1575,26.7207,0,0,1.0358,1.0358,119.914,0,0,0,0,0,0,1268444,0,1268444,60834,17617,1738,1,20260711
E2,2,XEBFF-Conj,300000,rare_005,4,rare,0.7885,0.2077,0,0,0.0028,0.0028,0.999,0,0,0,0,0,0,10604,0,10604,39,147,1,1,20260711
E2,2,XEBFF-Conj,300000,medium_024,4,medium,5.6802,1.1447,0,0,0.0066,0.0066,6.8315,0,0,0,0,0,0,56756,0,56756,39,788,1,1,20260711
E2,2,XEBFF-Conj,300000,medium_016,4,medium,0.0384,0.0038,0,0,0.0012,0.0012,0.0434,0,0,0,0,0,0,164,0,164,39,2,1,1,20260711
E2,2,XEBFF-Conj,300000,rare_011,4,rare,0.3898,0.1023,0,0,0.001,0.001,0.4931,0,0,0,0,0,0,5132,0,5132,39,71,1,1,20260711
E2,2,XEBFF-Conj,300000,common_015,4,common,35.2207,11.155,0,0,0.142,0.142,46.5177,0,0,0,0,0,0,492428,0,492428,7984,6839,228,1,20260711
E2,2,XEBFF-Conj,300000,common_021,4,common,43.2225,12.1148,0,0,1.9774,1.9774,57.3147,0,0,0,0,0,0,593156,0,593156,105774,8238,3022,1,20260711
E2,2,XEBFF-Conj,300000,medium_018,4,medium,0.4902,0.1605,0,0,0.0036,0.0036,0.6543,0,0,0,0,0,0,5708,0,5708,39,79,1,1,20260711
E2,2,XEBFF-Conj,300000,medium_014,4,medium,8.525,2.2094,0,0,0.0078,0.0078,10.7422,0,0,0,0,0,0,108668,0,108668,179,1509,5,1,20260711
E2,2,XEBFF-Conj,300000,medium_011,4,medium,3.6813,0.9802,0,0,0.0076,0.0076,4.6691,0,0,0,0,0,0,47540,0,47540,74,660,2,1,20260711
E2,2,XEBFF-Conj,300000,rare_017,4,rare,0.6934,0.1938,0,0,0.001,0.001,0.8882,0,0,0,0,0,0,9524,0,9524,39,132,1,1,20260711
E2,2,XEBFF-Conj,300000,medium_002,4,medium,1.4164,0.4001,0,0,0.0013,0.0013,1.8178,0,0,0,0,0,0,19676,0,19676,39,273,1,1,20260711
E2,2,XEBFF-Conj,300000,rare_002,4,rare,0.9239,0.2604,0,0,0.0011,0.0011,1.1854,0,0,0,0,0,0,12764,0,12764,39,177,1,1,20260711
E2,2,XEBFF-Conj,300000,rare_006,4,rare,0.0805,0.0168,0,0,0.001,0.001,0.0983,0,0,0,0,0,0,812,0,812,39,11,1,1,20260711
E2,2,XEBFF-Conj,300000,medium_015,4,medium,1.2947,0.3577,0,0,0.0015,0.0015,1.6539,0,0,0,0,0,0,17660,0,17660,39,245,1,1,20260711
E2,2,XEBFF-Conj,300000,common_005,4,common,5.6394,2.1698,0,0,0.0934,0.0934,7.9026,0,0,0,0,0,0,79436,0,79436,4764,1103,136,1,20260711
E2,2,XEBFF-Conj,300000,common_023,4,common,33.5471,9.5552,0,0,1.3503,1.3503,44.4526,0,0,0,0,0,0,462188,0,462188,84599,6419,2417,1,20260711
E2,2,XEBFF-Conj,300000,rare_010,4,rare,0.2697,0.0938,0,0,0.0062,0.0062,0.3697,0,0,0,0,0,0,2612,0,2612,39,36,1,1,20260711
E2,2,XEBFF-Conj,300000,rare_016,4,rare,16.7383,4.8845,0,0,0.0113,0.0113,21.6341,0,0,0,0,0,0,232580,0,232580,144,3230,4,1,20260711
E2,2,XEBFF-Conj,300000,rare_025,4,rare,0.0678,0.0112,0,0,0.0018,0.0018,0.0808,0,0,0,0,0,0,524,0,524,39,7,1,1,20260711
E2,2,XEBFF-Conj,300000,common_001,4,common,2.6713,0.72,0,0,0.0941,0.0941,3.4854,0,0,0,0,0,0,35444,0,35444,5499,492,157,1,20260711
E2,2,XEBFF-Conj,300000,common_004,4,common,6.2423,1.7535,0,0,0.1797,0.1797,8.1755,0,0,0,0,0,0,86636,0,86636,10644,1203,304,1,20260711
E2,2,XEBFF-Conj,300000,medium_007,4,medium,2.4733,0.6874,0,0,0.003,0.003,3.1637,0,0,0,0,0,0,34292,0,34292,39,476,1,1,20260711
E2,2,XEBFF-Conj,300000,medium_003,4,medium,0.371,0.098,0,0,0.0009,0.0009,0.4699,0,0,0,0,0,0,4916,0,4916,39,68,1,1,20260711
E2,2,XEBFF-Conj,300000,rare_019,4,rare,8.7134,2.4195,0,0,0.0048,0.0048,11.1377,0,0,0,0,0,0,119900,0,119900,74,1665,2,1,20260711
E2,2,XEBFF-Conj,300000,medium_004,4,medium,0.3926,0.1032,0,0,0.0012,0.0012,0.497,0,0,0,0,0,0,5204,0,5204,39,72,1,1,20260711
E2,2,XEBFF-Conj,300000,rare_020,4,rare,0.3686,0.0984,0,0,0.001,0.001,0.468,0,0,0,0,0,0,4916,0,4916,39,68,1,1,20260711
E2,2,XEBFF-Conj,300000,common_003,4,common,38.3832,11.0268,0,0,0.1589,0.1589,49.5689,0,0,0,0,0,0,518924,0,518924,8509,7207,243,1,20260711
E2,2,XEBFF-Conj,300000,medium_001,4,medium,16.5395,4.4624,0,0,0.0057,0.0057,21.0076,0,0,0,0,0,0,227252,0,227252,74,3156,2,1,20260711
E2,2,XEBFF-Conj,300000,medium_000,4,medium,7.4611,1.9477,0,0,0.0047,0.0047,9.4135,0,0,0,0,0,0,97940,0,97940,39,1360,1,1,20260711
E2,2,XEBFF-Conj,300000,medium_019,4,medium,2.3432,0.6459,0,0,0.0043,0.0043,2.9934,0,0,0,0,0,0,32780,0,32780,39,455,1,1,20260711
E2,2,XEBFF-Conj,300000,medium_021,4,medium,19.8822,5.7121,0,0,0.0063,0.0063,25.6006,0,0,0,0,0,0,269660,0,269660,39,3745,1,1,20260711
E2,2,XEBFF-Conj,300000,rare_001,4,rare,0.9281,0.258,0,0,0.0034,0.0034,1.1895,0,0,0,0,0,0,12764,0,12764,39,177,1,1,20260711
E2,2,XEBFF-Conj,300000,rare_024,4,rare,16.3736,4.5779,0,0,0.0086,0.0086,20.9601,0,0,0,0,0,0,221276,0,221276,144,3073,4,1,20260711
E2,2,XEBFF-Conj,300000,rare_018,4,rare,0.0514,0.0068,0,0,0.0025,0.0025,0.0607,0,0,0,0,0,0,92,0,92,39,1,1,1,20260711
E2,2,XEBFF-Conj,300000,common_025,4,common,150.311,41.902,0,0,8.0593,8.0593,200.272,0,0,0,0,0,0,2014220,0,2014220,512299,27975,14637,1,20260711
E2,2,XEBFF-Conj,300000,medium_023,4,medium,27.5121,7.8421,0,0,0.0087,0.0087,35.3629,0,0,0,0,0,0,364268,0,364268,74,5059,2,1,20260711
E2,2,XEBFF-Conj,300000,common_016,4,common,52.1862,15.2755,0,0,1.405,1.405,68.8667,0,0,0,0,0,0,710732,0,710732,77634,9871,2218,1,20260711
E2,2,XEBFF-Conj,300000,common_017,4,common,13.6121,4.51,0,0,0.3004,0.3004,18.4225,0,0,0,0,0,0,189668,0,189668,17714,2634,506,1,20260711
E2,2,XEBFF-Conj,300000,rare_021,4,rare,0.1281,0.0269,0,0,0.0012,0.0012,0.1562,0,0,0,0,0,0,1316,0,1316,39,18,1,1,20260711
E2,2,XEBFF-Conj,300000,common_027,4,common,146.876,42.5542,0,0,13.5087,13.5087,202.939,0,0,0,0,0,0,2014220,0,2014220,810044,27975,23144,1,20260711
E2,2,XEBFF-Conj,300000,common_007,4,common,170.604,48.2999,0,0,0.8349,0.8349,219.739,0,0,0,0,0,0,2307404,0,2307404,47709,32047,1363,1,20260711
E2,2,XEBFF-Conj,300000,rare_009,4,rare,0.425,0.0852,0,0,0.0048,0.0048,0.515,0,0,0,0,0,0,4196,0,4196,39,58,1,1,20260711
E2,2,XEBFF-Conj,300000,rare_022,4,rare,1.3593,0.3555,0,0,0.0018,0.0018,1.7166,0,0,0,0,0,0,18164,0,18164,39,252,1,1,20260711
E2,2,XEBFF-Conj,300000,medium_025,4,medium,0.1852,0.0448,0,0,0.001,0.001,0.231,0,0,0,0,0,0,2252,0,2252,39,31,1,1,20260711
E2,2,XEBFF-Conj,300000,medium_005,4,medium,4.6376,1.4414,0,0,0.008,0.008,6.087,0,0,0,0,0,0,64028,0,64028,39,889,1,1,20260711
E2,2,XEBFF-Conj,300000,common_014,4,common,5.1623,1.4582,0,0,0.1503,0.1503,6.7708,0,0,0,0,0,0,71372,0,71372,8649,991,247,1,20260711
E2,2,XEBFF-Conj,300000,rare_023,4,rare,0.1754,0.0409,0,0,0.0011,0.0011,0.2174,0,0,0,0,0,0,2036,0,2036,39,28,1,1,20260711
E2,2,XEBFF-Conj,300000,common_024,4,common,66.9896,19.1415,0,0,2.1737,2.1737,88.3048,0,0,0,0,0,0,913628,0,913628,134894,12689,3854,1,20260711
E2,2,XEBFF-Conj,300000,common_022,4,common,37.6839,10.1598,0,0,1.9084,1.9084,49.7521,0,0,0,0,0,0,462188,0,462188,120474,6419,3442,1,20260711
E2,2,XEBFF-Conj,300000,common_008,4,common,125.473,37.9002,0,0,0.4406,0.4406,163.813,0,0,0,0,0,0,1728020,0,1728020,23629,24000,675,1,20260711
E2,2,XEBFF-Conj,300000,common_009,4,common,40.925,11.7629,0,0,0.5184,0.5184,53.2063,0,0,0,0,0,0,555212,0,555212,29964,7711,856,1,20260711
E2,2,XEBFF-Conj,300000,medium_006,4,medium,0.1523,0.0333,0,0,0.0023,0.0023,0.1879,0,0,0,0,0,0,1676,0,1676,39,23,1,1,20260711
E2,2,XEBFF-Conj,300000,medium_022,4,medium,2.1942,0.5494,0,0,0.006,0.006,2.7496,0,0,0,0,0,0,27596,0,27596,39,383,1,1,20260711
E2,2,XEBFF-Conj,300000,medium_009,4,medium,0.2569,0.0663,0,0,0.0011,0.0011,0.3243,0,0,0,0,0,0,3332,0,3332,39,46,1,1,20260711
E2,2,XEBFF-Conj,300000,medium_017,4,medium,0.7626,0.2049,0,0,0.0009,0.0009,0.9684,0,0,0,0,0,0,10316,0,10316,39,143,1,1,20260711
E2,2,XEBFF-Conj,300000,common_012,4,common,43.5993,12.1733,0,0,1.8818,1.8818,57.6544,0,0,0,0,0,0,593156,0,593156,118199,8238,3377,1,20260711
E2,2,XEBFF-Conj,300000,rare_007,4,rare,0.2615,0.0642,0,0,0.0048,0.0048,0.3305,0,0,0,0,0,0,3188,0,3188,39,44,1,1,20260711
E2,2,XEBFF-Conj,300000,rare_000,4,rare,0.0454,0.0064,0,0,0.0009,0.0009,0.0527,0,0,0,0,0,0,308,0,308,39,4,1,1,20260711
E2,2,XEBFF-Conj,300000,rare_014,4,rare,0.1623,0.0401,0,0,0.0008,0.0008,0.2032,0,0,0,0,0,0,1964,0,1964,39,27,1,1,20260711
E2,2,XEBFF-Conj,300000,common_019,4,common,65.0922,18.8538,0,0,4.2534,4.2534,88.1994,0,0,0,0,0,0,879212,0,879212,267719,12211,7649,1,20260711
E2,2,XEBFF-Conj,300000,rare_015,4,rare,0.1099,0.0213,0,0,0.0048,0.0048,0.136,0,0,0,0,0,0,956,0,956,39,13,1,1,20260711
E2,2,XEBFF-Conj,300000,common_010,4,common,124.514,35.1885,0,0,1.7872,1.7872,161.49,0,0,0,0,0,0,1666316,0,1666316,108189,23143,3091,1,20260711
E2,2,XEBFF-Conj,300000,common_006,4,common,57.2302,16.5477,0,0,0.1886,0.1886,73.9665,0,0,0,0,0,0,790652,0,790652,9979,10981,285,1,20260711
E2,2,XEBFF-Conj,300000,common_026,4,common,35.1291,9.8592,0,0,3.0437,3.0437,48.032,0,0,0,0,0,0,462188,0,462188,175739,6419,5021,1,20260711
E2,2,XEBFF-Conj,300000,common_002,4,common,133.351,37.7811,0,0,1.0223,1.0223,172.154,0,0,0,0,0,0,1790012,0,1790012,57859,24861,1653,1,20260711
E2,2,XEBFF-Conj,300000,rare_004,4,rare,0.0554,0.0044,0,0,0.0034,0.0034,0.0632,0,0,0,0,0,0,164,0,164,39,2,1,1,20260711
E2,2,XEBFF-Conj,300000,medium_012,4,medium,0.0305,0.0022,0,0,0.001,0.001,0.0337,0,0,0,0,0,0,92,0,92,39,1,1,1,20260711
E2,2,XEBFF-Conj,300000,common_013,4,common,15.2513,4.3076,0,0,0.1315,0.1315,19.6904,0,0,0,0,0,0,206228,0,206228,7284,2864,208,1,20260711
E2,2,XEBFF-Conj,300000,rare_008,4,rare,0.0448,0.0051,0,0,0.002,0.002,0.0519,0,0,0,0,0,0,236,0,236,74,3,2,1,20260711
E2,2,XEBFF-Conj,300000,common_011,4,common,33.3854,10.4976,0,0,0.2806,0.2806,44.1636,0,0,0,0,0,0,462188,0,462188,15404,6419,440,1,20260711
E2,2,XEBFF-Conj,300000,medium_008,4,medium,5.2063,1.5212,0,0,0.0047,0.0047,6.7322,0,0,0,0,0,0,71372,0,71372,39,991,1,1,20260711
E2,2,XEBFF-Conj,300000,medium_013,4,medium,1.6418,0.4661,0,0,0.003,0.003,2.1109,0,0,0,0,0,0,22484,0,22484,74,312,2,1,20260711
E2,2,Doris,300000,rare_012,4,rare,0.0183,0.0032,0,0,0.0011,0.0011,0.0226,0,0,0,0,0,0,164,0,164,39,2,1,1,20260711
E2,2,Doris,300000,common_018,4,common,5.5027,1.861,0,0,0.377,0.377,7.7407,0,0,0,0,0,0,71372,0,71372,23069,991,659,1,20260711
E2,2,Doris,300000,medium_020,4,medium,1.514,0.4511,0,0,0.0017,0.0017,1.9668,0,0,0,0,0,0,20972,0,20972,39,291,1,1,20260711
E2,2,Doris,300000,medium_010,4,medium,0.2676,0.0765,0,0,0.0018,0.0018,0.3459,0,0,0,0,0,0,3548,0,3548,74,49,2,1,20260711
E2,2,Doris,300000,common_000,4,common,0.5276,0.1509,0,0,0.0553,0.0553,0.7338,0,0,0,0,0,0,7148,0,7148,3294,99,94,1,20260711
E2,2,Doris,300000,rare_013,4,rare,0.2988,0.0842,0,0,0.0011,0.0011,0.3841,0,0,0,0,0,0,4052,0,4052,39,56,1,1,20260711
E2,2,Doris,300000,rare_003,4,rare,0.2294,0.0696,0,0,0.0008,0.0008,0.2998,0,0,0,0,0,0,3116,0,3116,39,43,1,1,20260711
E2,2,Doris,300000,common_020,4,common,94.3642,27.8515,0,0,1.0671,1.0671,123.283,0,0,0,0,0,0,1268444,0,1268444,60834,17617,1738,1,20260711
E2,2,Doris,300000,rare_005,4,rare,0.7874,0.2241,0,0,0.0035,0.0035,1.015,0,0,0,0,0,0,10604,0,10604,39,147,1,1,20260711
E2,2,Doris,300000,medium_024,4,medium,4.108,1.2914,0,0,0.0038,0.0038,5.4032,0,0,0,0,0,0,56756,0,56756,39,788,1,1,20260711
E2,2,Doris,300000,medium_016,4,medium,0.0298,0.0039,0,0,0.0027,0.0027,0.0364,0,0,0,0,0,0,164,0,164,39,2,1,1,20260711
E2,2,Doris,300000,rare_011,4,rare,0.375,0.1074,0,0,0.0011,0.0011,0.4835,0,0,0,0,0,0,5132,0,5132,39,71,1,1,20260711
E2,2,Doris,300000,common_015,4,common,35.4548,10.7041,0,0,0.179,0.179,46.3379,0,0,0,0,0,0,492428,0,492428,7984,6839,228,1,20260711
E2,2,Doris,300000,common_021,4,common,43.5015,12.5826,0,0,1.7166,1.7166,57.8007,0,0,0,0,0,0,593156,0,593156,105774,8238,3022,1,20260711
E2,2,Doris,300000,medium_018,4,medium,0.4372,0.1161,0,0,0.0048,0.0048,0.5581,0,0,0,0,0,0,5708,0,5708,39,79,1,1,20260711
E2,2,Doris,300000,medium_014,4,medium,7.9016,2.1817,0,0,0.006,0.006,10.0893,0,0,0,0,0,0,108668,0,108668,179,1509,5,1,20260711
E2,2,Doris,300000,medium_011,4,medium,3.4807,0.9567,0,0,0.0044,0.0044,4.4418,0,0,0,0,0,0,47540,0,47540,74,660,2,1,20260711
E2,2,Doris,300000,rare_017,4,rare,0.8305,0.4597,0,0,0.0041,0.0041,1.2943,0,0,0,0,0,0,9524,0,9524,39,132,1,1,20260711
E2,2,Doris,300000,medium_002,4,medium,1.5375,0.4029,0,0,0.0022,0.0022,1.9426,0,0,0,0,0,0,19676,0,19676,39,273,1,1,20260711
E2,2,Doris,300000,rare_002,4,rare,0.9317,0.2628,0,0,0.0011,0.0011,1.1956,0,0,0,0,0,0,12764,0,12764,39,177,1,1,20260711
E2,2,Doris,300000,rare_006,4,rare,0.0654,0.0172,0,0,0.0011,0.0011,0.0837,0,0,0,0,0,0,812,0,812,39,11,1,1,20260711
E2,2,Doris,300000,medium_015,4,medium,1.2707,0.3587,0,0,0.001,0.001,1.6304,0,0,0,0,0,0,17660,0,17660,39,245,1,1,20260711
E2,2,Doris,300000,common_005,4,common,5.7054,1.6309,0,0,0.0889,0.0889,7.4252,0,0,0,0,0,0,79436,0,79436,4764,1103,136,1,20260711
E2,2,Doris,300000,common_023,4,common,34.4466,9.9362,0,0,1.3685,1.3685,45.7513,0,0,0,0,0,0,462188,0,462188,84599,6419,2417,1,20260711
E2,2,Doris,300000,rare_010,4,rare,0.213,0.0541,0,0,0.0065,0.0065,0.2736,0,0,0,0,0,0,2612,0,2612,39,36,1,1,20260711
E2,2,Doris,300000,rare_016,4,rare,16.8508,5.1731,0,0,0.0085,0.0085,22.0324,0,0,0,0,0,0,232580,0,232580,144,3230,4,1,20260711
E2,2,Doris,300000,rare_025,4,rare,0.0519,0.011,0,0,0.0014,0.0014,0.0643,0,0,0,0,0,0,524,0,524,39,7,1,1,20260711
E2,2,Doris,300000,common_001,4,common,2.5587,0.7587,0,0,0.0948,0.0948,3.4122,0,0,0,0,0,0,35444,0,35444,5499,492,157,1,20260711
E2,2,Doris,300000,common_004,4,common,6.1626,1.9677,0,0,0.1817,0.1817,8.312,0,0,0,0,0,0,86636,0,86636,10644,1203,304,1,20260711
E2,2,Doris,300000,medium_007,4,medium,2.4817,0.6894,0,0,0.0019,0.0019,3.173,0,0,0,0,0,0,34292,0,34292,39,476,1,1,20260711
E2,2,Doris,300000,medium_003,4,medium,0.3559,0.0986,0,0,0.001,0.001,0.4555,0,0,0,0,0,0,4916,0,4916,39,68,1,1,20260711
E2,2,Doris,300000,rare_019,4,rare,8.6152,3.3701,0,0,0.0092,0.0092,11.9945,0,0,0,0,0,0,119900,0,119900,74,1665,2,1,20260711
E2,2,Doris,300000,medium_004,4,medium,0.3884,0.107,0,0,0.0013,0.0013,0.4967,0,0,0,0,0,0,5204,0,5204,39,72,1,1,20260711
E2,2,Doris,300000,rare_020,4,rare,0.3598,0.1007,0,0,0.001,0.001,0.4615,0,0,0,0,0,0,4916,0,4916,39,68,1,1,20260711
E2,2,Doris,300000,common_003,4,common,38.275,11.5082,0,0,0.1609,0.1609,49.9441,0,0,0,0,0,0,518924,0,518924,8509,7207,243,1,20260711
E2,2,Doris,300000,medium_001,4,medium,16.7756,4.9031,0,0,0.0073,0.0073,21.686,0,0,0,0,0,0,227252,0,227252,74,3156,2,1,20260711
E2,2,Doris,300000,medium_000,4,medium,7.1777,1.9956,0,0,0.0055,0.0055,9.1788,0,0,0,0,0,0,97940,0,97940,39,1360,1,1,20260711
E2,2,Doris,300000,medium_019,4,medium,2.426,0.6585,0,0,0.0045,0.0045,3.089,0,0,0,0,0,0,32780,0,32780,39,455,1,1,20260711
E2,2,Doris,300000,medium_021,4,medium,19.7647,6.2546,0,0,0.0081,0.0081,26.0274,0,0,0,0,0,0,269660,0,269660,39,3745,1,1,20260711
E2,2,Doris,300000,rare_001,4,rare,0.9762,0.2582,0,0,0.0029,0.0029,1.2373,0,0,0,0,0,0,12764,0,12764,39,177,1,1,20260711
E2,2,Doris,300000,rare_024,4,rare,16.2073,4.4984,0,0,0.0114,0.0114,20.7171,0,0,0,0,0,0,221276,0,221276,144,3073,4,1,20260711
E2,2,Doris,300000,rare_018,4,rare,0.018,0.0021,0,0,0.0013,0.0013,0.0214,0,0,0,0,0,0,92,0,92,39,1,1,1,20260711
E2,2,Doris,300000,common_025,4,common,152.128,42.3365,0,0,8.2121,8.2121,202.677,0,0,0,0,0,0,2014220,0,2014220,512299,27975,14637,1,20260711
E2,2,Doris,300000,medium_023,4,medium,27.0284,7.7989,0,0,0.01,0.01,34.8373,0,0,0,0,0,0,364268,0,364268,74,5059,2,1,20260711
E2,2,Doris,300000,common_016,4,common,53.5424,15.5335,0,0,1.2807,1.2807,70.3566,0,0,0,0,0,0,710732,0,710732,77634,9871,2218,1,20260711
E2,2,Doris,300000,common_017,4,common,13.9217,3.9568,0,0,0.2955,0.2955,18.174,0,0,0,0,0,0,189668,0,189668,17714,2634,506,1,20260711
E2,2,Doris,300000,rare_021,4,rare,0.1077,0.0274,0,0,0.0019,0.0019,0.137,0,0,0,0,0,0,1316,0,1316,39,18,1,1,20260711
E2,2,Doris,300000,common_027,4,common,152.286,44.6857,0,0,13.2065,13.2065,210.179,0,0,0,0,0,0,2014220,0,2014220,810044,27975,23144,1,20260711
E2,2,Doris,300000,common_007,4,common,170.103,49.3283,0,0,0.8366,0.8366,220.268,0,0,0,0,0,0,2307404,0,2307404,47709,32047,1363,1,20260711
E2,2,Doris,300000,rare_009,4,rare,0.3269,0.0843,0,0,0.0051,0.0051,0.4163,0,0,0,0,0,0,4196,0,4196,39,58,1,1,20260711
E2,2,Doris,300000,rare_022,4,rare,1.2981,0.3646,0,0,0.0013,0.0013,1.664,0,0,0,0,0,0,18164,0,18164,39,252,1,1,20260711
E2,2,Doris,300000,medium_025,4,medium,0.1717,0.0459,0,0,0.0009,0.0009,0.2185,0,0,0,0,0,0,2252,0,2252,39,31,1,1,20260711
E2,2,Doris,300000,medium_005,4,medium,4.5974,1.3274,0,0,0.0062,0.0062,5.931,0,0,0,0,0,0,64028,0,64028,39,889,1,1,20260711
E2,2,Doris,300000,common_014,4,common,5.8093,3.1902,0,0,0.6439,0.6439,9.6434,0,0,0,0,0,0,71372,0,71372,8649,991,247,1,20260711
E2,2,Doris,300000,rare_023,4,rare,0.1627,0.0432,0,0,0.0015,0.0015,0.2074,0,0,0,0,0,0,2036,0,2036,39,28,1,1,20260711
E2,2,Doris,300000,common_024,4,common,67.3032,20.2728,0,0,2.217,2.217,89.793,0,0,0,0,0,0,913628,0,913628,134894,12689,3854,1,20260711
E2,2,Doris,300000,common_022,4,common,33.8049,9.9526,0,0,1.9909,1.9909,45.7484,0,0,0,0,0,0,462188,0,462188,120474,6419,3442,1,20260711
E2,2,Doris,300000,common_008,4,common,128.553,36.9086,0,0,0.4439,0.4439,165.905,0,0,0,0,0,0,1728020,0,1728020,23629,24000,675,1,20260711
E2,2,Doris,300000,common_009,4,common,44.8319,12.3774,0,0,0.5279,0.5279,57.7372,0,0,0,0,0,0,555212,0,555212,29964,7711,856,1,20260711
E2,2,Doris,300000,medium_006,4,medium,0.1389,0.0345,0,0,0.002,0.002,0.1754,0,0,0,0,0,0,1676,0,1676,39,23,1,1,20260711
E2,2,Doris,300000,medium_022,4,medium,1.9871,0.5632,0,0,0.0031,0.0031,2.5534,0,0,0,0,0,0,27596,0,27596,39,383,1,1,20260711
E2,2,Doris,300000,medium_009,4,medium,0.2447,0.0681,0,0,0.001,0.001,0.3138,0,0,0,0,0,0,3332,0,3332,39,46,1,1,20260711
E2,2,Doris,300000,medium_017,4,medium,0.7744,0.2072,0,0,0.0013,0.0013,0.9829,0,0,0,0,0,0,10316,0,10316,39,143,1,1,20260711
E2,2,Doris,300000,common_012,4,common,43.5979,14.6254,0,0,1.9002,1.9002,60.1235,0,0,0,0,0,0,593156,0,593156,118199,8238,3377,1,20260711
E2,2,Doris,300000,rare_007,4,rare,0.2558,0.0671,0,0,0.005,0.005,0.3279,0,0,0,0,0,0,3188,0,3188,39,44,1,1,20260711
E2,2,Doris,300000,rare_000,4,rare,0.0293,0.0063,0,0,0.0012,0.0012,0.0368,0,0,0,0,0,0,308,0,308,39,4,1,1,20260711
E2,2,Doris,300000,rare_014,4,rare,0.1528,0.0403,0,0,0.0009,0.0009,0.194,0,0,0,0,0,0,1964,0,1964,39,27,1,1,20260711
E2,2,Doris,300000,common_019,4,common,65.8195,18.3401,0,0,4.8576,4.8576,89.0172,0,0,0,0,0,0,879212,0,879212,267719,12211,7649,1,20260711
E2,2,Doris,300000,rare_015,4,rare,0.0996,0.022,0,0,0.0059,0.0059,0.1275,0,0,0,0,0,0,956,0,956,39,13,1,1,20260711
E2,2,Doris,300000,common_010,4,common,124.438,34.9818,0,0,1.8098,1.8098,161.23,0,0,0,0,0,0,1666316,0,1666316,108189,23143,3091,1,20260711
E2,2,Doris,300000,common_006,4,common,59.6704,16.7565,0,0,0.1946,0.1946,76.6215,0,0,0,0,0,0,790652,0,790652,9979,10981,285,1,20260711
E2,2,Doris,300000,common_026,4,common,34.8699,10.2496,0,0,2.8384,2.8384,47.9579,0,0,0,0,0,0,462188,0,462188,175739,6419,5021,1,20260711
E2,2,Doris,300000,common_002,4,common,133.645,37.9028,0,0,1.0286,1.0286,172.577,0,0,0,0,0,0,1790012,0,1790012,57859,24861,1653,1,20260711
E2,2,Doris,300000,rare_004,4,rare,0.0303,0.0036,0,0,0.003,0.003,0.0369,0,0,0,0,0,0,164,0,164,39,2,1,1,20260711
E2,2,Doris,300000,medium_012,4,medium,0.0141,0.002,0,0,0.0009,0.0009,0.017,0,0,0,0,0,0,92,0,92,39,1,1,1,20260711
E2,2,Doris,300000,common_013,4,common,15.4661,4.287,0,0,0.1325,0.1325,19.8856,0,0,0,0,0,0,206228,0,206228,7284,2864,208,1,20260711
E2,2,Doris,300000,rare_008,4,rare,0.037,0.0055,0,0,0.0037,0.0037,0.0462,0,0,0,0,0,0,236,0,236,74,3,2,1,20260711
E2,2,Doris,300000,common_011,4,common,33.6254,9.4713,0,0,0.278,0.278,43.3747,0,0,0,0,0,0,462188,0,462188,15404,6419,440,1,20260711
E2,2,Doris,300000,medium_008,4,medium,5.1917,1.5292,0,0,0.0032,0.0032,6.7241,0,0,0,0,0,0,70436,0,70436,39,978,1,1,20260711
E2,2,Doris,300000,medium_013,4,medium,1.6138,0.444,0,0,0.0036,0.0036,2.0614,0,0,0,0,0,0,22484,0,22484,74,312,2,1,20260711
E2,2,Ren,300000,rare_012,4,rare,0.0134,0.0048,0,0,0.0007,0.0007,0.0189,0,0,0,0,0,0,228,0,228,47,2,1,1,20260711
E2,2,Ren,300000,common_018,4,common,0.0139,2.6731,0,0.0001,0.3697,0.3697,3.0567,0,0,0,0,0,0,228,0,228,25709,991,659,1,20260711
E2,2,Ren,300000,medium_020,4,medium,0.0151,0.3249,0,0,0.0008,0.0008,0.3408,0,0,0,0,0,0,228,0,228,47,291,1,1,20260711
E2,2,Ren,300000,medium_010,4,medium,0.0149,0.0575,0,0,0.0015,0.0015,0.0739,0,0,0,0,0,0,228,0,228,86,49,2,1,20260711
E2,2,Ren,300000,common_000,4,common,0.0143,0.348,0,0,0.0536,0.0536,0.4159,0,0,0,0,0,0,228,0,228,3674,99,94,1,20260711
E2,2,Ren,300000,rare_013,4,rare,0.0147,0.0601,0,0,0.0008,0.0008,0.0756,0,0,0,0,0,0,228,0,228,47,56,1,1,20260711
E2,2,Ren,300000,rare_003,4,rare,0.0139,0.047,0,0,0.0008,0.0008,0.0617,0,0,0,0,0,0,228,0,228,47,43,1,1,20260711
E2,2,Ren,300000,common_020,4,common,0.0132,22.0784,0,0.0001,0.9495,0.9495,23.0411,0,0,0,0,0,0,228,0,228,67790,17617,1738,1,20260711
E2,2,Ren,300000,rare_005,4,rare,0.0204,0.1608,0,0.0001,0.001,0.001,0.1822,0,0,0,0,0,0,228,0,228,47,147,1,1,20260711
E2,2,Ren,300000,medium_024,4,medium,0.0141,0.8019,0,0,0.001,0.001,0.817,0,0,0,0,0,0,228,0,228,47,788,1,1,20260711
E2,2,Ren,300000,medium_016,4,medium,0.0138,0.0046,0,0,0.0009,0.0009,0.0193,0,0,0,0,0,0,228,0,228,47,2,1,1,20260711
E2,2,Ren,300000,rare_011,4,rare,0.0137,0.076,0,0.0001,0.0008,0.0008,0.0905,0,0,0,0,0,0,228,0,228,47,71,1,1,20260711
E2,2,Ren,300000,common_015,4,common,0.0136,7.7927,0,0,0.1288,0.1288,7.9351,0,0,0,0,0,0,228,0,228,8900,6839,228,1,20260711
E2,2,Ren,300000,common_021,4,common,0.0158,21.2162,0,0,1.6564,1.6564,22.8884,0,0,0,0,0,0,228,0,228,117866,8238,3022,1,20260711
E2,2,Ren,300000,medium_018,4,medium,0.0209,0.1039,0,0,0.0033,0.0033,0.1281,0,0,0,0,0,0,228,0,228,47,79,1,1,20260711
E2,2,Ren,300000,medium_014,4,medium,0.0183,1.7056,0,0,0.0036,0.0036,1.7275,0,0,0,0,0,0,228,0,228,203,1509,5,1,20260711
E2,2,Ren,300000,medium_011,4,medium,0.0141,0.8144,0,0,0.0025,0.0025,0.831,0,0,0,0,0,0,228,0,228,86,660,2,1,20260711
E2,2,Ren,300000,rare_017,4,rare,0.0145,0.1598,0,0,0.001,0.001,0.1753,0,0,0,0,0,0,228,0,228,47,132,1,1,20260711
E2,2,Ren,300000,medium_002,4,medium,0.0133,0.2797,0,0.0001,0.0009,0.0009,0.2939,0,0,0,0,0,0,228,0,228,47,273,1,1,20260711
E2,2,Ren,300000,rare_002,4,rare,0.0136,0.1823,0,0,0.0009,0.0009,0.1968,0,0,0,0,0,0,228,0,228,47,177,1,1,20260711
E2,2,Ren,300000,rare_006,4,rare,0.0135,0.0215,0,0,0.0008,0.0008,0.0358,0,0,0,0,0,0,228,0,228,47,11,1,1,20260711
E2,2,Ren,300000,medium_015,4,medium,0.0137,0.2784,0,0,0.0009,0.0009,0.293,0,0,0,0,0,0,228,0,228,47,245,1,1,20260711
E2,2,Ren,300000,common_005,4,common,0.0134,1.8638,0,0.0001,0.076,0.076,1.9532,0,0,0,0,0,0,228,0,228,5312,1103,136,1,20260711
E2,2,Ren,300000,common_023,4,common,0.0142,18.819,0,0,1.3396,1.3396,20.1728,0,0,0,0,0,0,228,0,228,94271,6419,2417,1,20260711
E2,2,Ren,300000,rare_010,4,rare,0.0213,0.0429,0,0,0.0011,0.0011,0.0653,0,0,0,0,0,0,228,0,228,47,36,1,1,20260711
E2,2,Ren,300000,rare_016,4,rare,0.0138,3.5141,0,0,0.0033,0.0033,3.5312,0,0,0,0,0,0,228,0,228,164,3230,4,1,20260711
E2,2,Ren,300000,rare_025,4,rare,0.0147,0.0152,0,0,0.0008,0.0008,0.0307,0,0,0,0,0,0,228,0,228,47,7,1,1,20260711
E2,2,Ren,300000,common_001,4,common,0.0136,0.8438,0,0,0.0883,0.0883,0.9457,0,0,0,0,0,0,228,0,228,6131,492,157,1,20260711
E2,2,Ren,300000,common_004,4,common,0.0141,2.7895,0,0,0.1685,0.1685,2.9721,0,0,0,0,0,0,228,0,228,11864,1203,304,1,20260711
E2,2,Ren,300000,medium_007,4,medium,0.0145,0.5478,0,0,0.0009,0.0009,0.5632,0,0,0,0,0,0,228,0,228,47,476,1,1,20260711
E2,2,Ren,300000,medium_003,4,medium,0.0139,0.0808,0,0,0.0007,0.0007,0.0954,0,0,0,0,0,0,228,0,228,47,68,1,1,20260711
E2,2,Ren,300000,rare_019,4,rare,0.0146,1.953,0,0,0.0028,0.0028,1.9704,0,0,0,0,0,0,228,0,228,86,1665,2,1,20260711
E2,2,Ren,300000,medium_004,4,medium,0.014,0.0784,0,0.0001,0.0008,0.0008,0.0932,0,0,0,0,0,0,228,0,228,47,72,1,1,20260711
E2,2,Ren,300000,rare_020,4,rare,0.0137,0.0745,0,0,0.0008,0.0008,0.089,0,0,0,0,0,0,228,0,228,47,68,1,1,20260711
E2,2,Ren,300000,common_003,4,common,0.0136,8.4739,0,0,0.1364,0.1364,8.6239,0,0,0,0,0,0,228,0,228,9485,7207,243,1,20260711
E2,2,Ren,300000,medium_001,4,medium,0.0161,3.2018,0,0,0.0017,0.0017,3.2196,0,0,0,0,0,0,228,0,228,86,3156,2,1,20260711
E2,2,Ren,300000,medium_000,4,medium,0.0139,1.3571,0,0,0.0009,0.0009,1.3719,0,0,0,0,0,0,228,0,228,47,1360,1,1,20260711
E2,2,Ren,300000,medium_019,4,medium,0.0137,0.4635,0,0,0.0008,0.0008,0.478,0,0,0,0,0,0,228,0,228,47,455,1,1,20260711
E2,2,Ren,300000,medium_021,4,medium,0.0135,4.5376,0,0,0.0045,0.0045,4.5556,0,0,0,0,0,0,228,0,228,47,3745,1,1,20260711
E2,2,Ren,300000,rare_001,4,rare,0.0174,0.2081,0,0,0.0205,0.0205,0.246,0,0,0,0,0,0,228,0,228,47,177,1,1,20260711
E2,2,Ren,300000,rare_024,4,rare,0.0139,5.1547,0,0,0.006,0.006,5.1746,0,0,0,0,0,0,228,0,228,164,3073,4,1,20260711
E2,2,Ren,300000,rare_018,4,rare,0.0167,0.004,0,0.0001,0.0009,0.0009,0.0216,0,0,0,0,0,0,228,0,228,47,1,1,1,20260711
E2,2,Ren,300000,common_025,4,common,0.0138,73.7417,0,0,7.9533,7.9533,81.7088,0,0,0,0,0,0,228,0,228,570851,27975,14637,1,20260711
E2,2,Ren,300000,medium_023,4,medium,0.0253,6.6956,0,0,0.0101,0.0101,6.731,0,0,0,0,0,0,228,0,228,86,5059,2,1,20260711
E2,2,Ren,300000,common_016,4,common,0.0186,15.6926,0,0.0001,1.28,1.28,16.9912,0,0,0,0,0,0,228,0,228,86510,9871,2218,1,20260711
E2,2,Ren,300000,common_017,4,common,0.0211,5.4844,0,0,0.2836,0.2836,5.7891,0,0,0,0,0,0,228,0,228,19742,2634,506,1,20260711
E2,2,Ren,300000,rare_021,4,rare,0.0158,0.0223,0,0,0.0009,0.0009,0.039,0,0,0,0,0,0,228,0,228,47,18,1,1,20260711
E2,2,Ren,300000,common_027,4,common,0.0139,86.9202,0,0,13.1587,13.1587,100.093,0,0,0,0,0,0,228,0,228,902624,27975,23144,1,20260711
E2,2,Ren,300000,common_007,4,common,0.0259,43.3791,0,0.0001,0.758,0.758,44.163,0,0,0,0,0,0,228,0,228,53165,32047,1363,1,20260711
E2,2,Ren,300000,rare_009,4,rare,0.0204,0.0675,0,0.0001,0.0013,0.0013,0.0892,0,0,0,0,0,0,228,0,228,47,58,1,1,20260711
E2,2,Ren,300000,rare_022,4,rare,0.0138,0.2969,0,0,0.0008,0.0008,0.3115,0,0,0,0,0,0,228,0,228,47,252,1,1,20260711
E2,2,Ren,300000,medium_025,4,medium,0.0148,0.0348,0,0.0001,0.0009,0.0009,0.0505,0,0,0,0,0,0,228,0,228,47,31,1,1,20260711
E2,2,Ren,300000,medium_005,4,medium,0.0136,0.9826,0,0,0.001,0.001,0.9972,0,0,0,0,0,0,228,0,228,47,889,1,1,20260711
E2,2,Ren,300000,common_014,4,common,0.0137,2.7731,0,0,0.1387,0.1387,2.9255,0,0,0,0,0,0,228,0,228,9641,991,247,1,20260711
E2,2,Ren,300000,rare_023,4,rare,0.0145,0.0324,0,0,0.0009,0.0009,0.0478,0,0,0,0,0,0,228,0,228,47,28,1,1,20260711
E2,2,Ren,300000,common_024,4,common,0.0136,27.3979,0,0,2.1009,2.1009,29.5124,0,0,0,0,0,0,228,0,228,150314,12689,3854,1,20260711
E2,2,Ren,300000,common_022,4,common,0.0201,17.601,0,0,2.2608,2.2608,19.8819,0,0,0,0,0,0,228,0,228,134246,6419,3442,1,20260711
E2,2,Ren,300000,common_008,4,common,0.0212,27.0081,0,0,0.3773,0.3773,27.4066,0,0,0,0,0,0,228,0,228,26333,24000,675,1,20260711
E2,2,Ren,300000,common_009,4,common,0.0201,10.9626,0,0.0001,0.4708,0.4708,11.4535,0,0,0,0,0,0,228,0,228,33392,7711,856,1,20260711
E2,2,Ren,300000,medium_006,4,medium,0.0189,0.0266,0,0,0.0011,0.0011,0.0466,0,0,0,0,0,0,228,0,228,47,23,1,1,20260711
E2,2,Ren,300000,medium_022,4,medium,0.0141,0.6377,0,0,0.0009,0.0009,0.6527,0,0,0,0,0,0,228,0,228,47,383,1,1,20260711
E2,2,Ren,300000,medium_009,4,medium,0.0139,0.0502,0,0,0.0007,0.0007,0.0648,0,0,0,0,0,0,228,0,228,47,46,1,1,20260711
E2,2,Ren,300000,medium_017,4,medium,0.0139,0.1587,0,0,0.0007,0.0007,0.1733,0,0,0,0,0,0,228,0,228,47,143,1,1,20260711
E2,2,Ren,300000,common_012,4,common,0.0143,17.8273,0,0,1.8339,1.8339,19.6755,0,0,0,0,0,0,228,0,228,131711,8238,3377,1,20260711
E2,2,Ren,300000,rare_007,4,rare,0.0243,0.0818,0,0,0.0082,0.0082,0.1143,0,0,0,0,0,0,228,0,228,47,44,1,1,20260711
E2,2,Ren,300000,rare_000,4,rare,0.0151,0.0072,0,0,0.0011,0.0011,0.0234,0,0,0,0,0,0,228,0,228,47,4,1,1,20260711
E2,2,Ren,300000,rare_014,4,rare,0.0146,0.0322,0,0,0.0009,0.0009,0.0477,0,0,0,0,0,0,228,0,228,47,27,1,1,20260711
E2,2,Ren,300000,common_019,4,common,0.0142,29.5926,0,0,4.7708,4.7708,34.3776,0,0,0,0,0,0,228,0,228,298319,12211,7649,1,20260711
E2,2,Ren,300000,rare_015,4,rare,0.0216,0.0188,0,0.0001,0.005,0.005,0.0454,0,0,0,0,0,0,228,0,228,47,13,1,1,20260711
E2,2,Ren,300000,common_010,4,common,0.0142,56.6276,0,0,2.6444,2.6444,59.2862,0,0,0,0,0,0,228,0,228,120557,23143,3091,1,20260711
E2,2,Ren,300000,common_006,4,common,0.0225,14.2356,0,0,0.1676,0.1676,14.4257,0,0,0,0,0,0,228,0,228,11123,10981,285,1,20260711
E2,2,Ren,300000,common_026,4,common,0.0196,18.5306,0,0.0001,2.7473,2.7473,21.2975,0,0,0,0,0,0,228,0,228,195827,6419,5021,1,20260711
E2,2,Ren,300000,common_002,4,common,0.0207,39.1132,0,0,1.0368,1.0368,40.1707,0,0,0,0,0,0,228,0,228,64475,24861,1653,1,20260711
E2,2,Ren,300000,rare_004,4,rare,0.0193,0.0049,0,0,0.0011,0.0011,0.0253,0,0,0,0,0,0,228,0,228,47,2,1,1,20260711
E2,2,Ren,300000,medium_012,4,medium,0.0142,0.0037,0,0,0.0009,0.0009,0.0188,0,0,0,0,0,0,228,0,228,47,1,1,1,20260711
E2,2,Ren,300000,common_013,4,common,0.0136,4.4061,0,0,0.1199,0.1199,4.5396,0,0,0,0,0,0,228,0,228,8120,2864,208,1,20260711
E2,2,Ren,300000,rare_008,4,rare,0.0167,0.0091,0,0,0.0014,0.0014,0.0272,0,0,0,0,0,0,228,0,228,86,3,2,1,20260711
E2,2,Ren,300000,common_011,4,common,0.0138,18.1218,0,0,0.2454,0.2454,18.381,0,0,0,0,0,0,228,0,228,17168,6419,440,1,20260711
E2,2,Ren,300000,medium_008,4,medium,0.0178,1.1756,0,0,0.0022,0.0022,1.1956,0,0,0,0,0,0,228,0,228,47,978,1,1,20260711
E2,2,Ren,300000,medium_013,4,medium,0.0143,0.3281,0,0,0.0015,0.0015,0.3439,0,0,0,0,0,0,228,0,228,86,312,2,1,20260711
E2,2,SliceBF,300000,common_015,5,common,0.0481,0.187,3.2373,0.3435,0.2277,3.8085,4.0436,2,300672,0,0,68,4352,1000,1719040,1272,2019712,69,69,1,20260711
E2,2,SliceBF,300000,rare_008,5,rare,0.0488,0.1703,2.5876,0.3417,0.0135,2.9428,3.1619,2,300672,0,0,1,64,1000,25280,1004,325952,1,1,1,20260711
E2,2,SliceBF,300000,rare_025,5,rare,0.0476,0.1749,3.081,0.3417,0.0136,3.4363,3.6588,2,300672,0,0,1,64,1000,25280,1004,325952,1,1,1,20260711
E2,2,SliceBF,300000,medium_003,5,medium,0.0483,0.1728,2.8417,0.3418,0.0131,3.1966,3.4177,2,300672,0,0,1,64,1000,41664,1004,342336,1,1,1,20260711
E2,2,SliceBF,300000,common_006,5,common,0.0486,0.2107,3.4312,0.3444,0.7028,4.4784,4.7377,2,300672,0,0,140,8960,1000,6045952,1560,6346624,143,143,1,20260711
E2,2,SliceBF,300000,common_021,5,common,0.0479,0.3788,3.5608,0.4433,2.324,6.3281,6.7548,2,300672,0,0,525,33600,1000,19833792,3100,20134464,558,558,1,20260711
E2,2,SliceBF,300000,common_018,5,common,0.0501,0.5164,4.8279,0.5109,7.5589,12.8977,13.4642,2,300672,0,0,1240,79360,1000,52138496,5960,52439168,1545,1545,1,20260711
E2,2,SliceBF,300000,medium_015,5,medium,0.0577,0.1789,4.3785,0.4368,0.0259,4.8412,5.0778,2,300672,0,0,1,64,1000,25280,1004,325952,1,1,1,20260711
E2,2,SliceBF,300000,rare_010,5,rare,0.0499,0.1764,2.4869,0.3416,0.0147,2.8432,3.0695,2,300672,0,0,1,64,1000,41664,1004,342336,1,1,1,20260711
E2,2,SliceBF,300000,rare_016,5,rare,0.0486,0.1708,3.4932,0.3429,0.0144,3.8505,4.0699,2,300672,0,0,1,64,1000,41664,1004,342336,1,1,1,20260711
E2,2,SliceBF,300000,medium_022,5,medium,0.0487,0.1716,3.5462,0.3417,0.0135,3.9014,4.1217,2,300672,0,0,1,64,1000,25280,1004,325952,1,1,1,20260711
E2,2,SliceBF,300000,common_010,5,common,0.0481,0.3144,2.4833,0.3453,0.4098,3.2384,3.6009,2,300672,0,0,98,6272,1000,3231104,1392,3531776,101,101,1,20260711
E2,2,SliceBF,300000,rare_005,5,rare,0.0554,0.1744,2.8458,0.3424,0.0117,3.1999,3.4297,2,300672,0,0,1,64,1000,41664,1004,342336,1,1,1,20260711
E2,2,SliceBF,300000,rare_022,5,rare,0.0481,0.1672,4.8069,0.3478,0.0256,5.1803,5.3956,2,300672,0,0,2,128,1000,66944,1008,367616,2,2,1,20260711
E2,2,SliceBF,300000,rare_006,5,rare,0.0527,0.1668,2.3768,0.342,0.0142,2.733,2.9525,2,300672,0,0,1,64,1000,25280,1004,325952,1,1,1,20260711
E2,2,SliceBF,300000,rare_012,5,rare,0.048,0.1773,2.6558,0.3446,0.012,3.0124,3.2377,2,300672,0,0,1,64,1000,41664,1004,342336,1,1,1,20260711
E2,2,SliceBF,300000,common_003,5,common,0.0476,0.2512,3.7736,0.3465,1.2274,5.3475,5.6463,2,300672,0,0,266,17024,1000,10566528,2064,10867200,279,279,1,20260711
E2,2,SliceBF,300000,medium_020,5,medium,0.0484,0.1905,4.1554,0.3421,0.0142,4.5117,4.7506,2,300672,0,0,1,64,1000,25280,1004,325952,1,1,1,20260711
E2,2,SliceBF,300000,medium_017,5,medium,0.0483,0.1704,3.0948,0.3419,0.012,3.4487,3.6674,2,300672,0,0,1,64,1000,25280,1004,325952,1,1,1,20260711
E2,2,SliceBF,300000,rare_019,5,rare,0.0476,0.1725,3.8285,0.3417,0.0174,4.1876,4.4077,2,300672,0,0,2,128,1000,83328,1008,384000,2,2,1,20260711
E2,2,SliceBF,300000,medium_002,5,medium,0.048,0.1704,2.6078,0.3428,0.0123,2.9629,3.1813,2,300672,0,0,1,64,1000,41664,1004,342336,1,1,1,20260711
E2,2,SliceBF,300000,common_009,5,common,0.0477,0.5972,4.6205,0.3721,9.1045,14.0971,14.742,2,300672,0,0,1604,102656,1000,65927936,7416,66228608,2122,2122,1,20260711
E2,2,SliceBF,300000,common_007,5,common,0.0524,0.1857,2.8692,0.3439,0.1574,3.3705,3.6086,2,300672,0,0,33,2112,1000,1243840,1132,1544512,33,33,1,20260711
E2,2,SliceBF,300000,common_014,5,common,0.0487,0.2773,3.1021,0.3461,0.8323,4.2805,4.6065,2,300672,0,0,206,13184,1000,6133376,1824,6434048,222,222,1,20260711
E2,2,SliceBF,300000,rare_014,5,rare,0.0538,0.1764,3.3007,0.3422,0.0189,3.6618,3.892,2,300672,0,0,1,64,1000,25280,1004,325952,1,1,1,20260711
E2,2,SliceBF,300000,medium_011,5,medium,0.0513,0.1714,3.2983,0.342,0.0139,3.6542,3.8769,2,300672,0,0,1,64,1000,25280,1004,325952,1,1,1,20260711
E2,2,SliceBF,300000,common_013,5,common,0.048,0.2506,5.1129,0.3508,1.4731,6.9368,7.2354,2,300672,0,0,298,19072,1000,12907392,2192,13208064,311,311,1,20260711
E2,2,SliceBF,300000,common_011,5,common,0.0511,0.2254,3.1101,0.3478,0.9537,4.4116,4.6881,2,300672,0,0,163,10432,1000,8265792,1652,8566464,177,177,1,20260711
E2,2,SliceBF,300000,common_016,5,common,0.0487,0.2008,3.7182,0.3444,0.4832,4.5458,4.7953,2,300672,0,0,128,8192,1000,3104768,1512,3405440,151,151,1,20260711
E2,2,SliceBF,300000,rare_009,5,rare,0.0483,0.1692,2.5482,0.3417,0.0144,2.9043,3.1218,2,300672,0,0,1,64,1000,41664,1004,342336,1,1,1,20260711
E2,2,SliceBF,300000,medium_016,5,medium,0.0484,0.1694,3.0512,0.508,0.0161,3.5753,3.7931,2,300672,0,0,1,64,1000,25280,1004,325952,1,1,1,20260711
E2,2,SliceBF,300000,common_023,5,common,0.0477,0.2749,4.674,0.3486,1.3994,6.422,6.7446,2,300672,0,0,343,21952,1000,11046720,2372,11347392,354,354,1,20260711
E2,2,SliceBF,300000,medium_021,5,medium,0.0505,0.169,3.0727,0.407,0.0204,3.5001,3.7196,2,300672,0,0,1,64,1000,25280,1004,325952,1,1,1,20260711
E2,2,SliceBF,300000,common_005,5,common,0.0494,0.5834,3.1169,0.4836,10.7181,14.3186,14.9514,2,300672,0,0,1522,97408,1000,67754368,7088,68055040,2205,2205,1,20260711
E2,2,SliceBF,300000,common_004,5,common,0.0588,0.1966,3.0709,0.3438,0.1289,3.5436,3.799,2,300672,0,0,26,1664,1000,968576,1104,1269248,26,26,1,20260711
E2,2,SliceBF,300000,rare_003,5,rare,0.0482,0.1705,2.8097,0.3419,0.0146,3.1662,3.3849,2,300672,0,0,1,64,1000,25280,1004,325952,1,1,1,20260711
E2,2,SliceBF,300000,medium_005,5,medium,0.0486,0.1762,2.6824,0.409,0.0137,3.1051,3.3299,2,300672,0,0,1,64,1000,41664,1004,342336,1,1,1,20260711
E2,2,SliceBF,300000,common_001,5,common,0.0484,0.2546,5.0634,0.3512,1.343,6.7576,7.0606,2,300672,0,0,267,17088,1000,11943488,2068,12244160,277,277,1,20260711
E2,2,SliceBF,300000,common_022,5,common,0.0505,0.2998,4.131,0.3741,1.639,6.1441,6.4944,2,300672,0,0,398,25472,1000,12347008,2592,12647680,416,416,1,20260711
E2,2,SliceBF,300000,rare_023,5,rare,0.0533,0.1724,3.9953,0.3426,0.0167,4.3546,4.5803,2,300672,0,0,1,64,1000,25280,1004,325952,1,1,1,20260711
E2,2,SliceBF,300000,common_000,5,common,0.049,0.2694,4.4146,0.3548,3.6136,8.383,8.7014,2,300672,0,0,349,22336,1000,19668928,2396,19969600,598,598,1,20260711
E2,2,SliceBF,300000,rare_021,5,rare,0.0509,0.1706,2.3601,0.3418,0.0128,2.7147,2.9362,2,300672,0,0,1,64,1000,41664,1004,342336,1,1,1,20260711
E2,2,SliceBF,300000,common_002,5,common,0.0476,0.2231,4.4518,0.3456,0.9552,5.7526,6.0233,2,300672,0,0,168,10752,1000,7835136,1672,8135808,172,172,1,20260711
E2,2,SliceBF,300000,common_019,5,common,0.0528,0.7388,4.8042,0.3784,13.8844,19.067,19.8586,2,300672,0,0,2039,130496,1000,85428032,9156,85728704,2970,2970,1,20260711
E2,2,SliceBF,300000,medium_004,5,medium,0.0544,0.1743,2.4996,0.3449,0.0173,2.8618,3.0905,2,300672,0,0,1,64,1000,25280,1004,325952,1,1,1,20260711
E2,2,SliceBF,300000,rare_017,5,rare,0.0478,0.1689,3.6323,0.3461,0.0125,3.9909,4.2076,2,300672,0,0,1,64,1000,17088,1004,317760,1,1,1,20260711
E2,2,SliceBF,300000,medium_013,5,medium,0.0475,0.1674,3.3406,0.3444,0.0131,3.6981,3.913,2,300672,0,0,1,64,1000,41664,1004,342336,1,1,1,20260711
E2,2,SliceBF,300000,common_020,5,common,0.0476,0.5356,5.3609,0.3593,7.1193,12.8395,13.4227,2,300672,0,0,1323,84672,1000,50779712,6292,51080384,1549,1549,1,20260711
E2,2,SliceBF,300000,medium_023,5,medium,0.054,0.2818,2.6195,0.3468,0.0168,2.9831,3.3189,2,300672,0,0,1,64,1000,41664,1004,342336,1,1,1,20260711
E2,2,SliceBF,300000,rare_002,5,rare,0.0489,0.1752,2.7641,0.3418,0.0146,3.1205,3.3446,2,300672,0,0,1,64,1000,41664,1004,342336,1,1,1,20260711
E2,2,SliceBF,300000,medium_001,5,medium,0.0485,0.171,2.9918,0.3424,0.0124,3.3466,3.5661,2,300672,0,0,1,64,1000,41664,1004,342336,1,1,1,20260711
E2,2,SliceBF,300000,common_026,5,common,0.0493,0.2388,4.7159,0.3469,1.1282,6.191,6.4791,2,300672,0,0,260,16640,1000,9718528,2040,10019200,266,266,1,20260711
E2,2,SliceBF,300000,medium_006,5,medium,0.0528,0.1768,2.3445,0.342,0.0275,2.714,2.9436,2,300672,0,0,2,128,1000,83328,1008,384000,2,2,1,20260711
E2,2,SliceBF,300000,medium_009,5,medium,0.0506,0.1749,3.2152,0.3419,0.0117,3.5688,3.7943,2,300672,0,0,1,64,1000,25280,1004,325952,1,1,1,20260711
E2,2,SliceBF,300000,common_025,5,common,0.0474,0.2224,3.1262,0.3463,0.7015,4.174,4.4438,2,300672,0,0,181,11584,1000,5165504,1724,5466176,189,189,1,20260711
E2,2,SliceBF,300000,common_008,5,common,0.0481,0.189,4.9288,0.3441,0.29,5.5629,5.8,2,300672,0,0,67,4288,1000,2250816,1268,2551488,67,67,1,20260711
E2,2,SliceBF,300000,medium_000,5,medium,0.0489,0.1806,2.9445,0.3423,0.0146,3.3014,3.5309,2,300672,0,0,1,64,1000,25280,1004,325952,1,1,1,20260711
E2,2,SliceBF,300000,medium_010,5,medium,0.0501,0.1768,3.7441,0.342,0.0146,4.1007,4.3276,2,300672,0,0,1,64,1000,41664,1004,342336,1,1,1,20260711
E2,2,SliceBF,300000,medium_008,5,medium,0.0481,0.1748,2.7719,0.7336,0.0218,3.5273,3.7502,2,300672,0,0,1,64,1000,25280,1004,325952,1,1,1,20260711
E2,2,SliceBF,300000,rare_018,5,rare,0.0599,0.3384,3.8647,0.3623,0.0158,4.2428,4.6411,2,300672,0,0,1,64,1000,25280,1004,325952,1,1,1,20260711
E2,2,SliceBF,300000,rare_024,5,rare,0.0487,0.1718,3.2121,0.3436,0.0168,3.5725,3.793,2,300672,0,0,1,64,1000,41664,1004,342336,1,1,1,20260711
E2,2,SliceBF,300000,medium_014,5,medium,0.0482,0.1731,2.9289,0.3418,0.0163,3.287,3.5083,2,300672,0,0,1,64,1000,41664,1004,342336,1,1,1,20260711
E2,2,SliceBF,300000,medium_025,5,medium,0.0479,0.1777,3.9046,0.3442,0.0183,4.2671,4.4927,2,300672,0,0,1,64,1000,25280,1004,325952,1,1,1,20260711
E2,2,SliceBF,300000,rare_004,5,rare,0.0486,0.1672,3.1675,0.3416,0.0136,3.5227,3.7385,2,300672,0,0,1,64,1000,25280,1004,325952,1,1,1,20260711
E2,2,SliceBF,300000,common_017,5,common,0.1723,0.3585,3.5574,0.3593,5.0868,9.0035,9.5343,2,300672,0,0,602,38528,1000,29816704,3408,30117376,936,936,1,20260711
E2,2,SliceBF,300000,common_027,5,common,0.0492,0.5354,3.5505,0.365,6.5234,10.4389,11.0235,2,300672,0,0,1340,85760,1000,44287232,6360,44587904,1656,1656,1,20260711
E2,2,SliceBF,300000,common_012,5,common,0.0522,0.2188,3.0091,0.3471,0.5659,3.9221,4.1931,2,300672,0,0,134,8576,1000,4812928,1536,5113600,135,135,1,20260711
E2,2,SliceBF,300000,rare_011,5,rare,0.0483,0.1683,3.053,0.3418,0.0274,3.4222,3.6388,2,300672,0,0,1,64,1000,25280,1004,325952,1,1,1,20260711
E2,2,SliceBF,300000,rare_001,5,rare,0.0479,0.1663,4.0626,0.3418,0.0136,4.418,4.6322,2,300672,0,0,1,64,1000,25280,1004,325952,1,1,1,20260711
E2,2,SliceBF,300000,medium_012,5,medium,0.0485,0.1724,4.4349,0.3419,0.0121,4.7889,5.0098,2,300672,0,0,1,64,1000,25280,1004,325952,1,1,1,20260711
E2,2,SliceBF,300000,medium_007,5,medium,0.0476,0.1698,3.4019,0.4689,0.0181,3.8889,4.1063,2,300672,0,0,1,64,1000,25280,1004,325952,1,1,1,20260711
E2,2,SliceBF,300000,rare_013,5,rare,0.0521,0.1678,2.888,0.3418,0.0155,3.2453,3.4652,2,300672,0,0,1,64,1000,41664,1004,342336,1,1,1,20260711
E2,2,SliceBF,300000,medium_019,5,medium,0.0478,0.175,3.0155,0.3417,0.0124,3.3696,3.5924,2,300672,0,0,1,64,1000,25280,1004,325952,1,1,1,20260711
E2,2,SliceBF,300000,medium_018,5,medium,0.0513,0.1695,2.8728,0.3416,0.0107,3.2251,3.4459,2,300672,0,0,1,64,1000,25280,1004,325952,1,1,1,20260711
E2,2,SliceBF,300000,rare_015,5,rare,0.0472,0.1693,3.8547,0.3989,0.0189,4.2725,4.489,2,300672,0,0,1,64,1000,25280,1004,325952,1,1,1,20260711
E2,2,SliceBF,300000,rare_020,5,rare,0.0522,0.2017,3.0443,0.3418,0.0135,3.3996,3.6535,2,300672,0,0,1,64,1000,17088,1004,317760,1,1,1,20260711
E2,2,SliceBF,300000,rare_007,5,rare,0.0481,0.1697,3.4646,0.5874,0.0206,4.0726,4.2904,2,300672,0,0,1,64,1000,25280,1004,325952,1,1,1,20260711
E2,2,SliceBF,300000,rare_000,5,rare,0.0487,0.1684,3.1183,0.3418,0.0122,3.4723,3.6894,2,300672,0,0,1,64,1000,25280,1004,325952,1,1,1,20260711
E2,2,SliceBF,300000,medium_024,5,medium,0.0486,0.1643,2.8783,0.3642,0.0143,3.2568,3.4697,2,300672,0,0,1,64,1000,25280,1004,325952,1,1,1,20260711
E2,2,SliceBF,300000,common_024,5,common,0.048,0.5916,3.5025,0.4043,4.7913,8.6981,9.3377,2,300672,0,0,1011,64704,1000,36437056,5044,36737728,1131,1131,1,20260711
E2,2,XEBFF-Conj,300000,common_015,5,common,0.6719,0.1588,0,0,0.0433,0.0433,0.874,0,0,0,0,0,0,8336,0,8336,2419,99,69,1,20260711
E2,2,XEBFF-Conj,300000,rare_008,5,rare,1.156,0.2778,0,0,0.0013,0.0013,1.4351,0,0,0,0,0,0,14888,0,14888,39,177,1,1,20260711
E2,2,XEBFF-Conj,300000,rare_025,5,rare,5.5439,1.3235,0,0,0.0057,0.0057,6.8731,0,0,0,0,0,0,69572,0,69572,39,828,1,1,20260711
E2,2,XEBFF-Conj,300000,medium_003,5,medium,1.7742,0.4398,0,0,0.0035,0.0035,2.2175,0,0,0,0,0,0,23288,0,23288,39,277,1,1,20260711
E2,2,XEBFF-Conj,300000,common_006,5,common,7.71,1.8812,0,0,0.0936,0.0936,9.6848,0,0,0,0,0,0,99476,0,99476,5009,1184,143,1,20260711
E2,2,XEBFF-Conj,300000,common_021,5,common,7.6852,1.7626,0,0,0.3193,0.3193,9.7671,0,0,0,0,0,0,92336,0,92336,19534,1099,558,1,20260711
E2,2,XEBFF-Conj,300000,common_018,5,common,38.5265,9.5109,0,0,0.8824,0.8824,48.9198,0,0,0,0,0,0,488312,0,488312,54079,5813,1545,1,20260711
E2,2,XEBFF-Conj,300000,medium_015,5,medium,11.3232,2.5936,0,0,0.008,0.008,13.9248,0,0,0,0,0,0,133580,0,133580,39,1590,1,1,20260711
E2,2,XEBFF-Conj,300000,rare_010,5,rare,0.0613,0.0069,0,0,0.0014,0.0014,0.0696,0,0,0,0,0,0,356,0,356,39,4,1,1,20260711
E2,2,XEBFF-Conj,300000,rare_016,5,rare,0.4814,0.1117,0,0,0.0011,0.0011,0.5942,0,0,0,0,0,0,5984,0,5984,39,71,1,1,20260711
E2,2,XEBFF-Conj,300000,medium_022,5,medium,0.1592,0.0322,0,0,0.0011,0.0011,0.1925,0,0,0,0,0,0,1700,0,1700,39,20,1,1,20260711
E2,2,XEBFF-Conj,300000,common_010,5,common,1.9311,0.4643,0,0,0.0645,0.0645,2.4599,0,0,0,0,0,0,24296,0,24296,3539,289,101,1,20260711
E2,2,XEBFF-Conj,300000,rare_005,5,rare,0.7296,0.2002,0,0,0.0047,0.0047,0.9345,0,0,0,0,0,0,7076,0,7076,39,84,1,1,20260711
E2,2,XEBFF-Conj,300000,rare_022,5,rare,0.1079,0.021,0,0,0.0017,0.0017,0.1306,0,0,0,0,0,0,944,0,944,74,11,2,1,20260711
E2,2,XEBFF-Conj,300000,rare_006,5,rare,0.2398,0.0306,0,0,0.0015,0.0015,0.2719,0,0,0,0,0,0,1532,0,1532,39,18,1,1,20260711
E2,2,XEBFF-Conj,300000,rare_012,5,rare,0.563,0.1387,0,0,0.0011,0.0011,0.7028,0,0,0,0,0,0,7076,0,7076,39,84,1,1,20260711
E2,2,XEBFF-Conj,300000,common_003,5,common,48.2675,12.1396,0,0,0.1878,0.1878,60.5949,0,0,0,0,0,0,605408,0,605408,9769,7207,279,1,20260711
E2,2,XEBFF-Conj,300000,medium_020,5,medium,3.0413,0.7451,0,0,0.0049,0.0049,3.7913,0,0,0,0,0,0,39500,0,39500,39,470,1,1,20260711
E2,2,XEBFF-Conj,300000,medium_017,5,medium,0.0718,0.0114,0,0,0.001,0.001,0.0842,0,0,0,0,0,0,524,0,524,39,6,1,1,20260711
E2,2,XEBFF-Conj,300000,rare_019,5,rare,1.1606,0.2683,0,0,0.0024,0.0024,1.4313,0,0,0,0,0,0,14300,0,14300,74,170,2,1,20260711
E2,2,XEBFF-Conj,300000,medium_002,5,medium,0.3458,0.0772,0,0,0.001,0.001,0.424,0,0,0,0,0,0,4136,0,4136,39,49,1,1,20260711
E2,2,XEBFF-Conj,300000,common_009,5,common,47.5582,11.7858,0,0,1.2014,1.2014,60.5454,0,0,0,0,0,0,606332,0,606332,74274,7218,2122,1,20260711
E2,2,XEBFF-Conj,300000,common_007,5,common,10.5074,2.466,0,0,0.0304,0.0304,13.0038,0,0,0,0,0,0,129548,0,129548,1159,1542,33,1,20260711
E2,2,XEBFF-Conj,300000,common_014,5,common,2.7893,0.6882,0,0,0.1344,0.1344,3.6119,0,0,0,0,0,0,36056,0,36056,7774,429,222,1,20260711
E2,2,XEBFF-Conj,300000,rare_014,5,rare,0.0523,0.0054,0,0,0.0008,0.0008,0.0585,0,0,0,0,0,0,272,0,272,39,3,1,1,20260711
E2,2,XEBFF-Conj,300000,medium_011,5,medium,2.5793,0.6243,0,0,0.0015,0.0015,3.2051,0,0,0,0,0,0,33452,0,33452,39,398,1,1,20260711
E2,2,XEBFF-Conj,300000,common_013,5,common,156.626,37.9578,0,0,0.2048,0.2048,194.789,0,0,0,0,0,0,1944032,0,1944032,10889,23143,311,1,20260711
E2,2,XEBFF-Conj,300000,common_011,5,common,12.3043,2.1863,0,0,0.1146,0.1146,14.6052,0,0,0,0,0,0,114848,0,114848,6199,1367,177,1,20260711
E2,2,XEBFF-Conj,300000,common_016,5,common,20.3823,5.016,0,0,0.0999,0.0999,25.4982,0,0,0,0,0,0,254792,0,254792,5289,3033,151,1,20260711
E2,2,XEBFF-Conj,300000,rare_009,5,rare,0.4109,0.0947,0,0,0.0017,0.0017,0.5073,0,0,0,0,0,0,4976,0,4976,39,59,1,1,20260711
E2,2,XEBFF-Conj,300000,medium_016,5,medium,0.2399,0.0524,0,0,0.0009,0.0009,0.2932,0,0,0,0,0,0,2792,0,2792,39,33,1,1,20260711
E2,2,XEBFF-Conj,300000,common_023,5,common,59.9209,15.0501,0,0,0.2204,0.2204,75.1914,0,0,0,0,0,0,751568,0,751568,12394,8947,354,1,20260711
E2,2,XEBFF-Conj,300000,medium_021,5,medium,0.0521,0.0041,0,0,0.0019,0.0019,0.0581,0,0,0,0,0,0,188,0,188,39,2,1,1,20260711
E2,2,XEBFF-Conj,300000,common_005,5,common,69.8086,17.4611,0,0,1.2924,1.2924,88.5621,0,0,0,0,0,0,885968,0,885968,77179,10547,2205,1,20260711
E2,2,XEBFF-Conj,300000,common_004,5,common,10.7876,2.6697,0,0,0.0271,0.0271,13.4844,0,0,0,0,0,0,129548,0,129548,914,1542,26,1,20260711
E2,2,XEBFF-Conj,300000,rare_003,5,rare,0.3164,0.072,0,0,0.0014,0.0014,0.3898,0,0,0,0,0,0,3716,0,3716,39,44,1,1,20260711
E2,2,XEBFF-Conj,300000,medium_005,5,medium,4.7068,1.1974,0,0,0.0041,0.0041,5.9083,0,0,0,0,0,0,61424,0,61424,39,731,1,1,20260711
E2,2,XEBFF-Conj,300000,common_001,5,common,40.4343,9.8032,0,0,0.1816,0.1816,50.4191,0,0,0,0,0,0,510236,0,510236,9699,6074,277,1,20260711
E2,2,XEBFF-Conj,300000,common_022,5,common,85.5464,21.0635,0,0,0.2795,0.2795,106.889,0,0,0,0,0,0,1065896,0,1065896,14564,12689,416,1,20260711
E2,2,XEBFF-Conj,300000,rare_023,5,rare,8.968,2.1844,0,0,0.0046,0.0046,11.157,0,0,0,0,0,0,116780,0,116780,39,1390,1,1,20260711
E2,2,XEBFF-Conj,300000,common_000,5,common,66.0486,16.9476,0,0,0.3804,0.3804,83.3766,0,0,0,0,0,0,840188,0,840188,20934,10002,598,1,20260711
E2,2,XEBFF-Conj,300000,rare_021,5,rare,0.6174,0.1468,0,0,0.0024,0.0024,0.7666,0,0,0,0,0,0,7412,0,7412,39,88,1,1,20260711
E2,2,XEBFF-Conj,300000,common_002,5,common,30.1629,7.6209,0,0,0.124,0.124,37.9078,0,0,0,0,0,0,383144,0,383144,6024,4561,172,1,20260711
E2,2,XEBFF-Conj,300000,common_019,5,common,78.9464,19.9705,0,0,1.7176,1.7176,100.635,0,0,0,0,0,0,1005332,0,1005332,103954,11968,2970,1,20260711
E2,2,XEBFF-Conj,300000,medium_004,5,medium,2.7008,0.6543,0,0,0.0069,0.0069,3.362,0,0,0,0,0,0,34880,0,34880,39,415,1,1,20260711
E2,2,XEBFF-Conj,300000,rare_017,5,rare,0.0912,0.0147,0,0,0.001,0.001,0.1069,0,0,0,0,0,0,776,0,776,39,9,1,1,20260711
E2,2,XEBFF-Conj,300000,medium_013,5,medium,24.8157,6.4591,0,0,0.0073,0.0073,31.2821,0,0,0,0,0,0,318128,0,318128,39,3787,1,1,20260711
E2,2,XEBFF-Conj,300000,common_020,5,common,160.759,38.9035,0,0,0.9396,0.9396,200.602,0,0,0,0,0,0,2016020,0,2016020,54219,24000,1549,1,20260711
E2,2,XEBFF-Conj,300000,medium_023,5,medium,1.5541,0.3885,0,0,0.0069,0.0069,1.9495,0,0,0,0,0,0,19592,0,19592,39,233,1,1,20260711
E2,2,XEBFF-Conj,300000,rare_002,5,rare,0.6105,0.1496,0,0,0.0016,0.0016,0.7617,0,0,0,0,0,0,7664,0,7664,39,91,1,1,20260711
E2,2,XEBFF-Conj,300000,medium_001,5,medium,3.39,0.8156,0,0,0.0046,0.0046,4.2102,0,0,0,0,0,0,43700,0,43700,39,520,1,1,20260711
E2,2,XEBFF-Conj,300000,common_026,5,common,7.7082,1.7699,0,0,0.162,0.162,9.6401,0,0,0,0,0,0,92672,0,92672,9314,1103,266,1,20260711
E2,2,XEBFF-Conj,300000,medium_006,5,medium,0.0652,0.0088,0,0,0.0017,0.0017,0.0757,0,0,0,0,0,0,440,0,440,74,5,2,1,20260711
E2,2,XEBFF-Conj,300000,medium_009,5,medium,20.9252,5.0986,0,0,0.0074,0.0074,26.0312,0,0,0,0,0,0,269576,0,269576,39,3209,1,1,20260711
E2,2,XEBFF-Conj,300000,common_025,5,common,19.162,4.7633,0,0,0.12,0.12,24.0453,0,0,0,0,0,0,244880,0,244880,6619,2915,189,1,20260711
E2,2,XEBFF-Conj,300000,common_008,5,common,48.8092,12.2546,0,0,0.0558,0.0558,61.1196,0,0,0,0,0,0,620360,0,620360,2349,7385,67,1,20260711
E2,2,XEBFF-Conj,300000,medium_000,5,medium,1.5534,0.3739,0,0,0.0024,0.0024,1.9297,0,0,0,0,0,0,19928,0,19928,39,237,1,1,20260711
E2,2,XEBFF-Conj,300000,medium_010,5,medium,1.3342,0.3185,0,0,0.0014,0.0014,1.6541,0,0,0,0,0,0,17156,0,17156,39,204,1,1,20260711
E2,2,XEBFF-Conj,300000,medium_008,5,medium,1.4137,0.3368,0,0,0.0015,0.0015,1.752,0,0,0,0,0,0,18248,0,18248,39,217,1,1,20260711
E2,2,XEBFF-Conj,300000,rare_018,5,rare,1.2766,0.2564,0,0,0.0023,0.0023,1.5353,0,0,0,0,0,0,13712,0,13712,39,163,1,1,20260711
E2,2,XEBFF-Conj,300000,rare_024,5,rare,1.1516,0.277,0,0,0.0012,0.0012,1.4298,0,0,0,0,0,0,14804,0,14804,39,176,1,1,20260711
E2,2,XEBFF-Conj,300000,medium_014,5,medium,0.6471,0.1524,0,0,0.001,0.001,0.8005,0,0,0,0,0,0,8168,0,8168,39,97,1,1,20260711
E2,2,XEBFF-Conj,300000,medium_025,5,medium,0.2669,0.0588,0,0,0.0023,0.0023,0.328,0,0,0,0,0,0,3128,0,3128,39,37,1,1,20260711
E2,2,XEBFF-Conj,300000,rare_004,5,rare,0.6701,0.1604,0,0,0.0009,0.0009,0.8314,0,0,0,0,0,0,8588,0,8588,39,102,1,1,20260711
E2,2,XEBFF-Conj,300000,common_017,5,common,67.1069,15.0385,0,0,0.561,0.561,82.7064,0,0,0,0,0,0,749300,0,749300,32764,8920,936,1,20260711
E2,2,XEBFF-Conj,300000,common_027,5,common,72.0502,19.0038,0,0,1.2368,1.2368,92.2908,0,0,0,0,0,0,922424,0,922424,57964,10981,1656,1,20260711
E2,2,XEBFF-Conj,300000,common_012,5,common,18.0451,4.3114,0,0,0.0893,0.0893,22.4458,0,0,0,0,0,0,229760,0,229760,4729,2735,135,1,20260711
E2,2,XEBFF-Conj,300000,rare_011,5,rare,0.0417,0.0023,0,0,0.0014,0.0014,0.0454,0,0,0,0,0,0,104,0,104,39,1,1,1,20260711
E2,2,XEBFF-Conj,300000,rare_001,5,rare,0.3364,0.0755,0,0,0.0009,0.0009,0.4128,0,0,0,0,0,0,4052,0,4052,39,48,1,1,20260711
E2,2,XEBFF-Conj,300000,medium_012,5,medium,1.6349,0.3911,0,0,0.0018,0.0018,2.0278,0,0,0,0,0,0,21020,0,21020,39,250,1,1,20260711
E2,2,XEBFF-Conj,300000,medium_007,5,medium,10.748,2.5381,0,0,0.0077,0.0077,13.2938,0,0,0,0,0,0,135428,0,135428,39,1612,1,1,20260711
E2,2,XEBFF-Conj,300000,rare_013,5,rare,0.1317,0.0244,0,0,0.0017,0.0017,0.1578,0,0,0,0,0,0,1280,0,1280,39,15,1,1,20260711
E2,2,XEBFF-Conj,300000,medium_019,5,medium,0.0381,0.0021,0,0,0.001,0.001,0.0412,0,0,0,0,0,0,104,0,104,39,1,1,1,20260711
E2,2,XEBFF-Conj,300000,medium_018,5,medium,0.3634,0.0805,0,0,0.0011,0.0011,0.445,0,0,0,0,0,0,4388,0,4388,39,52,1,1,20260711
E2,2,XEBFF-Conj,300000,rare_015,5,rare,0.0936,0.0163,0,0,0.0008,0.0008,0.1107,0,0,0,0,0,0,860,0,860,39,10,1,1,20260711
E2,2,XEBFF-Conj,300000,rare_020,5,rare,0.8352,0.1941,0,0,0.0009,0.0009,1.0302,0,0,0,0,0,0,10604,0,10604,39,126,1,1,20260711
E2,2,XEBFF-Conj,300000,rare_007,5,rare,1.1538,0.2775,0,0,0.0009,0.0009,1.4322,0,0,0,0,0,0,14888,0,14888,39,177,1,1,20260711
E2,2,XEBFF-Conj,300000,rare_000,5,rare,0.3764,0.0862,0,0,0.0009,0.0009,0.4635,0,0,0,0,0,0,4640,0,4640,39,55,1,1,20260711
E2,2,XEBFF-Conj,300000,medium_024,5,medium,0.0433,0.0035,0,0,0.0008,0.0008,0.0476,0,0,0,0,0,0,188,0,188,39,2,1,1,20260711
E2,2,XEBFF-Conj,300000,common_024,5,common,33.3669,11.6037,0,0,0.6498,0.6498,45.6204,0,0,0,0,0,0,409604,0,409604,39589,4876,1131,1,20260711
E2,2,Doris,300000,common_015,5,common,0.6483,0.1817,0,0,0.043,0.043,0.873,0,0,0,0,0,0,8336,0,8336,2419,99,69,1,20260711
E2,2,Doris,300000,rare_008,5,rare,1.1507,0.2786,0,0,0.0019,0.0019,1.4312,0,0,0,0,0,0,14888,0,14888,39,177,1,1,20260711
E2,2,Doris,300000,rare_025,5,rare,5.4797,1.3137,0,0,0.0056,0.0056,6.799,0,0,0,0,0,0,69572,0,69572,39,828,1,1,20260711
E2,2,Doris,300000,medium_003,5,medium,1.8025,0.4353,0,0,0.0041,0.0041,2.2419,0,0,0,0,0,0,23288,0,23288,39,277,1,1,20260711
E2,2,Doris,300000,common_006,5,common,7.6432,1.8745,0,0,0.0932,0.0932,9.6109,0,0,0,0,0,0,99476,0,99476,5009,1184,143,1,20260711
E2,2,Doris,300000,common_021,5,common,7.3902,2.0114,0,0,0.3235,0.3235,9.7251,0,0,0,0,0,0,92336,0,92336,19534,1099,558,1,20260711
E2,2,Doris,300000,common_018,5,common,42.4058,9.7002,0,0,1.1832,1.1832,53.2892,0,0,0,0,0,0,488312,0,488312,54079,5813,1545,1,20260711
E2,2,Doris,300000,medium_015,5,medium,10.3516,2.6385,0,0,0.0048,0.0048,12.9949,0,0,0,0,0,0,133580,0,133580,39,1590,1,1,20260711
E2,2,Doris,300000,rare_010,5,rare,0.0444,0.011,0,0,0.0023,0.0023,0.0577,0,0,0,0,0,0,356,0,356,39,4,1,1,20260711
E2,2,Doris,300000,rare_016,5,rare,0.4934,0.1167,0,0,0.0014,0.0014,0.6115,0,0,0,0,0,0,5984,0,5984,39,71,1,1,20260711
E2,2,Doris,300000,medium_022,5,medium,0.1409,0.0328,0,0,0.0009,0.0009,0.1746,0,0,0,0,0,0,1700,0,1700,39,20,1,1,20260711
E2,2,Doris,300000,common_010,5,common,1.8686,0.4671,0,0,0.0621,0.0621,2.3978,0,0,0,0,0,0,24296,0,24296,3539,289,101,1,20260711
E2,2,Doris,300000,rare_005,5,rare,0.2618,0.0627,0,0,0.0009,0.0009,0.3254,0,0,0,0,0,0,3296,0,3296,39,39,1,1,20260711
E2,2,Doris,300000,rare_022,5,rare,0.0821,0.0181,0,0,0.0017,0.0017,0.1019,0,0,0,0,0,0,944,0,944,74,11,2,1,20260711
E2,2,Doris,300000,rare_006,5,rare,0.1301,0.0288,0,0,0.0009,0.0009,0.1598,0,0,0,0,0,0,1532,0,1532,39,18,1,1,20260711
E2,2,Doris,300000,rare_012,5,rare,0.543,0.1324,0,0,0.0009,0.0009,0.6763,0,0,0,0,0,0,7076,0,7076,39,84,1,1,20260711
E2,2,Doris,300000,common_003,5,common,47.9931,12.3029,0,0,0.1886,0.1886,60.4846,0,0,0,0,0,0,605408,0,605408,9769,7207,279,1,20260711
E2,2,Doris,300000,medium_020,5,medium,3.1865,0.7388,0,0,0.0029,0.0029,3.9282,0,0,0,0,0,0,39500,0,39500,39,470,1,1,20260711
E2,2,Doris,300000,medium_017,5,medium,0.0501,0.0104,0,0,0.001,0.001,0.0615,0,0,0,0,0,0,524,0,524,39,6,1,1,20260711
E2,2,Doris,300000,rare_019,5,rare,1.1183,0.2692,0,0,0.002,0.002,1.3895,0,0,0,0,0,0,14300,0,14300,74,170,2,1,20260711
E2,2,Doris,300000,medium_002,5,medium,0.3284,0.0775,0,0,0.001,0.001,0.4069,0,0,0,0,0,0,4136,0,4136,39,49,1,1,20260711
E2,2,Doris,300000,common_009,5,common,48.2746,12.4185,0,0,1.2056,1.2056,61.8987,0,0,0,0,0,0,606332,0,606332,74274,7218,2122,1,20260711
E2,2,Doris,300000,common_007,5,common,10.2286,2.4497,0,0,0.0302,0.0302,12.7085,0,0,0,0,0,0,129548,0,129548,1159,1542,33,1,20260711
E2,2,Doris,300000,common_014,5,common,2.7782,0.6823,0,0,0.1326,0.1326,3.5931,0,0,0,0,0,0,36056,0,36056,7774,429,222,1,20260711
E2,2,Doris,300000,rare_014,5,rare,0.0333,0.0051,0,0,0.0009,0.0009,0.0393,0,0,0,0,0,0,272,0,272,39,3,1,1,20260711
E2,2,Doris,300000,medium_011,5,medium,2.8105,0.7054,0,0,0.005,0.005,3.5209,0,0,0,0,0,0,33452,0,33452,39,398,1,1,20260711
E2,2,Doris,300000,common_013,5,common,153.746,39.2396,0,0,0.2058,0.2058,193.191,0,0,0,0,0,0,1944032,0,1944032,10889,23143,311,1,20260711
E2,2,Doris,300000,common_011,5,common,9.1139,2.1624,0,0,0.1163,0.1163,11.3926,0,0,0,0,0,0,114848,0,114848,6199,1367,177,1,20260711
E2,2,Doris,300000,common_016,5,common,20.2586,5.7139,0,0,0.1024,0.1024,26.0749,0,0,0,0,0,0,254792,0,254792,5289,3033,151,1,20260711
E2,2,Doris,300000,rare_009,5,rare,0.4222,0.0996,0,0,0.0027,0.0027,0.5245,0,0,0,0,0,0,4976,0,4976,39,59,1,1,20260711
E2,2,Doris,300000,medium_016,5,medium,0.2218,0.0537,0,0,0.0012,0.0012,0.2767,0,0,0,0,0,0,2792,0,2792,39,33,1,1,20260711
E2,2,Doris,300000,common_023,5,common,59.2998,14.8115,0,0,0.2196,0.2196,74.3309,0,0,0,0,0,0,751568,0,751568,12394,8947,354,1,20260711
E2,2,Doris,300000,medium_021,5,medium,0.0317,0.0038,0,0,0.0017,0.0017,0.0372,0,0,0,0,0,0,188,0,188,39,2,1,1,20260711
E2,2,Doris,300000,common_005,5,common,71.7672,18.8144,0,0,1.2761,1.2761,91.8577,0,0,0,0,0,0,885968,0,885968,77179,10547,2205,1,20260711
E2,2,Doris,300000,common_004,5,common,10.7566,3.1269,0,0,0.0301,0.0301,13.9136,0,0,0,0,0,0,129548,0,129548,914,1542,26,1,20260711
E2,2,Doris,300000,rare_003,5,rare,0.3041,0.0722,0,0,0.0015,0.0015,0.3778,0,0,0,0,0,0,3716,0,3716,39,44,1,1,20260711
E2,2,Doris,300000,medium_005,5,medium,4.7055,1.2362,0,0,0.0038,0.0038,5.9455,0,0,0,0,0,0,61424,0,61424,39,731,1,1,20260711
E2,2,Doris,300000,common_001,5,common,40.6841,9.8802,0,0,0.1814,0.1814,50.7457,0,0,0,0,0,0,510236,0,510236,9699,6074,277,1,20260711
E2,2,Doris,300000,common_022,5,common,84.3773,21.7359,0,0,0.2847,0.2847,106.398,0,0,0,0,0,0,1065896,0,1065896,14564,12689,416,1,20260711
E2,2,Doris,300000,rare_023,5,rare,9.0279,2.1893,0,0,0.0058,0.0058,11.223,0,0,0,0,0,0,116780,0,116780,39,1390,1,1,20260711
E2,2,Doris,300000,common_000,5,common,67.8216,16.8481,0,0,0.3781,0.3781,85.0478,0,0,0,0,0,0,840188,0,840188,20934,10002,598,1,20260711
E2,2,Doris,300000,rare_021,5,rare,0.6006,0.1397,0,0,0.0025,0.0025,0.7428,0,0,0,0,0,0,7412,0,7412,39,88,1,1,20260711
E2,2,Doris,300000,common_002,5,common,30.6946,7.9073,0,0,0.1402,0.1402,38.7421,0,0,0,0,0,0,383144,0,383144,6024,4561,172,1,20260711
E2,2,Doris,300000,common_019,5,common,79.5252,20.4089,0,0,1.7331,1.7331,101.667,0,0,0,0,0,0,1005332,0,1005332,103954,11968,2970,1,20260711
E2,2,Doris,300000,medium_004,5,medium,2.7102,0.6576,0,0,0.003,0.003,3.3708,0,0,0,0,0,0,34880,0,34880,39,415,1,1,20260711
E2,2,Doris,300000,rare_017,5,rare,0.0709,0.0152,0,0,0.0017,0.0017,0.0878,0,0,0,0,0,0,776,0,776,39,9,1,1,20260711
E2,2,Doris,300000,medium_013,5,medium,25.5004,6.2494,0,0,0.0071,0.0071,31.7569,0,0,0,0,0,0,318128,0,318128,39,3787,1,1,20260711
E2,2,Doris,300000,common_020,5,common,162.725,41.5457,0,0,0.9319,0.9319,205.202,0,0,0,0,0,0,2016020,0,2016020,54219,24000,1549,1,20260711
E2,2,Doris,300000,medium_023,5,medium,1.5331,0.3855,0,0,0.0044,0.0044,1.923,0,0,0,0,0,0,19592,0,19592,39,233,1,1,20260711
E2,2,Doris,300000,rare_002,5,rare,0.595,0.1472,0,0,0.0011,0.0011,0.7433,0,0,0,0,0,0,7664,0,7664,39,91,1,1,20260711
E2,2,Doris,300000,medium_001,5,medium,3.5511,0.8323,0,0,0.0031,0.0031,4.3865,0,0,0,0,0,0,43700,0,43700,39,520,1,1,20260711
E2,2,Doris,300000,common_026,5,common,7.2273,1.7808,0,0,0.1629,0.1629,9.171,0,0,0,0,0,0,92672,0,92672,9314,1103,266,1,20260711
E2,2,Doris,300000,medium_006,5,medium,0.0475,0.009,0,0,0.0016,0.0016,0.0581,0,0,0,0,0,0,440,0,440,74,5,2,1,20260711
E2,2,Doris,300000,medium_009,5,medium,22.1435,5.3424,0,0,0.0066,0.0066,27.4925,0,0,0,0,0,0,269576,0,269576,39,3209,1,1,20260711
E2,2,Doris,300000,common_025,5,common,19.325,4.7632,0,0,0.1548,0.1548,24.243,0,0,0,0,0,0,244880,0,244880,6619,2915,189,1,20260711
E2,2,Doris,300000,common_008,5,common,49.5429,12.5035,0,0,0.0554,0.0554,62.1018,0,0,0,0,0,0,620360,0,620360,2349,7385,67,1,20260711
E2,2,Doris,300000,medium_000,5,medium,0.0975,0.0198,0,0,0.0015,0.0015,0.1188,0,0,0,0,0,0,1028,0,1028,39,12,1,1,20260711
E2,2,Doris,300000,medium_010,5,medium,1.3308,0.3256,0,0,0.0021,0.0021,1.6585,0,0,0,0,0,0,17156,0,17156,39,204,1,1,20260711
E2,2,Doris,300000,medium_008,5,medium,1.554,0.3431,0,0,0.0012,0.0012,1.8983,0,0,0,0,0,0,18248,0,18248,39,217,1,1,20260711
E2,2,Doris,300000,rare_018,5,rare,1.0862,0.2555,0,0,0.0016,0.0016,1.3433,0,0,0,0,0,0,13712,0,13712,39,163,1,1,20260711
E2,2,Doris,300000,rare_024,5,rare,1.0559,0.2588,0,0,0.0016,0.0016,1.3163,0,0,0,0,0,0,13628,0,13628,39,162,1,1,20260711
E2,2,Doris,300000,medium_014,5,medium,0.634,0.152,0,0,0.0011,0.0011,0.7871,0,0,0,0,0,0,8168,0,8168,39,97,1,1,20260711
E2,2,Doris,300000,medium_025,5,medium,0.2503,0.0596,0,0,0.0009,0.0009,0.3108,0,0,0,0,0,0,3128,0,3128,39,37,1,1,20260711
E2,2,Doris,300000,rare_004,5,rare,0.662,0.1634,0,0,0.0009,0.0009,0.8263,0,0,0,0,0,0,8588,0,8588,39,102,1,1,20260711
E2,2,Doris,300000,common_017,5,common,59.12,17.118,0,0,0.5726,0.5726,76.8106,0,0,0,0,0,0,749300,0,749300,32764,8920,936,1,20260711
E2,2,Doris,300000,common_027,5,common,73.0478,18.255,0,0,0.9563,0.9563,92.2591,0,0,0,0,0,0,922424,0,922424,57964,10981,1656,1,20260711
E2,2,Doris,300000,common_012,5,common,18.7382,4.7445,0,0,0.0916,0.0916,23.5743,0,0,0,0,0,0,229760,0,229760,4729,2735,135,1,20260711
E2,2,Doris,300000,rare_011,5,rare,0.0213,0.0023,0,0,0.0018,0.0018,0.0254,0,0,0,0,0,0,104,0,104,39,1,1,1,20260711
E2,2,Doris,300000,rare_001,5,rare,0.3206,0.0795,0,0,0.001,0.001,0.4011,0,0,0,0,0,0,4052,0,4052,39,48,1,1,20260711
E2,2,Doris,300000,medium_012,5,medium,0.8609,0.2135,0,0,0.0011,0.0011,1.0755,0,0,0,0,0,0,11024,0,11024,39,131,1,1,20260711
E2,2,Doris,300000,medium_007,5,medium,10.6836,2.6148,0,0,0.0066,0.0066,13.305,0,0,0,0,0,0,135428,0,135428,39,1612,1,1,20260711
E2,2,Doris,300000,rare_013,5,rare,0.1112,0.0253,0,0,0.0011,0.0011,0.1376,0,0,0,0,0,0,1280,0,1280,39,15,1,1,20260711
E2,2,Doris,300000,medium_019,5,medium,0.0168,0.002,0,0,0.0009,0.0009,0.0197,0,0,0,0,0,0,104,0,104,39,1,1,1,20260711
E2,2,Doris,300000,medium_018,5,medium,0.3478,0.0831,0,0,0.001,0.001,0.4319,0,0,0,0,0,0,4388,0,4388,39,52,1,1,20260711
E2,2,Doris,300000,rare_015,5,rare,0.0792,0.0171,0,0,0.0009,0.0009,0.0972,0,0,0,0,0,0,860,0,860,39,10,1,1,20260711
E2,2,Doris,300000,rare_020,5,rare,0.8889,0.2064,0,0,0.0014,0.0014,1.0967,0,0,0,0,0,0,10604,0,10604,39,126,1,1,20260711
E2,2,Doris,300000,rare_007,5,rare,1.3073,0.2894,0,0,0.0016,0.0016,1.5983,0,0,0,0,0,0,14888,0,14888,39,177,1,1,20260711
E2,2,Doris,300000,rare_000,5,rare,0.3667,0.0892,0,0,0.001,0.001,0.4569,0,0,0,0,0,0,4640,0,4640,39,55,1,1,20260711
E2,2,Doris,300000,medium_024,5,medium,0.0234,0.0036,0,0,0.0008,0.0008,0.0278,0,0,0,0,0,0,188,0,188,39,2,1,1,20260711
E2,2,Doris,300000,common_024,5,common,33.026,8.322,0,0,0.6591,0.6591,42.0071,0,0,0,0,0,0,409352,0,409352,39589,4873,1131,1,20260711
E2,2,Ren,300000,common_015,5,common,0.0171,0.3481,0,0,0.0483,0.0483,0.4135,0,0,0,0,0,0,284,0,284,2699,99,69,1,20260711
E2,2,Ren,300000,rare_008,5,rare,0.0189,0.1902,0,0.0001,0.0017,0.0017,0.2108,0,0,0,0,0,0,284,0,284,47,177,1,1,20260711
E2,2,Ren,300000,rare_025,5,rare,0.0169,0.8557,0,0,0.001,0.001,0.8736,0,0,0,0,0,0,284,0,284,47,828,1,1,20260711
E2,2,Ren,300000,medium_003,5,medium,0.0168,0.2855,0,0,0.0008,0.0008,0.3031,0,0,0,0,0,0,284,0,284,47,277,1,1,20260711
E2,2,Ren,300000,common_006,5,common,0.017,1.6832,0,0,0.0799,0.0799,1.7801,0,0,0,0,0,0,284,0,284,5585,1184,143,1,20260711
E2,2,Ren,300000,common_021,5,common,0.0173,4.01,0,0,0.3091,0.3091,4.3364,0,0,0,0,0,0,284,0,284,21770,1099,558,1,20260711
E2,2,Ren,300000,common_018,5,common,0.0184,17.2244,0,0.0001,0.8522,0.8522,18.095,0,0,0,0,0,0,284,0,284,60263,5813,1545,1,20260711
E2,2,Ren,300000,medium_015,5,medium,0.0217,1.7106,0,0,0.0025,0.0025,1.7348,0,0,0,0,0,0,284,0,284,47,1590,1,1,20260711
E2,2,Ren,300000,rare_010,5,rare,0.0184,0.008,0,0,0.0008,0.0008,0.0272,0,0,0,0,0,0,284,0,284,47,4,1,1,20260711
E2,2,Ren,300000,rare_016,5,rare,0.0171,0.0805,0,0,0.0008,0.0008,0.0984,0,0,0,0,0,0,284,0,284,47,71,1,1,20260711
E2,2,Ren,300000,medium_022,5,medium,0.0172,0.0331,0,0,0.0008,0.0008,0.0511,0,0,0,0,0,0,284,0,284,47,20,1,1,20260711
E2,2,Ren,300000,common_010,5,common,0.0168,0.618,0,0,0.0565,0.0565,0.6913,0,0,0,0,0,0,284,0,284,3947,289,101,1,20260711
E2,2,Ren,300000,rare_005,5,rare,0.0169,0.0452,0,0.0001,0.0008,0.0008,0.0629,0,0,0,0,0,0,284,0,284,47,39,1,1,20260711
E2,2,Ren,300000,rare_022,5,rare,0.0167,0.0186,0,0.0001,0.0014,0.0014,0.0367,0,0,0,0,0,0,284,0,284,86,11,2,1,20260711
E2,2,Ren,300000,rare_006,5,rare,0.017,0.0281,0,0,0.0008,0.0008,0.0459,0,0,0,0,0,0,284,0,284,47,18,1,1,20260711
E2,2,Ren,300000,rare_012,5,rare,0.0168,0.1407,0,0,0.0008,0.0008,0.1583,0,0,0,0,0,0,284,0,284,47,84,1,1,20260711
E2,2,Ren,300000,common_003,5,common,0.0166,9.6876,0,0,0.155,0.155,9.8592,0,0,0,0,0,0,284,0,284,10889,7207,279,1,20260711
E2,2,Ren,300000,medium_020,5,medium,0.0182,0.9393,0,0,0.0034,0.0034,0.9609,0,0,0,0,0,0,284,0,284,47,470,1,1,20260711
E2,2,Ren,300000,medium_017,5,medium,0.0194,0.0104,0,0,0.001,0.001,0.0308,0,0,0,0,0,0,284,0,284,47,6,1,1,20260711
E2,2,Ren,300000,rare_019,5,rare,0.0174,0.1955,0,0,0.0015,0.0015,0.2144,0,0,0,0,0,0,284,0,284,86,170,2,1,20260711
E2,2,Ren,300000,medium_002,5,medium,0.0171,0.0653,0,0,0.0008,0.0008,0.0832,0,0,0,0,0,0,284,0,284,47,49,1,1,20260711
E2,2,Ren,300000,common_009,5,common,0.0171,16.4922,0,0,1.1632,1.1632,17.6725,0,0,0,0,0,0,284,0,284,82766,7218,2122,1,20260711
E2,2,Ren,300000,common_007,5,common,0.0216,1.7935,0,0.0001,0.0229,0.0229,1.838,0,0,0,0,0,0,284,0,284,1295,1542,33,1,20260711
E2,2,Ren,300000,common_014,5,common,0.0176,1.15,0,0.0001,0.1226,0.1226,1.2902,0,0,0,0,0,0,284,0,284,8666,429,222,1,20260711
E2,2,Ren,300000,rare_014,5,rare,0.0172,0.0071,0,0,0.0008,0.0008,0.0251,0,0,0,0,0,0,284,0,284,47,3,1,1,20260711
E2,2,Ren,300000,medium_011,5,medium,0.0169,0.4186,0,0,0.0008,0.0008,0.4363,0,0,0,0,0,0,284,0,284,47,398,1,1,20260711
E2,2,Ren,300000,common_013,5,common,0.0166,29.4771,0,0,0.1806,0.1806,29.6743,0,0,0,0,0,0,284,0,284,12137,23143,311,1,20260711
E2,2,Ren,300000,common_011,5,common,0.0234,2.7843,0,0.0001,0.1007,0.1007,2.9084,0,0,0,0,0,0,284,0,284,6911,1367,177,1,20260711
E2,2,Ren,300000,common_016,5,common,0.0193,3.5868,0,0,0.0851,0.0851,3.6912,0,0,0,0,0,0,284,0,284,5897,3033,151,1,20260711
E2,2,Ren,300000,rare_009,5,rare,0.0185,0.0689,0,0.0001,0.0008,0.0008,0.0882,0,0,0,0,0,0,284,0,284,47,59,1,1,20260711
E2,2,Ren,300000,medium_016,5,medium,0.0176,0.0381,0,0.0001,0.0009,0.0009,0.0566,0,0,0,0,0,0,284,0,284,47,33,1,1,20260711
E2,2,Ren,300000,common_023,5,common,0.0169,10.8833,0,0,0.1972,0.1972,11.0974,0,0,0,0,0,0,284,0,284,13814,8947,354,1,20260711
E2,2,Ren,300000,medium_021,5,medium,0.0198,0.0058,0,0,0.0009,0.0009,0.0265,0,0,0,0,0,0,284,0,284,47,2,1,1,20260711
E2,2,Ren,300000,common_005,5,common,0.0169,43.5865,0,0,1.2948,1.2948,44.8982,0,0,0,0,0,0,284,0,284,86003,10547,2205,1,20260711
E2,2,Ren,300000,common_004,5,common,0.0249,2.6223,0,0,0.0184,0.0184,2.6656,0,0,0,0,0,0,284,0,284,1022,1542,26,1,20260711
E2,2,Ren,300000,rare_003,5,rare,0.0183,0.0499,0,0,0.0009,0.0009,0.0691,0,0,0,0,0,0,284,0,284,47,44,1,1,20260711
E2,2,Ren,300000,medium_005,5,medium,0.0169,0.7558,0,0,0.0009,0.0009,0.7736,0,0,0,0,0,0,284,0,284,47,731,1,1,20260711
E2,2,Ren,300000,common_001,5,common,0.0177,8.1694,0,0,0.157,0.157,8.3441,0,0,0,0,0,0,284,0,284,10811,6074,277,1,20260711
E2,2,Ren,300000,common_022,5,common,0.0204,15.5509,0,0,0.2323,0.2323,15.8036,0,0,0,0,0,0,284,0,284,16232,12689,416,1,20260711
E2,2,Ren,300000,rare_023,5,rare,0.0202,1.8156,0,0.0001,0.0024,0.0024,1.8382,0,0,0,0,0,0,284,0,284,47,1390,1,1,20260711
E2,2,Ren,300000,common_000,5,common,0.0176,16.4795,0,0,0.3318,0.3318,16.8289,0,0,0,0,0,0,284,0,284,23330,10002,598,1,20260711
E2,2,Ren,300000,rare_021,5,rare,0.021,0.1887,0,0.0001,0.0011,0.0011,0.2108,0,0,0,0,0,0,284,0,284,47,88,1,1,20260711
E2,2,Ren,300000,common_002,5,common,0.0171,13.4507,0,0,0.0999,0.0999,13.5677,0,0,0,0,0,0,284,0,284,6716,4561,172,1,20260711
E2,2,Ren,300000,common_019,5,common,0.0196,33.7979,0,0,1.6251,1.6251,35.4426,0,0,0,0,0,0,284,0,284,115838,11968,2970,1,20260711
E2,2,Ren,300000,medium_004,5,medium,0.0236,0.5221,0,0,0.0029,0.0029,0.5486,0,0,0,0,0,0,284,0,284,47,415,1,1,20260711
E2,2,Ren,300000,rare_017,5,rare,0.0172,0.0134,0,0.0001,0.0009,0.0009,0.0315,0,0,0,0,0,0,284,0,284,47,9,1,1,20260711
E2,2,Ren,300000,medium_013,5,medium,0.018,4.0505,0,0,0.0035,0.0035,4.072,0,0,0,0,0,0,284,0,284,47,3787,1,1,20260711
E2,2,Ren,300000,common_020,5,common,0.0182,33.5785,0,0.0001,0.9948,0.9948,34.5915,0,0,0,0,0,0,284,0,284,60419,24000,1549,1,20260711
E2,2,Ren,300000,medium_023,5,medium,0.0235,0.3637,0,0.0001,0.0039,0.0039,0.3911,0,0,0,0,0,0,284,0,284,47,233,1,1,20260711
E2,2,Ren,300000,rare_002,5,rare,0.0185,0.0993,0,0.0001,0.0012,0.0012,0.119,0,0,0,0,0,0,284,0,284,47,91,1,1,20260711
E2,2,Ren,300000,medium_001,5,medium,0.017,0.5806,0,0,0.0015,0.0015,0.5991,0,0,0,0,0,0,284,0,284,47,520,1,1,20260711
E2,2,Ren,300000,common_026,5,common,0.0177,2.1797,0,0.0001,0.147,0.147,2.3444,0,0,0,0,0,0,284,0,284,10382,1103,266,1,20260711
E2,2,Ren,300000,medium_006,5,medium,0.0174,0.0121,0,0,0.0014,0.0014,0.0309,0,0,0,0,0,0,284,0,284,86,5,2,1,20260711
E2,2,Ren,300000,medium_009,5,medium,0.017,4.1955,0,0,0.0025,0.0025,4.215,0,0,0,0,0,0,284,0,284,47,3209,1,1,20260711
E2,2,Ren,300000,common_025,5,common,0.0176,5.61,0,0.0001,0.1067,0.1067,5.7343,0,0,0,0,0,0,284,0,284,7379,2915,189,1,20260711
E2,2,Ren,300000,common_008,5,common,0.0196,11.2166,0,0.0001,0.0407,0.0407,11.2769,0,0,0,0,0,0,284,0,284,2621,7385,67,1,20260711
E2,2,Ren,300000,medium_000,5,medium,0.0191,0.0163,0,0,0.0009,0.0009,0.0363,0,0,0,0,0,0,284,0,284,47,12,1,1,20260711
E2,2,Ren,300000,medium_010,5,medium,0.017,0.3916,0,0,0.0009,0.0009,0.4095,0,0,0,0,0,0,284,0,284,47,204,1,1,20260711
E2,2,Ren,300000,medium_008,5,medium,0.0168,0.2384,0,0.0001,0.0009,0.0009,0.2561,0,0,0,0,0,0,284,0,284,47,217,1,1,20260711
E2,2,Ren,300000,rare_018,5,rare,0.0184,0.1708,0,0,0.0008,0.0008,0.19,0,0,0,0,0,0,284,0,284,47,163,1,1,20260711
E2,2,Ren,300000,rare_024,5,rare,0.0169,0.1978,0,0,0.0008,0.0008,0.2155,0,0,0,0,0,0,284,0,284,47,162,1,1,20260711
E2,2,Ren,300000,medium_014,5,medium,0.0168,0.104,0,0,0.0008,0.0008,0.1216,0,0,0,0,0,0,284,0,284,47,97,1,1,20260711
E2,2,Ren,300000,medium_025,5,medium,0.0177,0.0565,0,0,0.0009,0.0009,0.0751,0,0,0,0,0,0,284,0,284,47,37,1,1,20260711
E2,2,Ren,300000,rare_004,5,rare,0.0169,0.1113,0,0,0.0008,0.0008,0.129,0,0,0,0,0,0,284,0,284,47,102,1,1,20260711
E2,2,Ren,300000,common_017,5,common,0.017,13.8186,0,0,0.5147,0.5147,14.3503,0,0,0,0,0,0,284,0,284,36512,8920,936,1,20260711
E2,2,Ren,300000,common_027,5,common,0.0196,27.5522,0,0,0.9188,0.9188,28.4906,0,0,0,0,0,0,284,0,284,64592,10981,1656,1,20260711
E2,2,Ren,300000,common_012,5,common,0.0229,4.0567,0,0,0.0807,0.0807,4.1603,0,0,0,0,0,0,284,0,284,5273,2735,135,1,20260711
E2,2,Ren,300000,rare_011,5,rare,0.0208,0.0048,0,0,0.001,0.001,0.0266,0,0,0,0,0,0,284,0,284,47,1,1,1,20260711
E2,2,Ren,300000,rare_001,5,rare,0.0172,0.0585,0,0,0.0009,0.0009,0.0766,0,0,0,0,0,0,284,0,284,47,48,1,1,20260711
E2,2,Ren,300000,medium_012,5,medium,0.0176,0.3298,0,0,0.0023,0.0023,0.3497,0,0,0,0,0,0,284,0,284,47,131,1,1,20260711
E2,2,Ren,300000,medium_007,5,medium,0.0213,1.7566,0,0.0001,0.0022,0.0022,1.7801,0,0,0,0,0,0,284,0,284,47,1612,1,1,20260711
E2,2,Ren,300000,rare_013,5,rare,0.0183,0.0197,0,0.0001,0.001,0.001,0.039,0,0,0,0,0,0,284,0,284,47,15,1,1,20260711
E2,2,Ren,300000,medium_019,5,medium,0.0169,0.0047,0,0,0.0009,0.0009,0.0225,0,0,0,0,0,0,284,0,284,47,1,1,1,20260711
E2,2,Ren,300000,medium_018,5,medium,0.0166,0.0582,0,0.0001,0.0008,0.0008,0.0756,0,0,0,0,0,0,284,0,284,47,52,1,1,20260711
E2,2,Ren,300000,rare_015,5,rare,0.017,0.017,0,0,0.0008,0.0008,0.0348,0,0,0,0,0,0,284,0,284,47,10,1,1,20260711
E2,2,Ren,300000,rare_020,5,rare,0.017,0.1401,0,0,0.0008,0.0008,0.1579,0,0,0,0,0,0,284,0,284,47,126,1,1,20260711
E2,2,Ren,300000,rare_007,5,rare,0.017,0.192,0,0,0.0009,0.0009,0.2099,0,0,0,0,0,0,284,0,284,47,177,1,1,20260711
E2,2,Ren,300000,rare_000,5,rare,0.0169,0.0641,0,0,0.0008,0.0008,0.0818,0,0,0,0,0,0,284,0,284,47,55,1,1,20260711
E2,2,Ren,300000,medium_024,5,medium,0.0168,0.0068,0,0,0.0008,0.0008,0.0244,0,0,0,0,0,0,284,0,284,47,2,1,1,20260711
E2,2,Ren,300000,common_024,5,common,0.0166,12.7565,0,0.0001,0.6135,0.6135,13.3866,0,0,0,0,0,0,284,0,284,44117,4873,1131,1,20260711
E2,3,SliceBF,300000,rare_022,2,rare,0.0302,0.0761,1.24,0.3455,0.0212,1.6067,1.713,1,150336,0,0,3,192,424,100416,436,250752,3,3,1,20260711
E2,3,SliceBF,300000,common_026,2,common,0.0204,3.3612,2.1599,0.7898,217.408,220.358,223.739,1,150336,0,0,4689,300096,424,171663040,19180,171813376,50970,50970,1,20260711
E2,3,SliceBF,300000,rare_023,2,rare,0.0342,0.0771,1.0839,0.3419,0.0186,1.4444,1.5557,1,150336,0,0,1,64,424,41664,428,192000,1,1,1,20260711
E2,3,SliceBF,300000,medium_008,2,medium,0.0312,0.131,2.0444,0.3422,0.052,2.4386,2.6008,1,150336,0,0,10,640,424,367488,464,517824,10,10,1,20260711
E2,3,SliceBF,300000,common_020,2,common,0.0197,2.2429,1.8571,0.6137,129.153,131.624,133.886,1,150336,0,0,4120,263680,424,157827584,16904,157977920,26842,26842,1,20260711
E2,3,SliceBF,300000,medium_020,2,medium,0.0348,0.096,1.2147,0.3438,0.3276,1.8861,2.0169,1,150336,0,0,63,4032,424,2837824,676,2988160,65,65,1,20260711
E2,3,SliceBF,300000,common_015,2,common,0.02,1.0762,1.1901,0.4159,28.8063,30.4123,31.5085,1,150336,0,0,3289,210496,424,109475008,13580,109625344,8114,8114,1,20260711
E2,3,SliceBF,300000,common_002,2,common,0.0274,1.9602,1.6311,0.5353,86.6945,88.8609,90.8485,1,150336,0,0,4546,290944,424,164189568,18608,164339904,21992,21992,1,20260711
E2,3,SliceBF,300000,medium_005,2,medium,0.033,0.0825,1.0797,0.3461,0.1241,1.5499,1.6654,1,150336,0,0,23,1472,424,958272,516,1108608,24,24,1,20260711
E2,3,SliceBF,300000,medium_000,2,medium,0.0195,0.0964,1.3949,0.344,0.4074,2.1463,2.2622,1,150336,0,0,92,5888,424,3751168,792,3901504,92,92,1,20260711
E2,3,SliceBF,300000,common_016,2,common,0.0199,1.0706,1.6545,0.5182,29.9519,32.1246,33.2151,1,150336,0,0,3313,212032,424,110606016,13676,110756352,8226,8226,1,20260711
E2,3,SliceBF,300000,common_014,2,common,0.0304,1.7713,1.8468,0.5112,71.8847,74.2427,76.0444,1,150336,0,0,4550,291200,424,164020352,18624,164170688,18415,18415,1,20260711
E2,3,SliceBF,300000,rare_025,2,rare,0.0338,0.0773,1.3059,0.3419,0.0236,1.6714,1.7825,1,150336,0,0,3,192,424,108608,436,258944,3,3,1,20260711
E2,3,SliceBF,300000,rare_014,2,rare,0.0195,0.0691,0.984,0.3414,0.0098,1.3352,1.4238,1,150336,0,0,1,64,424,25280,428,175616,1,1,1,20260711
E2,3,SliceBF,300000,common_027,2,common,0.0196,3.958,2.1193,1.2198,196.957,200.296,204.274,1,150336,0,0,4693,300352,424,171600320,19196,171750656,51308,51308,1,20260711
E2,3,SliceBF,300000,rare_007,2,rare,0.0359,0.0813,1.0551,0.3429,0.0598,1.4578,1.575,1,150336,0,0,9,576,424,391360,460,541696,9,9,1,20260711
E2,3,SliceBF,300000,common_021,2,common,0.0208,1.2631,1.566,0.4353,38.3894,40.3907,41.6746,1,150336,0,0,3873,247872,424,134486720,15916,134637056,10092,10092,1,20260711
E2,3,SliceBF,300000,rare_010,2,rare,0.032,0.095,1.0194,0.3424,0.0645,1.4263,1.5533,1,150336,0,0,12,768,424,418048,472,568384,12,12,1,20260711
E2,3,SliceBF,300000,common_011,2,common,0.0195,4.5659,1.7916,0.8849,285.063,287.739,292.325,1,150336,0,0,4664,298496,424,171252224,19080,171402560,72862,72862,1,20260711
E2,3,SliceBF,300000,medium_006,2,medium,0.0393,0.0807,1.1849,0.3461,0.0465,1.5775,1.6975,1,150336,0,0,8,512,424,235008,456,385344,8,8,1,20260711
E2,3,SliceBF,300000,medium_022,2,medium,0.0199,0.0711,0.9422,0.3416,0.0351,1.3189,1.4099,1,150336,0,0,8,512,424,218624,456,368960,8,8,1,20260711
E2,3,SliceBF,300000,common_006,2,common,0.0195,1.5849,1.8171,0.4788,57.15,59.4459,61.0503,1,150336,0,0,4463,285632,424,163721536,18276,163871872,13886,13886,1,20260711
E2,3,SliceBF,300000,common_003,2,common,0.0313,0.8857,1.1173,0.3929,19.8138,21.324,22.241,1,150336,0,0,3037,194368,424,104087488,12572,104237824,5163,5163,1,20260711
E2,3,SliceBF,300000,common_023,2,common,0.0274,2.1247,1.3807,0.5621,138.095,140.037,142.189,1,150336,0,0,3886,248704,424,151928448,15968,152078784,27923,27923,1,20260711
E2,3,SliceBF,300000,medium_001,2,medium,0.0347,0.082,1.8958,0.3477,0.109,2.3525,2.4692,1,150336,0,0,19,1216,424,775232,500,925568,19,19,1,20260711
E2,3,SliceBF,300000,common_013,2,common,0.0204,1.9107,1.9815,0.5408,114.355,116.877,118.808,1,150336,0,0,3794,242816,424,149537152,15600,149687488,23494,23494,1,20260711
E2,3,SliceBF,300000,rare_020,2,rare,0.034,0.0745,1.1786,0.3441,0.028,1.5507,1.6592,1,150336,0,0,3,192,424,124992,436,275328,3,3,1,20260711
E2,3,SliceBF,300000,common_009,2,common,0.02,2.5664,2.2805,0.6431,136.748,139.671,142.258,1,150336,0,0,4690,300160,424,171475328,19184,171625664,35020,35020,1,20260711
E2,3,SliceBF,300000,common_017,2,common,0.0382,1.3306,1.7065,0.4357,36.9567,39.0989,40.4677,1,150336,0,0,3802,243328,424,130856832,15632,131007168,10176,10176,1,20260711
E2,3,SliceBF,300000,common_007,2,common,0.0321,0.9148,1.1119,0.3967,21.0788,22.5874,23.5343,1,150336,0,0,3096,198144,424,106136064,12808,106286400,5570,5570,1,20260711
E2,3,SliceBF,300000,rare_003,2,rare,0.027,0.074,1.098,0.3416,0.0109,1.4505,1.5515,1,150336,0,0,1,64,424,25280,428,175616,1,1,1,20260711
E2,3,SliceBF,300000,common_005,2,common,0.0199,1.4237,1.7381,0.458,57.4998,59.6959,61.1395,1,150336,0,0,4225,270400,424,157647552,17324,157797888,12472,12472,1,20260711
E2,3,SliceBF,300000,medium_007,2,medium,0.0322,0.0798,1.006,0.343,0.1038,1.4528,1.5648,1,150336,0,0,20,1280,424,800512,504,950848,21,21,1,20260711
E2,3,SliceBF,300000,rare_000,2,rare,0.0211,0.0705,0.9577,0.345,0.0078,1.3105,1.4021,1,150336,0,0,1,64,424,25280,428,175616,1,1,1,20260711
E2,3,SliceBF,300000,common_025,2,common,0.0345,3.0874,1.9376,0.6136,130.071,132.623,135.744,1,150336,0,0,4687,299968,424,171563328,19172,171713664,31326,31326,1,20260711
E2,3,SliceBF,300000,medium_015,2,medium,0.036,0.0853,0.9983,0.3432,0.12,1.4615,1.5828,1,150336,0,0,24,1536,424,885248,520,1035584,24,24,1,20260711
E2,3,SliceBF,300000,common_024,2,common,0.0197,2.422,1.3209,0.5958,151.303,153.22,155.661,1,150336,0,0,4221,270144,424,160397248,17308,160547584,31904,31904,1,20260711
E2,3,SliceBF,300000,rare_013,2,rare,0.1136,0.08,1.1365,0.342,0.0232,1.5017,1.6953,1,150336,0,0,3,192,424,92224,436,242560,3,3,1,20260711
E2,3,SliceBF,300000,medium_018,2,medium,0.0201,0.0738,1.5696,0.3422,0.0591,1.9709,2.0648,1,150336,0,0,12,768,424,368896,472,519232,12,12,1,20260711
E2,3,SliceBF,300000,rare_004,2,rare,0.0203,0.0696,1.1135,0.3415,0.0138,1.4688,1.5587,1,150336,0,0,2,128,424,83328,432,233664,2,2,1,20260711
E2,3,SliceBF,300000,rare_008,2,rare,0.0195,0.0743,1.1255,0.342,0.0667,1.5342,1.628,1,150336,0,0,13,832,424,492480,476,642816,13,13,1,20260711
E2,3,SliceBF,300000,rare_019,2,rare,0.0196,0.0701,1.3542,0.3415,0.028,1.7237,1.8134,1,150336,0,0,4,256,424,232192,440,382528,4,4,1,20260711
E2,3,SliceBF,300000,medium_024,2,medium,0.0194,0.0873,1.1122,0.3429,0.2407,1.6958,1.8025,1,150336,0,0,51,3264,424,1977408,628,2127744,52,52,1,20260711
E2,3,SliceBF,300000,common_012,2,common,0.0194,1.6018,1.7304,0.478,67.7638,69.9722,71.5934,1,150336,0,0,4445,284480,424,164421568,18204,164571904,15452,15452,1,20260711
E2,3,SliceBF,300000,rare_002,2,rare,0.031,0.0736,1.2777,0.3425,0.0115,1.6317,1.7363,1,150336,0,0,1,64,424,25280,428,175616,1,1,1,20260711
E2,3,SliceBF,300000,medium_019,2,medium,0.0195,0.104,1.6825,0.3443,0.5332,2.56,2.6835,1,150336,0,0,110,7040,424,4828800,864,4979136,111,111,1,20260711
E2,3,SliceBF,300000,rare_016,2,rare,0.0208,0.0713,0.888,0.3416,0.0225,1.2521,1.3442,1,150336,0,0,4,256,424,150272,440,300608,4,4,1,20260711
E2,3,SliceBF,300000,common_001,2,common,0.0193,1.8086,1.7851,0.5114,82.6786,84.9751,86.803,1,150336,0,0,4425,283200,424,164980928,18124,165131264,18702,18702,1,20260711
E2,3,SliceBF,300000,rare_006,2,rare,0.0372,0.0761,1.8368,0.3446,0.0206,2.202,2.3153,1,150336,0,0,1,64,424,41664,428,192000,1,1,1,20260711
E2,3,SliceBF,300000,common_022,2,common,0.025,1.8562,1.8966,0.4905,65.964,68.3511,70.2323,1,150336,0,0,4555,291520,424,166227520,18644,166377856,16543,16543,1,20260711
E2,3,SliceBF,300000,medium_004,2,medium,0.0332,0.094,1.2016,0.3533,0.3612,1.9161,2.0433,1,150336,0,0,53,3392,424,2126272,636,2276608,53,53,1,20260711
E2,3,SliceBF,300000,medium_010,2,medium,0.0223,0.0799,1.0737,0.3443,0.1188,1.5368,1.639,1,150336,0,0,26,1664,424,984960,528,1135296,26,26,1,20260711
E2,3,SliceBF,300000,medium_002,2,medium,0.02,0.0851,1.0489,0.3426,0.2291,1.6206,1.7257,1,150336,0,0,55,3520,424,1849152,644,1999488,55,55,1,20260711
E2,3,SliceBF,300000,common_019,2,common,0.02,2.1053,1.8431,0.5641,126.769,129.177,131.302,1,150336,0,0,4111,263104,424,157600064,16868,157750400,26737,26737,1,20260711
E2,3,SliceBF,300000,medium_013,2,medium,0.0338,0.0977,1.4558,0.3439,0.3027,2.1024,2.2339,1,150336,0,0,65,4160,424,2511552,684,2661888,67,67,1,20260711
E2,3,SliceBF,300000,medium_021,2,medium,0.0201,0.1104,1.3075,0.3437,0.6066,2.2578,2.3883,1,150336,0,0,135,8640,424,5575488,964,5725824,137,137,1,20260711
E2,3,SliceBF,300000,medium_023,2,medium,0.0205,0.1049,1.2727,0.3431,0.4547,2.0705,2.1959,1,150336,0,0,104,6656,424,4144640,840,4294976,104,104,1,20260711
E2,3,SliceBF,300000,common_004,2,common,0.0197,1.2778,1.2748,0.5423,19.2961,21.1132,22.4107,1,150336,0,0,3048,195072,424,104480256,12616,104630592,5199,5199,1,20260711
E2,3,SliceBF,300000,common_018,2,common,0.0295,1.9444,1.5157,0.5492,86.4108,88.4757,90.4496,1,150336,0,0,4325,276800,424,152237504,17724,152387840,23981,23981,1,20260711
E2,3,SliceBF,300000,rare_001,2,rare,0.0325,0.0775,1.0256,0.3429,0.0202,1.3887,1.4987,1,150336,0,0,2,128,424,66944,432,217280,2,2,1,20260711
E2,3,SliceBF,300000,rare_011,2,rare,0.0197,0.0689,0.9806,0.3414,0.0144,1.3364,1.425,1,150336,0,0,2,128,424,83328,432,233664,2,2,1,20260711
E2,3,SliceBF,300000,rare_018,2,rare,0.0195,0.0672,0.9926,0.3413,0.0105,1.3444,1.4311,1,150336,0,0,1,64,424,25280,428,175616,1,1,1,20260711
E2,3,SliceBF,300000,rare_024,2,rare,0.0196,0.0685,1.1508,0.3413,0.007,1.4991,1.5872,1,150336,0,0,1,64,424,25280,428,175616,1,1,1,20260711
E2,3,SliceBF,300000,rare_012,2,rare,0.0194,0.0666,1.2048,0.3425,0.0152,1.5625,1.6485,1,150336,0,0,2,128,424,83328,432,233664,2,2,1,20260711
E2,3,SliceBF,300000,rare_009,2,rare,0.0203,0.073,1.0521,0.3437,0.0105,1.4063,1.4996,1,150336,0,0,1,64,424,25280,428,175616,1,1,1,20260711
E2,3,SliceBF,300000,rare_015,2,rare,0.0204,0.074,1.322,0.3435,0.0096,1.6751,1.7695,1,150336,0,0,1,64,424,25280,428,175616,1,1,1,20260711
E2,3,SliceBF,300000,common_008,2,common,0.0198,0.9212,1.0731,0.4072,20.9604,22.4407,23.3817,1,150336,0,0,3102,198528,424,106369664,12832,106520000,5606,5606,1,20260711
E2,3,SliceBF,300000,medium_009,2,medium,0.0304,0.0786,1.0594,0.3434,0.0813,1.4841,1.5931,1,150336,0,0,14,896,424,517760,480,668096,14,14,1,20260711
E2,3,SliceBF,300000,rare_017,2,rare,0.0202,0.0687,1.3039,0.3419,0.0155,1.6613,1.7502,1,150336,0,0,1,64,424,25280,428,175616,1,1,1,20260711
E2,3,SliceBF,300000,common_000,2,common,0.0202,1.9983,2.0161,0.5386,95.0914,97.6461,99.6646,1,150336,0,0,4539,290496,424,168452672,18580,168603008,21859,21859,1,20260711
E2,3,SliceBF,300000,common_010,2,common,0.0355,2.2151,1.8955,0.5733,111.319,113.788,116.039,1,150336,0,0,4637,296768,424,170561472,18972,170711808,26157,26157,1,20260711
E2,3,SliceBF,300000,medium_017,2,medium,0.0347,0.0798,0.9818,0.3428,0.0777,1.4023,1.5168,1,150336,0,0,14,896,424,534144,480,684480,14,14,1,20260711
E2,3,SliceBF,300000,medium_003,2,medium,0.02,0.0748,1.1633,0.342,0.0809,1.5862,1.681,1,150336,0,0,18,1152,424,651648,496,801984,18,18,1,20260711
E2,3,SliceBF,300000,medium_014,2,medium,0.0198,0.0756,1.0383,0.3434,0.1112,1.4929,1.5883,1,150336,0,0,23,1472,424,892736,516,1043072,23,23,1,20260711
E2,3,SliceBF,300000,rare_005,2,rare,0.02,0.0711,1.1657,0.3415,0.0188,1.526,1.6171,1,150336,0,0,3,192,424,108608,436,258944,3,3,1,20260711
E2,3,SliceBF,300000,medium_025,2,medium,0.02,0.0853,1.1048,0.3426,0.2316,1.679,1.7843,1,150336,0,0,53,3392,424,1978816,636,2129152,54,54,1,20260711
E2,3,SliceBF,300000,medium_012,2,medium,0.0195,0.0797,1.4501,0.4051,0.1623,2.0175,2.1167,1,150336,0,0,32,2048,424,1267712,552,1418048,32,32,1,20260711
E2,3,SliceBF,300000,rare_021,2,rare,0.0203,0.0688,1.6489,0.3413,0.0078,1.998,2.0871,1,150336,0,0,1,64,424,25280,428,175616,1,1,1,20260711
E2,3,SliceBF,300000,medium_016,2,medium,0.0192,0.0998,1.772,0.3434,0.4416,2.557,2.676,1,150336,0,0,96,6144,424,3966976,808,4117312,96,96,1,20260711
E2,3,SliceBF,300000,medium_011,2,medium,0.0202,0.0762,1.219,0.3421,0.0918,1.6529,1.7493,1,150336,0,0,19,1216,424,775232,500,925568,19,19,1,20260711
E2,3,XEBFF-Conj,300000,rare_022,2,rare,1.9653,0.8833,0,0,0.01,0.01,2.8586,0,0,0,0,0,0,35108,0,35108,109,731,3,1,20260711
E2,3,XEBFF-Conj,300000,common_026,2,common,203.821,88.4768,0,0,29.9349,29.9349,322.233,0,0,0,0,0,0,3473780,0,3473780,1783954,72370,50970,1,20260711
E2,3,XEBFF-Conj,300000,rare_023,2,rare,0.086,0.0225,0,0,0.006,0.006,0.1145,0,0,0,0,0,0,836,0,836,39,17,1,1,20260711
E2,3,XEBFF-Conj,300000,medium_008,2,medium,2.9644,1.3942,0,0,0.0128,0.0128,4.3714,0,0,0,0,0,0,53252,0,53252,354,1109,10,1,20260711
E2,3,XEBFF-Conj,300000,common_020,2,common,86.3592,38.6863,0,0,15.739,15.739,140.785,0,0,0,0,0,0,1538276,0,1538276,939474,32047,26842,1,20260711
E2,3,XEBFF-Conj,300000,medium_020,2,medium,1.1357,0.6977,0,0,0.0816,0.0816,1.915,0,0,0,0,0,0,19892,0,19892,2279,414,65,1,20260711
E2,3,XEBFF-Conj,300000,common_015,2,common,34.2734,15.5888,0,0,4.5997,4.5997,54.4619,0,0,0,0,0,0,609092,0,609092,283994,12689,8114,1,20260711
E2,3,XEBFF-Conj,300000,common_002,2,common,81.9935,36.8637,0,0,12.4337,12.4337,131.291,0,0,0,0,0,0,1442420,0,1442420,769724,30050,21992,1,20260711
E2,3,XEBFF-Conj,300000,medium_005,2,medium,3.8689,1.693,0,0,0.0246,0.0246,5.5865,0,0,0,0,0,0,69092,0,69092,844,1439,24,1,20260711
E2,3,XEBFF-Conj,300000,medium_000,2,medium,3.5658,1.4693,0,0,0.0669,0.0669,5.102,0,0,0,0,0,0,56420,0,56420,3224,1175,92,1,20260711
E2,3,XEBFF-Conj,300000,common_016,2,common,36.3278,15.5163,0,0,4.6025,4.6025,56.4466,0,0,0,0,0,0,609092,0,609092,287914,12689,8226,1,20260711
E2,3,XEBFF-Conj,300000,common_014,2,common,82.8677,36.9843,0,0,10.5281,10.5281,130.38,0,0,0,0,0,0,1442420,0,1442420,644529,30050,18415,1,20260711
E2,3,XEBFF-Conj,300000,rare_025,2,rare,0.07,0.0185,0,0,0.0128,0.0128,0.1013,0,0,0,0,0,0,692,0,692,109,14,3,1,20260711
E2,3,XEBFF-Conj,300000,rare_014,2,rare,0.0779,0.0294,0,0,0.0009,0.0009,0.1082,0,0,0,0,0,0,1172,0,1172,39,24,1,1,20260711
E2,3,XEBFF-Conj,300000,common_027,2,common,168.695,77.1623,0,0,29.1306,29.1306,274.988,0,0,0,0,0,0,2968052,0,2968052,1795784,61834,51308,1,20260711
E2,3,XEBFF-Conj,300000,rare_007,2,rare,1.2494,0.541,0,0,0.0151,0.0151,1.8055,0,0,0,0,0,0,21476,0,21476,319,447,9,1,20260711
E2,3,XEBFF-Conj,300000,common_021,2,common,33.9177,16.9181,0,0,7.7055,7.7055,58.5413,0,0,0,0,0,0,609092,0,609092,353224,12689,10092,1,20260711
E2,3,XEBFF-Conj,300000,rare_010,2,rare,0.945,0.3975,0,0,0.0136,0.0136,1.3561,0,0,0,0,0,0,16196,0,16196,424,337,12,1,20260711
E2,3,XEBFF-Conj,300000,common_011,2,common,200.23,88.7753,0,0,42.4335,42.4335,331.439,0,0,0,0,0,0,3532052,0,3532052,2550174,73584,72862,1,20260711
E2,3,XEBFF-Conj,300000,medium_006,2,medium,0.0591,0.0115,0,0,0.0117,0.0117,0.0823,0,0,0,0,0,0,404,0,404,284,8,8,1,20260711
E2,3,XEBFF-Conj,300000,medium_022,2,medium,1.266,0.5741,0,0,0.0063,0.0063,1.8464,0,0,0,0,0,0,22580,0,22580,284,470,8,1,20260711
E2,3,XEBFF-Conj,300000,common_006,2,common,37.8799,17.0768,0,0,9.242,9.242,64.1987,0,0,0,0,0,0,666548,0,666548,486014,13886,13886,1,20260711
E2,3,XEBFF-Conj,300000,common_003,2,common,31.1549,13.6072,0,0,2.886,2.886,47.6481,0,0,0,0,0,0,546260,0,546260,180709,11380,5163,1,20260711
E2,3,XEBFF-Conj,300000,common_023,2,common,77.0306,34.1444,0,0,16.4125,16.4125,127.588,0,0,0,0,0,0,1340324,0,1340324,977309,27923,27923,1,20260711
E2,3,XEBFF-Conj,300000,medium_001,2,medium,4.2985,1.887,0,0,0.0182,0.0182,6.2037,0,0,0,0,0,0,77396,0,77396,669,1612,19,1,20260711
E2,3,XEBFF-Conj,300000,common_013,2,common,76.8874,34.4753,0,0,13.1539,13.1539,124.517,0,0,0,0,0,0,1340324,0,1340324,822294,27923,23494,1,20260711
E2,3,XEBFF-Conj,300000,rare_020,2,rare,0.8699,0.3742,0,0,0.007,0.007,1.2511,0,0,0,0,0,0,15188,0,15188,109,316,3,1,20260711
E2,3,XEBFF-Conj,300000,common_009,2,common,170.686,77.7845,0,0,20.414,20.414,268.885,0,0,0,0,0,0,2968052,0,2968052,1225704,61834,35020,1,20260711
E2,3,XEBFF-Conj,300000,common_017,2,common,65.6642,29.5237,0,0,5.6911,5.6911,100.879,0,0,0,0,0,0,1152020,0,1152020,356164,24000,10176,1,20260711
E2,3,XEBFF-Conj,300000,common_007,2,common,17.2183,7.7424,0,0,3.1287,3.1287,28.0894,0,0,0,0,0,0,308132,0,308132,194954,6419,5570,1,20260711
E2,3,XEBFF-Conj,300000,rare_003,2,rare,2.0113,0.7888,0,0,0.0069,0.0069,2.807,0,0,0,0,0,0,28676,0,28676,39,597,1,1,20260711
E2,3,XEBFF-Conj,300000,common_005,2,common,42.3254,18.6572,0,0,6.9564,6.9564,67.939,0,0,0,0,0,0,741716,0,741716,436524,15452,12472,1,20260711
E2,3,XEBFF-Conj,300000,medium_007,2,medium,6.0829,2.3411,0,0,0.0224,0.0224,8.4464,0,0,0,0,0,0,95204,0,95204,739,1983,21,1,20260711
E2,3,XEBFF-Conj,300000,rare_000,2,rare,0.0602,0.0202,0,0,0.0009,0.0009,0.0813,0,0,0,0,0,0,836,0,836,39,17,1,1,20260711
E2,3,XEBFF-Conj,300000,common_025,2,common,110.131,50.4746,0,0,17.6966,17.6966,178.303,0,0,0,0,0,0,1940996,0,1940996,1096414,40437,31326,1,20260711
E2,3,XEBFF-Conj,300000,medium_015,2,medium,8.6168,4.0241,0,0,0.0249,0.0249,12.6658,0,0,0,0,0,0,155540,0,155540,844,3240,24,1,20260711
E2,3,XEBFF-Conj,300000,common_024,2,common,86.3291,42.4936,0,0,17.9671,17.9671,146.79,0,0,0,0,0,0,1531412,0,1531412,1116644,31904,31904,1,20260711
E2,3,XEBFF-Conj,300000,rare_013,2,rare,0.0898,0.0267,0,0,0.008,0.008,0.1245,0,0,0,0,0,0,1028,0,1028,109,21,3,1,20260711
E2,3,XEBFF-Conj,300000,medium_018,2,medium,1.3385,0.5929,0,0,0.0104,0.0104,1.9418,0,0,0,0,0,0,24116,0,24116,424,502,12,1,20260711
E2,3,XEBFF-Conj,300000,rare_004,2,rare,0.4644,0.2005,0,0,0.0016,0.0016,0.6665,0,0,0,0,0,0,8276,0,8276,74,172,2,1,20260711
E2,3,XEBFF-Conj,300000,rare_008,2,rare,1.7274,0.8177,0,0,0.0104,0.0104,2.5555,0,0,0,0,0,0,30932,0,30932,459,644,13,1,20260711
E2,3,XEBFF-Conj,300000,rare_019,2,rare,0.0402,0.0117,0,0,0.0033,0.0033,0.0552,0,0,0,0,0,0,452,0,452,144,9,4,1,20260711
E2,3,XEBFF-Conj,300000,medium_024,2,medium,10.4482,4.582,0,0,0.0426,0.0426,15.0728,0,0,0,0,0,0,185108,0,185108,1824,3856,52,1,20260711
E2,3,XEBFF-Conj,300000,common_012,2,common,41.3065,18.8106,0,0,9.0398,9.0398,69.1569,0,0,0,0,0,0,741716,0,741716,540824,15452,15452,1,20260711
E2,3,XEBFF-Conj,300000,rare_002,2,rare,0.1016,0.0302,0,0,0.0062,0.0062,0.138,0,0,0,0,0,0,1172,0,1172,39,24,1,1,20260711
E2,3,XEBFF-Conj,300000,medium_019,2,medium,1.1717,0.4685,0,0,0.0705,0.0705,1.7107,0,0,0,0,0,0,18884,0,18884,3889,393,111,1,20260711
E2,3,XEBFF-Conj,300000,rare_016,2,rare,0.9485,0.4038,0,0,0.0039,0.0039,1.3562,0,0,0,0,0,0,16580,0,16580,144,345,4,1,20260711
E2,3,XEBFF-Conj,300000,common_001,2,common,67.4945,30.1086,0,0,10.7294,10.7294,108.332,0,0,0,0,0,0,1185572,0,1185572,654574,24699,18702,1,20260711
E2,3,XEBFF-Conj,300000,rare_006,2,rare,0.042,0.0047,0,0,0.0064,0.0064,0.0531,0,0,0,0,0,0,164,0,164,39,3,1,1,20260711
E2,3,XEBFF-Conj,300000,common_022,2,common,167.701,75.9786,0,0,9.9349,9.9349,253.614,0,0,0,0,0,0,2968052,0,2968052,579009,61834,16543,1,20260711
E2,3,XEBFF-Conj,300000,medium_004,2,medium,0.2232,0.0906,0,0,0.0374,0.0374,0.3512,0,0,0,0,0,0,3476,0,3476,1859,72,53,1,20260711
E2,3,XEBFF-Conj,300000,medium_010,2,medium,10.0004,4.3885,0,0,0.0224,0.0224,14.4113,0,0,0,0,0,0,178580,0,178580,914,3720,26,1,20260711
E2,3,XEBFF-Conj,300000,medium_002,2,medium,11.5389,4.8101,0,0,0.0455,0.0455,16.3945,0,0,0,0,0,0,195764,0,195764,1929,4078,55,1,20260711
E2,3,XEBFF-Conj,300000,common_019,2,common,86.7738,38.013,0,0,15.3513,15.3513,140.138,0,0,0,0,0,0,1531412,0,1531412,935799,31904,26737,1,20260711
E2,3,XEBFF-Conj,300000,medium_013,2,medium,3.5717,1.2413,0,0,0.0537,0.0537,4.8667,0,0,0,0,0,0,50324,0,50324,2349,1048,67,1,20260711
E2,3,XEBFF-Conj,300000,medium_021,2,medium,11.8744,5.1775,0,0,0.1018,0.1018,17.1537,0,0,0,0,0,0,209732,0,209732,4799,4369,137,1,20260711
E2,3,XEBFF-Conj,300000,medium_023,2,medium,15.6947,6.8317,0,0,0.0774,0.0774,22.6038,0,0,0,0,0,0,278612,0,278612,3644,5804,104,1,20260711
E2,3,XEBFF-Conj,300000,common_004,2,common,30.8517,14.1362,0,0,3.2072,3.2072,48.1951,0,0,0,0,0,0,546260,0,546260,181969,11380,5199,1,20260711
E2,3,XEBFF-Conj,300000,common_018,2,common,66.4079,29.0091,0,0,13.6149,13.6149,109.032,0,0,0,0,0,0,1152020,0,1152020,839339,24000,23981,1,20260711
E2,3,XEBFF-Conj,300000,rare_001,2,rare,0.1502,0.0506,0,0,0.0063,0.0063,0.2071,0,0,0,0,0,0,1988,0,1988,74,41,2,1,20260711
E2,3,XEBFF-Conj,300000,rare_011,2,rare,1.8561,0.8131,0,0,0.002,0.002,2.6712,0,0,0,0,0,0,33188,0,33188,74,691,2,1,20260711
E2,3,XEBFF-Conj,300000,rare_018,2,rare,0.0459,0.0148,0,0,0.001,0.001,0.0617,0,0,0,0,0,0,596,0,596,39,12,1,1,20260711
E2,3,XEBFF-Conj,300000,rare_024,2,rare,0.0169,0.0023,0,0,0.0009,0.0009,0.0201,0,0,0,0,0,0,68,0,68,39,1,1,1,20260711
E2,3,XEBFF-Conj,300000,rare_012,2,rare,1.3948,0.6111,0,0,0.0017,0.0017,2.0076,0,0,0,0,0,0,25076,0,25076,74,522,2,1,20260711
E2,3,XEBFF-Conj,300000,rare_009,2,rare,0.0242,0.0053,0,0,0.0008,0.0008,0.0303,0,0,0,0,0,0,212,0,212,39,4,1,1,20260711
E2,3,XEBFF-Conj,300000,rare_015,2,rare,0.0297,0.011,0,0,0.0011,0.0011,0.0418,0,0,0,0,0,0,308,0,308,39,6,1,1,20260711
E2,3,XEBFF-Conj,300000,common_008,2,common,30.3816,18.4721,0,0,3.1592,3.1592,52.0129,0,0,0,0,0,0,527108,0,527108,196214,10981,5606,1,20260711
E2,3,XEBFF-Conj,300000,medium_009,2,medium,5.3683,2.3637,0,0,0.0149,0.0149,7.7469,0,0,0,0,0,0,97220,0,97220,494,2025,14,1,20260711
E2,3,XEBFF-Conj,300000,rare_017,2,rare,0.0471,0.0147,0,0,0.0009,0.0009,0.0627,0,0,0,0,0,0,596,0,596,39,12,1,1,20260711
E2,3,XEBFF-Conj,300000,common_000,2,common,112.137,50.2636,0,0,13.1456,13.1456,175.546,0,0,0,0,0,0,1971284,0,1971284,765069,41068,21859,1,20260711
E2,3,XEBFF-Conj,300000,common_010,2,common,94.5773,41.9746,0,0,14.8973,14.8973,151.449,0,0,0,0,0,0,1656836,0,1656836,915499,34517,26157,1,20260711
E2,3,XEBFF-Conj,300000,medium_017,2,medium,3.4435,1.4902,0,0,0.0177,0.0177,4.9514,0,0,0,0,0,0,59828,0,59828,494,1246,14,1,20260711
E2,3,XEBFF-Conj,300000,medium_003,2,medium,0.8781,0.3822,0,0,0.0126,0.0126,1.2729,0,0,0,0,0,0,15668,0,15668,634,326,18,1,20260711
E2,3,XEBFF-Conj,300000,medium_014,2,medium,0.9143,0.4018,0,0,0.0159,0.0159,1.332,0,0,0,0,0,0,16292,0,16292,809,339,23,1,20260711
E2,3,XEBFF-Conj,300000,rare_005,2,rare,0.1804,0.0751,0,0,0.0026,0.0026,0.2581,0,0,0,0,0,0,3044,0,3044,109,63,3,1,20260711
E2,3,XEBFF-Conj,300000,medium_025,2,medium,12.1062,5.2199,0,0,0.0464,0.0464,17.3725,0,0,0,0,0,0,209732,0,209732,1894,4369,54,1,20260711
E2,3,XEBFF-Conj,300000,medium_012,2,medium,2.3108,0.906,0,0,0.0281,0.0281,3.2449,0,0,0,0,0,0,36980,0,36980,1124,770,32,1,20260711
E2,3,XEBFF-Conj,300000,rare_021,2,rare,0.0173,0.0017,0,0,0.0009,0.0009,0.0199,0,0,0,0,0,0,68,0,68,39,1,1,1,20260711
E2,3,XEBFF-Conj,300000,medium_016,2,medium,0.5926,0.2606,0,0,0.0582,0.0582,0.9114,0,0,0,0,0,0,10532,0,10532,3364,219,96,1,20260711
E2,3,XEBFF-Conj,300000,medium_011,2,medium,3.4176,1.4179,0,0,0.0195,0.0195,4.855,0,0,0,0,0,0,57476,0,57476,669,1197,19,1,20260711
E2,3,Doris,300000,rare_022,2,rare,1.9638,0.8719,0,0,0.0047,0.0047,2.8404,0,0,0,0,0,0,35108,0,35108,109,731,3,1,20260711
E2,3,Doris,300000,common_026,2,common,197.056,95.7479,0,0,29.8328,29.8328,322.637,0,0,0,0,0,0,3473780,0,3473780,1783954,72370,50970,1,20260711
E2,3,Doris,300000,rare_023,2,rare,0.0758,0.0226,0,0,0.0061,0.0061,0.1045,0,0,0,0,0,0,836,0,836,39,17,1,1,20260711
E2,3,Doris,300000,medium_008,2,medium,2.961,1.355,0,0,0.0097,0.0097,4.3257,0,0,0,0,0,0,53252,0,53252,354,1109,10,1,20260711
E2,3,Doris,300000,common_020,2,common,87.1835,40.9485,0,0,14.9639,14.9639,143.096,0,0,0,0,0,0,1538276,0,1538276,939474,32047,26842,1,20260711
E2,3,Doris,300000,medium_020,2,medium,1.1257,0.4976,0,0,0.0468,0.0468,1.6701,0,0,0,0,0,0,19892,0,19892,2279,414,65,1,20260711
E2,3,Doris,300000,common_015,2,common,34.0626,15.3948,0,0,4.757,4.757,54.2144,0,0,0,0,0,0,609092,0,609092,283994,12689,8114,1,20260711
E2,3,Doris,300000,common_002,2,common,84.4335,37.9251,0,0,12.4337,12.4337,134.792,0,0,0,0,0,0,1442420,0,1442420,769724,30050,21992,1,20260711
E2,3,Doris,300000,medium_005,2,medium,3.9935,1.7214,0,0,0.0264,0.0264,5.7413,0,0,0,0,0,0,69092,0,69092,844,1439,24,1,20260711
E2,3,Doris,300000,medium_000,2,medium,3.3567,1.6082,0,0,0.0663,0.0663,5.0312,0,0,0,0,0,0,56420,0,56420,3224,1175,92,1,20260711
E2,3,Doris,300000,common_016,2,common,34.3832,15.778,0,0,4.5999,4.5999,54.7611,0,0,0,0,0,0,609092,0,609092,287914,12689,8226,1,20260711
E2,3,Doris,300000,common_014,2,common,81.4699,37.4768,0,0,10.416,10.416,129.363,0,0,0,0,0,0,1442420,0,1442420,644529,30050,18415,1,20260711
E2,3,Doris,300000,rare_025,2,rare,0.061,0.0188,0,0,0.0071,0.0071,0.0869,0,0,0,0,0,0,692,0,692,109,14,3,1,20260711
E2,3,Doris,300000,rare_014,2,rare,0.0737,0.0294,0,0,0.0009,0.0009,0.104,0,0,0,0,0,0,1172,0,1172,39,24,1,1,20260711
E2,3,Doris,300000,common_027,2,common,169.139,77.2231,0,0,29.4441,29.4441,275.806,0,0,0,0,0,0,2968052,0,2968052,1795784,61834,51308,1,20260711
E2,3,Doris,300000,rare_007,2,rare,1.2615,0.5616,0,0,0.0155,0.0155,1.8386,0,0,0,0,0,0,21476,0,21476,319,447,9,1,20260711
E2,3,Doris,300000,common_021,2,common,35.6693,16.3176,0,0,5.6981,5.6981,57.685,0,0,0,0,0,0,609092,0,609092,353224,12689,10092,1,20260711
E2,3,Doris,300000,rare_010,2,rare,0.9224,0.4029,0,0,0.0168,0.0168,1.3421,0,0,0,0,0,0,16196,0,16196,424,337,12,1,20260711
E2,3,Doris,300000,common_011,2,common,201.297,91.3912,0,0,42.6497,42.6497,335.338,0,0,0,0,0,0,3532052,0,3532052,2550174,73584,72862,1,20260711
E2,3,Doris,300000,medium_006,2,medium,0.0526,0.0117,0,0,0.0138,0.0138,0.0781,0,0,0,0,0,0,404,0,404,284,8,8,1,20260711
E2,3,Doris,300000,medium_022,2,medium,1.3437,0.6205,0,0,0.0082,0.0082,1.9724,0,0,0,0,0,0,22580,0,22580,284,470,8,1,20260711
E2,3,Doris,300000,common_006,2,common,36.8681,17.2044,0,0,8.0227,8.0227,62.0952,0,0,0,0,0,0,666548,0,666548,486014,13886,13886,1,20260711
E2,3,Doris,300000,common_003,2,common,32.6087,14.5982,0,0,3.0844,3.0844,50.2913,0,0,0,0,0,0,546260,0,546260,180709,11380,5163,1,20260711
E2,3,Doris,300000,common_023,2,common,76.7761,34.6071,0,0,15.6583,15.6583,127.041,0,0,0,0,0,0,1340324,0,1340324,977309,27923,27923,1,20260711
E2,3,Doris,300000,medium_001,2,medium,4.3188,1.9219,0,0,0.0215,0.0215,6.2622,0,0,0,0,0,0,77396,0,77396,669,1612,19,1,20260711
E2,3,Doris,300000,common_013,2,common,75.9625,35.2492,0,0,13.6418,13.6418,124.853,0,0,0,0,0,0,1340324,0,1340324,822294,27923,23494,1,20260711
E2,3,Doris,300000,rare_020,2,rare,0.8719,0.3798,0,0,0.0073,0.0073,1.259,0,0,0,0,0,0,15188,0,15188,109,316,3,1,20260711
E2,3,Doris,300000,common_009,2,common,168.255,76.9788,0,0,19.9292,19.9292,265.163,0,0,0,0,0,0,2968052,0,2968052,1225704,61834,35020,1,20260711
E2,3,Doris,300000,common_017,2,common,65.3141,29.3596,0,0,6.0789,6.0789,100.753,0,0,0,0,0,0,1152020,0,1152020,356164,24000,10176,1,20260711
E2,3,Doris,300000,common_007,2,common,17.5361,8.0692,0,0,3.5676,3.5676,29.1729,0,0,0,0,0,0,308132,0,308132,194954,6419,5570,1,20260711
E2,3,Doris,300000,rare_003,2,rare,1.6041,0.7101,0,0,0.0028,0.0028,2.317,0,0,0,0,0,0,28676,0,28676,39,597,1,1,20260711
E2,3,Doris,300000,common_005,2,common,42.293,19.3354,0,0,7.2292,7.2292,68.8576,0,0,0,0,0,0,741716,0,741716,436524,15452,12472,1,20260711
E2,3,Doris,300000,medium_007,2,medium,5.3633,2.6738,0,0,0.0244,0.0244,8.0615,0,0,0,0,0,0,95204,0,95204,739,1983,21,1,20260711
E2,3,Doris,300000,rare_000,2,rare,0.0571,0.0217,0,0,0.0012,0.0012,0.08,0,0,0,0,0,0,836,0,836,39,17,1,1,20260711
E2,3,Doris,300000,common_025,2,common,110.074,49.22,0,0,18.1568,18.1568,177.451,0,0,0,0,0,0,1940996,0,1940996,1096414,40437,31326,1,20260711
E2,3,Doris,300000,medium_015,2,medium,8.9212,3.8464,0,0,0.023,0.023,12.7906,0,0,0,0,0,0,155540,0,155540,844,3240,24,1,20260711
E2,3,Doris,300000,common_024,2,common,90.065,44.2115,0,0,18.2883,18.2883,152.565,0,0,0,0,0,0,1531412,0,1531412,1116644,31904,31904,1,20260711
E2,3,Doris,300000,rare_013,2,rare,0.0825,0.0275,0,0,0.0088,0.0088,0.1188,0,0,0,0,0,0,1028,0,1028,109,21,3,1,20260711
E2,3,Doris,300000,medium_018,2,medium,1.3381,0.5958,0,0,0.0102,0.0102,1.9441,0,0,0,0,0,0,24116,0,24116,424,502,12,1,20260711
E2,3,Doris,300000,rare_004,2,rare,0.4617,0.238,0,0,0.0017,0.0017,0.7014,0,0,0,0,0,0,8276,0,8276,74,172,2,1,20260711
E2,3,Doris,300000,rare_008,2,rare,1.7444,0.7603,0,0,0.0101,0.0101,2.5148,0,0,0,0,0,0,30932,0,30932,459,644,13,1,20260711
E2,3,Doris,300000,rare_019,2,rare,0.0297,0.0118,0,0,0.0029,0.0029,0.0444,0,0,0,0,0,0,452,0,452,144,9,4,1,20260711
E2,3,Doris,300000,medium_024,2,medium,10.4269,4.7006,0,0,0.2102,0.2102,15.3377,0,0,0,0,0,0,185108,0,185108,1824,3856,52,1,20260711
E2,3,Doris,300000,common_012,2,common,42.5731,19.1916,0,0,9.1689,9.1689,70.9336,0,0,0,0,0,0,741716,0,741716,540824,15452,15452,1,20260711
E2,3,Doris,300000,rare_002,2,rare,0.0873,0.0302,0,0,0.0031,0.0031,0.1206,0,0,0,0,0,0,1172,0,1172,39,24,1,1,20260711
E2,3,Doris,300000,medium_019,2,medium,1.1144,0.4662,0,0,0.0693,0.0693,1.6499,0,0,0,0,0,0,18884,0,18884,3889,393,111,1,20260711
E2,3,Doris,300000,rare_016,2,rare,0.9279,0.4074,0,0,0.0034,0.0034,1.3387,0,0,0,0,0,0,16580,0,16580,144,345,4,1,20260711
E2,3,Doris,300000,common_001,2,common,68.2175,29.9306,0,0,11.1656,11.1656,109.314,0,0,0,0,0,0,1185572,0,1185572,654574,24699,18702,1,20260711
E2,3,Doris,300000,rare_006,2,rare,0.0358,0.0049,0,0,0.006,0.006,0.0467,0,0,0,0,0,0,164,0,164,39,3,1,1,20260711
E2,3,Doris,300000,common_022,2,common,176.73,75.9553,0,0,9.4773,9.4773,262.162,0,0,0,0,0,0,2968052,0,2968052,579009,61834,16543,1,20260711
E2,3,Doris,300000,medium_004,2,medium,0.2167,0.089,0,0,0.0395,0.0395,0.3452,0,0,0,0,0,0,3476,0,3476,1859,72,53,1,20260711
E2,3,Doris,300000,medium_010,2,medium,10.0075,4.568,0,0,0.0218,0.0218,14.5973,0,0,0,0,0,0,178580,0,178580,914,3720,26,1,20260711
E2,3,Doris,300000,medium_002,2,medium,10.8933,5.0372,0,0,0.0449,0.0449,15.9754,0,0,0,0,0,0,195764,0,195764,1929,4078,55,1,20260711
E2,3,Doris,300000,common_019,2,common,87.5828,40.5737,0,0,15.1422,15.1422,143.299,0,0,0,0,0,0,1531412,0,1531412,935799,31904,26737,1,20260711
E2,3,Doris,300000,medium_013,2,medium,2.9742,1.2364,0,0,0.0519,0.0519,4.2625,0,0,0,0,0,0,50324,0,50324,2349,1048,67,1,20260711
E2,3,Doris,300000,medium_021,2,medium,11.7398,5.2269,0,0,0.0935,0.0935,17.0602,0,0,0,0,0,0,209732,0,209732,4799,4369,137,1,20260711
E2,3,Doris,300000,medium_023,2,medium,15.9869,7.4267,0,0,0.0789,0.0789,23.4925,0,0,0,0,0,0,278612,0,278612,3644,5804,104,1,20260711
E2,3,Doris,300000,common_004,2,common,32.2439,13.7962,0,0,3.5393,3.5393,49.5794,0,0,0,0,0,0,546260,0,546260,181969,11380,5199,1,20260711
E2,3,Doris,300000,common_018,2,common,65.8875,29.8272,0,0,13.9506,13.9506,109.665,0,0,0,0,0,0,1152020,0,1152020,839339,24000,23981,1,20260711
E2,3,Doris,300000,rare_001,2,rare,0.1312,0.0508,0,0,0.0046,0.0046,0.1866,0,0,0,0,0,0,1988,0,1988,74,41,2,1,20260711
E2,3,Doris,300000,rare_011,2,rare,1.8402,0.813,0,0,0.0024,0.0024,2.6556,0,0,0,0,0,0,33188,0,33188,74,691,2,1,20260711
E2,3,Doris,300000,rare_018,2,rare,0.0406,0.0152,0,0,0.0009,0.0009,0.0567,0,0,0,0,0,0,596,0,596,39,12,1,1,20260711
E2,3,Doris,300000,rare_024,2,rare,0.0087,0.0016,0,0,0.0008,0.0008,0.0111,0,0,0,0,0,0,68,0,68,39,1,1,1,20260711
E2,3,Doris,300000,rare_012,2,rare,1.3817,0.7453,0,0,0.0035,0.0035,2.1305,0,0,0,0,0,0,25076,0,25076,74,522,2,1,20260711
E2,3,Doris,300000,rare_009,2,rare,0.0188,0.0052,0,0,0.001,0.001,0.025,0,0,0,0,0,0,212,0,212,39,4,1,1,20260711
E2,3,Doris,300000,rare_015,2,rare,0.0256,0.0115,0,0,0.0008,0.0008,0.0379,0,0,0,0,0,0,308,0,308,39,6,1,1,20260711
E2,3,Doris,300000,common_008,2,common,29.8308,13.7702,0,0,3.2131,3.2131,46.8141,0,0,0,0,0,0,527108,0,527108,196214,10981,5606,1,20260711
E2,3,Doris,300000,medium_009,2,medium,5.6043,2.4343,0,0,0.018,0.018,8.0566,0,0,0,0,0,0,97220,0,97220,494,2025,14,1,20260711
E2,3,Doris,300000,rare_017,2,rare,0.0414,0.0147,0,0,0.0009,0.0009,0.057,0,0,0,0,0,0,596,0,596,39,12,1,1,20260711
E2,3,Doris,300000,common_000,2,common,117.554,50.5982,0,0,12.4474,12.4474,180.6,0,0,0,0,0,0,1971284,0,1971284,765069,41068,21859,1,20260711
E2,3,Doris,300000,common_010,2,common,93.9246,42.8313,0,0,14.9339,14.9339,151.69,0,0,0,0,0,0,1656836,0,1656836,915499,34517,26157,1,20260711
E2,3,Doris,300000,medium_017,2,medium,3.7275,1.4781,0,0,0.0187,0.0187,5.2243,0,0,0,0,0,0,59828,0,59828,494,1246,14,1,20260711
E2,3,Doris,300000,medium_003,2,medium,0.8938,0.3924,0,0,0.0132,0.0132,1.2994,0,0,0,0,0,0,15668,0,15668,634,326,18,1,20260711
E2,3,Doris,300000,medium_014,2,medium,0.909,0.4049,0,0,0.0155,0.0155,1.3294,0,0,0,0,0,0,16292,0,16292,809,339,23,1,20260711
E2,3,Doris,300000,rare_005,2,rare,0.173,0.0753,0,0,0.0022,0.0022,0.2505,0,0,0,0,0,0,3044,0,3044,109,63,3,1,20260711
E2,3,Doris,300000,medium_025,2,medium,11.6686,5.2858,0,0,0.0488,0.0488,17.0032,0,0,0,0,0,0,207476,0,207476,1894,4322,54,1,20260711
E2,3,Doris,300000,medium_012,2,medium,2.0373,0.9143,0,0,0.0248,0.0248,2.9764,0,0,0,0,0,0,36980,0,36980,1124,770,32,1,20260711
E2,3,Doris,300000,rare_021,2,rare,0.0087,0.0017,0,0,0.0009,0.0009,0.0113,0,0,0,0,0,0,68,0,68,39,1,1,1,20260711
E2,3,Doris,300000,medium_016,2,medium,0.6098,0.2632,0,0,0.0574,0.0574,0.9304,0,0,0,0,0,0,10532,0,10532,3364,219,96,1,20260711
E2,3,Doris,300000,medium_011,2,medium,3.2826,1.7047,0,0,0.0199,0.0199,5.0072,0,0,0,0,0,0,57476,0,57476,669,1197,19,1,20260711
E2,3,Ren,300000,rare_022,2,rare,0.0175,0.7636,0,0,0.0046,0.0046,0.7857,0,0,0,0,0,0,116,0,116,125,731,3,1,20260711
E2,3,Ren,300000,common_026,2,common,0.0078,79.5576,0,0,28.9917,28.9917,108.557,0,0,0,0,0,0,116,0,116,1987838,72370,50970,1,20260711
E2,3,Ren,300000,rare_023,2,rare,0.0236,0.0204,0,0,0.0069,0.0069,0.0509,0,0,0,0,0,0,116,0,116,47,17,1,1,20260711
E2,3,Ren,300000,medium_008,2,medium,0.0077,1.1773,0,0,0.007,0.007,1.192,0,0,0,0,0,0,116,0,116,398,1109,10,1,20260711
E2,3,Ren,300000,common_020,2,common,0.0087,35.2225,0,0,15.8726,15.8726,51.1038,0,0,0,0,0,0,116,0,116,1046846,32047,26842,1,20260711
E2,3,Ren,300000,medium_020,2,medium,0.0207,0.4562,0,0,0.0407,0.0407,0.5176,0,0,0,0,0,0,116,0,116,2543,414,65,1,20260711
E2,3,Ren,300000,common_015,2,common,0.0077,17.2561,0,0,4.3844,4.3844,21.6482,0,0,0,0,0,0,116,0,116,316454,12689,8114,1,20260711
E2,3,Ren,300000,common_002,2,common,0.0211,33.4677,0,0,12.5116,12.5116,46.0004,0,0,0,0,0,0,116,0,116,857696,30050,21992,1,20260711
E2,3,Ren,300000,medium_005,2,medium,0.0194,1.5039,0,0,0.0176,0.0176,1.5409,0,0,0,0,0,0,116,0,116,944,1439,24,1,20260711
E2,3,Ren,300000,medium_000,2,medium,0.0075,1.2186,0,0,0.0513,0.0513,1.2774,0,0,0,0,0,0,116,0,116,3596,1175,92,1,20260711
E2,3,Ren,300000,common_016,2,common,0.0079,13.7746,0,0,4.4309,4.4309,18.2134,0,0,0,0,0,0,116,0,116,320822,12689,8226,1,20260711
E2,3,Ren,300000,common_014,2,common,0.0137,33.3963,0,0,10.5479,10.5479,43.9579,0,0,0,0,0,0,116,0,116,718193,30050,18415,1,20260711
E2,3,Ren,300000,rare_025,2,rare,0.0192,0.0168,0,0,0.0071,0.0071,0.0431,0,0,0,0,0,0,116,0,116,125,14,3,1,20260711
E2,3,Ren,300000,rare_014,2,rare,0.0076,0.085,0,0,0.0018,0.0018,0.0944,0,0,0,0,0,0,116,0,116,47,24,1,1,20260711
E2,3,Ren,300000,common_027,2,common,0.0081,69.0086,0,0.0001,29.2443,29.2443,98.261,0,0,0,0,0,0,116,0,116,2001020,61834,51308,1,20260711
E2,3,Ren,300000,rare_007,2,rare,0.0234,0.7957,0,0.0001,0.0152,0.0152,0.8343,0,0,0,0,0,0,116,0,116,359,447,9,1,20260711
E2,3,Ren,300000,common_021,2,common,0.014,14.4015,0,0,5.7166,5.7166,20.1321,0,0,0,0,0,0,116,0,116,393596,12689,10092,1,20260711
E2,3,Ren,300000,rare_010,2,rare,0.0201,0.368,0,0,0.0133,0.0133,0.4014,0,0,0,0,0,0,116,0,116,476,337,12,1,20260711
E2,3,Ren,300000,common_011,2,common,0.0079,79.6272,0,0,41.0275,41.0275,120.663,0,0,0,0,0,0,116,0,116,2841626,73584,72862,1,20260711
E2,3,Ren,300000,medium_006,2,medium,0.0237,0.0119,0,0,0.0123,0.0123,0.0479,0,0,0,0,0,0,116,0,116,320,8,8,1,20260711
E2,3,Ren,300000,medium_022,2,medium,0.008,0.5044,0,0,0.0049,0.0049,0.5173,0,0,0,0,0,0,116,0,116,320,470,8,1,20260711
E2,3,Ren,300000,common_006,2,common,0.0074,16.1007,0,0.0001,7.8116,7.8116,23.9197,0,0,0,0,0,0,116,0,116,541562,13886,13886,1,20260711
E2,3,Ren,300000,common_003,2,common,0.019,12.856,0,0,2.8546,2.8546,15.7296,0,0,0,0,0,0,116,0,116,201365,11380,5163,1,20260711
E2,3,Ren,300000,common_023,2,common,0.0141,30.4846,0,0.0001,15.9557,15.9557,46.4544,0,0,0,0,0,0,116,0,116,1089005,27923,27923,1,20260711
E2,3,Ren,300000,medium_001,2,medium,0.019,1.6921,0,0.0001,0.015,0.015,1.7261,0,0,0,0,0,0,116,0,116,749,1612,19,1,20260711
E2,3,Ren,300000,common_013,2,common,0.0079,31.9172,0,0,13.3297,13.3297,45.2548,0,0,0,0,0,0,116,0,116,916274,27923,23494,1,20260711
E2,3,Ren,300000,rare_020,2,rare,0.0223,0.3379,0,0,0.0096,0.0096,0.3698,0,0,0,0,0,0,116,0,116,125,316,3,1,20260711
E2,3,Ren,300000,common_009,2,common,0.0079,68.9039,0,0.0001,19.2702,19.2702,88.182,0,0,0,0,0,0,116,0,116,1365788,61834,35020,1,20260711
E2,3,Ren,300000,common_017,2,common,0.0211,28.4282,0,0.0001,5.5535,5.5535,34.0028,0,0,0,0,0,0,116,0,116,396872,24000,10176,1,20260711
E2,3,Ren,300000,common_007,2,common,0.0213,7.6809,0,0,2.9991,2.9991,10.7013,0,0,0,0,0,0,116,0,116,217238,6419,5570,1,20260711
E2,3,Ren,300000,rare_003,2,rare,0.0152,0.6323,0,0,0.0048,0.0048,0.6523,0,0,0,0,0,0,116,0,116,47,597,1,1,20260711
E2,3,Ren,300000,common_005,2,common,0.0076,16.9631,0,0,7.2719,7.2719,24.2426,0,0,0,0,0,0,116,0,116,486416,15452,12472,1,20260711
E2,3,Ren,300000,medium_007,2,medium,0.0213,2.0571,0,0.0001,0.0189,0.0189,2.0973,0,0,0,0,0,0,116,0,116,827,1983,21,1,20260711
E2,3,Ren,300000,rare_000,2,rare,0.0085,0.0184,0,0,0.0007,0.0007,0.0276,0,0,0,0,0,0,116,0,116,47,17,1,1,20260711
E2,3,Ren,300000,common_025,2,common,0.0073,44.6413,0,0,17.3822,17.3822,62.0308,0,0,0,0,0,0,116,0,116,1221722,40437,31326,1,20260711
E2,3,Ren,300000,medium_015,2,medium,0.0202,3.7662,0,0,0.0224,0.0224,3.8088,0,0,0,0,0,0,116,0,116,944,3240,24,1,20260711
E2,3,Ren,300000,common_024,2,common,0.0119,35.3214,0,0,17.8236,17.8236,53.1569,0,0,0,0,0,0,116,0,116,1244264,31904,31904,1,20260711
E2,3,Ren,300000,rare_013,2,rare,0.0228,0.025,0,0,0.0093,0.0093,0.0571,0,0,0,0,0,0,116,0,116,125,21,3,1,20260711
E2,3,Ren,300000,medium_018,2,medium,0.0077,0.5403,0,0.0001,0.0081,0.0081,0.5561,0,0,0,0,0,0,116,0,116,476,502,12,1,20260711
E2,3,Ren,300000,rare_004,2,rare,0.0073,0.1878,0,0,0.0014,0.0014,0.1965,0,0,0,0,0,0,116,0,116,86,172,2,1,20260711
E2,3,Ren,300000,rare_008,2,rare,0.0074,0.6739,0,0,0.0079,0.0079,0.6892,0,0,0,0,0,0,116,0,116,515,644,13,1,20260711
E2,3,Ren,300000,rare_019,2,rare,0.0074,0.0103,0,0,0.0026,0.0026,0.0203,0,0,0,0,0,0,116,0,116,164,9,4,1,20260711
E2,3,Ren,300000,medium_024,2,medium,0.0073,4.0126,0,0,0.0314,0.0314,4.0513,0,0,0,0,0,0,116,0,116,2036,3856,52,1,20260711
E2,3,Ren,300000,common_012,2,common,0.0087,16.7972,0,0,8.8839,8.8839,25.6898,0,0,0,0,0,0,116,0,116,602636,15452,15452,1,20260711
E2,3,Ren,300000,rare_002,2,rare,0.021,0.0278,0,0.0001,0.004,0.004,0.0528,0,0,0,0,0,0,116,0,116,47,24,1,1,20260711
E2,3,Ren,300000,medium_019,2,medium,0.0076,0.4381,0,0,0.0616,0.0616,0.5073,0,0,0,0,0,0,116,0,116,4337,393,111,1,20260711
E2,3,Ren,300000,rare_016,2,rare,0.0076,0.3602,0,0,0.0026,0.0026,0.3704,0,0,0,0,0,0,116,0,116,164,345,4,1,20260711
E2,3,Ren,300000,common_001,2,common,0.0072,27.5971,0,0.0001,10.3688,10.3688,37.9731,0,0,0,0,0,0,116,0,116,729386,24699,18702,1,20260711
E2,3,Ren,300000,rare_006,2,rare,0.0199,0.0049,0,0,0.0082,0.0082,0.033,0,0,0,0,0,0,116,0,116,47,3,1,1,20260711
E2,3,Ren,300000,common_022,2,common,0.0075,66.8479,0,0,10.232,10.232,77.0874,0,0,0,0,0,0,116,0,116,645185,61834,16543,1,20260711
E2,3,Ren,300000,medium_004,2,medium,0.0194,0.0869,0,0,0.0322,0.0322,0.1385,0,0,0,0,0,0,116,0,116,2075,72,53,1,20260711
E2,3,Ren,300000,medium_010,2,medium,0.0077,3.8298,0,0.0001,0.0153,0.0153,3.8528,0,0,0,0,0,0,116,0,116,1022,3720,26,1,20260711
E2,3,Ren,300000,medium_002,2,medium,0.0083,4.1332,0,0,0.031,0.031,4.1725,0,0,0,0,0,0,116,0,116,2153,4078,55,1,20260711
E2,3,Ren,300000,common_019,2,common,0.0077,35.6758,0,0,14.8443,14.8443,50.5278,0,0,0,0,0,0,116,0,116,1042751,31904,26737,1,20260711
E2,3,Ren,300000,medium_013,2,medium,0.0207,1.1205,0,0,0.0415,0.0415,1.1827,0,0,0,0,0,0,116,0,116,2621,1048,67,1,20260711
E2,3,Ren,300000,medium_021,2,medium,0.0087,4.536,0,0,0.0785,0.0785,4.6232,0,0,0,0,0,0,116,0,116,5351,4369,137,1,20260711
E2,3,Ren,300000,medium_023,2,medium,0.0088,6.9234,0,0,0.0622,0.0622,6.9944,0,0,0,0,0,0,116,0,116,4064,5804,104,1,20260711
E2,3,Ren,300000,common_004,2,common,0.011,12.2448,0,0,2.8081,2.8081,15.0639,0,0,0,0,0,0,116,0,116,202769,11380,5199,1,20260711
E2,3,Ren,300000,common_018,2,common,0.0113,26.6143,0,0,13.6898,13.6898,40.3154,0,0,0,0,0,0,116,0,116,935267,24000,23981,1,20260711
E2,3,Ren,300000,rare_001,2,rare,0.019,0.0461,0,0,0.005,0.005,0.0701,0,0,0,0,0,0,116,0,116,86,41,2,1,20260711
E2,3,Ren,300000,rare_011,2,rare,0.0078,0.7246,0,0,0.0016,0.0016,0.734,0,0,0,0,0,0,116,0,116,86,691,2,1,20260711
E2,3,Ren,300000,rare_018,2,rare,0.0086,0.0133,0,0,0.001,0.001,0.0229,0,0,0,0,0,0,116,0,116,47,12,1,1,20260711
E2,3,Ren,300000,rare_024,2,rare,0.008,0.0016,0,0,0.0007,0.0007,0.0103,0,0,0,0,0,0,116,0,116,47,1,1,1,20260711
E2,3,Ren,300000,rare_012,2,rare,0.0072,0.5512,0,0,0.0014,0.0014,0.5598,0,0,0,0,0,0,116,0,116,86,522,2,1,20260711
E2,3,Ren,300000,rare_009,2,rare,0.0073,0.0048,0,0,0.0007,0.0007,0.0128,0,0,0,0,0,0,116,0,116,47,4,1,1,20260711
E2,3,Ren,300000,rare_015,2,rare,0.0072,0.0068,0,0,0.0007,0.0007,0.0147,0,0,0,0,0,0,116,0,116,47,6,1,1,20260711
E2,3,Ren,300000,common_008,2,common,0.0073,11.877,0,0,3.0286,3.0286,14.9129,0,0,0,0,0,0,116,0,116,218642,10981,5606,1,20260711
E2,3,Ren,300000,medium_009,2,medium,0.0162,2.1206,0,0.0001,0.0136,0.0136,2.1504,0,0,0,0,0,0,116,0,116,554,2025,14,1,20260711
E2,3,Ren,300000,rare_017,2,rare,0.0083,0.0133,0,0,0.0007,0.0007,0.0223,0,0,0,0,0,0,116,0,116,47,12,1,1,20260711
E2,3,Ren,300000,common_000,2,common,0.0073,45.985,0,0,12.1325,12.1325,58.1248,0,0,0,0,0,0,116,0,116,852509,41068,21859,1,20260711
E2,3,Ren,300000,common_010,2,common,0.0244,39.5661,0,0,14.5653,14.5653,54.1558,0,0,0,0,0,0,116,0,116,1020131,34517,26157,1,20260711
E2,3,Ren,300000,medium_017,2,medium,0.0201,1.2992,0,0,0.0129,0.0129,1.3322,0,0,0,0,0,0,116,0,116,554,1246,14,1,20260711
E2,3,Ren,300000,medium_003,2,medium,0.0078,0.3416,0,0,0.0107,0.0107,0.3601,0,0,0,0,0,0,116,0,116,710,326,18,1,20260711
E2,3,Ren,300000,medium_014,2,medium,0.0075,0.3599,0,0,0.0133,0.0133,0.3807,0,0,0,0,0,0,116,0,116,905,339,23,1,20260711
E2,3,Ren,300000,rare_005,2,rare,0.0073,0.0667,0,0.0001,0.002,0.002,0.076,0,0,0,0,0,0,116,0,116,125,63,3,1,20260711
E2,3,Ren,300000,medium_025,2,medium,0.0079,4.6873,0,0,0.0349,0.0349,4.7301,0,0,0,0,0,0,116,0,116,2114,4322,54,1,20260711
E2,3,Ren,300000,medium_012,2,medium,0.0105,0.79,0,0,0.0184,0.0184,0.8189,0,0,0,0,0,0,116,0,116,1256,770,32,1,20260711
E2,3,Ren,300000,rare_021,2,rare,0.0074,0.0017,0,0,0.0007,0.0007,0.0098,0,0,0,0,0,0,116,0,116,47,1,1,1,20260711
E2,3,Ren,300000,medium_016,2,medium,0.0072,0.2443,0,0,0.0527,0.0527,0.3042,0,0,0,0,0,0,116,0,116,3752,219,96,1,20260711
E2,3,Ren,300000,medium_011,2,medium,0.0073,1.2217,0,0.0001,0.0109,0.0109,1.2399,0,0,0,0,0,0,116,0,116,749,1197,19,1,20260711
E2,3,SliceBF,300000,rare_019,3,rare,0.0297,0.0999,1.3609,0.3448,0.0087,1.7144,1.844,1,150336,0,0,1,64,616,25280,620,175616,1,1,1,20260711
E2,3,SliceBF,300000,medium_007,3,medium,0.029,0.0966,1.2521,0.3436,0.0135,1.6092,1.7348,1,150336,0,0,1,64,616,25280,620,175616,1,1,1,20260711
E2,3,SliceBF,300000,rare_016,3,rare,0.0289,0.0998,1.8079,0.3418,0.0152,2.1649,2.2936,1,150336,0,0,1,64,616,41664,620,192000,1,1,1,20260711
E2,3,SliceBF,300000,common_005,3,common,0.0294,0.846,2.5319,0.3771,14.605,17.514,18.3894,1,150336,0,0,2449,156736,616,86830784,10412,86981120,3532,3532,1,20260711
E2,3,SliceBF,300000,common_021,3,common,0.0338,1.2461,2.4078,0.4309,43.3484,46.1871,47.467,1,150336,0,0,3654,233856,616,141615232,15232,141765568,9264,9264,1,20260711
E2,3,SliceBF,300000,medium_002,3,medium,0.0432,0.1049,2.0187,0.3416,0.0168,2.3771,2.5252,1,150336,0,0,1,64,616,25280,620,175616,1,1,1,20260711
E2,3,SliceBF,300000,common_009,3,common,0.0288,0.7832,2.4355,0.3963,28.7322,31.564,32.376,1,150336,0,0,2363,151232,616,103203392,10068,103353728,5420,5420,1,20260711
E2,3,SliceBF,300000,rare_021,3,rare,0.0424,0.1031,1.519,0.5236,0.0187,2.0613,2.2068,1,150336,0,0,1,64,616,25280,620,175616,1,1,1,20260711
E2,3,SliceBF,300000,rare_017,3,rare,0.033,0.0998,1.4529,0.3415,0.0102,1.8046,1.9374,1,150336,0,0,1,64,616,25280,620,175616,1,1,1,20260711
E2,3,SliceBF,300000,rare_005,3,rare,0.0292,0.0992,1.3248,0.3415,0.0137,1.68,1.8084,1,150336,0,0,1,64,616,41664,620,192000,1,1,1,20260711
E2,3,SliceBF,300000,rare_012,3,rare,0.0305,0.1023,1.8788,0.3426,0.0781,2.2995,2.4323,1,150336,0,0,14,896,616,583296,672,733632,14,14,1,20260711
E2,3,SliceBF,300000,medium_012,3,medium,0.0295,0.0975,2.0691,0.3414,0.0103,2.4208,2.5478,1,150336,0,0,1,64,616,41664,620,192000,1,1,1,20260711
E2,3,SliceBF,300000,common_019,3,common,0.0289,1.6872,2.4639,0.4813,62.2733,65.2185,66.9346,1,150336,0,0,4488,287232,616,162993664,18568,163144000,15472,15472,1,20260711
E2,3,SliceBF,300000,common_011,3,common,0.0434,1.4466,1.6949,0.4628,59.9926,62.1503,63.6403,1,150336,0,0,3790,242560,616,148469376,15776,148619712,13270,13270,1,20260711
E2,3,SliceBF,300000,common_004,3,common,0.0463,1.522,2.5816,0.4596,55.9151,58.9563,60.5246,1,150336,0,0,4189,268096,616,156901312,17372,157051648,12952,12952,1,20260711
E2,3,SliceBF,300000,medium_024,3,medium,0.0431,0.1054,1.7122,0.3417,0.0158,2.0697,2.2182,1,150336,0,0,1,64,616,41664,620,192000,1,1,1,20260711
E2,3,SliceBF,300000,medium_020,3,medium,0.0289,0.1008,2.2765,0.3415,0.0153,2.6333,2.763,1,150336,0,0,2,128,616,83328,624,233664,2,2,1,20260711
E2,3,SliceBF,300000,common_002,3,common,0.0284,0.679,2.1279,0.541,6.0902,8.7591,9.4665,1,150336,0,0,1159,74176,616,46109504,5252,46259840,1369,1369,1,20260711
E2,3,SliceBF,300000,medium_014,3,medium,0.0332,0.1093,1.8004,0.3491,0.0646,2.2141,2.3566,1,150336,0,0,10,640,616,498560,656,648896,10,10,1,20260711
E2,3,SliceBF,300000,medium_011,3,medium,0.0297,0.0993,1.5147,0.3416,0.0091,1.8654,1.9944,1,150336,0,0,1,64,616,25280,620,175616,1,1,1,20260711
E2,3,SliceBF,300000,rare_011,3,rare,0.0288,0.0979,1.7469,0.3413,0.0089,2.0971,2.2238,1,150336,0,0,1,64,616,25280,620,175616,1,1,1,20260711
E2,3,SliceBF,300000,common_016,3,common,0.0287,1.5293,3.3471,0.5432,54.0826,57.9729,59.5309,1,150336,0,0,4158,266112,616,152988288,17248,153138624,13073,13073,1,20260711
E2,3,SliceBF,300000,common_020,3,common,0.0433,1.1255,2.7214,0.4662,23.3956,26.5832,27.752,1,150336,0,0,3294,210816,616,112919168,13792,113069504,6213,6213,1,20260711
E2,3,SliceBF,300000,medium_006,3,medium,0.0398,0.1039,1.477,0.3416,0.0164,1.835,1.9787,1,150336,0,0,1,64,616,41664,620,192000,1,1,1,20260711
E2,3,SliceBF,300000,medium_018,3,medium,0.0299,0.0991,1.398,0.3414,0.0105,1.7499,1.8789,1,150336,0,0,1,64,616,41664,620,192000,1,1,1,20260711
E2,3,SliceBF,300000,common_022,3,common,0.0284,1.447,2.5518,0.4436,48.0781,51.0735,52.5489,1,150336,0,0,4267,273088,616,157529664,17684,157680000,11283,11283,1,20260711
E2,3,SliceBF,300000,common_013,3,common,0.0468,0.3099,1.4678,0.3566,3.0234,4.8478,5.2045,1,150336,0,0,736,47104,616,24717312,3560,24867648,805,805,1,20260711
E2,3,SliceBF,300000,rare_015,3,rare,0.032,0.1005,1.3592,0.3415,0.0166,1.7173,1.8498,1,150336,0,0,2,128,616,66944,624,217280,2,2,1,20260711
E2,3,SliceBF,300000,rare_001,3,rare,0.0287,0.0968,1.6702,0.3492,0.0188,2.0382,2.1637,1,150336,0,0,1,64,616,41664,620,192000,1,1,1,20260711
E2,3,SliceBF,300000,rare_025,3,rare,0.0297,0.0996,2.058,0.3433,0.0141,2.4154,2.5447,1,150336,0,0,2,128,616,50560,624,200896,2,2,1,20260711
E2,3,SliceBF,300000,medium_013,3,medium,0.0291,0.1007,1.3412,0.3418,0.0323,1.7153,1.8451,1,150336,0,0,4,256,616,199424,632,349760,4,4,1,20260711
E2,3,SliceBF,300000,rare_014,3,rare,0.0296,0.0981,1.4588,0.3414,0.0083,1.8085,1.9362,1,150336,0,0,1,64,616,17088,620,167424,1,1,1,20260711
E2,3,SliceBF,300000,common_007,3,common,0.0282,0.396,1.7029,0.3768,7.78,9.8597,10.2839,1,150336,0,0,1059,67776,616,47136832,4852,47287168,1452,1452,1,20260711
E2,3,SliceBF,300000,rare_003,3,rare,0.0362,0.1015,1.6739,0.3415,0.0106,2.026,2.1637,1,150336,0,0,1,64,616,25280,620,175616,1,1,1,20260711
E2,3,SliceBF,300000,common_012,3,common,0.0288,0.7749,1.7214,0.3755,18.5109,20.6078,21.4115,1,150336,0,0,2471,158144,616,88763200,10500,88913536,3545,3545,1,20260711
E2,3,SliceBF,300000,medium_009,3,medium,0.0379,0.1056,1.4386,0.3425,0.0115,1.7926,1.9361,1,150336,0,0,1,64,616,41664,620,192000,1,1,1,20260711
E2,3,SliceBF,300000,common_024,3,common,0.029,4.4713,3.0365,1.0201,289.956,294.013,298.513,1,150336,0,0,4661,298304,616,171323840,19260,171474176,72721,72721,1,20260711
E2,3,SliceBF,300000,common_027,3,common,0.0479,2.1351,2.3396,0.5913,129.694,132.625,134.808,1,150336,0,0,4097,262208,616,157360832,17004,157511168,26737,26737,1,20260711
E2,3,SliceBF,300000,rare_006,3,rare,0.0416,0.1078,1.2737,0.3416,0.0144,1.6297,1.7791,1,150336,0,0,1,64,616,25280,620,175616,1,1,1,20260711
E2,3,SliceBF,300000,common_025,3,common,0.0286,1.0978,1.8329,0.4207,29.7323,31.9859,33.1123,1,150336,0,0,3303,211392,616,110525248,13828,110675584,8113,8113,1,20260711
E2,3,SliceBF,300000,medium_005,3,medium,0.0397,0.1089,1.8923,0.343,0.043,2.2783,2.4269,1,150336,0,0,7,448,616,275264,644,425600,7,7,1,20260711
E2,3,SliceBF,300000,rare_002,3,rare,0.0287,0.0994,1.7924,0.3415,0.0136,2.1475,2.2756,1,150336,0,0,1,64,616,41664,620,192000,1,1,1,20260711
E2,3,SliceBF,300000,common_026,3,common,0.0293,2.1096,2.5089,0.5704,128.832,131.911,134.05,1,150336,0,0,4098,262272,616,157386112,17008,157536448,26769,26769,1,20260711
E2,3,SliceBF,300000,common_006,3,common,0.0451,0.2489,2.2961,0.3496,1.8282,4.4739,4.7679,1,150336,0,0,458,29312,616,13298560,2448,13448896,502,502,1,20260711
E2,3,SliceBF,300000,common_010,3,common,0.0307,1.3366,2.5224,0.4363,44.2283,47.187,48.5543,1,150336,0,0,4076,260864,616,152815872,16920,152966208,10198,10198,1,20260711
E2,3,SliceBF,300000,rare_004,3,rare,0.0395,0.1017,1.4281,0.3416,0.0118,1.7815,1.9227,1,150336,0,0,1,64,616,25280,620,175616,1,1,1,20260711
E2,3,SliceBF,300000,medium_023,3,medium,0.0287,0.0971,1.5001,0.3417,0.0135,1.8553,1.9811,1,150336,0,0,1,64,616,41664,620,192000,1,1,1,20260711
E2,3,SliceBF,300000,rare_020,3,rare,0.0292,0.0988,1.8278,0.3438,0.009,2.1806,2.3086,1,150336,0,0,1,64,616,25280,620,175616,1,1,1,20260711
E2,3,SliceBF,300000,common_023,3,common,0.0283,1.4548,2.3375,0.4565,55.8466,58.6406,60.1237,1,150336,0,0,4248,271872,616,158401024,17608,158551360,12472,12472,1,20260711
E2,3,SliceBF,300000,rare_009,3,rare,0.0417,0.1095,1.2162,0.3417,0.0136,1.5715,1.7227,1,150336,0,0,1,64,616,41664,620,192000,1,1,1,20260711
E2,3,SliceBF,300000,rare_018,3,rare,0.0295,0.0984,1.5961,0.4106,0.0169,2.0236,2.1515,1,150336,0,0,1,64,616,25280,620,175616,1,1,1,20260711
E2,3,SliceBF,300000,rare_010,3,rare,0.031,0.0996,1.5293,0.3414,0.0113,1.882,2.0126,1,150336,0,0,1,64,616,41664,620,192000,1,1,1,20260711
E2,3,SliceBF,300000,medium_021,3,medium,0.0289,0.0968,1.7108,0.3427,0.0105,2.064,2.1897,1,150336,0,0,1,64,616,41664,620,192000,1,1,1,20260711
E2,3,SliceBF,300000,common_017,3,common,0.0285,1.1636,2.3482,0.4097,26.2813,29.0392,30.2313,1,150336,0,0,3412,218368,616,118146816,14264,118297152,6627,6627,1,20260711
E2,3,SliceBF,300000,common_015,3,common,0.0443,0.8684,3.7204,0.3907,20.4646,24.5757,25.4884,1,150336,0,0,2605,166720,616,105601984,11036,105752320,4442,4442,1,20260711
E2,3,SliceBF,300000,medium_022,3,medium,0.0378,0.1051,1.5591,0.342,0.0275,1.9286,2.0715,1,150336,0,0,3,192,616,108608,628,258944,3,3,1,20260711
E2,3,SliceBF,300000,common_000,3,common,0.0288,0.6525,2.3576,0.3844,22.4088,25.1508,25.8321,1,150336,0,0,1866,119424,616,82037632,8080,82187968,4242,4242,1,20260711
E2,3,SliceBF,300000,rare_024,3,rare,0.0377,0.1111,1.9421,0.3425,0.1216,2.4062,2.555,1,150336,0,0,22,1408,616,982144,704,1132480,22,22,1,20260711
E2,3,SliceBF,300000,medium_015,3,medium,0.0292,0.0997,1.2984,0.3414,0.0088,1.6486,1.7775,1,150336,0,0,1,64,616,25280,620,175616,1,1,1,20260711
E2,3,SliceBF,300000,medium_003,3,medium,0.0286,0.098,1.3662,0.3414,0.0083,1.7159,1.8425,1,150336,0,0,1,64,616,25280,620,175616,1,1,1,20260711
E2,3,SliceBF,300000,rare_007,3,rare,0.0286,0.0977,1.2257,0.3414,0.0088,1.5759,1.7022,1,150336,0,0,1,64,616,41664,620,192000,1,1,1,20260711
E2,3,SliceBF,300000,medium_025,3,medium,0.0283,0.0996,1.2676,0.3614,0.0084,1.6374,1.7653,1,150336,0,0,1,64,616,25280,620,175616,1,1,1,20260711
E2,3,SliceBF,300000,common_014,3,common,0.029,1.2186,2.3392,0.4272,37.796,40.5624,41.81,1,150336,0,0,3614,231296,616,141275776,15072,141426112,8670,8670,1,20260711
E2,3,SliceBF,300000,medium_000,3,medium,0.042,0.1086,2.1212,0.3426,0.0259,2.4897,2.6403,1,150336,0,0,3,192,616,108608,628,258944,3,3,1,20260711
E2,3,SliceBF,300000,medium_008,3,medium,0.0287,0.0985,1.2207,0.3415,0.0096,1.5718,1.699,1,150336,0,0,1,64,616,41664,620,192000,1,1,1,20260711
E2,3,SliceBF,300000,medium_017,3,medium,0.0289,0.0982,1.6266,0.3414,0.0108,1.9788,2.1059,1,150336,0,0,1,64,616,25280,620,175616,1,1,1,20260711
E2,3,SliceBF,300000,medium_016,3,medium,0.031,0.0974,1.7585,0.3421,0.009,2.1096,2.238,1,150336,0,0,1,64,616,25280,620,175616,1,1,1,20260711
E2,3,SliceBF,300000,common_001,3,common,0.0285,0.5515,2.4099,0.3684,11.5824,14.3607,14.9407,1,150336,0,0,1620,103680,616,69920512,7096,70070848,2313,2313,1,20260711
E2,3,SliceBF,300000,medium_004,3,medium,0.0363,0.1036,1.7795,0.342,0.0159,2.1374,2.2773,1,150336,0,0,1,64,616,25280,620,175616,1,1,1,20260711
E2,3,SliceBF,300000,rare_022,3,rare,0.0297,0.1011,1.3641,0.3947,0.0304,1.7892,1.92,1,150336,0,0,4,256,616,199424,632,349760,4,4,1,20260711
E2,3,SliceBF,300000,common_008,3,common,0.0295,0.7634,2.1,0.3835,18.065,20.5485,21.3414,1,150336,0,0,2385,152640,616,96624320,10156,96774656,3878,3878,1,20260711
E2,3,SliceBF,300000,common_018,3,common,0.0362,1.1136,2.259,0.4066,26.9393,29.6049,30.7547,1,150336,0,0,3575,228800,616,129099584,14916,129249920,6756,6756,1,20260711
E2,3,SliceBF,300000,common_003,3,common,0.044,0.3609,2.3073,0.3547,3.852,6.514,6.9189,1,150336,0,0,817,52288,616,31532736,3884,31683072,898,898,1,20260711
E2,3,SliceBF,300000,medium_019,3,medium,0.0346,0.1014,1.2981,0.3416,0.013,1.6527,1.7887,1,150336,0,0,1,64,616,25280,620,175616,1,1,1,20260711
E2,3,SliceBF,300000,rare_023,3,rare,0.0291,0.1143,1.7242,0.5335,0.2974,2.5551,2.6985,1,150336,0,0,44,2816,616,2062592,792,2212928,44,44,1,20260711
E2,3,SliceBF,300000,medium_010,3,medium,0.0296,0.1005,1.4072,0.3444,0.0116,1.7632,1.8933,1,150336,0,0,1,64,616,41664,620,192000,1,1,1,20260711
E2,3,SliceBF,300000,rare_013,3,rare,0.0295,0.1104,2.1072,0.4615,0.1593,2.728,2.8679,1,150336,0,0,31,1984,616,1258816,740,1409152,31,31,1,20260711
E2,3,SliceBF,300000,rare_008,3,rare,0.0311,0.1037,1.9145,0.3418,0.0527,2.309,2.4438,1,150336,0,0,8,512,616,415232,648,565568,8,8,1,20260711
E2,3,SliceBF,300000,medium_001,3,medium,0.0293,0.0995,1.155,0.3436,0.0107,1.5093,1.6381,1,150336,0,0,1,64,616,25280,620,175616,1,1,1,20260711
E2,3,SliceBF,300000,rare_000,3,rare,0.0291,0.0993,1.6022,0.3395,0.0126,1.9543,2.0827,1,150336,0,0,1,64,616,25280,620,175616,1,1,1,20260711
E2,3,XEBFF-Conj,300000,rare_019,3,rare,8.2758,3.0094,0,0,0.0076,0.0076,11.2928,0,0,0,0,0,0,124100,0,124100,39,2068,1,1,20260711
E2,3,XEBFF-Conj,300000,medium_007,3,medium,0.0827,0.0192,0,0,0.0018,0.0018,0.1037,0,0,0,0,0,0,800,0,800,39,13,1,1,20260711
E2,3,XEBFF-Conj,300000,rare_016,3,rare,1.7252,0.5921,0,0,0.0012,0.0012,2.3185,0,0,0,0,0,0,26540,0,26540,39,442,1,1,20260711
E2,3,XEBFF-Conj,300000,common_005,3,common,94.7934,32.38,0,0,2.0106,2.0106,129.184,0,0,0,0,0,0,1431140,0,1431140,123624,23852,3532,1,20260711
E2,3,XEBFF-Conj,300000,common_021,3,common,60.958,22.1281,0,0,5.2055,5.2055,88.2916,0,0,0,0,0,0,927140,0,927140,324244,15452,9264,1,20260711
E2,3,XEBFF-Conj,300000,medium_002,3,medium,0.0458,0.004,0,0,0.0051,0.0051,0.0549,0,0,0,0,0,0,140,0,140,39,2,1,1,20260711
E2,3,XEBFF-Conj,300000,common_009,3,common,111.836,38.7579,0,0,3.027,3.027,153.621,0,0,0,0,0,0,1678520,0,1678520,189704,27975,5420,1,20260711
E2,3,XEBFF-Conj,300000,rare_021,3,rare,0.0968,0.0197,0,0,0.007,0.007,0.1235,0,0,0,0,0,0,800,0,800,39,13,1,1,20260711
E2,3,XEBFF-Conj,300000,rare_017,3,rare,0.3365,0.1105,0,0,0.0015,0.0015,0.4485,0,0,0,0,0,0,4280,0,4280,39,71,1,1,20260711
E2,3,XEBFF-Conj,300000,rare_005,3,rare,0.1864,0.0566,0,0,0.0011,0.0011,0.2441,0,0,0,0,0,0,2600,0,2600,39,43,1,1,20260711
E2,3,XEBFF-Conj,300000,rare_012,3,rare,1.1102,0.3675,0,0,0.0112,0.0112,1.4889,0,0,0,0,0,0,16820,0,16820,494,280,14,1,20260711
E2,3,XEBFF-Conj,300000,medium_012,3,medium,1.0597,0.3507,0,0,0.001,0.001,1.4114,0,0,0,0,0,0,16100,0,16100,39,268,1,1,20260711
E2,3,XEBFF-Conj,300000,common_019,3,common,103.094,35.5528,0,0,8.7542,8.7542,147.401,0,0,0,0,0,0,1543880,0,1543880,541524,25731,15472,1,20260711
E2,3,XEBFF-Conj,300000,common_011,3,common,62.2056,21.1603,0,0,7.3734,7.3734,90.7393,0,0,0,0,0,0,915380,0,915380,464454,15256,13270,1,20260711
E2,3,XEBFF-Conj,300000,common_004,3,common,168.41,56.289,0,0,7.6738,7.6738,232.373,0,0,0,0,0,0,2499740,0,2499740,453324,41662,12952,1,20260711
E2,3,XEBFF-Conj,300000,medium_024,3,medium,1.9371,0.6417,0,0,0.0041,0.0041,2.5829,0,0,0,0,0,0,29300,0,29300,39,488,1,1,20260711
E2,3,XEBFF-Conj,300000,medium_020,3,medium,0.2326,0.0736,0,0,0.0021,0.0021,0.3083,0,0,0,0,0,0,3320,0,3320,74,55,2,1,20260711
E2,3,XEBFF-Conj,300000,common_002,3,common,27.5051,9.2788,0,0,0.7792,0.7792,37.5631,0,0,0,0,0,0,410360,0,410360,47919,6839,1369,1,20260711
E2,3,XEBFF-Conj,300000,medium_014,3,medium,0.6861,0.2219,0,0,0.0086,0.0086,0.9166,0,0,0,0,0,0,10160,0,10160,354,169,10,1,20260711
E2,3,XEBFF-Conj,300000,medium_011,3,medium,0.5012,0.166,0,0,0.0009,0.0009,0.6681,0,0,0,0,0,0,7580,0,7580,39,126,1,1,20260711
E2,3,XEBFF-Conj,300000,rare_011,3,rare,0.0237,0.0019,0,0,0.0011,0.0011,0.0267,0,0,0,0,0,0,80,0,80,39,1,1,1,20260711
E2,3,XEBFF-Conj,300000,common_016,3,common,121.433,41.0292,0,0,8.4657,8.4657,170.928,0,0,0,0,0,0,1803020,0,1803020,457559,30050,13073,1,20260711
E2,3,XEBFF-Conj,300000,common_020,3,common,96.908,32.4224,0,0,3.5879,3.5879,132.918,0,0,0,0,0,0,1440020,0,1440020,217459,24000,6213,1,20260711
E2,3,XEBFF-Conj,300000,medium_006,3,medium,0.0446,0.0039,0,0,0.004,0.004,0.0525,0,0,0,0,0,0,140,0,140,39,2,1,1,20260711
E2,3,XEBFF-Conj,300000,medium_018,3,medium,0.2503,0.0773,0,0,0.001,0.001,0.3286,0,0,0,0,0,0,3440,0,3440,39,57,1,1,20260711
E2,3,XEBFF-Conj,300000,common_022,3,common,54.5106,19.0583,0,0,6.2843,6.2843,79.8532,0,0,0,0,0,0,833180,0,833180,394909,13886,11283,1,20260711
E2,3,XEBFF-Conj,300000,common_013,3,common,4.5327,1.4718,0,0,0.4799,0.4799,6.4844,0,0,0,0,0,0,66200,0,66200,28179,1103,805,1,20260711
E2,3,XEBFF-Conj,300000,rare_015,3,rare,3.3098,0.9996,0,0,0.0081,0.0081,4.3175,0,0,0,0,0,0,40520,0,40520,74,675,2,1,20260711
E2,3,XEBFF-Conj,300000,rare_001,3,rare,0.7062,0.2344,0,0,0.0016,0.0016,0.9422,0,0,0,0,0,0,10640,0,10640,39,177,1,1,20260711
E2,3,XEBFF-Conj,300000,rare_025,3,rare,0.9193,0.306,0,0,0.0019,0.0019,1.2272,0,0,0,0,0,0,13880,0,13880,74,231,2,1,20260711
E2,3,XEBFF-Conj,300000,medium_013,3,medium,2.2199,0.754,0,0,0.0039,0.0039,2.9778,0,0,0,0,0,0,34400,0,34400,144,573,4,1,20260711
E2,3,XEBFF-Conj,300000,rare_014,3,rare,0.1525,0.0459,0,0,0.0009,0.0009,0.1993,0,0,0,0,0,0,2060,0,2060,39,34,1,1,20260711
E2,3,XEBFF-Conj,300000,common_007,3,common,8.8879,2.8731,0,0,0.8162,0.8162,12.5772,0,0,0,0,0,0,128000,0,128000,50824,2133,1452,1,20260711
E2,3,XEBFF-Conj,300000,rare_003,3,rare,0.0307,0.0023,0,0,0.006,0.006,0.039,0,0,0,0,0,0,80,0,80,39,1,1,1,20260711
E2,3,XEBFF-Conj,300000,common_012,3,common,25.8361,8.5609,0,0,2.2031,2.2031,36.6001,0,0,0,0,0,0,385160,0,385160,124079,6419,3545,1,20260711
E2,3,XEBFF-Conj,300000,medium_009,3,medium,0.6829,0.2248,0,0,0.0052,0.0052,0.9129,0,0,0,0,0,0,10160,0,10160,39,169,1,1,20260711
E2,3,XEBFF-Conj,300000,common_024,3,common,298.045,101.44,0,0,41.5567,41.5567,441.041,0,0,0,0,0,0,4415060,0,4415060,2545239,73584,72721,1,20260711
E2,3,XEBFF-Conj,300000,common_027,3,common,134.479,43.2172,0,0,15.3189,15.3189,193.015,0,0,0,0,0,0,1914260,0,1914260,935799,31904,26737,1,20260711
E2,3,XEBFF-Conj,300000,rare_006,3,rare,0.0498,0.0038,0,0,0.0048,0.0048,0.0584,0,0,0,0,0,0,140,0,140,39,2,1,1,20260711
E2,3,XEBFF-Conj,300000,common_025,3,common,51.7721,18.9703,0,0,4.4855,4.4855,75.2279,0,0,0,0,0,0,761360,0,761360,283959,12689,8113,1,20260711
E2,3,XEBFF-Conj,300000,medium_005,3,medium,0.8979,0.3008,0,0,0.0127,0.0127,1.2114,0,0,0,0,0,0,10100,0,10100,249,168,7,1,20260711
E2,3,XEBFF-Conj,300000,rare_002,3,rare,1.5745,0.532,0,0,0.0011,0.0011,2.1076,0,0,0,0,0,0,24440,0,24440,39,407,1,1,20260711
E2,3,XEBFF-Conj,300000,common_026,3,common,127.033,44.5088,0,0,14.6631,14.6631,186.205,0,0,0,0,0,0,1922840,0,1922840,936919,32047,26769,1,20260711
E2,3,XEBFF-Conj,300000,common_006,3,common,12.5102,3.9445,0,0,0.3016,0.3016,16.7563,0,0,0,0,0,0,174920,0,174920,17574,2915,502,1,20260711
E2,3,XEBFF-Conj,300000,common_010,3,common,64.3877,22.2956,0,0,6.0274,6.0274,92.7107,0,0,0,0,0,0,966320,0,966320,356934,16105,10198,1,20260711
E2,3,XEBFF-Conj,300000,rare_004,3,rare,0.1863,0.0497,0,0,0.0048,0.0048,0.2408,0,0,0,0,0,0,2180,0,2180,39,36,1,1,20260711
E2,3,XEBFF-Conj,300000,medium_023,3,medium,2.5916,0.69,0,0,0.0037,0.0037,3.2853,0,0,0,0,0,0,31220,0,31220,39,520,1,1,20260711
E2,3,XEBFF-Conj,300000,rare_020,3,rare,0.0409,0.0078,0,0,0.0011,0.0011,0.0498,0,0,0,0,0,0,320,0,320,39,5,1,1,20260711
E2,3,XEBFF-Conj,300000,common_023,3,common,61.542,21.1663,0,0,6.8965,6.8965,89.6048,0,0,0,0,0,0,927140,0,927140,436524,15452,12472,1,20260711
E2,3,XEBFF-Conj,300000,rare_009,3,rare,0.0541,0.0065,0,0,0.0064,0.0064,0.067,0,0,0,0,0,0,260,0,260,39,4,1,1,20260711
E2,3,XEBFF-Conj,300000,rare_018,3,rare,6.4276,2.1659,0,0,0.0018,0.0018,8.5953,0,0,0,0,0,0,99320,0,99320,39,1655,1,1,20260711
E2,3,XEBFF-Conj,300000,rare_010,3,rare,1.2998,0.3419,0,0,0.0029,0.0029,1.6446,0,0,0,0,0,0,15440,0,15440,39,257,1,1,20260711
E2,3,XEBFF-Conj,300000,medium_021,3,medium,0.2146,0.0672,0,0,0.001,0.001,0.2828,0,0,0,0,0,0,3080,0,3080,39,51,1,1,20260711
E2,3,XEBFF-Conj,300000,common_017,3,common,32.8927,11.2378,0,0,3.6513,3.6513,47.7818,0,0,0,0,0,0,494300,0,494300,231949,8238,6627,1,20260711
E2,3,XEBFF-Conj,300000,common_015,3,common,129.859,44.1592,0,0,2.5397,2.5397,176.558,0,0,0,0,0,0,1922840,0,1922840,155474,32047,4442,1,20260711
E2,3,XEBFF-Conj,300000,medium_022,3,medium,8.4099,2.7601,0,0,0.0083,0.0083,11.1783,0,0,0,0,0,0,126500,0,126500,109,2108,3,1,20260711
E2,3,XEBFF-Conj,300000,common_000,3,common,49.2347,16.9891,0,0,2.4247,2.4247,68.6485,0,0,0,0,0,0,738080,0,738080,148474,12301,4242,1,20260711
E2,3,XEBFF-Conj,300000,rare_024,3,rare,14.3052,4.8779,0,0,0.0224,0.0224,19.2055,0,0,0,0,0,0,213500,0,213500,774,3558,22,1,20260711
E2,3,XEBFF-Conj,300000,medium_015,3,medium,7.3485,2.4656,0,0,0.006,0.006,9.8201,0,0,0,0,0,0,112580,0,112580,39,1876,1,1,20260711
E2,3,XEBFF-Conj,300000,medium_003,3,medium,0.0308,0.0032,0,0,0.0016,0.0016,0.0356,0,0,0,0,0,0,140,0,140,39,2,1,1,20260711
E2,3,XEBFF-Conj,300000,rare_007,3,rare,0.1891,0.0571,0,0,0.0009,0.0009,0.2471,0,0,0,0,0,0,2660,0,2660,39,44,1,1,20260711
E2,3,XEBFF-Conj,300000,medium_025,3,medium,0.237,0.0739,0,0,0.0009,0.0009,0.3118,0,0,0,0,0,0,3380,0,3380,39,56,1,1,20260711
E2,3,XEBFF-Conj,300000,common_014,3,common,102.822,34.6067,0,0,5.0917,5.0917,142.521,0,0,0,0,0,0,1484600,0,1484600,303454,24743,8670,1,20260711
E2,3,XEBFF-Conj,300000,medium_000,3,medium,0.7206,0.2357,0,0,0.006,0.006,0.9623,0,0,0,0,0,0,10580,0,10580,109,176,3,1,20260711
E2,3,XEBFF-Conj,300000,medium_008,3,medium,0.4153,0.1342,0,0,0.0011,0.0011,0.5506,0,0,0,0,0,0,6140,0,6140,39,102,1,1,20260711
E2,3,XEBFF-Conj,300000,medium_017,3,medium,0.0273,0.0038,0,0,0.0008,0.0008,0.0319,0,0,0,0,0,0,140,0,140,39,2,1,1,20260711
E2,3,XEBFF-Conj,300000,medium_016,3,medium,0.7352,0.2448,0,0,0.001,0.001,0.981,0,0,0,0,0,0,11240,0,11240,39,187,1,1,20260711
E2,3,XEBFF-Conj,300000,common_001,3,common,42.9019,14.8801,0,0,1.6629,1.6629,59.4449,0,0,0,0,0,0,653600,0,653600,80959,10893,2313,1,20260711
E2,3,XEBFF-Conj,300000,medium_004,3,medium,0.3099,0.0609,0,0,0.0042,0.0042,0.375,0,0,0,0,0,0,2720,0,2720,39,45,1,1,20260711
E2,3,XEBFF-Conj,300000,rare_022,3,rare,1.5682,0.5276,0,0,0.0039,0.0039,2.0997,0,0,0,0,0,0,24140,0,24140,144,402,4,1,20260711
E2,3,XEBFF-Conj,300000,common_008,3,common,61.1155,21.859,0,0,2.1865,2.1865,85.161,0,0,0,0,0,0,927140,0,927140,135734,15452,3878,1,20260711
E2,3,XEBFF-Conj,300000,common_018,3,common,35.7995,12.5787,0,0,3.6882,3.6882,52.0664,0,0,0,0,0,0,545540,0,545540,236464,9092,6756,1,20260711
E2,3,XEBFF-Conj,300000,common_003,3,common,27.0519,9.2853,0,0,0.5302,0.5302,36.8674,0,0,0,0,0,0,410360,0,410360,31434,6839,898,1,20260711
E2,3,XEBFF-Conj,300000,medium_019,3,medium,0.2759,0.0842,0,0,0.0017,0.0017,0.3618,0,0,0,0,0,0,3860,0,3860,39,64,1,1,20260711
E2,3,XEBFF-Conj,300000,rare_023,3,rare,19.3785,6.4655,0,0,0.0377,0.0377,25.8817,0,0,0,0,0,0,286760,0,286760,1544,4779,44,1,20260711
E2,3,XEBFF-Conj,300000,medium_010,3,medium,0.0315,0.0037,0,0,0.0014,0.0014,0.0366,0,0,0,0,0,0,140,0,140,39,2,1,1,20260711
E2,3,XEBFF-Conj,300000,rare_013,3,rare,11.078,3.9619,0,0,0.0285,0.0285,15.0684,0,0,0,0,0,0,172820,0,172820,1089,2880,31,1,20260711
E2,3,XEBFF-Conj,300000,rare_008,3,rare,3.0253,1.008,0,0,0.0102,0.0102,4.0435,0,0,0,0,0,0,46160,0,46160,284,769,8,1,20260711
E2,3,XEBFF-Conj,300000,medium_001,3,medium,0.0247,0.002,0,0,0.0009,0.0009,0.0276,0,0,0,0,0,0,80,0,80,39,1,1,1,20260711
E2,3,XEBFF-Conj,300000,rare_000,3,rare,0.2112,0.0653,0,0,0.0009,0.0009,0.2774,0,0,0,0,0,0,3020,0,3020,39,50,1,1,20260711
E2,3,Doris,300000,rare_019,3,rare,8.2917,2.833,0,0,0.004,0.004,11.1287,0,0,0,0,0,0,124100,0,124100,39,2068,1,1,20260711
E2,3,Doris,300000,medium_007,3,medium,0.0619,0.0177,0,0,0.0017,0.0017,0.0813,0,0,0,0,0,0,800,0,800,39,13,1,1,20260711
E2,3,Doris,300000,rare_016,3,rare,1.7479,0.5816,0,0,0.0037,0.0037,2.3332,0,0,0,0,0,0,26540,0,26540,39,442,1,1,20260711
E2,3,Doris,300000,common_005,3,common,95.9777,33.8055,0,0,2.2805,2.2805,132.064,0,0,0,0,0,0,1431140,0,1431140,123624,23852,3532,1,20260711
E2,3,Doris,300000,common_021,3,common,64.8343,21.8962,0,0,5.4,5.4,92.1305,0,0,0,0,0,0,927140,0,927140,324244,15452,9264,1,20260711
E2,3,Doris,300000,medium_002,3,medium,0.0301,0.0049,0,0,0.0032,0.0032,0.0382,0,0,0,0,0,0,140,0,140,39,2,1,1,20260711
E2,3,Doris,300000,common_009,3,common,111.755,38.731,0,0,3.1133,3.1133,153.599,0,0,0,0,0,0,1678520,0,1678520,189704,27975,5420,1,20260711
E2,3,Doris,300000,rare_021,3,rare,0.0767,0.019,0,0,0.0055,0.0055,0.1012,0,0,0,0,0,0,800,0,800,39,13,1,1,20260711
E2,3,Doris,300000,rare_017,3,rare,0.2853,0.0938,0,0,0.001,0.001,0.3801,0,0,0,0,0,0,4280,0,4280,39,71,1,1,20260711
E2,3,Doris,300000,rare_005,3,rare,0.1746,0.0562,0,0,0.001,0.001,0.2318,0,0,0,0,0,0,2600,0,2600,39,43,1,1,20260711
E2,3,Doris,300000,rare_012,3,rare,1.0974,0.3675,0,0,0.0107,0.0107,1.4756,0,0,0,0,0,0,16820,0,16820,494,280,14,1,20260711
E2,3,Doris,300000,medium_012,3,medium,1.0493,0.3504,0,0,0.001,0.001,1.4007,0,0,0,0,0,0,16100,0,16100,39,268,1,1,20260711
E2,3,Doris,300000,common_019,3,common,103.616,36.8496,0,0,9.0454,9.0454,149.511,0,0,0,0,0,0,1543880,0,1543880,541524,25731,15472,1,20260711
E2,3,Doris,300000,common_011,3,common,61.9391,21.1749,0,0,8.1187,8.1187,91.2327,0,0,0,0,0,0,915380,0,915380,464454,15256,13270,1,20260711
E2,3,Doris,300000,common_004,3,common,169.697,57.6905,0,0,7.2774,7.2774,234.665,0,0,0,0,0,0,2499740,0,2499740,453324,41662,12952,1,20260711
E2,3,Doris,300000,medium_024,3,medium,1.9524,0.6533,0,0,0.0058,0.0058,2.6115,0,0,0,0,0,0,29300,0,29300,39,488,1,1,20260711
E2,3,Doris,300000,medium_020,3,medium,0.2231,0.0727,0,0,0.0019,0.0019,0.2977,0,0,0,0,0,0,3320,0,3320,74,55,2,1,20260711
E2,3,Doris,300000,common_002,3,common,28.1079,9.5363,0,0,0.8763,0.8763,38.5205,0,0,0,0,0,0,410360,0,410360,47919,6839,1369,1,20260711
E2,3,Doris,300000,medium_014,3,medium,0.6805,0.4036,0,0,0.0123,0.0123,1.0964,0,0,0,0,0,0,10160,0,10160,354,169,10,1,20260711
E2,3,Doris,300000,medium_011,3,medium,0.6144,0.31,0,0,0.0027,0.0027,0.9271,0,0,0,0,0,0,7580,0,7580,39,126,1,1,20260711
E2,3,Doris,300000,rare_011,3,rare,0.0171,0.002,0,0,0.001,0.001,0.0201,0,0,0,0,0,0,80,0,80,39,1,1,1,20260711
E2,3,Doris,300000,common_016,3,common,120.659,41.7412,0,0,7.5764,7.5764,169.977,0,0,0,0,0,0,1803020,0,1803020,457559,30050,13073,1,20260711
E2,3,Doris,300000,common_020,3,common,98.0916,33.7385,0,0,3.9892,3.9892,135.819,0,0,0,0,0,0,1440020,0,1440020,217459,24000,6213,1,20260711
E2,3,Doris,300000,medium_006,3,medium,0.0333,0.004,0,0,0.0031,0.0031,0.0404,0,0,0,0,0,0,140,0,140,39,2,1,1,20260711
E2,3,Doris,300000,medium_018,3,medium,0.2308,0.0816,0,0,0.001,0.001,0.3134,0,0,0,0,0,0,3440,0,3440,39,57,1,1,20260711
E2,3,Doris,300000,common_022,3,common,55.1931,20.1786,0,0,6.3631,6.3631,81.7348,0,0,0,0,0,0,833180,0,833180,394909,13886,11283,1,20260711
E2,3,Doris,300000,common_013,3,common,4.6471,1.4875,0,0,0.4624,0.4624,6.597,0,0,0,0,0,0,66200,0,66200,28179,1103,805,1,20260711
E2,3,Doris,300000,rare_015,3,rare,2.6179,0.8938,0,0,0.0037,0.0037,3.5154,0,0,0,0,0,0,40520,0,40520,74,675,2,1,20260711
E2,3,Doris,300000,rare_001,3,rare,0.6964,0.2337,0,0,0.001,0.001,0.9311,0,0,0,0,0,0,10640,0,10640,39,177,1,1,20260711
E2,3,Doris,300000,rare_025,3,rare,0.9031,0.3037,0,0,0.002,0.002,1.2088,0,0,0,0,0,0,13880,0,13880,74,231,2,1,20260711
E2,3,Doris,300000,medium_013,3,medium,1.909,0.6511,0,0,0.0038,0.0038,2.5639,0,0,0,0,0,0,29600,0,29600,144,493,4,1,20260711
E2,3,Doris,300000,rare_014,3,rare,0.1414,0.0463,0,0,0.0009,0.0009,0.1886,0,0,0,0,0,0,2060,0,2060,39,34,1,1,20260711
E2,3,Doris,300000,common_007,3,common,8.4431,2.8478,0,0,0.8271,0.8271,12.118,0,0,0,0,0,0,128000,0,128000,50824,2133,1452,1,20260711
E2,3,Doris,300000,rare_003,3,rare,0.0153,0.0018,0,0,0.0026,0.0026,0.0197,0,0,0,0,0,0,80,0,80,39,1,1,1,20260711
E2,3,Doris,300000,common_012,3,common,26.7281,8.8341,0,0,2.3808,2.3808,37.943,0,0,0,0,0,0,385160,0,385160,124079,6419,3545,1,20260711
E2,3,Doris,300000,medium_009,3,medium,0.7254,0.2225,0,0,0.002,0.002,0.9499,0,0,0,0,0,0,10160,0,10160,39,169,1,1,20260711
E2,3,Doris,300000,common_024,3,common,299.622,102.169,0,0,41.9157,41.9157,443.707,0,0,0,0,0,0,4415060,0,4415060,2545239,73584,72721,1,20260711
E2,3,Doris,300000,common_027,3,common,128.032,44.5703,0,0,15.6376,15.6376,188.24,0,0,0,0,0,0,1914260,0,1914260,935799,31904,26737,1,20260711
E2,3,Doris,300000,rare_006,3,rare,0.0385,0.004,0,0,0.0054,0.0054,0.0479,0,0,0,0,0,0,140,0,140,39,2,1,1,20260711
E2,3,Doris,300000,common_025,3,common,51.3381,17.4439,0,0,4.5406,4.5406,73.3226,0,0,0,0,0,0,761360,0,761360,283959,12689,8113,1,20260711
E2,3,Doris,300000,medium_005,3,medium,0.6745,0.2206,0,0,0.0101,0.0101,0.9052,0,0,0,0,0,0,10100,0,10100,249,168,7,1,20260711
E2,3,Doris,300000,rare_002,3,rare,1.9774,0.6093,0,0,0.0041,0.0041,2.5908,0,0,0,0,0,0,24440,0,24440,39,407,1,1,20260711
E2,3,Doris,300000,common_026,3,common,128.817,44.3283,0,0,15.566,15.566,188.711,0,0,0,0,0,0,1922840,0,1922840,936919,32047,26769,1,20260711
E2,3,Doris,300000,common_006,3,common,11.6359,3.933,0,0,0.3309,0.3309,15.8998,0,0,0,0,0,0,174920,0,174920,17574,2915,502,1,20260711
E2,3,Doris,300000,common_010,3,common,65.4282,26.5318,0,0,5.8626,5.8626,97.8226,0,0,0,0,0,0,966320,0,966320,356934,16105,10198,1,20260711
E2,3,Doris,300000,rare_004,3,rare,0.1677,0.0567,0,0,0.0046,0.0046,0.229,0,0,0,0,0,0,2180,0,2180,39,36,1,1,20260711
E2,3,Doris,300000,medium_023,3,medium,2.0078,0.6929,0,0,0.0031,0.0031,2.7038,0,0,0,0,0,0,31220,0,31220,39,520,1,1,20260711
E2,3,Doris,300000,rare_020,3,rare,0.0268,0.0074,0,0,0.0008,0.0008,0.035,0,0,0,0,0,0,320,0,320,39,5,1,1,20260711
E2,3,Doris,300000,common_023,3,common,61.2656,22.0095,0,0,8.0724,8.0724,91.3475,0,0,0,0,0,0,927140,0,927140,436524,15452,12472,1,20260711
E2,3,Doris,300000,rare_009,3,rare,0.0448,0.007,0,0,0.0038,0.0038,0.0556,0,0,0,0,0,0,260,0,260,39,4,1,1,20260711
E2,3,Doris,300000,rare_018,3,rare,6.7778,2.3749,0,0,0.0039,0.0039,9.1566,0,0,0,0,0,0,99320,0,99320,39,1655,1,1,20260711
E2,3,Doris,300000,rare_010,3,rare,1.0111,0.359,0,0,0.0015,0.0015,1.3716,0,0,0,0,0,0,15440,0,15440,39,257,1,1,20260711
E2,3,Doris,300000,medium_021,3,medium,0.2038,0.0736,0,0,0.0009,0.0009,0.2783,0,0,0,0,0,0,3080,0,3080,39,51,1,1,20260711
E2,3,Doris,300000,common_017,3,common,32.0757,11.8617,0,0,3.7818,3.7818,47.7192,0,0,0,0,0,0,494300,0,494300,231949,8238,6627,1,20260711
E2,3,Doris,300000,common_015,3,common,128.142,44.8761,0,0,2.5865,2.5865,175.605,0,0,0,0,0,0,1922840,0,1922840,155474,32047,4442,1,20260711
E2,3,Doris,300000,medium_022,3,medium,8.3465,2.9304,0,0,0.0106,0.0106,11.2875,0,0,0,0,0,0,126500,0,126500,109,2108,3,1,20260711
E2,3,Doris,300000,common_000,3,common,49.2853,17.9066,0,0,2.4088,2.4088,69.6007,0,0,0,0,0,0,738080,0,738080,148474,12301,4242,1,20260711
E2,3,Doris,300000,rare_024,3,rare,14.1618,4.7854,0,0,0.024,0.024,18.9712,0,0,0,0,0,0,213500,0,213500,774,3558,22,1,20260711
E2,3,Doris,300000,medium_015,3,medium,7.4136,2.4798,0,0,0.0047,0.0047,9.8981,0,0,0,0,0,0,112580,0,112580,39,1876,1,1,20260711
E2,3,Doris,300000,medium_003,3,medium,0.0182,0.0034,0,0,0.0014,0.0014,0.023,0,0,0,0,0,0,140,0,140,39,2,1,1,20260711
E2,3,Doris,300000,rare_007,3,rare,0.1809,0.0586,0,0,0.0009,0.0009,0.2404,0,0,0,0,0,0,2660,0,2660,39,44,1,1,20260711
E2,3,Doris,300000,medium_025,3,medium,0.2255,0.0739,0,0,0.0009,0.0009,0.3003,0,0,0,0,0,0,3380,0,3380,39,56,1,1,20260711
E2,3,Doris,300000,common_014,3,common,99.5757,34.4007,0,0,5.1188,5.1188,139.095,0,0,0,0,0,0,1484600,0,1484600,303454,24743,8670,1,20260711
E2,3,Doris,300000,medium_000,3,medium,0.7213,0.238,0,0,0.0061,0.0061,0.9654,0,0,0,0,0,0,10580,0,10580,109,176,3,1,20260711
E2,3,Doris,300000,medium_008,3,medium,0.4072,0.1339,0,0,0.0014,0.0014,0.5425,0,0,0,0,0,0,6140,0,6140,39,102,1,1,20260711
E2,3,Doris,300000,medium_017,3,medium,0.0156,0.0032,0,0,0.0008,0.0008,0.0196,0,0,0,0,0,0,140,0,140,39,2,1,1,20260711
E2,3,Doris,300000,medium_016,3,medium,0.7285,0.2446,0,0,0.0008,0.0008,0.9739,0,0,0,0,0,0,11240,0,11240,39,187,1,1,20260711
E2,3,Doris,300000,common_001,3,common,43.6014,15.0559,0,0,1.487,1.487,60.1443,0,0,0,0,0,0,653600,0,653600,80959,10893,2313,1,20260711
E2,3,Doris,300000,medium_004,3,medium,0.0244,0.0034,0,0,0.0018,0.0018,0.0296,0,0,0,0,0,0,140,0,140,39,2,1,1,20260711
E2,3,Doris,300000,rare_022,3,rare,1.5963,0.5254,0,0,0.0038,0.0038,2.1255,0,0,0,0,0,0,24140,0,24140,144,402,4,1,20260711
E2,3,Doris,300000,common_008,3,common,62.1295,22.7034,0,0,2.2333,2.2333,87.0662,0,0,0,0,0,0,927140,0,927140,135734,15452,3878,1,20260711
E2,3,Doris,300000,common_018,3,common,36.3833,12.7559,0,0,3.7976,3.7976,52.9368,0,0,0,0,0,0,545540,0,545540,236464,9092,6756,1,20260711
E2,3,Doris,300000,common_003,3,common,27.1842,9.2336,0,0,0.5338,0.5338,36.9516,0,0,0,0,0,0,410360,0,410360,31434,6839,898,1,20260711
E2,3,Doris,300000,medium_019,3,medium,0.1923,0.0593,0,0,0.0017,0.0017,0.2533,0,0,0,0,0,0,2660,0,2660,39,44,1,1,20260711
E2,3,Doris,300000,rare_023,3,rare,19.4707,6.6484,0,0,0.0384,0.0384,26.1575,0,0,0,0,0,0,286760,0,286760,1544,4779,44,1,20260711
E2,3,Doris,300000,medium_010,3,medium,0.019,0.0032,0,0,0.0015,0.0015,0.0237,0,0,0,0,0,0,140,0,140,39,2,1,1,20260711
E2,3,Doris,300000,rare_013,3,rare,11.311,3.7774,0,0,0.0288,0.0288,15.1172,0,0,0,0,0,0,172820,0,172820,1089,2880,31,1,20260711
E2,3,Doris,300000,rare_008,3,rare,3.1751,1.0073,0,0,0.0088,0.0088,4.1912,0,0,0,0,0,0,46160,0,46160,284,769,8,1,20260711
E2,3,Doris,300000,medium_001,3,medium,0.013,0.0019,0,0,0.0008,0.0008,0.0157,0,0,0,0,0,0,80,0,80,39,1,1,1,20260711
E2,3,Doris,300000,rare_000,3,rare,0.2004,0.066,0,0,0.0011,0.0011,0.2675,0,0,0,0,0,0,3020,0,3020,39,50,1,1,20260711
E2,3,Ren,300000,rare_019,3,rare,0.0107,2.2681,0,0.0001,0.0035,0.0035,2.2823,0,0,0,0,0,0,172,0,172,47,2068,1,1,20260711
E2,3,Ren,300000,medium_007,3,medium,0.0131,0.0152,0,0,0.0011,0.0011,0.0294,0,0,0,0,0,0,172,0,172,47,13,1,1,20260711
E2,3,Ren,300000,rare_016,3,rare,0.0105,0.4614,0,0,0.0008,0.0008,0.4727,0,0,0,0,0,0,172,0,172,47,442,1,1,20260711
E2,3,Ren,300000,common_005,3,common,0.0104,29.7053,0,0,1.9357,1.9357,31.6514,0,0,0,0,0,0,172,0,172,137756,23852,3532,1,20260711
E2,3,Ren,300000,common_021,3,common,0.0166,32.6918,0,0,5.1152,5.1152,37.8236,0,0,0,0,0,0,172,0,172,361304,15452,9264,1,20260711
E2,3,Ren,300000,medium_002,3,medium,0.0217,0.005,0,0,0.0051,0.0051,0.0318,0,0,0,0,0,0,172,0,172,47,2,1,1,20260711
E2,3,Ren,300000,common_009,3,common,0.0104,46.4433,0,0.0001,2.979,2.979,49.4327,0,0,0,0,0,0,172,0,172,211388,27975,5420,1,20260711
E2,3,Ren,300000,rare_021,3,rare,0.0228,0.0207,0,0,0.0067,0.0067,0.0502,0,0,0,0,0,0,172,0,172,47,13,1,1,20260711
E2,3,Ren,300000,rare_017,3,rare,0.0105,0.0904,0,0,0.0013,0.0013,0.1022,0,0,0,0,0,0,172,0,172,47,71,1,1,20260711
E2,3,Ren,300000,rare_005,3,rare,0.0107,0.0476,0,0,0.001,0.001,0.0593,0,0,0,0,0,0,172,0,172,47,43,1,1,20260711
E2,3,Ren,300000,rare_012,3,rare,0.011,0.3198,0,0,0.0083,0.0083,0.3391,0,0,0,0,0,0,172,0,172,554,280,14,1,20260711
E2,3,Ren,300000,medium_012,3,medium,0.0145,0.3719,0,0,0.0008,0.0008,0.3872,0,0,0,0,0,0,172,0,172,47,268,1,1,20260711
E2,3,Ren,300000,common_019,3,common,0.0104,48.8065,0,0,8.4724,8.4724,57.2893,0,0,0,0,0,0,172,0,172,603416,25731,15472,1,20260711
E2,3,Ren,300000,common_011,3,common,0.0256,30.0884,0,0.0001,7.479,7.479,37.593,0,0,0,0,0,0,172,0,172,517538,15256,13270,1,20260711
E2,3,Ren,300000,common_004,3,common,0.0218,58.8834,0,0,6.9668,6.9668,65.872,0,0,0,0,0,0,172,0,172,505136,41662,12952,1,20260711
E2,3,Ren,300000,medium_024,3,medium,0.0232,0.5176,0,0.0001,0.0069,0.0069,0.5477,0,0,0,0,0,0,172,0,172,47,488,1,1,20260711
E2,3,Ren,300000,medium_020,3,medium,0.0107,0.0965,0,0,0.0016,0.0016,0.1088,0,0,0,0,0,0,172,0,172,86,55,2,1,20260711
E2,3,Ren,300000,common_002,3,common,0.0106,9.6254,0,0,0.7392,0.7392,10.3752,0,0,0,0,0,0,172,0,172,53399,6839,1369,1,20260711
E2,3,Ren,300000,medium_014,3,medium,0.0124,0.1828,0,0.0001,0.006,0.006,0.2012,0,0,0,0,0,0,172,0,172,398,169,10,1,20260711
E2,3,Ren,300000,medium_011,3,medium,0.0105,0.1309,0,0.0001,0.0008,0.0008,0.1422,0,0,0,0,0,0,172,0,172,47,126,1,1,20260711
E2,3,Ren,300000,rare_011,3,rare,0.0106,0.0027,0,0,0.0007,0.0007,0.014,0,0,0,0,0,0,172,0,172,47,1,1,1,20260711
E2,3,Ren,300000,common_016,3,common,0.0103,56.8021,0,0,7.1265,7.1265,63.9389,0,0,0,0,0,0,172,0,172,509855,30050,13073,1,20260711
E2,3,Ren,300000,common_020,3,common,0.0218,41.9658,0,0.0001,3.8921,3.8921,45.8797,0,0,0,0,0,0,172,0,172,242315,24000,6213,1,20260711
E2,3,Ren,300000,medium_006,3,medium,0.0207,0.0048,0,0.0001,0.0036,0.0036,0.0291,0,0,0,0,0,0,172,0,172,47,2,1,1,20260711
E2,3,Ren,300000,medium_018,3,medium,0.0107,0.0619,0,0,0.001,0.001,0.0736,0,0,0,0,0,0,172,0,172,47,57,1,1,20260711
E2,3,Ren,300000,common_022,3,common,0.0103,29.5157,0,0,6.1522,6.1522,35.6782,0,0,0,0,0,0,172,0,172,440045,13886,11283,1,20260711
E2,3,Ren,300000,common_013,3,common,0.0234,2.2926,0,0.0001,0.4467,0.4467,2.7627,0,0,0,0,0,0,172,0,172,31403,1103,805,1,20260711
E2,3,Ren,300000,rare_015,3,rare,0.0145,0.69,0,0.0001,0.0026,0.0026,0.7071,0,0,0,0,0,0,172,0,172,86,675,2,1,20260711
E2,3,Ren,300000,rare_001,3,rare,0.0107,0.1953,0,0,0.001,0.001,0.207,0,0,0,0,0,0,172,0,172,47,177,1,1,20260711
E2,3,Ren,300000,rare_025,3,rare,0.0105,0.2392,0,0,0.0015,0.0015,0.2512,0,0,0,0,0,0,172,0,172,86,231,2,1,20260711
E2,3,Ren,300000,medium_013,3,medium,0.0115,0.5115,0,0.0001,0.0031,0.0031,0.5261,0,0,0,0,0,0,172,0,172,164,493,4,1,20260711
E2,3,Ren,300000,rare_014,3,rare,0.0109,0.2002,0,0,0.0016,0.0016,0.2127,0,0,0,0,0,0,172,0,172,47,34,1,1,20260711
E2,3,Ren,300000,common_007,3,common,0.0112,3.883,0,0.0001,0.7843,0.7843,4.6785,0,0,0,0,0,0,172,0,172,56636,2133,1452,1,20260711
E2,3,Ren,300000,rare_003,3,rare,0.013,0.003,0,0,0.001,0.001,0.017,0,0,0,0,0,0,172,0,172,47,1,1,1,20260711
E2,3,Ren,300000,common_012,3,common,0.0106,12.37,0,0,1.927,1.927,14.3076,0,0,0,0,0,0,172,0,172,138263,6419,3545,1,20260711
E2,3,Ren,300000,medium_009,3,medium,0.0146,0.1817,0,0.0001,0.0016,0.0016,0.1979,0,0,0,0,0,0,172,0,172,47,169,1,1,20260711
E2,3,Ren,300000,common_024,3,common,0.0105,155.081,0,0,39.6997,39.6997,194.791,0,0,0,0,0,0,172,0,172,2836127,73584,72721,1,20260711
E2,3,Ren,300000,common_027,3,common,0.0287,67.8255,0,0.0001,14.7377,14.7377,82.5919,0,0,0,0,0,0,172,0,172,1042751,31904,26737,1,20260711
E2,3,Ren,300000,rare_006,3,rare,0.0235,0.0054,0,0,0.0061,0.0061,0.035,0,0,0,0,0,0,172,0,172,47,2,1,1,20260711
E2,3,Ren,300000,common_025,3,common,0.0105,22.681,0,0,5.3038,5.3038,27.9953,0,0,0,0,0,0,172,0,172,316415,12689,8113,1,20260711
E2,3,Ren,300000,medium_005,3,medium,0.0204,0.1878,0,0.0001,0.0063,0.0063,0.2145,0,0,0,0,0,0,172,0,172,281,168,7,1,20260711
E2,3,Ren,300000,rare_002,3,rare,0.0107,0.4272,0,0,0.0009,0.0009,0.4388,0,0,0,0,0,0,172,0,172,47,407,1,1,20260711
E2,3,Ren,300000,common_026,3,common,0.0105,67.7291,0,0,14.8877,14.8877,82.6273,0,0,0,0,0,0,172,0,172,1043999,32047,26769,1,20260711
E2,3,Ren,300000,common_006,3,common,0.0237,3.6208,0,0,0.2755,0.2755,3.92,0,0,0,0,0,0,172,0,172,19586,2915,502,1,20260711
E2,3,Ren,300000,common_010,3,common,0.0129,29.059,0,0.0001,5.6427,5.6427,34.7146,0,0,0,0,0,0,172,0,172,397730,16105,10198,1,20260711
E2,3,Ren,300000,rare_004,3,rare,0.02,0.0434,0,0,0.0036,0.0036,0.067,0,0,0,0,0,0,172,0,172,47,36,1,1,20260711
E2,3,Ren,300000,medium_023,3,medium,0.0109,0.5802,0,0,0.0014,0.0014,0.5925,0,0,0,0,0,0,172,0,172,47,520,1,1,20260711
E2,3,Ren,300000,rare_020,3,rare,0.0108,0.007,0,0,0.0009,0.0009,0.0187,0,0,0,0,0,0,172,0,172,47,5,1,1,20260711
E2,3,Ren,300000,common_023,3,common,0.0104,33.185,0,0,6.8469,6.8469,40.0423,0,0,0,0,0,0,172,0,172,486416,15452,12472,1,20260711
E2,3,Ren,300000,rare_009,3,rare,0.0241,0.0076,0,0.0001,0.0076,0.0076,0.0393,0,0,0,0,0,0,172,0,172,47,4,1,1,20260711
E2,3,Ren,300000,rare_018,3,rare,0.0106,1.7185,0,0,0.0014,0.0014,1.7305,0,0,0,0,0,0,172,0,172,47,1655,1,1,20260711
E2,3,Ren,300000,rare_010,3,rare,0.0106,0.5271,0,0,0.0019,0.0019,0.5396,0,0,0,0,0,0,172,0,172,47,257,1,1,20260711
E2,3,Ren,300000,medium_021,3,medium,0.0118,0.0546,0,0,0.0009,0.0009,0.0673,0,0,0,0,0,0,172,0,172,47,51,1,1,20260711
E2,3,Ren,300000,common_017,3,common,0.0105,18.6872,0,0,3.774,3.774,22.4717,0,0,0,0,0,0,172,0,172,258461,8238,6627,1,20260711
E2,3,Ren,300000,common_015,3,common,0.0209,39.1381,0,0.0001,2.5513,2.5513,41.7103,0,0,0,0,0,0,172,0,172,173246,32047,4442,1,20260711
E2,3,Ren,300000,medium_022,3,medium,0.0209,2.2346,0,0.0001,0.0072,0.0072,2.2627,0,0,0,0,0,0,172,0,172,125,2108,3,1,20260711
E2,3,Ren,300000,common_000,3,common,0.0111,20.4534,0,0,2.29,2.29,22.7545,0,0,0,0,0,0,172,0,172,165446,12301,4242,1,20260711
E2,3,Ren,300000,rare_024,3,rare,0.0203,4.382,0,0.0001,0.0205,0.0205,4.4228,0,0,0,0,0,0,172,0,172,866,3558,22,1,20260711
E2,3,Ren,300000,medium_015,3,medium,0.0129,1.9445,0,0,0.0013,0.0013,1.9587,0,0,0,0,0,0,172,0,172,47,1876,1,1,20260711
E2,3,Ren,300000,medium_003,3,medium,0.0109,0.0039,0,0.0001,0.0007,0.0007,0.0155,0,0,0,0,0,0,172,0,172,47,2,1,1,20260711
E2,3,Ren,300000,rare_007,3,rare,0.0105,0.0508,0,0,0.0008,0.0008,0.0621,0,0,0,0,0,0,172,0,172,47,44,1,1,20260711
E2,3,Ren,300000,medium_025,3,medium,0.0105,0.059,0,0,0.0007,0.0007,0.0702,0,0,0,0,0,0,172,0,172,47,56,1,1,20260711
E2,3,Ren,300000,common_014,3,common,0.0109,37.054,0,0,4.6636,4.6636,41.7285,0,0,0,0,0,0,172,0,172,338138,24743,8670,1,20260711
E2,3,Ren,300000,medium_000,3,medium,0.0225,0.4789,0,0.0001,0.0131,0.0131,0.5145,0,0,0,0,0,0,172,0,172,125,176,3,1,20260711
E2,3,Ren,300000,medium_008,3,medium,0.0123,0.2542,0,0,0.0019,0.0019,0.2684,0,0,0,0,0,0,172,0,172,47,102,1,1,20260711
E2,3,Ren,300000,medium_017,3,medium,0.0159,0.0038,0,0,0.0008,0.0008,0.0205,0,0,0,0,0,0,172,0,172,47,2,1,1,20260711
E2,3,Ren,300000,medium_016,3,medium,0.0105,0.3164,0,0,0.0009,0.0009,0.3278,0,0,0,0,0,0,172,0,172,47,187,1,1,20260711
E2,3,Ren,300000,common_001,3,common,0.0108,14.5296,0,0,1.2586,1.2586,15.799,0,0,0,0,0,0,172,0,172,90215,10893,2313,1,20260711
E2,3,Ren,300000,medium_004,3,medium,0.0148,0.0042,0,0,0.0012,0.0012,0.0202,0,0,0,0,0,0,172,0,172,47,2,1,1,20260711
E2,3,Ren,300000,rare_022,3,rare,0.0109,0.4084,0,0,0.0028,0.0028,0.4221,0,0,0,0,0,0,172,0,172,164,402,4,1,20260711
E2,3,Ren,300000,common_008,3,common,0.0103,33.2226,0,0,2.101,2.101,35.3339,0,0,0,0,0,0,172,0,172,151250,15452,3878,1,20260711
E2,3,Ren,300000,common_018,3,common,0.0177,19.4143,0,0,3.6575,3.6575,23.0895,0,0,0,0,0,0,172,0,172,263492,9092,6756,1,20260711
E2,3,Ren,300000,common_003,3,common,0.0242,8.3131,0,0,0.4927,0.4927,8.83,0,0,0,0,0,0,172,0,172,35030,6839,898,1,20260711
E2,3,Ren,300000,medium_019,3,medium,0.0125,0.0469,0,0,0.0009,0.0009,0.0603,0,0,0,0,0,0,172,0,172,47,44,1,1,20260711
E2,3,Ren,300000,rare_023,3,rare,0.011,8.5117,0,0,0.0283,0.0283,8.551,0,0,0,0,0,0,172,0,172,1724,4779,44,1,20260711
E2,3,Ren,300000,medium_010,3,medium,0.013,0.0038,0,0,0.0008,0.0008,0.0176,0,0,0,0,0,0,172,0,172,47,2,1,1,20260711
E2,3,Ren,300000,rare_013,3,rare,0.0104,6.541,0,0,0.0229,0.0229,6.5743,0,0,0,0,0,0,172,0,172,1217,2880,31,1,20260711
E2,3,Ren,300000,rare_008,3,rare,0.0135,0.8192,0,0,0.005,0.005,0.8377,0,0,0,0,0,0,172,0,172,320,769,8,1,20260711
E2,3,Ren,300000,medium_001,3,medium,0.0113,0.0028,0,0,0.0008,0.0008,0.0149,0,0,0,0,0,0,172,0,172,47,1,1,1,20260711
E2,3,Ren,300000,rare_000,3,rare,0.0106,0.0534,0,0,0.0008,0.0008,0.0648,0,0,0,0,0,0,172,0,172,47,50,1,1,20260711
E2,3,SliceBF,300000,common_000,4,common,0.0413,0.1632,2.4204,0.3435,0.3054,3.0693,3.2738,2,300672,0,0,93,5952,808,2351040,1180,2651712,94,94,1,20260711
E2,3,SliceBF,300000,medium_000,4,medium,0.0395,0.1415,2.2655,0.3416,0.011,2.6181,2.7991,2,300672,0,0,1,64,808,25280,812,325952,1,1,1,20260711
E2,3,SliceBF,300000,common_013,4,common,0.0381,0.1931,3.1317,0.3448,0.8156,4.2921,4.5233,2,300672,0,0,205,13120,808,6853568,1628,7154240,208,208,1,20260711
E2,3,SliceBF,300000,medium_023,4,medium,0.0382,0.1406,3.3799,0.5367,0.0221,3.9387,4.1175,2,300672,0,0,2,128,808,66944,816,367616,2,2,1,20260711
E2,3,SliceBF,300000,common_009,4,common,0.0971,0.4744,4.3048,0.3549,3.6987,8.3584,8.9299,2,300672,0,0,795,50880,808,28846656,3988,29147328,856,856,1,20260711
E2,3,SliceBF,300000,rare_014,4,rare,0.0421,0.1422,1.8887,0.3431,0.0121,2.2439,2.4282,2,300672,0,0,1,64,808,25280,812,325952,1,1,1,20260711
E2,3,SliceBF,300000,common_016,4,common,0.038,0.6148,4.8797,0.6968,9.6396,15.2161,15.8689,2,300672,0,0,1706,109184,808,66917248,7632,67217920,2218,2218,1,20260711
E2,3,SliceBF,300000,rare_020,4,rare,0.0475,0.1463,3.878,0.3441,0.0194,4.2415,4.4353,2,300672,0,0,1,64,808,25280,812,325952,1,1,1,20260711
E2,3,SliceBF,300000,medium_004,4,medium,0.0396,0.1391,1.9572,0.3418,0.0138,2.3128,2.4915,2,300672,0,0,1,64,808,25280,812,325952,1,1,1,20260711
E2,3,SliceBF,300000,common_008,4,common,0.0387,0.32,2.7501,0.3511,2.8825,5.9837,6.3424,2,300672,0,0,619,39616,808,24430144,3284,24730816,675,675,1,20260711
E2,3,SliceBF,300000,rare_009,4,rare,0.0409,0.1421,2.7491,0.3414,0.0105,3.101,3.284,2,300672,0,0,1,64,808,25280,812,325952,1,1,1,20260711
E2,3,SliceBF,300000,rare_024,4,rare,0.0382,0.1369,4.0228,0.3442,0.0286,4.3956,4.5707,2,300672,0,0,4,256,808,150272,824,450944,4,4,1,20260711
E2,3,SliceBF,300000,medium_007,4,medium,0.0384,0.1377,2.7327,0.3418,0.0111,3.0856,3.2617,2,300672,0,0,1,64,808,41664,812,342336,1,1,1,20260711
E2,3,SliceBF,300000,common_026,4,common,0.0384,0.8927,2.2555,0.3948,18.8976,21.5479,22.479,2,300672,0,0,2905,185920,808,99521728,12428,99822400,5021,5021,1,20260711
E2,3,SliceBF,300000,rare_023,4,rare,0.0529,0.1441,2.9507,0.3417,0.0159,3.3083,3.5053,2,300672,0,0,1,64,808,41664,812,342336,1,1,1,20260711
E2,3,SliceBF,300000,common_014,4,common,0.0414,0.2015,2.7018,0.3449,0.8674,3.9141,4.157,2,300672,0,0,234,14976,808,6357888,1744,6658560,247,247,1,20260711
E2,3,SliceBF,300000,medium_016,4,medium,0.0388,0.1424,3.2355,0.3416,0.0109,3.588,3.7692,2,300672,0,0,1,64,808,41664,812,342336,1,1,1,20260711
E2,3,SliceBF,300000,rare_025,4,rare,0.0382,0.1365,2.4527,0.3417,0.0102,2.8046,2.9793,2,300672,0,0,1,64,808,25280,812,325952,1,1,1,20260711
E2,3,SliceBF,300000,rare_013,4,rare,0.0387,0.1411,2.2507,0.3779,0.0174,2.646,2.8258,2,300672,0,0,1,64,808,25280,812,325952,1,1,1,20260711
E2,3,SliceBF,300000,rare_002,4,rare,0.0391,0.3192,2.3851,0.3417,0.0124,2.7392,3.0975,2,300672,0,0,1,64,808,25280,812,325952,1,1,1,20260711
E2,3,SliceBF,300000,common_022,4,common,0.0395,0.7655,2.9577,0.3792,13.9486,17.2855,18.0905,2,300672,0,0,2379,152256,808,85356096,10324,85656768,3442,3442,1,20260711
E2,3,SliceBF,300000,medium_012,4,medium,0.0468,0.1489,2.7257,0.3419,0.0144,3.082,3.2777,2,300672,0,0,1,64,808,25280,812,325952,1,1,1,20260711
E2,3,SliceBF,300000,common_015,4,common,0.0388,0.1949,2.9333,0.4294,0.9055,4.2682,4.5019,2,300672,0,0,211,13504,808,5366848,1652,5667520,228,228,1,20260711
E2,3,SliceBF,300000,medium_022,4,medium,0.0454,0.1609,2.6385,0.3417,0.0104,2.9906,3.1969,2,300672,0,0,1,64,808,25280,812,325952,1,1,1,20260711
E2,3,SliceBF,300000,medium_014,4,medium,0.0384,0.1363,2.7689,0.3418,0.0326,3.1433,3.318,2,300672,0,0,5,320,808,191936,828,492608,5,5,1,20260711
E2,3,SliceBF,300000,medium_008,4,medium,0.0422,0.144,3.5027,0.3416,0.0119,3.8562,4.0424,2,300672,0,0,1,64,808,41664,812,342336,1,1,1,20260711
E2,3,SliceBF,300000,medium_003,4,medium,0.0444,0.1367,3.3435,0.3415,0.0112,3.6962,3.8773,2,300672,0,0,1,64,808,41664,812,342336,1,1,1,20260711
E2,3,SliceBF,300000,common_018,4,common,0.0381,0.3066,3.8397,0.3509,2.4151,6.6057,6.9504,2,300672,0,0,613,39232,808,20280768,3260,20581440,659,659,1,20260711
E2,3,SliceBF,300000,medium_019,4,medium,0.0406,0.1351,2.3238,0.3415,0.0116,2.6769,2.8526,2,300672,0,0,1,64,808,41664,812,342336,1,1,1,20260711
E2,3,SliceBF,300000,rare_007,4,rare,0.038,0.1373,2.0178,0.3415,0.0097,2.369,2.5443,2,300672,0,0,1,64,808,25280,812,325952,1,1,1,20260711
E2,3,SliceBF,300000,rare_005,4,rare,0.0382,0.139,3.257,0.5694,0.0175,3.8439,4.0211,2,300672,0,0,1,64,808,25280,812,325952,1,1,1,20260711
E2,3,SliceBF,300000,rare_019,4,rare,0.0407,0.1595,2.1133,0.3426,0.018,2.4739,2.6741,2,300672,0,0,2,128,808,66944,816,367616,2,2,1,20260711
E2,3,SliceBF,300000,medium_025,4,medium,0.0388,0.1373,3.5231,0.3427,0.0134,3.8792,4.0553,2,300672,0,0,1,64,808,41664,812,342336,1,1,1,20260711
E2,3,SliceBF,300000,rare_016,4,rare,0.0388,0.1423,3.1071,0.3418,0.0249,3.4738,3.6549,2,300672,0,0,4,256,808,125696,824,426368,4,4,1,20260711
E2,3,SliceBF,300000,medium_001,4,medium,0.0381,0.1427,3.697,0.3424,0.0156,4.055,4.2358,2,300672,0,0,2,128,808,66944,816,367616,2,2,1,20260711
E2,3,SliceBF,300000,medium_006,4,medium,0.0387,0.1451,2.706,0.3419,0.0142,3.0621,3.2459,2,300672,0,0,1,64,808,25280,812,325952,1,1,1,20260711
E2,3,SliceBF,300000,medium_002,4,medium,0.0394,0.1428,1.9725,0.3442,0.0132,2.3299,2.5121,2,300672,0,0,1,64,808,25280,812,325952,1,1,1,20260711
E2,3,SliceBF,300000,medium_009,4,medium,0.0383,0.1382,3.2148,0.3416,0.0116,3.568,3.7445,2,300672,0,0,1,64,808,25280,812,325952,1,1,1,20260711
E2,3,SliceBF,300000,common_003,4,common,0.0388,0.2093,3.2319,0.346,0.9239,4.5018,4.7499,2,300672,0,0,233,14912,808,6881472,1740,7182144,243,243,1,20260711
E2,3,SliceBF,300000,medium_010,4,medium,0.0392,0.136,2.2869,0.3417,0.0183,2.6469,2.8221,2,300672,0,0,2,128,808,83328,816,384000,2,2,1,20260711
E2,3,SliceBF,300000,rare_000,4,rare,0.0387,0.1433,2.3339,0.3416,0.0122,2.6877,2.8697,2,300672,0,0,1,64,808,25280,812,325952,1,1,1,20260711
E2,3,SliceBF,300000,medium_011,4,medium,0.0385,0.1417,3.0128,0.3417,0.019,3.3735,3.5537,2,300672,0,0,2,128,808,66944,816,367616,2,2,1,20260711
E2,3,SliceBF,300000,medium_013,4,medium,0.0392,0.1343,2.9555,0.3475,0.0204,3.3234,3.4969,2,300672,0,0,2,128,808,116096,816,416768,2,2,1,20260711
E2,3,SliceBF,300000,common_010,4,common,0.04,0.8268,3.7906,0.3735,15.3756,19.5397,20.4065,2,300672,0,0,1827,116928,808,80822336,8116,81123008,3091,3091,1,20260711
E2,3,SliceBF,300000,common_005,4,common,0.0461,0.1871,3.7732,0.3451,0.56,4.6783,4.9115,2,300672,0,0,135,8640,808,4510528,1348,4811200,136,136,1,20260711
E2,3,SliceBF,300000,medium_020,4,medium,0.0412,0.1467,2.3716,0.3416,0.0127,2.7259,2.9138,2,300672,0,0,1,64,808,41664,812,342336,1,1,1,20260711
E2,3,SliceBF,300000,rare_012,4,rare,0.0389,0.137,3.4693,0.3418,0.0123,3.8234,3.9993,2,300672,0,0,1,64,808,25280,812,325952,1,1,1,20260711
E2,3,SliceBF,300000,medium_017,4,medium,0.0388,0.1415,2.3972,0.4526,0.0161,2.8659,3.0462,2,300672,0,0,1,64,808,25280,812,325952,1,1,1,20260711
E2,3,SliceBF,300000,common_011,4,common,0.0387,0.2553,2.6443,0.3481,1.7505,4.7429,5.0369,2,300672,0,0,420,26880,808,14222080,2488,14522752,440,440,1,20260711
E2,3,SliceBF,300000,common_012,4,common,0.0409,0.7619,3.8718,0.3787,13.5737,17.8242,18.627,2,300672,0,0,2354,150656,808,81340800,10224,81641472,3377,3377,1,20260711
E2,3,SliceBF,300000,common_024,4,common,0.0434,0.7901,4.4694,0.3853,14.4422,19.2969,20.1304,2,300672,0,0,2470,158080,808,81397888,10688,81698560,3854,3854,1,20260711
E2,3,SliceBF,300000,common_023,4,common,0.0802,0.9014,2.3971,0.3687,9.0692,11.835,12.8166,2,300672,0,0,1829,117056,808,61310400,8124,61611072,2417,2417,1,20260711
E2,3,SliceBF,300000,medium_021,4,medium,0.0436,0.1409,3.4506,0.3433,0.0189,3.8128,3.9973,2,300672,0,0,1,64,808,25280,812,325952,1,1,1,20260711
E2,3,SliceBF,300000,rare_001,4,rare,0.0404,0.1504,2.2417,0.3427,0.016,2.6004,2.7912,2,300672,0,0,1,64,808,25280,812,325952,1,1,1,20260711
E2,3,SliceBF,300000,rare_010,4,rare,0.0419,0.1556,2.2546,0.3416,0.0122,2.6084,2.8059,2,300672,0,0,1,64,808,41664,812,342336,1,1,1,20260711
E2,3,SliceBF,300000,common_025,4,common,0.0386,1.3537,3.2221,0.4841,77.3293,81.0355,82.4278,2,300672,0,0,3011,192704,808,128399424,12852,128700096,14637,14637,1,20260711
E2,3,SliceBF,300000,medium_015,4,medium,0.0695,0.1502,2.6245,0.3419,0.0188,2.9852,3.2049,2,300672,0,0,1,64,808,41664,812,342336,1,1,1,20260711
E2,3,SliceBF,300000,rare_022,4,rare,0.0401,0.1456,2.8142,0.3682,0.015,3.1974,3.3831,2,300672,0,0,1,64,808,25280,812,325952,1,1,1,20260711
E2,3,SliceBF,300000,rare_015,4,rare,0.0391,0.1375,1.9646,0.3417,0.0113,2.3176,2.4942,2,300672,0,0,1,64,808,41664,812,342336,1,1,1,20260711
E2,3,SliceBF,300000,rare_008,4,rare,0.0381,0.1408,2.7546,0.3446,0.0161,3.1153,3.2942,2,300672,0,0,2,128,808,66944,816,367616,2,2,1,20260711
E2,3,SliceBF,300000,medium_018,4,medium,0.0389,0.1407,1.8455,0.3417,0.0131,2.2003,2.3799,2,300672,0,0,1,64,808,41664,812,342336,1,1,1,20260711
E2,3,SliceBF,300000,common_006,4,common,0.039,0.2166,3.0583,0.3497,1.1073,4.5153,4.7709,2,300672,0,0,271,17344,808,8915264,1892,9215936,285,285,1,20260711
E2,3,SliceBF,300000,common_007,4,common,0.0436,0.4538,3.767,0.3586,6.3698,10.4954,10.9928,2,300672,0,0,1109,70976,808,48695744,5244,48996416,1363,1363,1,20260711
E2,3,SliceBF,300000,common_027,4,common,0.0402,1.9098,3.5309,0.5557,116.295,120.381,122.331,2,300672,0,0,3798,243072,808,149589120,16000,149889792,23144,23144,1,20260711
E2,3,SliceBF,300000,common_004,4,common,0.0543,0.2679,3.9582,0.3479,1.2306,5.5367,5.8589,2,300672,0,0,295,18880,808,9718592,1988,10019264,304,304,1,20260711
E2,3,SliceBF,300000,common_001,4,common,0.0393,0.1931,4.0198,0.3446,0.9592,5.3236,5.556,2,300672,0,0,153,9792,808,4211904,1420,4512576,157,157,1,20260711
E2,3,SliceBF,300000,common_019,4,common,0.044,1.2255,2.6975,0.4201,34.5942,37.7118,38.9813,2,300672,0,0,3349,214336,808,133044672,14204,133345344,7649,7649,1,20260711
E2,3,SliceBF,300000,rare_004,4,rare,0.0525,0.1453,2.0494,0.3423,0.0155,2.4072,2.605,2,300672,0,0,1,64,808,41664,812,342336,1,1,1,20260711
E2,3,SliceBF,300000,medium_024,4,medium,0.0392,0.1425,2.2657,0.3439,0.0148,2.6244,2.8061,2,300672,0,0,1,64,808,41664,812,342336,1,1,1,20260711
E2,3,SliceBF,300000,rare_006,4,rare,0.0384,0.1405,2.1737,0.3417,0.011,2.5264,2.7053,2,300672,0,0,1,64,808,25280,812,325952,1,1,1,20260711
E2,3,SliceBF,300000,rare_017,4,rare,0.0383,0.1418,2.3984,0.3416,0.0137,2.7537,2.9338,2,300672,0,0,1,64,808,25280,812,325952,1,1,1,20260711
E2,3,SliceBF,300000,common_020,4,common,0.0389,0.4811,3.4328,0.3614,8.973,12.7672,13.2872,2,300672,0,0,1209,77376,808,53550272,5644,53850944,1738,1738,1,20260711
E2,3,SliceBF,300000,rare_021,4,rare,0.0433,0.1439,3.6483,0.3428,0.0134,4.0045,4.1917,2,300672,0,0,1,64,808,25280,812,325952,1,1,1,20260711
E2,3,SliceBF,300000,medium_005,4,medium,0.0391,0.1391,2.8726,0.508,0.0113,3.3919,3.5701,2,300672,0,0,1,64,808,25280,812,325952,1,1,1,20260711
E2,3,SliceBF,300000,rare_003,4,rare,0.0384,0.1414,2.3679,0.3416,0.0128,2.7223,2.9021,2,300672,0,0,1,64,808,25280,812,325952,1,1,1,20260711
E2,3,SliceBF,300000,common_021,4,common,0.0386,1.0525,3.8086,0.3939,11.825,16.0275,17.1186,2,300672,0,0,2142,137088,808,71787136,9376,72087808,3022,3022,1,20260711
E2,3,SliceBF,300000,common_002,4,common,0.0427,0.4799,4.0372,0.361,8.0272,12.4254,12.948,2,300672,0,0,1204,77056,808,53964544,5624,54265216,1653,1653,1,20260711
E2,3,SliceBF,300000,rare_011,4,rare,0.0414,0.1449,2.9019,0.3419,0.0153,3.2591,3.4454,2,300672,0,0,1,64,808,41664,812,342336,1,1,1,20260711
E2,3,SliceBF,300000,rare_018,4,rare,0.0415,0.1416,1.8475,0.3417,0.0131,2.2023,2.3854,2,300672,0,0,1,64,808,25280,812,325952,1,1,1,20260711
E2,3,SliceBF,300000,common_017,4,common,0.0385,0.2748,3.5184,0.3493,1.8607,5.7284,6.0417,2,300672,0,0,462,29568,808,13489792,2656,13790464,506,506,1,20260711
E2,3,XEBFF-Conj,300000,common_000,4,common,0.5391,0.1571,0,0,0.0582,0.0582,0.7544,0,0,0,0,0,0,7148,0,7148,3294,99,94,1,20260711
E2,3,XEBFF-Conj,300000,medium_000,4,medium,7.0538,1.9914,0,0,0.0022,0.0022,9.0474,0,0,0,0,0,0,97940,0,97940,39,1360,1,1,20260711
E2,3,XEBFF-Conj,300000,common_013,4,common,14.874,4.6225,0,0,0.133,0.133,19.6295,0,0,0,0,0,0,206228,0,206228,7284,2864,208,1,20260711
E2,3,XEBFF-Conj,300000,medium_023,4,medium,26.9703,7.9013,0,0,0.0068,0.0068,34.8784,0,0,0,0,0,0,364268,0,364268,74,5059,2,1,20260711
E2,3,XEBFF-Conj,300000,common_009,4,common,40.8887,11.7495,0,0,0.547,0.547,53.1852,0,0,0,0,0,0,555212,0,555212,29964,7711,856,1,20260711
E2,3,XEBFF-Conj,300000,rare_014,4,rare,0.1772,0.0406,0,0,0.0016,0.0016,0.2194,0,0,0,0,0,0,1964,0,1964,39,27,1,1,20260711
E2,3,XEBFF-Conj,300000,common_016,4,common,52.7626,16.2124,0,0,1.3036,1.3036,70.2786,0,0,0,0,0,0,710732,0,710732,77634,9871,2218,1,20260711
E2,3,XEBFF-Conj,300000,rare_020,4,rare,0.3881,0.1058,0,0,0.0034,0.0034,0.4973,0,0,0,0,0,0,4916,0,4916,39,68,1,1,20260711
E2,3,XEBFF-Conj,300000,medium_004,4,medium,0.3918,0.1101,0,0,0.001,0.001,0.5029,0,0,0,0,0,0,5204,0,5204,39,72,1,1,20260711
E2,3,XEBFF-Conj,300000,common_008,4,common,124.865,36.4631,0,0,0.7354,0.7354,162.064,0,0,0,0,0,0,1728020,0,1728020,23629,24000,675,1,20260711
E2,3,XEBFF-Conj,300000,rare_009,4,rare,0.3434,0.0968,0,0,0.0031,0.0031,0.4433,0,0,0,0,0,0,4196,0,4196,39,58,1,1,20260711
E2,3,XEBFF-Conj,300000,rare_024,4,rare,16.2198,4.5185,0,0,0.0112,0.0112,20.7495,0,0,0,0,0,0,221276,0,221276,144,3073,4,1,20260711
E2,3,XEBFF-Conj,300000,medium_007,4,medium,2.4839,0.6825,0,0,0.004,0.004,3.1704,0,0,0,0,0,0,34292,0,34292,39,476,1,1,20260711
E2,3,XEBFF-Conj,300000,common_026,4,common,33.9935,9.9458,0,0,2.7929,2.7929,46.7322,0,0,0,0,0,0,462188,0,462188,175739,6419,5021,1,20260711
E2,3,XEBFF-Conj,300000,rare_023,4,rare,0.1855,0.0427,0,0,0.0063,0.0063,0.2345,0,0,0,0,0,0,2036,0,2036,39,28,1,1,20260711
E2,3,XEBFF-Conj,300000,common_014,4,common,5.3755,1.5027,0,0,0.1495,0.1495,7.0277,0,0,0,0,0,0,71372,0,71372,8649,991,247,1,20260711
E2,3,XEBFF-Conj,300000,medium_016,4,medium,0.0386,0.0035,0,0,0.0008,0.0008,0.0429,0,0,0,0,0,0,164,0,164,39,2,1,1,20260711
E2,3,XEBFF-Conj,300000,rare_025,4,rare,0.0611,0.0111,0,0,0.0008,0.0008,0.073,0,0,0,0,0,0,524,0,524,39,7,1,1,20260711
E2,3,XEBFF-Conj,300000,rare_013,4,rare,0.3109,0.0806,0,0,0.001,0.001,0.3925,0,0,0,0,0,0,4052,0,4052,39,56,1,1,20260711
E2,3,XEBFF-Conj,300000,rare_002,4,rare,0.9224,0.2547,0,0,0.001,0.001,1.1781,0,0,0,0,0,0,12764,0,12764,39,177,1,1,20260711
E2,3,XEBFF-Conj,300000,common_022,4,common,33.9042,10.4905,0,0,1.9366,1.9366,46.3313,0,0,0,0,0,0,462188,0,462188,120474,6419,3442,1,20260711
E2,3,XEBFF-Conj,300000,medium_012,4,medium,0.0445,0.0027,0,0,0.005,0.005,0.0522,0,0,0,0,0,0,92,0,92,39,1,1,1,20260711
E2,3,XEBFF-Conj,300000,common_015,4,common,35.4152,10.7215,0,0,0.1433,0.1433,46.28,0,0,0,0,0,0,492428,0,492428,7984,6839,228,1,20260711
E2,3,XEBFF-Conj,300000,medium_022,4,medium,2.0076,0.5487,0,0,0.0025,0.0025,2.5588,0,0,0,0,0,0,27596,0,27596,39,383,1,1,20260711
E2,3,XEBFF-Conj,300000,medium_014,4,medium,8.1304,2.191,0,0,0.0082,0.0082,10.3296,0,0,0,0,0,0,108668,0,108668,179,1509,5,1,20260711
E2,3,XEBFF-Conj,300000,medium_008,4,medium,5.1054,1.4134,0,0,0.0038,0.0038,6.5226,0,0,0,0,0,0,71372,0,71372,39,991,1,1,20260711
E2,3,XEBFF-Conj,300000,medium_003,4,medium,0.3708,0.0966,0,0,0.0011,0.0011,0.4685,0,0,0,0,0,0,4916,0,4916,39,68,1,1,20260711
E2,3,XEBFF-Conj,300000,common_018,4,common,5.6778,1.4767,0,0,0.3909,0.3909,7.5454,0,0,0,0,0,0,71372,0,71372,23069,991,659,1,20260711
E2,3,XEBFF-Conj,300000,medium_019,4,medium,2.3771,0.6725,0,0,0.0039,0.0039,3.0535,0,0,0,0,0,0,32780,0,32780,39,455,1,1,20260711
E2,3,XEBFF-Conj,300000,rare_007,4,rare,0.2494,0.0656,0,0,0.0012,0.0012,0.3162,0,0,0,0,0,0,3188,0,3188,39,44,1,1,20260711
E2,3,XEBFF-Conj,300000,rare_005,4,rare,0.7857,0.2134,0,0,0.0009,0.0009,1,0,0,0,0,0,0,10604,0,10604,39,147,1,1,20260711
E2,3,XEBFF-Conj,300000,rare_019,4,rare,8.7981,2.6305,0,0,0.0062,0.0062,11.4348,0,0,0,0,0,0,119900,0,119900,74,1665,2,1,20260711
E2,3,XEBFF-Conj,300000,medium_025,4,medium,0.1886,0.0457,0,0,0.0016,0.0016,0.2359,0,0,0,0,0,0,2252,0,2252,39,31,1,1,20260711
E2,3,XEBFF-Conj,300000,rare_016,4,rare,16.844,4.9165,0,0,0.0094,0.0094,21.7699,0,0,0,0,0,0,232580,0,232580,144,3230,4,1,20260711
E2,3,XEBFF-Conj,300000,medium_001,4,medium,16.4646,5.087,0,0,0.0075,0.0075,21.5591,0,0,0,0,0,0,227252,0,227252,74,3156,2,1,20260711
E2,3,XEBFF-Conj,300000,medium_006,4,medium,0.1527,0.0343,0,0,0.0014,0.0014,0.1884,0,0,0,0,0,0,1676,0,1676,39,23,1,1,20260711
E2,3,XEBFF-Conj,300000,medium_002,4,medium,1.4142,0.3921,0,0,0.0013,0.0013,1.8076,0,0,0,0,0,0,19676,0,19676,39,273,1,1,20260711
E2,3,XEBFF-Conj,300000,medium_009,4,medium,0.2563,0.0663,0,0,0.0009,0.0009,0.3235,0,0,0,0,0,0,3332,0,3332,39,46,1,1,20260711
E2,3,XEBFF-Conj,300000,common_003,4,common,38.3447,11.5463,0,0,0.1646,0.1646,50.0556,0,0,0,0,0,0,518924,0,518924,8509,7207,243,1,20260711
E2,3,XEBFF-Conj,300000,medium_010,4,medium,0.2886,0.0713,0,0,0.0024,0.0024,0.3623,0,0,0,0,0,0,3548,0,3548,74,49,2,1,20260711
E2,3,XEBFF-Conj,300000,rare_000,4,rare,0.0459,0.007,0,0,0.0008,0.0008,0.0537,0,0,0,0,0,0,308,0,308,39,4,1,1,20260711
E2,3,XEBFF-Conj,300000,medium_011,4,medium,3.5514,0.9773,0,0,0.0075,0.0075,4.5362,0,0,0,0,0,0,47540,0,47540,74,660,2,1,20260711
E2,3,XEBFF-Conj,300000,medium_013,4,medium,1.6241,0.4649,0,0,0.0024,0.0024,2.0914,0,0,0,0,0,0,22484,0,22484,74,312,2,1,20260711
E2,3,XEBFF-Conj,300000,common_010,4,common,123.187,35.9641,0,0,1.8148,1.8148,160.966,0,0,0,0,0,0,1666316,0,1666316,108189,23143,3091,1,20260711
E2,3,XEBFF-Conj,300000,common_005,4,common,5.8855,1.5925,0,0,0.0942,0.0942,7.5722,0,0,0,0,0,0,79436,0,79436,4764,1103,136,1,20260711
E2,3,XEBFF-Conj,300000,medium_020,4,medium,1.5117,0.4306,0,0,0.0023,0.0023,1.9446,0,0,0,0,0,0,20972,0,20972,39,291,1,1,20260711
E2,3,XEBFF-Conj,300000,rare_012,4,rare,0.0367,0.0036,0,0,0.0009,0.0009,0.0412,0,0,0,0,0,0,164,0,164,39,2,1,1,20260711
E2,3,XEBFF-Conj,300000,medium_017,4,medium,0.7582,0.2033,0,0,0.001,0.001,0.9625,0,0,0,0,0,0,10316,0,10316,39,143,1,1,20260711
E2,3,XEBFF-Conj,300000,common_011,4,common,33.9929,10.0728,0,0,0.537,0.537,44.6027,0,0,0,0,0,0,462188,0,462188,15404,6419,440,1,20260711
E2,3,XEBFF-Conj,300000,common_012,4,common,43.248,12.8057,0,0,1.9001,1.9001,57.9538,0,0,0,0,0,0,593156,0,593156,118199,8238,3377,1,20260711
E2,3,XEBFF-Conj,300000,common_024,4,common,69.4677,19.4907,0,0,2.2174,2.2174,91.1758,0,0,0,0,0,0,913628,0,913628,134894,12689,3854,1,20260711
E2,3,XEBFF-Conj,300000,common_023,4,common,34.8813,9.9726,0,0,1.3863,1.3863,46.2402,0,0,0,0,0,0,462188,0,462188,84599,6419,2417,1,20260711
E2,3,XEBFF-Conj,300000,medium_021,4,medium,20.3756,5.9617,0,0,0.0081,0.0081,26.3454,0,0,0,0,0,0,269660,0,269660,39,3745,1,1,20260711
E2,3,XEBFF-Conj,300000,rare_001,4,rare,0.9521,0.2617,0,0,0.0031,0.0031,1.2169,0,0,0,0,0,0,12764,0,12764,39,177,1,1,20260711
E2,3,XEBFF-Conj,300000,rare_010,4,rare,0.2108,0.0547,0,0,0.0011,0.0011,0.2666,0,0,0,0,0,0,2612,0,2612,39,36,1,1,20260711
E2,3,XEBFF-Conj,300000,common_025,4,common,148.861,42.3691,0,0,8.7287,8.7287,199.959,0,0,0,0,0,0,2014220,0,2014220,512299,27975,14637,1,20260711
E2,3,XEBFF-Conj,300000,medium_015,4,medium,1.3097,0.3542,0,0,0.0032,0.0032,1.6671,0,0,0,0,0,0,17660,0,17660,39,245,1,1,20260711
E2,3,XEBFF-Conj,300000,rare_022,4,rare,1.3034,0.3645,0,0,0.0012,0.0012,1.6691,0,0,0,0,0,0,18164,0,18164,39,252,1,1,20260711
E2,3,XEBFF-Conj,300000,rare_015,4,rare,0.0925,0.0191,0,0,0.0013,0.0013,0.1129,0,0,0,0,0,0,956,0,956,39,13,1,1,20260711
E2,3,XEBFF-Conj,300000,rare_008,4,rare,0.0411,0.0049,0,0,0.0015,0.0015,0.0475,0,0,0,0,0,0,236,0,236,74,3,2,1,20260711
E2,3,XEBFF-Conj,300000,medium_018,4,medium,0.4305,0.1137,0,0,0.0009,0.0009,0.5451,0,0,0,0,0,0,5708,0,5708,39,79,1,1,20260711
E2,3,XEBFF-Conj,300000,common_006,4,common,61.5669,16.8599,0,0,0.199,0.199,78.6258,0,0,0,0,0,0,790652,0,790652,9979,10981,285,1,20260711
E2,3,XEBFF-Conj,300000,common_007,4,common,169.862,48.6419,0,0,0.9073,0.9073,219.411,0,0,0,0,0,0,2307404,0,2307404,47709,32047,1363,1,20260711
E2,3,XEBFF-Conj,300000,common_027,4,common,147.641,42.5736,0,0,13.1025,13.1025,203.317,0,0,0,0,0,0,2014220,0,2014220,810044,27975,23144,1,20260711
E2,3,XEBFF-Conj,300000,common_004,4,common,6.2213,1.7681,0,0,0.1845,0.1845,8.1739,0,0,0,0,0,0,86636,0,86636,10644,1203,304,1,20260711
E2,3,XEBFF-Conj,300000,common_001,4,common,2.5411,0.7109,0,0,0.0953,0.0953,3.3473,0,0,0,0,0,0,35444,0,35444,5499,492,157,1,20260711
E2,3,XEBFF-Conj,300000,common_019,4,common,64.7545,18.6393,0,0,4.2689,4.2689,87.6627,0,0,0,0,0,0,879212,0,879212,267719,12211,7649,1,20260711
E2,3,XEBFF-Conj,300000,rare_004,4,rare,0.0503,0.0041,0,0,0.0056,0.0056,0.06,0,0,0,0,0,0,164,0,164,39,2,1,1,20260711
E2,3,XEBFF-Conj,300000,medium_024,4,medium,4.0599,1.1333,0,0,0.0019,0.0019,5.1951,0,0,0,0,0,0,56756,0,56756,39,788,1,1,20260711
E2,3,XEBFF-Conj,300000,rare_006,4,rare,0.0824,0.0167,0,0,0.0012,0.0012,0.1003,0,0,0,0,0,0,812,0,812,39,11,1,1,20260711
E2,3,XEBFF-Conj,300000,rare_017,4,rare,0.6966,0.2678,0,0,0.0022,0.0022,0.9666,0,0,0,0,0,0,9524,0,9524,39,132,1,1,20260711
E2,3,XEBFF-Conj,300000,common_020,4,common,92.5487,26.5293,0,0,1.0482,1.0482,120.126,0,0,0,0,0,0,1268444,0,1268444,60834,17617,1738,1,20260711
E2,3,XEBFF-Conj,300000,rare_021,4,rare,0.1347,0.0273,0,0,0.0028,0.0028,0.1648,0,0,0,0,0,0,1316,0,1316,39,18,1,1,20260711
E2,3,XEBFF-Conj,300000,medium_005,4,medium,4.9343,1.3261,0,0,0.0071,0.0071,6.2675,0,0,0,0,0,0,64028,0,64028,39,889,1,1,20260711
E2,3,XEBFF-Conj,300000,rare_003,4,rare,0.2475,0.0617,0,0,0.0013,0.0013,0.3105,0,0,0,0,0,0,3116,0,3116,39,43,1,1,20260711
E2,3,XEBFF-Conj,300000,common_021,4,common,43.6193,12.6807,0,0,1.8008,1.8008,58.1008,0,0,0,0,0,0,593156,0,593156,105774,8238,3022,1,20260711
E2,3,XEBFF-Conj,300000,common_002,4,common,132.001,37.8147,0,0,1.0341,1.0341,170.85,0,0,0,0,0,0,1790012,0,1790012,57859,24861,1653,1,20260711
E2,3,XEBFF-Conj,300000,rare_011,4,rare,0.4046,0.1058,0,0,0.0028,0.0028,0.5132,0,0,0,0,0,0,5132,0,5132,39,71,1,1,20260711
E2,3,XEBFF-Conj,300000,rare_018,4,rare,0.0305,0.002,0,0,0.0009,0.0009,0.0334,0,0,0,0,0,0,92,0,92,39,1,1,1,20260711
E2,3,XEBFF-Conj,300000,common_017,4,common,13.6525,3.7178,0,0,0.3034,0.3034,17.6737,0,0,0,0,0,0,189668,0,189668,17714,2634,506,1,20260711
E2,3,Doris,300000,common_000,4,common,0.5276,0.1536,0,0,0.0572,0.0572,0.7384,0,0,0,0,0,0,7148,0,7148,3294,99,94,1,20260711
E2,3,Doris,300000,medium_000,4,medium,8.1109,2.1063,0,0,0.0076,0.0076,10.2248,0,0,0,0,0,0,97940,0,97940,39,1360,1,1,20260711
E2,3,Doris,300000,common_013,4,common,15.9307,4.6158,0,0,0.1365,0.1365,20.683,0,0,0,0,0,0,206228,0,206228,7284,2864,208,1,20260711
E2,3,Doris,300000,medium_023,4,medium,27.4161,7.7008,0,0,0.0087,0.0087,35.1256,0,0,0,0,0,0,364268,0,364268,74,5059,2,1,20260711
E2,3,Doris,300000,common_009,4,common,41.3514,12.7963,0,0,0.5193,0.5193,54.667,0,0,0,0,0,0,555212,0,555212,29964,7711,856,1,20260711
E2,3,Doris,300000,rare_014,4,rare,0.161,0.041,0,0,0.0022,0.0022,0.2042,0,0,0,0,0,0,1964,0,1964,39,27,1,1,20260711
E2,3,Doris,300000,common_016,4,common,54.7141,15.3233,0,0,1.4436,1.4436,71.481,0,0,0,0,0,0,710732,0,710732,77634,9871,2218,1,20260711
E2,3,Doris,300000,rare_020,4,rare,0.3852,0.0987,0,0,0.0014,0.0014,0.4853,0,0,0,0,0,0,4916,0,4916,39,68,1,1,20260711
E2,3,Doris,300000,medium_004,4,medium,0.3812,0.1059,0,0,0.0008,0.0008,0.4879,0,0,0,0,0,0,5204,0,5204,39,72,1,1,20260711
E2,3,Doris,300000,common_008,4,common,127.471,36.6169,0,0,0.4434,0.4434,164.531,0,0,0,0,0,0,1728020,0,1728020,23629,24000,675,1,20260711
E2,3,Doris,300000,rare_009,4,rare,0.3324,0.0874,0,0,0.0037,0.0037,0.4235,0,0,0,0,0,0,4196,0,4196,39,58,1,1,20260711
E2,3,Doris,300000,rare_024,4,rare,16.6125,4.6508,0,0,0.01,0.01,21.2733,0,0,0,0,0,0,221276,0,221276,144,3073,4,1,20260711
E2,3,Doris,300000,medium_007,4,medium,2.5,0.9785,0,0,0.0052,0.0052,3.4837,0,0,0,0,0,0,34292,0,34292,39,476,1,1,20260711
E2,3,Doris,300000,common_026,4,common,34.7394,10.3748,0,0,2.8503,2.8503,47.9645,0,0,0,0,0,0,462188,0,462188,175739,6419,5021,1,20260711
E2,3,Doris,300000,rare_023,4,rare,0.1718,0.0443,0,0,0.0053,0.0053,0.2214,0,0,0,0,0,0,2036,0,2036,39,28,1,1,20260711
E2,3,Doris,300000,common_014,4,common,5.6588,1.5146,0,0,0.1505,0.1505,7.3239,0,0,0,0,0,0,71372,0,71372,8649,991,247,1,20260711
E2,3,Doris,300000,medium_016,4,medium,0.0219,0.0037,0,0,0.001,0.001,0.0266,0,0,0,0,0,0,164,0,164,39,2,1,1,20260711
E2,3,Doris,300000,rare_025,4,rare,0.0464,0.0112,0,0,0.0009,0.0009,0.0585,0,0,0,0,0,0,524,0,524,39,7,1,1,20260711
E2,3,Doris,300000,rare_013,4,rare,0.3042,0.0828,0,0,0.0009,0.0009,0.3879,0,0,0,0,0,0,4052,0,4052,39,56,1,1,20260711
E2,3,Doris,300000,rare_002,4,rare,1.0006,0.2657,0,0,0.0018,0.0018,1.2681,0,0,0,0,0,0,12764,0,12764,39,177,1,1,20260711
E2,3,Doris,300000,common_022,4,common,34.4297,10.0435,0,0,1.9329,1.9329,46.4061,0,0,0,0,0,0,462188,0,462188,120474,6419,3442,1,20260711
E2,3,Doris,300000,medium_012,4,medium,0.0279,0.0026,0,0,0.0053,0.0053,0.0358,0,0,0,0,0,0,92,0,92,39,1,1,1,20260711
E2,3,Doris,300000,common_015,4,common,36.3082,12.3176,0,0,0.1436,0.1436,48.7694,0,0,0,0,0,0,492428,0,492428,7984,6839,228,1,20260711
E2,3,Doris,300000,medium_022,4,medium,2.0312,0.7143,0,0,0.0032,0.0032,2.7487,0,0,0,0,0,0,27596,0,27596,39,383,1,1,20260711
E2,3,Doris,300000,medium_014,4,medium,9.1093,2.3014,0,0,0.0085,0.0085,11.4192,0,0,0,0,0,0,108668,0,108668,179,1509,5,1,20260711
E2,3,Doris,300000,medium_008,4,medium,5.3164,1.4929,0,0,0.0071,0.0071,6.8164,0,0,0,0,0,0,70436,0,70436,39,978,1,1,20260711
E2,3,Doris,300000,medium_003,4,medium,0.3662,0.1037,0,0,0.0014,0.0014,0.4713,0,0,0,0,0,0,4916,0,4916,39,68,1,1,20260711
E2,3,Doris,300000,common_018,4,common,5.1833,1.5099,0,0,0.3753,0.3753,7.0685,0,0,0,0,0,0,71372,0,71372,23069,991,659,1,20260711
E2,3,Doris,300000,medium_019,4,medium,2.4057,0.6852,0,0,0.0035,0.0035,3.0944,0,0,0,0,0,0,32780,0,32780,39,455,1,1,20260711
E2,3,Doris,300000,rare_007,4,rare,0.2485,0.0673,0,0,0.0015,0.0015,0.3173,0,0,0,0,0,0,3188,0,3188,39,44,1,1,20260711
E2,3,Doris,300000,rare_005,4,rare,0.7765,0.2228,0,0,0.0013,0.0013,1.0006,0,0,0,0,0,0,10604,0,10604,39,147,1,1,20260711
E2,3,Doris,300000,rare_019,4,rare,9.1027,2.5779,0,0,0.0083,0.0083,11.6889,0,0,0,0,0,0,119900,0,119900,74,1665,2,1,20260711
E2,3,Doris,300000,medium_025,4,medium,0.175,0.0519,0,0,0.0012,0.0012,0.2281,0,0,0,0,0,0,2252,0,2252,39,31,1,1,20260711
E2,3,Doris,300000,rare_016,4,rare,17.0042,5.3582,0,0,0.0094,0.0094,22.3718,0,0,0,0,0,0,232580,0,232580,144,3230,4,1,20260711
E2,3,Doris,300000,medium_001,4,medium,17.0262,4.8233,0,0,0.0082,0.0082,21.8577,0,0,0,0,0,0,227252,0,227252,74,3156,2,1,20260711
E2,3,Doris,300000,medium_006,4,medium,0.1345,0.035,0,0,0.0015,0.0015,0.171,0,0,0,0,0,0,1676,0,1676,39,23,1,1,20260711
E2,3,Doris,300000,medium_002,4,medium,1.4365,0.4097,0,0,0.0022,0.0022,1.8484,0,0,0,0,0,0,19676,0,19676,39,273,1,1,20260711
E2,3,Doris,300000,medium_009,4,medium,0.2475,0.0697,0,0,0.001,0.001,0.3182,0,0,0,0,0,0,3332,0,3332,39,46,1,1,20260711
E2,3,Doris,300000,common_003,4,common,38.5744,11.1,0,0,0.2949,0.2949,49.9693,0,0,0,0,0,0,518924,0,518924,8509,7207,243,1,20260711
E2,3,Doris,300000,medium_010,4,medium,0.2757,0.0727,0,0,0.0022,0.0022,0.3506,0,0,0,0,0,0,3548,0,3548,74,49,2,1,20260711
E2,3,Doris,300000,rare_000,4,rare,0.0302,0.0064,0,0,0.0009,0.0009,0.0375,0,0,0,0,0,0,308,0,308,39,4,1,1,20260711
E2,3,Doris,300000,medium_011,4,medium,3.481,0.9709,0,0,0.0042,0.0042,4.4561,0,0,0,0,0,0,47540,0,47540,74,660,2,1,20260711
E2,3,Doris,300000,medium_013,4,medium,1.6387,0.4545,0,0,0.0019,0.0019,2.0951,0,0,0,0,0,0,22484,0,22484,74,312,2,1,20260711
E2,3,Doris,300000,common_010,4,common,126.298,36.3145,0,0,1.8065,1.8065,164.419,0,0,0,0,0,0,1666316,0,1666316,108189,23143,3091,1,20260711
E2,3,Doris,300000,common_005,4,common,5.8968,1.6719,0,0,0.094,0.094,7.6627,0,0,0,0,0,0,79436,0,79436,4764,1103,136,1,20260711
E2,3,Doris,300000,medium_020,4,medium,1.8868,0.4267,0,0,0.005,0.005,2.3185,0,0,0,0,0,0,20972,0,20972,39,291,1,1,20260711
E2,3,Doris,300000,rare_012,4,rare,0.0198,0.0034,0,0,0.0009,0.0009,0.0241,0,0,0,0,0,0,164,0,164,39,2,1,1,20260711
E2,3,Doris,300000,medium_017,4,medium,0.7657,0.2123,0,0,0.0009,0.0009,0.9789,0,0,0,0,0,0,10316,0,10316,39,143,1,1,20260711
E2,3,Doris,300000,common_011,4,common,35.0823,10.014,0,0,0.6084,0.6084,45.7047,0,0,0,0,0,0,462188,0,462188,15404,6419,440,1,20260711
E2,3,Doris,300000,common_012,4,common,44.895,12.5857,0,0,1.8846,1.8846,59.3653,0,0,0,0,0,0,593156,0,593156,118199,8238,3377,1,20260711
E2,3,Doris,300000,common_024,4,common,70.1163,20.4259,0,0,2.2177,2.2177,92.7599,0,0,0,0,0,0,913628,0,913628,134894,12689,3854,1,20260711
E2,3,Doris,300000,common_023,4,common,34.9485,10.4624,0,0,1.4777,1.4777,46.8886,0,0,0,0,0,0,462188,0,462188,84599,6419,2417,1,20260711
E2,3,Doris,300000,medium_021,4,medium,20.4016,6.0184,0,0,0.0075,0.0075,26.4275,0,0,0,0,0,0,269660,0,269660,39,3745,1,1,20260711
E2,3,Doris,300000,rare_001,4,rare,0.9358,0.2624,0,0,0.0021,0.0021,1.2003,0,0,0,0,0,0,12764,0,12764,39,177,1,1,20260711
E2,3,Doris,300000,rare_010,4,rare,0.1981,0.0532,0,0,0.0011,0.0011,0.2524,0,0,0,0,0,0,2612,0,2612,39,36,1,1,20260711
E2,3,Doris,300000,common_025,4,common,152.08,43.9079,0,0,8.4855,8.4855,204.473,0,0,0,0,0,0,2014220,0,2014220,512299,27975,14637,1,20260711
E2,3,Doris,300000,medium_015,4,medium,1.3195,0.5775,0,0,0.004,0.004,1.901,0,0,0,0,0,0,17660,0,17660,39,245,1,1,20260711
E2,3,Doris,300000,rare_022,4,rare,1.4463,0.3918,0,0,0.0021,0.0021,1.8402,0,0,0,0,0,0,18164,0,18164,39,252,1,1,20260711
E2,3,Doris,300000,rare_015,4,rare,0.0768,0.0204,0,0,0.001,0.001,0.0982,0,0,0,0,0,0,956,0,956,39,13,1,1,20260711
E2,3,Doris,300000,rare_008,4,rare,0.0258,0.005,0,0,0.0015,0.0015,0.0323,0,0,0,0,0,0,236,0,236,74,3,2,1,20260711
E2,3,Doris,300000,medium_018,4,medium,0.4286,0.1273,0,0,0.0011,0.0011,0.557,0,0,0,0,0,0,5708,0,5708,39,79,1,1,20260711
E2,3,Doris,300000,common_006,4,common,59.5356,17.1077,0,0,0.1965,0.1965,76.8398,0,0,0,0,0,0,790652,0,790652,9979,10981,285,1,20260711
E2,3,Doris,300000,common_007,4,common,175.069,49.3228,0,0,0.8328,0.8328,225.225,0,0,0,0,0,0,2307404,0,2307404,47709,32047,1363,1,20260711
E2,3,Doris,300000,common_027,4,common,149.96,43.822,0,0,13.2981,13.2981,207.08,0,0,0,0,0,0,2014220,0,2014220,810044,27975,23144,1,20260711
E2,3,Doris,300000,common_004,4,common,6.4253,1.8287,0,0,0.1843,0.1843,8.4383,0,0,0,0,0,0,86636,0,86636,10644,1203,304,1,20260711
E2,3,Doris,300000,common_001,4,common,2.5865,0.7371,0,0,0.0944,0.0944,3.418,0,0,0,0,0,0,35444,0,35444,5499,492,157,1,20260711
E2,3,Doris,300000,common_019,4,common,67.1824,19.6094,0,0,4.4619,4.4619,91.2537,0,0,0,0,0,0,879212,0,879212,267719,12211,7649,1,20260711
E2,3,Doris,300000,rare_004,4,rare,0.0391,0.0051,0,0,0.0055,0.0055,0.0497,0,0,0,0,0,0,164,0,164,39,2,1,1,20260711
E2,3,Doris,300000,medium_024,4,medium,4.5227,1.2011,0,0,0.0033,0.0033,5.7271,0,0,0,0,0,0,56756,0,56756,39,788,1,1,20260711
E2,3,Doris,300000,rare_006,4,rare,0.0684,0.0171,0,0,0.001,0.001,0.0865,0,0,0,0,0,0,812,0,812,39,11,1,1,20260711
E2,3,Doris,300000,rare_017,4,rare,0.704,0.2017,0,0,0.001,0.001,0.9067,0,0,0,0,0,0,9524,0,9524,39,132,1,1,20260711
E2,3,Doris,300000,common_020,4,common,96.109,27.8407,0,0,1.0565,1.0565,125.006,0,0,0,0,0,0,1268444,0,1268444,60834,17617,1738,1,20260711
E2,3,Doris,300000,rare_021,4,rare,0.1163,0.0286,0,0,0.0033,0.0033,0.1482,0,0,0,0,0,0,1316,0,1316,39,18,1,1,20260711
E2,3,Doris,300000,medium_005,4,medium,4.6897,1.3037,0,0,0.0043,0.0043,5.9977,0,0,0,0,0,0,64028,0,64028,39,889,1,1,20260711
E2,3,Doris,300000,rare_003,4,rare,0.2379,0.0635,0,0,0.0012,0.0012,0.3026,0,0,0,0,0,0,3116,0,3116,39,43,1,1,20260711
E2,3,Doris,300000,common_021,4,common,45.2727,12.7871,0,0,1.7145,1.7145,59.7743,0,0,0,0,0,0,593156,0,593156,105774,8238,3022,1,20260711
E2,3,Doris,300000,common_002,4,common,135.372,38.9801,0,0,1.0166,1.0166,175.369,0,0,0,0,0,0,1790012,0,1790012,57859,24861,1653,1,20260711
E2,3,Doris,300000,rare_011,4,rare,0.3986,0.1063,0,0,0.0028,0.0028,0.5077,0,0,0,0,0,0,5132,0,5132,39,71,1,1,20260711
E2,3,Doris,300000,rare_018,4,rare,0.0152,0.0023,0,0,0.0009,0.0009,0.0184,0,0,0,0,0,0,92,0,92,39,1,1,1,20260711
E2,3,Doris,300000,common_017,4,common,15.3365,4.0153,0,0,0.2978,0.2978,19.6496,0,0,0,0,0,0,189668,0,189668,17714,2634,506,1,20260711
E2,3,Ren,300000,common_000,4,common,0.014,0.3001,0,0,0.0523,0.0523,0.3664,0,0,0,0,0,0,228,0,228,3674,99,94,1,20260711
E2,3,Ren,300000,medium_000,4,medium,0.0142,1.4813,0,0.0001,0.0021,0.0021,1.4976,0,0,0,0,0,0,228,0,228,47,1360,1,1,20260711
E2,3,Ren,300000,common_013,4,common,0.0146,5.4457,0,0,0.1224,0.1224,5.5827,0,0,0,0,0,0,228,0,228,8120,2864,208,1,20260711
E2,3,Ren,300000,medium_023,4,medium,0.0175,5.7058,0,0,0.005,0.005,5.7283,0,0,0,0,0,0,228,0,228,86,5059,2,1,20260711
E2,3,Ren,300000,common_009,4,common,0.0171,10.7963,0,0,0.4754,0.4754,11.2888,0,0,0,0,0,0,228,0,228,33392,7711,856,1,20260711
E2,3,Ren,300000,rare_014,4,rare,0.0183,0.0301,0,0,0.0011,0.0011,0.0495,0,0,0,0,0,0,228,0,228,47,27,1,1,20260711
E2,3,Ren,300000,common_016,4,common,0.014,15.5174,0,0,1.2068,1.2068,16.7382,0,0,0,0,0,0,228,0,228,86510,9871,2218,1,20260711
E2,3,Ren,300000,rare_020,4,rare,0.0179,0.0738,0,0.0001,0.0012,0.0012,0.0929,0,0,0,0,0,0,228,0,228,47,68,1,1,20260711
E2,3,Ren,300000,medium_004,4,medium,0.0137,0.0771,0,0,0.0008,0.0008,0.0916,0,0,0,0,0,0,228,0,228,47,72,1,1,20260711
E2,3,Ren,300000,common_008,4,common,0.0136,27.0026,0,0,0.3783,0.3783,27.3945,0,0,0,0,0,0,228,0,228,26333,24000,675,1,20260711
E2,3,Ren,300000,rare_009,4,rare,0.02,0.0658,0,0.0001,0.0012,0.0012,0.087,0,0,0,0,0,0,228,0,228,47,58,1,1,20260711
E2,3,Ren,300000,rare_024,4,rare,0.014,4.3675,0,0.0001,0.0063,0.0063,4.3878,0,0,0,0,0,0,228,0,228,164,3073,4,1,20260711
E2,3,Ren,300000,medium_007,4,medium,0.017,0.5393,0,0,0.001,0.001,0.5573,0,0,0,0,0,0,228,0,228,47,476,1,1,20260711
E2,3,Ren,300000,common_026,4,common,0.0138,18.2772,0,0,2.9017,2.9017,21.1927,0,0,0,0,0,0,228,0,228,195827,6419,5021,1,20260711
E2,3,Ren,300000,rare_023,4,rare,0.0231,0.0359,0,0,0.0051,0.0051,0.0641,0,0,0,0,0,0,228,0,228,47,28,1,1,20260711
E2,3,Ren,300000,common_014,4,common,0.0139,2.8294,0,0,0.1364,0.1364,2.9797,0,0,0,0,0,0,228,0,228,9641,991,247,1,20260711
E2,3,Ren,300000,medium_016,4,medium,0.0142,0.0048,0,0,0.001,0.001,0.02,0,0,0,0,0,0,228,0,228,47,2,1,1,20260711
E2,3,Ren,300000,rare_025,4,rare,0.0136,0.0157,0,0,0.0008,0.0008,0.0301,0,0,0,0,0,0,228,0,228,47,7,1,1,20260711
E2,3,Ren,300000,rare_013,4,rare,0.0136,0.0607,0,0,0.0007,0.0007,0.075,0,0,0,0,0,0,228,0,228,47,56,1,1,20260711
E2,3,Ren,300000,rare_002,4,rare,0.0137,0.1824,0,0,0.0008,0.0008,0.1969,0,0,0,0,0,0,228,0,228,47,177,1,1,20260711
E2,3,Ren,300000,common_022,4,common,0.0137,17.7071,0,0,1.9177,1.9177,19.6385,0,0,0,0,0,0,228,0,228,134246,6419,3442,1,20260711
E2,3,Ren,300000,medium_012,4,medium,0.0183,0.0039,0,0,0.0014,0.0014,0.0236,0,0,0,0,0,0,228,0,228,47,1,1,1,20260711
E2,3,Ren,300000,common_015,4,common,0.0137,9.5985,0,0,0.1285,0.1285,9.7407,0,0,0,0,0,0,228,0,228,8900,6839,228,1,20260711
E2,3,Ren,300000,medium_022,4,medium,0.0164,0.6382,0,0,0.001,0.001,0.6556,0,0,0,0,0,0,228,0,228,47,383,1,1,20260711
E2,3,Ren,300000,medium_014,4,medium,0.0142,1.6772,0,0,0.0033,0.0033,1.6947,0,0,0,0,0,0,228,0,228,203,1509,5,1,20260711
E2,3,Ren,300000,medium_008,4,medium,0.0138,1.1311,0,0,0.0009,0.0009,1.1458,0,0,0,0,0,0,228,0,228,47,978,1,1,20260711
E2,3,Ren,300000,medium_003,4,medium,0.0138,0.0808,0,0,0.0008,0.0008,0.0954,0,0,0,0,0,0,228,0,228,47,68,1,1,20260711
E2,3,Ren,300000,common_018,4,common,0.0134,2.5549,0,0,0.3617,0.3617,2.93,0,0,0,0,0,0,228,0,228,25709,991,659,1,20260711
E2,3,Ren,300000,medium_019,4,medium,0.0149,0.4692,0,0,0.001,0.001,0.4851,0,0,0,0,0,0,228,0,228,47,455,1,1,20260711
E2,3,Ren,300000,rare_007,4,rare,0.0137,0.0658,0,0,0.0008,0.0008,0.0803,0,0,0,0,0,0,228,0,228,47,44,1,1,20260711
E2,3,Ren,300000,rare_005,4,rare,0.0136,0.1574,0,0,0.0007,0.0007,0.1717,0,0,0,0,0,0,228,0,228,47,147,1,1,20260711
E2,3,Ren,300000,rare_019,4,rare,0.0149,1.8183,0,0,0.002,0.002,1.8352,0,0,0,0,0,0,228,0,228,86,1665,2,1,20260711
E2,3,Ren,300000,medium_025,4,medium,0.0141,0.0353,0,0.0001,0.0008,0.0008,0.0502,0,0,0,0,0,0,228,0,228,47,31,1,1,20260711
E2,3,Ren,300000,rare_016,4,rare,0.0136,3.6689,0,0,0.0043,0.0043,3.6868,0,0,0,0,0,0,228,0,228,164,3230,4,1,20260711
E2,3,Ren,300000,medium_001,4,medium,0.0146,3.2052,0,0.0001,0.0016,0.0016,3.2214,0,0,0,0,0,0,228,0,228,86,3156,2,1,20260711
E2,3,Ren,300000,medium_006,4,medium,0.0142,0.029,0,0,0.0009,0.0009,0.0441,0,0,0,0,0,0,228,0,228,47,23,1,1,20260711
E2,3,Ren,300000,medium_002,4,medium,0.0137,0.2757,0,0,0.0008,0.0008,0.2902,0,0,0,0,0,0,228,0,228,47,273,1,1,20260711
E2,3,Ren,300000,medium_009,4,medium,0.0136,0.05,0,0,0.0007,0.0007,0.0643,0,0,0,0,0,0,228,0,228,47,46,1,1,20260711
E2,3,Ren,300000,common_003,4,common,0.0134,8.4532,0,0,0.1541,0.1541,8.6207,0,0,0,0,0,0,228,0,228,9485,7207,243,1,20260711
E2,3,Ren,300000,medium_010,4,medium,0.0167,0.1664,0,0,0.0029,0.0029,0.186,0,0,0,0,0,0,228,0,228,86,49,2,1,20260711
E2,3,Ren,300000,rare_000,4,rare,0.1123,0.0076,0,0,0.0017,0.0017,0.1216,0,0,0,0,0,0,228,0,228,47,4,1,1,20260711
E2,3,Ren,300000,medium_011,4,medium,0.0322,0.9197,0,0,0.0028,0.0028,0.9547,0,0,0,0,0,0,228,0,228,86,660,2,1,20260711
E2,3,Ren,300000,medium_013,4,medium,0.0146,0.3257,0,0.0001,0.0015,0.0015,0.3418,0,0,0,0,0,0,228,0,228,86,312,2,1,20260711
E2,3,Ren,300000,common_010,4,common,0.0139,54.7054,0,0,1.6682,1.6682,56.3875,0,0,0,0,0,0,228,0,228,120557,23143,3091,1,20260711
E2,3,Ren,300000,common_005,4,common,0.0202,1.8956,0,0.0001,0.0772,0.0772,1.993,0,0,0,0,0,0,228,0,228,5312,1103,136,1,20260711
E2,3,Ren,300000,medium_020,4,medium,0.0148,0.3256,0,0,0.0008,0.0008,0.3412,0,0,0,0,0,0,228,0,228,47,291,1,1,20260711
E2,3,Ren,300000,rare_012,4,rare,0.0136,0.0047,0,0,0.0008,0.0008,0.0191,0,0,0,0,0,0,228,0,228,47,2,1,1,20260711
E2,3,Ren,300000,medium_017,4,medium,0.0141,0.1567,0,0,0.0007,0.0007,0.1715,0,0,0,0,0,0,228,0,228,47,143,1,1,20260711
E2,3,Ren,300000,common_011,4,common,0.0135,18.7363,0,0,0.2473,0.2473,18.9971,0,0,0,0,0,0,228,0,228,17168,6419,440,1,20260711
E2,3,Ren,300000,common_012,4,common,0.0182,18.1392,0,0.0001,1.8227,1.8227,19.9801,0,0,0,0,0,0,228,0,228,131711,8238,3377,1,20260711
E2,3,Ren,300000,common_024,4,common,0.0183,27.2656,0,0,2.0872,2.0872,29.3711,0,0,0,0,0,0,228,0,228,150314,12689,3854,1,20260711
E2,3,Ren,300000,common_023,4,common,0.0191,18.2247,0,0.0001,1.3293,1.3293,19.5731,0,0,0,0,0,0,228,0,228,94271,6419,2417,1,20260711
E2,3,Ren,300000,medium_021,4,medium,0.0182,4.0264,0,0.0001,0.0051,0.0051,4.0497,0,0,0,0,0,0,228,0,228,47,3745,1,1,20260711
E2,3,Ren,300000,rare_001,4,rare,0.016,0.1807,0,0,0.001,0.001,0.1977,0,0,0,0,0,0,228,0,228,47,177,1,1,20260711
E2,3,Ren,300000,rare_010,4,rare,0.0138,0.0402,0,0,0.0009,0.0009,0.0549,0,0,0,0,0,0,228,0,228,47,36,1,1,20260711
E2,3,Ren,300000,common_025,4,common,0.0136,74.6109,0,0,8.7954,8.7954,83.4199,0,0,0,0,0,0,228,0,228,570851,27975,14637,1,20260711
E2,3,Ren,300000,medium_015,4,medium,0.0282,0.2883,0,0,0.0062,0.0062,0.3227,0,0,0,0,0,0,228,0,228,47,245,1,1,20260711
E2,3,Ren,300000,rare_022,4,rare,0.0144,0.3075,0,0,0.0011,0.0011,0.323,0,0,0,0,0,0,228,0,228,47,252,1,1,20260711
E2,3,Ren,300000,rare_015,4,rare,0.0136,0.0179,0,0,0.0009,0.0009,0.0324,0,0,0,0,0,0,228,0,228,47,13,1,1,20260711
E2,3,Ren,300000,rare_008,4,rare,0.014,0.0092,0,0,0.0015,0.0015,0.0247,0,0,0,0,0,0,228,0,228,86,3,2,1,20260711
E2,3,Ren,300000,medium_018,4,medium,0.0139,0.1085,0,0,0.0008,0.0008,0.1232,0,0,0,0,0,0,228,0,228,47,79,1,1,20260711
E2,3,Ren,300000,common_006,4,common,0.0137,13.5614,0,0,0.1576,0.1576,13.7327,0,0,0,0,0,0,228,0,228,11123,10981,285,1,20260711
E2,3,Ren,300000,common_007,4,common,0.0167,43.3017,0,0,0.7518,0.7518,44.0702,0,0,0,0,0,0,228,0,228,53165,32047,1363,1,20260711
E2,3,Ren,300000,common_027,4,common,0.0207,88.5771,0,0.0001,12.705,12.705,101.303,0,0,0,0,0,0,228,0,228,902624,27975,23144,1,20260711
E2,3,Ren,300000,common_004,4,common,0.0302,2.869,0,0,0.175,0.175,3.0742,0,0,0,0,0,0,228,0,228,11864,1203,304,1,20260711
E2,3,Ren,300000,common_001,4,common,0.0155,0.8478,0,0,0.0864,0.0864,0.9497,0,0,0,0,0,0,228,0,228,6131,492,157,1,20260711
E2,3,Ren,300000,common_019,4,common,0.0146,29.9258,0,0.0001,4.2269,4.2269,34.1673,0,0,0,0,0,0,228,0,228,298319,12211,7649,1,20260711
E2,3,Ren,300000,rare_004,4,rare,0.0258,0.0067,0,0,0.0043,0.0043,0.0368,0,0,0,0,0,0,228,0,228,47,2,1,1,20260711
E2,3,Ren,300000,medium_024,4,medium,0.0139,0.827,0,0,0.0014,0.0014,0.8423,0,0,0,0,0,0,228,0,228,47,788,1,1,20260711
E2,3,Ren,300000,rare_006,4,rare,0.014,0.0198,0,0,0.0012,0.0012,0.035,0,0,0,0,0,0,228,0,228,47,11,1,1,20260711
E2,3,Ren,300000,rare_017,4,rare,0.0137,0.161,0,0,0.0008,0.0008,0.1755,0,0,0,0,0,0,228,0,228,47,132,1,1,20260711
E2,3,Ren,300000,common_020,4,common,0.0135,23.9897,0,0,0.9535,0.9535,24.9567,0,0,0,0,0,0,228,0,228,67790,17617,1738,1,20260711
E2,3,Ren,300000,rare_021,4,rare,0.0216,0.0222,0,0,0.0013,0.0013,0.0451,0,0,0,0,0,0,228,0,228,47,18,1,1,20260711
E2,3,Ren,300000,medium_005,4,medium,0.014,1.0037,0,0,0.0011,0.0011,1.0188,0,0,0,0,0,0,228,0,228,47,889,1,1,20260711
E2,3,Ren,300000,rare_003,4,rare,0.0141,0.0476,0,0.0001,0.0009,0.0009,0.0626,0,0,0,0,0,0,228,0,228,47,43,1,1,20260711
E2,3,Ren,300000,common_021,4,common,0.0137,20.9136,0,0,1.7033,1.7033,22.6306,0,0,0,0,0,0,228,0,228,117866,8238,3022,1,20260711
E2,3,Ren,300000,common_002,4,common,0.0264,39.1147,0,0,1.0835,1.0835,40.2246,0,0,0,0,0,0,228,0,228,64475,24861,1653,1,20260711
E2,3,Ren,300000,rare_011,4,rare,0.0249,0.076,0,0.0001,0.0011,0.0011,0.102,0,0,0,0,0,0,228,0,228,47,71,1,1,20260711
E2,3,Ren,300000,rare_018,4,rare,0.0146,0.0038,0,0,0.0008,0.0008,0.0192,0,0,0,0,0,0,228,0,228,47,1,1,1,20260711
E2,3,Ren,300000,common_017,4,common,0.0137,5.3912,0,0,0.4099,0.4099,5.8148,0,0,0,0,0,0,228,0,228,19742,2634,506,1,20260711
E2,3,SliceBF,300000,medium_009,5,medium,0.048,0.1699,4.5153,0.3469,0.0163,4.8785,5.0964,2,300672,0,0,1,64,1000,25280,1004,325952,1,1,1,20260711
E2,3,SliceBF,300000,common_013,5,common,0.0492,0.2574,4.8315,0.3486,1.4637,6.6438,6.9504,2,300672,0,0,296,18944,1000,12856832,2184,13157504,311,311,1,20260711
E2,3,SliceBF,300000,common_021,5,common,0.0509,0.3141,3.2713,0.3543,2.4092,6.0348,6.3998,2,300672,0,0,516,33024,1000,19475200,3064,19775872,558,558,1,20260711
E2,3,SliceBF,300000,medium_006,5,medium,0.0502,0.3188,2.3268,0.3418,0.0188,2.6874,3.0564,2,300672,0,0,2,128,1000,83328,1008,384000,2,2,1,20260711
E2,3,SliceBF,300000,medium_023,5,medium,0.0479,0.1698,2.4978,0.3436,0.0132,2.8546,3.0723,2,300672,0,0,1,64,1000,41664,1004,342336,1,1,1,20260711
E2,3,SliceBF,300000,rare_010,5,rare,0.0476,0.1732,2.417,0.3424,0.0126,2.772,2.9928,2,300672,0,0,1,64,1000,41664,1004,342336,1,1,1,20260711
E2,3,SliceBF,300000,common_000,5,common,0.048,0.2639,3.9628,0.3521,4.1743,8.4892,8.8011,2,300672,0,0,342,21888,1000,19246208,2368,19546880,598,598,1,20260711
E2,3,SliceBF,300000,medium_024,5,medium,0.0525,0.1669,3.9992,0.3417,0.0149,4.3558,4.5752,2,300672,0,0,1,64,1000,25280,1004,325952,1,1,1,20260711
E2,3,SliceBF,300000,rare_013,5,rare,0.0487,0.1692,2.7954,0.3764,0.0216,3.1934,3.4113,2,300672,0,0,1,64,1000,41664,1004,342336,1,1,1,20260711
E2,3,SliceBF,300000,common_014,5,common,0.0489,0.3764,3.1713,0.5815,1.0999,4.8527,5.278,2,300672,0,0,216,13824,1000,6369792,1864,6670464,222,222,1,20260711
E2,3,SliceBF,300000,rare_020,5,rare,0.0523,0.1722,2.8328,0.3416,0.0138,3.1882,3.4127,2,300672,0,0,1,64,1000,17088,1004,317760,1,1,1,20260711
E2,3,SliceBF,300000,common_015,5,common,0.0495,0.1886,3.2001,0.3455,0.2272,3.7728,4.0109,2,300672,0,0,68,4352,1000,1719040,1272,2019712,69,69,1,20260711
E2,3,SliceBF,300000,common_023,5,common,0.0484,0.2693,4.4239,0.3486,1.3874,6.1599,6.4776,2,300672,0,0,344,22016,1000,11104768,2376,11405440,354,354,1,20260711
E2,3,SliceBF,300000,rare_018,5,rare,0.049,0.1666,3.9887,0.4015,0.0179,4.4081,4.6237,2,300672,0,0,1,64,1000,25280,1004,325952,1,1,1,20260711
E2,3,SliceBF,300000,medium_014,5,medium,0.0492,0.1715,3.0134,0.3885,0.0174,3.4193,3.64,2,300672,0,0,1,64,1000,41664,1004,342336,1,1,1,20260711
E2,3,SliceBF,300000,rare_012,5,rare,0.0484,0.1697,2.5174,0.3416,0.0123,2.8713,3.0894,2,300672,0,0,1,64,1000,41664,1004,342336,1,1,1,20260711
E2,3,SliceBF,300000,common_001,5,common,0.0477,0.2418,3.5896,0.3539,1.4229,5.3664,5.6559,2,300672,0,0,255,16320,1000,11443520,2020,11744192,277,277,1,20260711
E2,3,SliceBF,300000,medium_010,5,medium,0.0501,0.1664,3.9543,0.3416,0.0152,4.3111,4.5276,2,300672,0,0,1,64,1000,41664,1004,342336,1,1,1,20260711
E2,3,SliceBF,300000,rare_015,5,rare,0.0476,0.1844,2.5611,0.3416,0.0123,2.915,3.147,2,300672,0,0,1,64,1000,25280,1004,325952,1,1,1,20260711
E2,3,SliceBF,300000,medium_005,5,medium,0.0486,0.1749,2.6559,0.3424,0.0122,3.0105,3.234,2,300672,0,0,1,64,1000,41664,1004,342336,1,1,1,20260711
E2,3,SliceBF,300000,rare_006,5,rare,0.0476,0.1688,2.7107,0.3417,0.0115,3.0639,3.2803,2,300672,0,0,1,64,1000,25280,1004,325952,1,1,1,20260711
E2,3,SliceBF,300000,medium_012,5,medium,0.0475,0.1671,4.6583,0.3416,0.0151,5.015,5.2296,2,300672,0,0,1,64,1000,25280,1004,325952,1,1,1,20260711
E2,3,SliceBF,300000,common_018,5,common,0.0483,0.5037,4.7905,0.3651,10.6567,15.8123,16.3643,2,300672,0,0,1228,78592,1000,51654912,5912,51955584,1545,1545,1,20260711
E2,3,SliceBF,300000,rare_005,5,rare,0.2253,0.4489,3.7049,0.3421,0.0198,4.0668,4.741,2,300672,0,0,1,64,1000,41664,1004,342336,1,1,1,20260711
E2,3,SliceBF,300000,common_011,5,common,0.0493,0.2324,3.2088,0.346,1.6579,5.2127,5.4944,2,300672,0,0,162,10368,1000,8256896,1648,8557568,177,177,1,20260711
E2,3,SliceBF,300000,rare_008,5,rare,0.0544,0.1749,2.708,0.3422,0.018,3.0682,3.2975,2,300672,0,0,1,64,1000,25280,1004,325952,1,1,1,20260711
E2,3,SliceBF,300000,medium_007,5,medium,0.0495,0.1772,3.2996,0.3417,0.0128,3.6541,3.8808,2,300672,0,0,1,64,1000,25280,1004,325952,1,1,1,20260711
E2,3,SliceBF,300000,common_005,5,common,0.0484,0.6334,4.2577,0.4491,10.8709,15.5777,16.2595,2,300672,0,0,1551,99264,1000,69355840,7204,69656512,2205,2205,1,20260711
E2,3,SliceBF,300000,medium_015,5,medium,0.0512,0.1763,4.129,0.3427,0.0166,4.4883,4.7158,2,300672,0,0,1,64,1000,25280,1004,325952,1,1,1,20260711
E2,3,SliceBF,300000,rare_025,5,rare,0.048,0.1679,3.3468,0.3427,0.0142,3.7037,3.9196,2,300672,0,0,1,64,1000,25280,1004,325952,1,1,1,20260711
E2,3,SliceBF,300000,medium_003,5,medium,0.0485,0.1685,3.0691,0.3416,0.016,3.4267,3.6437,2,300672,0,0,1,64,1000,41664,1004,342336,1,1,1,20260711
E2,3,SliceBF,300000,common_024,5,common,0.0493,0.4533,3.3625,0.3546,4.6374,8.3545,8.8571,2,300672,0,0,994,63616,1000,35696000,4976,35996672,1131,1131,1,20260711
E2,3,SliceBF,300000,medium_018,5,medium,0.0501,0.295,3.005,0.3416,0.0143,3.3609,3.706,2,300672,0,0,1,64,1000,25280,1004,325952,1,1,1,20260711
E2,3,SliceBF,300000,rare_009,5,rare,0.05,0.1675,2.4818,0.3416,0.0132,2.8366,3.0541,2,300672,0,0,1,64,1000,41664,1004,342336,1,1,1,20260711
E2,3,SliceBF,300000,medium_025,5,medium,0.0488,0.1707,3.3153,0.3416,0.0131,3.67,3.8895,2,300672,0,0,1,64,1000,25280,1004,325952,1,1,1,20260711
E2,3,SliceBF,300000,rare_022,5,rare,0.048,0.1696,4.9397,0.3455,0.024,5.3092,5.5268,2,300672,0,0,2,128,1000,66944,1008,367616,2,2,1,20260711
E2,3,SliceBF,300000,rare_007,5,rare,0.0503,0.1694,3.5528,0.3417,0.0138,3.9083,4.128,2,300672,0,0,1,64,1000,25280,1004,325952,1,1,1,20260711
E2,3,SliceBF,300000,common_007,5,common,0.048,0.1804,3.3315,0.3427,0.1576,3.8318,4.0602,2,300672,0,0,33,2112,1000,1243840,1132,1544512,33,33,1,20260711
E2,3,SliceBF,300000,common_027,5,common,0.0476,0.5224,2.8127,0.365,6.7642,9.9419,10.5119,2,300672,0,0,1368,87552,1000,45109760,6472,45410432,1656,1656,1,20260711
E2,3,SliceBF,300000,common_008,5,common,0.0537,0.197,5.0251,0.3444,0.2951,5.6646,5.9153,2,300672,0,0,67,4288,1000,2250816,1268,2551488,67,67,1,20260711
E2,3,SliceBF,300000,rare_000,5,rare,0.0487,0.1715,3.0449,0.3755,0.0154,3.4358,3.656,2,300672,0,0,1,64,1000,25280,1004,325952,1,1,1,20260711
E2,3,SliceBF,300000,rare_023,5,rare,0.0486,0.1644,3.9271,0.3416,0.0154,4.2841,4.4971,2,300672,0,0,1,64,1000,25280,1004,325952,1,1,1,20260711
E2,3,SliceBF,300000,rare_014,5,rare,0.0489,0.1907,3.4437,0.3415,0.0148,3.8,4.0396,2,300672,0,0,1,64,1000,25280,1004,325952,1,1,1,20260711
E2,3,SliceBF,300000,medium_022,5,medium,0.0566,0.1951,3.2693,0.3416,0.014,3.6249,3.8766,2,300672,0,0,1,64,1000,25280,1004,325952,1,1,1,20260711
E2,3,SliceBF,300000,common_002,5,common,0.0482,0.2317,4.0818,0.3449,1.4728,5.8995,6.1794,2,300672,0,0,165,10560,1000,7579072,1660,7879744,172,172,1,20260711
E2,3,SliceBF,300000,common_006,5,common,0.053,0.2176,3.78,0.3449,0.7117,4.8366,5.1072,2,300672,0,0,140,8960,1000,6062336,1560,6363008,143,143,1,20260711
E2,3,SliceBF,300000,medium_011,5,medium,0.0501,0.1742,3.2432,0.3428,0.019,3.605,3.8293,2,300672,0,0,1,64,1000,25280,1004,325952,1,1,1,20260711
E2,3,SliceBF,300000,common_016,5,common,0.0501,0.204,3.8069,0.3479,0.6301,4.7849,5.039,2,300672,0,0,131,8384,1000,3123264,1524,3423936,151,151,1,20260711
E2,3,SliceBF,300000,rare_024,5,rare,0.0544,0.1974,2.6216,0.4959,0.0147,3.1322,3.384,2,300672,0,0,1,64,1000,41664,1004,342336,1,1,1,20260711
E2,3,SliceBF,300000,rare_004,5,rare,0.0517,0.1758,2.753,0.344,0.0117,3.1087,3.3362,2,300672,0,0,1,64,1000,25280,1004,325952,1,1,1,20260711
E2,3,SliceBF,300000,common_003,5,common,0.0487,0.2505,4.1018,0.3467,1.2384,5.6869,5.9861,2,300672,0,0,276,17664,1000,10983168,2104,11283840,279,279,1,20260711
E2,3,SliceBF,300000,medium_013,5,medium,0.0501,0.1677,3.2604,0.3455,0.0175,3.6234,3.8412,2,300672,0,0,1,64,1000,41664,1004,342336,1,1,1,20260711
E2,3,SliceBF,300000,medium_017,5,medium,0.0492,0.1685,3.1139,0.3429,0.0315,3.4883,3.706,2,300672,0,0,1,64,1000,25280,1004,325952,1,1,1,20260711
E2,3,SliceBF,300000,common_019,5,common,0.0492,0.7183,4.8498,0.4108,14.3412,19.6018,20.3693,2,300672,0,0,1969,126016,1000,82429632,8876,82730304,2970,2970,1,20260711
E2,3,SliceBF,300000,medium_002,5,medium,0.056,0.1821,2.6423,0.4043,0.018,3.0646,3.3027,2,300672,0,0,1,64,1000,41664,1004,342336,1,1,1,20260711
E2,3,SliceBF,300000,common_004,5,common,0.0494,0.175,2.7314,0.3426,0.1277,3.2017,3.4261,2,300672,0,0,26,1664,1000,968576,1104,1269248,26,26,1,20260711
E2,3,SliceBF,300000,common_026,5,common,0.049,0.2348,4.371,0.3463,1.1161,5.8334,6.1172,2,300672,0,0,258,16512,1000,9618816,2032,9919488,266,266,1,20260711
E2,3,SliceBF,300000,common_020,5,common,0.0484,0.5251,5.0065,0.3595,8.7086,14.0746,14.6481,2,300672,0,0,1315,84160,1000,50331712,6260,50632384,1549,1549,1,20260711
E2,3,SliceBF,300000,rare_021,5,rare,0.0513,0.1797,2.2504,0.3418,0.0133,2.6055,2.8365,2,300672,0,0,1,64,1000,41664,1004,342336,1,1,1,20260711
E2,3,SliceBF,300000,medium_008,5,medium,0.0476,0.1637,2.6759,0.3417,0.0116,3.0292,3.2405,2,300672,0,0,1,64,1000,25280,1004,325952,1,1,1,20260711
E2,3,SliceBF,300000,medium_004,5,medium,0.0501,0.1664,2.7332,0.3436,0.0135,3.0903,3.3068,2,300672,0,0,1,64,1000,25280,1004,325952,1,1,1,20260711
E2,3,SliceBF,300000,medium_020,5,medium,0.0481,0.1651,4.0211,0.3419,0.0138,4.3768,4.59,2,300672,0,0,1,64,1000,25280,1004,325952,1,1,1,20260711
E2,3,SliceBF,300000,rare_003,5,rare,0.0486,0.2234,2.4809,0.3425,0.012,2.8354,3.1074,2,300672,0,0,1,64,1000,25280,1004,325952,1,1,1,20260711
E2,3,SliceBF,300000,medium_016,5,medium,0.0475,0.1673,3.3112,0.3416,0.0127,3.6655,3.8803,2,300672,0,0,1,64,1000,25280,1004,325952,1,1,1,20260711
E2,3,SliceBF,300000,common_010,5,common,0.0499,0.1977,2.7011,0.3507,0.4293,3.4811,3.7287,2,300672,0,0,99,6336,1000,3240000,1396,3540672,101,101,1,20260711
E2,3,SliceBF,300000,rare_002,5,rare,0.0491,0.1783,3.0924,0.4719,0.0207,3.585,3.8124,2,300672,0,0,1,64,1000,41664,1004,342336,1,1,1,20260711
E2,3,SliceBF,300000,common_009,5,common,0.0492,0.6002,4.4177,0.3667,9.4292,14.2136,14.863,2,300672,0,0,1566,100224,1000,64557696,7264,64858368,2122,2122,1,20260711
E2,3,SliceBF,300000,rare_001,5,rare,0.0516,0.2425,3.5615,0.3444,0.0146,3.9205,4.2146,2,300672,0,0,1,64,1000,25280,1004,325952,1,1,1,20260711
E2,3,SliceBF,300000,medium_021,5,medium,0.0491,0.1678,3.0897,0.3417,0.0119,3.4433,3.6602,2,300672,0,0,1,64,1000,25280,1004,325952,1,1,1,20260711
E2,3,SliceBF,300000,rare_011,5,rare,0.0485,0.1695,3.1044,0.3418,0.0171,3.4633,3.6813,2,300672,0,0,1,64,1000,25280,1004,325952,1,1,1,20260711
E2,3,SliceBF,300000,rare_017,5,rare,0.0482,0.1701,3.5902,0.3418,0.0121,3.9441,4.1624,2,300672,0,0,1,64,1000,17088,1004,317760,1,1,1,20260711
E2,3,SliceBF,300000,common_025,5,common,0.0473,0.2229,3.0932,0.3458,0.7168,4.1558,4.426,2,300672,0,0,182,11648,1000,5207168,1728,5507840,189,189,1,20260711
E2,3,SliceBF,300000,common_022,5,common,0.048,0.2799,4.0765,0.3497,1.7847,6.2109,6.5388,2,300672,0,0,385,24640,1000,12034752,2540,12335424,416,416,1,20260711
E2,3,SliceBF,300000,medium_019,5,medium,0.0755,0.1909,2.5583,0.3443,0.013,2.9156,3.182,2,300672,0,0,1,64,1000,25280,1004,325952,1,1,1,20260711
E2,3,SliceBF,300000,common_017,5,common,0.0482,0.3447,3.501,0.36,5.1534,9.0144,9.4073,2,300672,0,0,617,39488,1000,30539968,3468,30840640,936,936,1,20260711
E2,3,SliceBF,300000,rare_019,5,rare,0.0555,0.1736,4.1433,0.3421,0.0297,4.5151,4.7442,2,300672,0,0,2,128,1000,83328,1008,384000,2,2,1,20260711
E2,3,SliceBF,300000,rare_016,5,rare,0.0498,0.1711,3.4087,0.3419,0.0225,3.7731,3.994,2,300672,0,0,1,64,1000,41664,1004,342336,1,1,1,20260711
E2,3,SliceBF,300000,medium_000,5,medium,0.0507,0.1685,2.9355,0.397,0.0193,3.3518,3.571,2,300672,0,0,1,64,1000,25280,1004,325952,1,1,1,20260711
E2,3,SliceBF,300000,common_012,5,common,0.0506,0.2142,3.117,0.3462,0.571,4.0342,4.299,2,300672,0,0,131,8384,1000,4704320,1524,5004992,135,135,1,20260711
E2,3,SliceBF,300000,medium_001,5,medium,0.0502,0.1686,3.1155,0.3461,0.0151,3.4767,3.6955,2,300672,0,0,1,64,1000,41664,1004,342336,1,1,1,20260711
E2,3,XEBFF-Conj,300000,medium_009,5,medium,22.0761,5.1879,0,0,0.0077,0.0077,27.2717,0,0,0,0,0,0,269576,0,269576,39,3209,1,1,20260711
E2,3,XEBFF-Conj,300000,common_013,5,common,156.141,38.7713,0,0,0.2316,0.2316,195.144,0,0,0,0,0,0,1944032,0,1944032,10889,23143,311,1,20260711
E2,3,XEBFF-Conj,300000,common_021,5,common,7.4336,1.9454,0,0,0.3286,0.3286,9.7076,0,0,0,0,0,0,92336,0,92336,19534,1099,558,1,20260711
E2,3,XEBFF-Conj,300000,medium_006,5,medium,0.0679,0.0094,0,0,0.0021,0.0021,0.0794,0,0,0,0,0,0,440,0,440,74,5,2,1,20260711
E2,3,XEBFF-Conj,300000,medium_023,5,medium,1.5292,0.3816,0,0,0.0012,0.0012,1.912,0,0,0,0,0,0,19592,0,19592,39,233,1,1,20260711
E2,3,XEBFF-Conj,300000,rare_010,5,rare,0.0577,0.0075,0,0,0.0008,0.0008,0.066,0,0,0,0,0,0,356,0,356,39,4,1,1,20260711
E2,3,XEBFF-Conj,300000,common_000,5,common,65.7452,16.9541,0,0,0.3733,0.3733,83.0726,0,0,0,0,0,0,840188,0,840188,20934,10002,598,1,20260711
E2,3,XEBFF-Conj,300000,medium_024,5,medium,0.0543,0.0038,0,0,0.0019,0.0019,0.06,0,0,0,0,0,0,188,0,188,39,2,1,1,20260711
E2,3,XEBFF-Conj,300000,rare_013,5,rare,0.1283,0.0248,0,0,0.0009,0.0009,0.154,0,0,0,0,0,0,1280,0,1280,39,15,1,1,20260711
E2,3,XEBFF-Conj,300000,common_014,5,common,2.9782,0.8356,0,0,0.2205,0.2205,4.0343,0,0,0,0,0,0,36056,0,36056,7774,429,222,1,20260711
E2,3,XEBFF-Conj,300000,rare_020,5,rare,0.8486,0.1998,0,0,0.0011,0.0011,1.0495,0,0,0,0,0,0,10604,0,10604,39,126,1,1,20260711
E2,3,XEBFF-Conj,300000,common_015,5,common,0.73,0.1755,0,0,0.0428,0.0428,0.9483,0,0,0,0,0,0,8336,0,8336,2419,99,69,1,20260711
E2,3,XEBFF-Conj,300000,common_023,5,common,60.2393,15.2203,0,0,0.2688,0.2688,75.7284,0,0,0,0,0,0,751568,0,751568,12394,8947,354,1,20260711
E2,3,XEBFF-Conj,300000,rare_018,5,rare,1.1161,0.2857,0,0,0.0046,0.0046,1.4064,0,0,0,0,0,0,13712,0,13712,39,163,1,1,20260711
E2,3,XEBFF-Conj,300000,medium_014,5,medium,0.6597,0.1691,0,0,0.0015,0.0015,0.8303,0,0,0,0,0,0,8168,0,8168,39,97,1,1,20260711
E2,3,XEBFF-Conj,300000,rare_012,5,rare,0.5727,0.1443,0,0,0.001,0.001,0.718,0,0,0,0,0,0,7076,0,7076,39,84,1,1,20260711
E2,3,XEBFF-Conj,300000,common_001,5,common,40.6882,10.1241,0,0,0.1847,0.1847,50.997,0,0,0,0,0,0,510236,0,510236,9699,6074,277,1,20260711
E2,3,XEBFF-Conj,300000,medium_010,5,medium,1.4007,0.3211,0,0,0.0021,0.0021,1.7239,0,0,0,0,0,0,17156,0,17156,39,204,1,1,20260711
E2,3,XEBFF-Conj,300000,rare_015,5,rare,0.0957,0.0171,0,0,0.001,0.001,0.1138,0,0,0,0,0,0,860,0,860,39,10,1,1,20260711
E2,3,XEBFF-Conj,300000,medium_005,5,medium,4.8637,1.1504,0,0,0.0019,0.0019,6.016,0,0,0,0,0,0,61424,0,61424,39,731,1,1,20260711
E2,3,XEBFF-Conj,300000,rare_006,5,rare,0.1491,0.029,0,0,0.0011,0.0011,0.1792,0,0,0,0,0,0,1532,0,1532,39,18,1,1,20260711
E2,3,XEBFF-Conj,300000,medium_012,5,medium,1.6688,0.3926,0,0,0.0016,0.0016,2.063,0,0,0,0,0,0,21020,0,21020,39,250,1,1,20260711
E2,3,XEBFF-Conj,300000,common_018,5,common,38.4519,9.9578,0,0,0.8895,0.8895,49.2992,0,0,0,0,0,0,488312,0,488312,54079,5813,1545,1,20260711
E2,3,XEBFF-Conj,300000,rare_005,5,rare,0.5966,0.1357,0,0,0.0056,0.0056,0.7379,0,0,0,0,0,0,7076,0,7076,39,84,1,1,20260711
E2,3,XEBFF-Conj,300000,common_011,5,common,9.7768,2.2213,0,0,0.1149,0.1149,12.113,0,0,0,0,0,0,114848,0,114848,6199,1367,177,1,20260711
E2,3,XEBFF-Conj,300000,rare_008,5,rare,1.1717,0.2871,0,0,0.0031,0.0031,1.4619,0,0,0,0,0,0,14888,0,14888,39,177,1,1,20260711
E2,3,XEBFF-Conj,300000,medium_007,5,medium,11.0924,2.6947,0,0,0.0072,0.0072,13.7943,0,0,0,0,0,0,135428,0,135428,39,1612,1,1,20260711
E2,3,XEBFF-Conj,300000,common_005,5,common,70.5261,18.5471,0,0,1.2659,1.2659,90.3391,0,0,0,0,0,0,885968,0,885968,77179,10547,2205,1,20260711
E2,3,XEBFF-Conj,300000,medium_015,5,medium,10.8077,2.5694,0,0,0.0079,0.0079,13.385,0,0,0,0,0,0,133580,0,133580,39,1590,1,1,20260711
E2,3,XEBFF-Conj,300000,rare_025,5,rare,5.3993,1.3259,0,0,0.0066,0.0066,6.7318,0,0,0,0,0,0,69572,0,69572,39,828,1,1,20260711
E2,3,XEBFF-Conj,300000,medium_003,5,medium,1.8462,0.4407,0,0,0.0041,0.0041,2.291,0,0,0,0,0,0,23288,0,23288,39,277,1,1,20260711
E2,3,XEBFF-Conj,300000,common_024,5,common,31.7666,8.57,0,0,0.6591,0.6591,40.9957,0,0,0,0,0,0,409604,0,409604,39589,4876,1131,1,20260711
E2,3,XEBFF-Conj,300000,medium_018,5,medium,0.3795,0.0828,0,0,0.0015,0.0015,0.4638,0,0,0,0,0,0,4388,0,4388,39,52,1,1,20260711
E2,3,XEBFF-Conj,300000,rare_009,5,rare,0.4139,0.0964,0,0,0.0011,0.0011,0.5114,0,0,0,0,0,0,4976,0,4976,39,59,1,1,20260711
E2,3,XEBFF-Conj,300000,medium_025,5,medium,0.2697,0.0586,0,0,0.0009,0.0009,0.3292,0,0,0,0,0,0,3128,0,3128,39,37,1,1,20260711
E2,3,XEBFF-Conj,300000,rare_022,5,rare,0.1023,0.0191,0,0,0.0016,0.0016,0.123,0,0,0,0,0,0,944,0,944,74,11,2,1,20260711
E2,3,XEBFF-Conj,300000,rare_007,5,rare,1.1683,0.2798,0,0,0.0011,0.0011,1.4492,0,0,0,0,0,0,14888,0,14888,39,177,1,1,20260711
E2,3,XEBFF-Conj,300000,common_007,5,common,10.9087,2.4904,0,0,0.0304,0.0304,13.4295,0,0,0,0,0,0,129548,0,129548,1159,1542,33,1,20260711
E2,3,XEBFF-Conj,300000,common_027,5,common,73.0833,18.3295,0,0,0.9515,0.9515,92.3643,0,0,0,0,0,0,922424,0,922424,57964,10981,1656,1,20260711
E2,3,XEBFF-Conj,300000,common_008,5,common,49.7125,12.9063,0,0,0.0577,0.0577,62.6765,0,0,0,0,0,0,620360,0,620360,2349,7385,67,1,20260711
E2,3,XEBFF-Conj,300000,rare_000,5,rare,0.3948,0.088,0,0,0.0016,0.0016,0.4844,0,0,0,0,0,0,4640,0,4640,39,55,1,1,20260711
E2,3,XEBFF-Conj,300000,rare_023,5,rare,9.3788,2.26,0,0,0.0077,0.0077,11.6465,0,0,0,0,0,0,116780,0,116780,39,1390,1,1,20260711
E2,3,XEBFF-Conj,300000,rare_014,5,rare,0.0575,0.0057,0,0,0.0013,0.0013,0.0645,0,0,0,0,0,0,272,0,272,39,3,1,1,20260711
E2,3,XEBFF-Conj,300000,medium_022,5,medium,0.1616,0.0318,0,0,0.0011,0.0011,0.1945,0,0,0,0,0,0,1700,0,1700,39,20,1,1,20260711
E2,3,XEBFF-Conj,300000,common_002,5,common,31.502,7.8124,0,0,0.127,0.127,39.4414,0,0,0,0,0,0,383144,0,383144,6024,4561,172,1,20260711
E2,3,XEBFF-Conj,300000,common_006,5,common,7.9866,1.8997,0,0,0.0927,0.0927,9.979,0,0,0,0,0,0,99476,0,99476,5009,1184,143,1,20260711
E2,3,XEBFF-Conj,300000,medium_011,5,medium,2.7785,0.6379,0,0,0.0067,0.0067,3.4231,0,0,0,0,0,0,33452,0,33452,39,398,1,1,20260711
E2,3,XEBFF-Conj,300000,common_016,5,common,19.9776,4.8963,0,0,0.0992,0.0992,24.9731,0,0,0,0,0,0,254792,0,254792,5289,3033,151,1,20260711
E2,3,XEBFF-Conj,300000,rare_024,5,rare,1.1626,0.2769,0,0,0.0025,0.0025,1.442,0,0,0,0,0,0,14804,0,14804,39,176,1,1,20260711
E2,3,XEBFF-Conj,300000,rare_004,5,rare,0.6794,0.1613,0,0,0.001,0.001,0.8417,0,0,0,0,0,0,8588,0,8588,39,102,1,1,20260711
E2,3,XEBFF-Conj,300000,common_003,5,common,50.3934,12.0397,0,0,0.1903,0.1903,62.6234,0,0,0,0,0,0,605408,0,605408,9769,7207,279,1,20260711
E2,3,XEBFF-Conj,300000,medium_013,5,medium,25.3267,6.5371,0,0,0.0077,0.0077,31.8715,0,0,0,0,0,0,318128,0,318128,39,3787,1,1,20260711
E2,3,XEBFF-Conj,300000,medium_017,5,medium,0.0758,0.0104,0,0,0.0018,0.0018,0.088,0,0,0,0,0,0,524,0,524,39,6,1,1,20260711
E2,3,XEBFF-Conj,300000,common_019,5,common,82.034,20.2251,0,0,1.6882,1.6882,103.947,0,0,0,0,0,0,1005332,0,1005332,103954,11968,2970,1,20260711
E2,3,XEBFF-Conj,300000,medium_002,5,medium,0.3705,0.0797,0,0,0.0066,0.0066,0.4568,0,0,0,0,0,0,4136,0,4136,39,49,1,1,20260711
E2,3,XEBFF-Conj,300000,common_004,5,common,10.3282,2.4477,0,0,0.0267,0.0267,12.8026,0,0,0,0,0,0,129548,0,129548,914,1542,26,1,20260711
E2,3,XEBFF-Conj,300000,common_026,5,common,7.3074,1.7575,0,0,0.16,0.16,9.2249,0,0,0,0,0,0,92672,0,92672,9314,1103,266,1,20260711
E2,3,XEBFF-Conj,300000,common_020,5,common,160.64,41.4543,0,0,0.9518,0.9518,203.046,0,0,0,0,0,0,2016020,0,2016020,54219,24000,1549,1,20260711
E2,3,XEBFF-Conj,300000,rare_021,5,rare,0.6194,0.1401,0,0,0.0032,0.0032,0.7627,0,0,0,0,0,0,7412,0,7412,39,88,1,1,20260711
E2,3,XEBFF-Conj,300000,medium_008,5,medium,1.6452,0.3415,0,0,0.0028,0.0028,1.9895,0,0,0,0,0,0,18248,0,18248,39,217,1,1,20260711
E2,3,XEBFF-Conj,300000,medium_004,5,medium,2.9275,0.6731,0,0,0.0035,0.0035,3.6041,0,0,0,0,0,0,34880,0,34880,39,415,1,1,20260711
E2,3,XEBFF-Conj,300000,medium_020,5,medium,3.2033,0.8135,0,0,0.0031,0.0031,4.0199,0,0,0,0,0,0,39500,0,39500,39,470,1,1,20260711
E2,3,XEBFF-Conj,300000,rare_003,5,rare,0.3167,0.0717,0,0,0.0011,0.0011,0.3895,0,0,0,0,0,0,3716,0,3716,39,44,1,1,20260711
E2,3,XEBFF-Conj,300000,medium_016,5,medium,0.2454,0.0541,0,0,0.0009,0.0009,0.3004,0,0,0,0,0,0,2792,0,2792,39,33,1,1,20260711
E2,3,XEBFF-Conj,300000,common_010,5,common,1.8983,0.5433,0,0,0.0644,0.0644,2.506,0,0,0,0,0,0,24296,0,24296,3539,289,101,1,20260711
E2,3,XEBFF-Conj,300000,rare_002,5,rare,0.671,0.1652,0,0,0.0013,0.0013,0.8375,0,0,0,0,0,0,7664,0,7664,39,91,1,1,20260711
E2,3,XEBFF-Conj,300000,common_009,5,common,47.7446,12.3222,0,0,1.2268,1.2268,61.2936,0,0,0,0,0,0,606332,0,606332,74274,7218,2122,1,20260711
E2,3,XEBFF-Conj,300000,rare_001,5,rare,0.3643,0.08,0,0,0.004,0.004,0.4483,0,0,0,0,0,0,4052,0,4052,39,48,1,1,20260711
E2,3,XEBFF-Conj,300000,medium_021,5,medium,0.0444,0.0038,0,0,0.0012,0.0012,0.0494,0,0,0,0,0,0,188,0,188,39,2,1,1,20260711
E2,3,XEBFF-Conj,300000,rare_011,5,rare,0.0369,0.002,0,0,0.0008,0.0008,0.0397,0,0,0,0,0,0,104,0,104,39,1,1,1,20260711
E2,3,XEBFF-Conj,300000,rare_017,5,rare,0.089,0.0157,0,0,0.0009,0.0009,0.1056,0,0,0,0,0,0,776,0,776,39,9,1,1,20260711
E2,3,XEBFF-Conj,300000,common_025,5,common,19.7604,5.3999,0,0,0.1256,0.1256,25.2859,0,0,0,0,0,0,244880,0,244880,6619,2915,189,1,20260711
E2,3,XEBFF-Conj,300000,common_022,5,common,84.1459,21.222,0,0,0.2788,0.2788,105.647,0,0,0,0,0,0,1065896,0,1065896,14564,12689,416,1,20260711
E2,3,XEBFF-Conj,300000,medium_019,5,medium,0.0479,0.0025,0,0,0.0024,0.0024,0.0528,0,0,0,0,0,0,104,0,104,39,1,1,1,20260711
E2,3,XEBFF-Conj,300000,common_017,5,common,59.436,15.1924,0,0,0.5711,0.5711,75.1995,0,0,0,0,0,0,749300,0,749300,32764,8920,936,1,20260711
E2,3,XEBFF-Conj,300000,rare_019,5,rare,1.1523,0.2699,0,0,0.0033,0.0033,1.4255,0,0,0,0,0,0,14300,0,14300,74,170,2,1,20260711
E2,3,XEBFF-Conj,300000,rare_016,5,rare,0.5002,0.1122,0,0,0.0011,0.0011,0.6135,0,0,0,0,0,0,5984,0,5984,39,71,1,1,20260711
E2,3,XEBFF-Conj,300000,medium_000,5,medium,1.555,0.3722,0,0,0.0011,0.0011,1.9283,0,0,0,0,0,0,19928,0,19928,39,237,1,1,20260711
E2,3,XEBFF-Conj,300000,common_012,5,common,18.2681,5.9266,0,0,0.0983,0.0983,24.293,0,0,0,0,0,0,229760,0,229760,4729,2735,135,1,20260711
E2,3,XEBFF-Conj,300000,medium_001,5,medium,3.5058,0.8255,0,0,0.0053,0.0053,4.3366,0,0,0,0,0,0,43700,0,43700,39,520,1,1,20260711
E2,3,Doris,300000,medium_009,5,medium,21.936,5.0262,0,0,0.0082,0.0082,26.9704,0,0,0,0,0,0,269576,0,269576,39,3209,1,1,20260711
E2,3,Doris,300000,common_013,5,common,155.759,38.8285,0,0,0.2083,0.2083,194.795,0,0,0,0,0,0,1944032,0,1944032,10889,23143,311,1,20260711
E2,3,Doris,300000,common_021,5,common,7.2716,1.7337,0,0,0.3259,0.3259,9.3312,0,0,0,0,0,0,92336,0,92336,19534,1099,558,1,20260711
E2,3,Doris,300000,medium_006,5,medium,0.0532,0.0083,0,0,0.002,0.002,0.0635,0,0,0,0,0,0,440,0,440,74,5,2,1,20260711
E2,3,Doris,300000,medium_023,5,medium,1.7473,0.3949,0,0,0.0077,0.0077,2.1499,0,0,0,0,0,0,19592,0,19592,39,233,1,1,20260711
E2,3,Doris,300000,rare_010,5,rare,0.0397,0.0067,0,0,0.001,0.001,0.0474,0,0,0,0,0,0,356,0,356,39,4,1,1,20260711
E2,3,Doris,300000,common_000,5,common,67.4288,16.8733,0,0,0.3798,0.3798,84.6819,0,0,0,0,0,0,840188,0,840188,20934,10002,598,1,20260711
E2,3,Doris,300000,medium_024,5,medium,0.0326,0.0044,0,0,0.0016,0.0016,0.0386,0,0,0,0,0,0,188,0,188,39,2,1,1,20260711
E2,3,Doris,300000,rare_013,5,rare,0.1162,0.0249,0,0,0.0008,0.0008,0.1419,0,0,0,0,0,0,1280,0,1280,39,15,1,1,20260711
E2,3,Doris,300000,common_014,5,common,2.7877,0.6836,0,0,0.131,0.131,3.6023,0,0,0,0,0,0,36056,0,36056,7774,429,222,1,20260711
E2,3,Doris,300000,rare_020,5,rare,0.8297,0.198,0,0,0.0011,0.0011,1.0288,0,0,0,0,0,0,10604,0,10604,39,126,1,1,20260711
E2,3,Doris,300000,common_015,5,common,0.6495,0.1561,0,0,0.0416,0.0416,0.8472,0,0,0,0,0,0,8336,0,8336,2419,99,69,1,20260711
E2,3,Doris,300000,common_023,5,common,59.6044,15.3279,0,0,0.2246,0.2246,75.1569,0,0,0,0,0,0,751568,0,751568,12394,8947,354,1,20260711
E2,3,Doris,300000,rare_018,5,rare,1.0927,0.4466,0,0,0.0183,0.0183,1.5576,0,0,0,0,0,0,13712,0,13712,39,163,1,1,20260711
E2,3,Doris,300000,medium_014,5,medium,0.6645,0.1562,0,0,0.0014,0.0014,0.8221,0,0,0,0,0,0,8168,0,8168,39,97,1,1,20260711
E2,3,Doris,300000,rare_012,5,rare,0.7276,0.1345,0,0,0.0011,0.0011,0.8632,0,0,0,0,0,0,7076,0,7076,39,84,1,1,20260711
E2,3,Doris,300000,common_001,5,common,40.7342,10.4676,0,0,0.1886,0.1886,51.3904,0,0,0,0,0,0,510236,0,510236,9699,6074,277,1,20260711
E2,3,Doris,300000,medium_010,5,medium,1.3455,0.3262,0,0,0.003,0.003,1.6747,0,0,0,0,0,0,17156,0,17156,39,204,1,1,20260711
E2,3,Doris,300000,rare_015,5,rare,0.0777,0.0165,0,0,0.001,0.001,0.0952,0,0,0,0,0,0,860,0,860,39,10,1,1,20260711
E2,3,Doris,300000,medium_005,5,medium,4.7732,1.9786,0,0,0.0062,0.0062,6.758,0,0,0,0,0,0,61424,0,61424,39,731,1,1,20260711
E2,3,Doris,300000,rare_006,5,rare,0.14,0.0397,0,0,0.0017,0.0017,0.1814,0,0,0,0,0,0,1532,0,1532,39,18,1,1,20260711
E2,3,Doris,300000,medium_012,5,medium,1.2202,0.2126,0,0,0.002,0.002,1.4348,0,0,0,0,0,0,11024,0,11024,39,131,1,1,20260711
E2,3,Doris,300000,common_018,5,common,38.8356,9.9732,0,0,0.8973,0.8973,49.7061,0,0,0,0,0,0,488312,0,488312,54079,5813,1545,1,20260711
E2,3,Doris,300000,rare_005,5,rare,0.2753,0.0642,0,0,0.004,0.004,0.3435,0,0,0,0,0,0,3296,0,3296,39,39,1,1,20260711
E2,3,Doris,300000,common_011,5,common,9.1062,2.1787,0,0,0.1105,0.1105,11.3954,0,0,0,0,0,0,114848,0,114848,6199,1367,177,1,20260711
E2,3,Doris,300000,rare_008,5,rare,1.1631,0.2793,0,0,0.0027,0.0027,1.4451,0,0,0,0,0,0,14888,0,14888,39,177,1,1,20260711
E2,3,Doris,300000,medium_007,5,medium,10.7366,2.7931,0,0,0.0068,0.0068,13.5365,0,0,0,0,0,0,135428,0,135428,39,1612,1,1,20260711
E2,3,Doris,300000,common_005,5,common,71.0763,17.9,0,0,1.4507,1.4507,90.427,0,0,0,0,0,0,885968,0,885968,77179,10547,2205,1,20260711
E2,3,Doris,300000,medium_015,5,medium,10.71,2.7377,0,0,0.0119,0.0119,13.4596,0,0,0,0,0,0,133580,0,133580,39,1590,1,1,20260711
E2,3,Doris,300000,rare_025,5,rare,5.429,1.4679,0,0,0.0061,0.0061,6.903,0,0,0,0,0,0,69572,0,69572,39,828,1,1,20260711
E2,3,Doris,300000,medium_003,5,medium,1.8537,0.4377,0,0,0.004,0.004,2.2954,0,0,0,0,0,0,23288,0,23288,39,277,1,1,20260711
E2,3,Doris,300000,common_024,5,common,32.3075,8.1799,0,0,0.6614,0.6614,41.1488,0,0,0,0,0,0,409352,0,409352,39589,4873,1131,1,20260711
E2,3,Doris,300000,medium_018,5,medium,0.3685,0.2602,0,0,0.0031,0.0031,0.6318,0,0,0,0,0,0,4388,0,4388,39,52,1,1,20260711
E2,3,Doris,300000,rare_009,5,rare,0.3921,0.094,0,0,0.001,0.001,0.4871,0,0,0,0,0,0,4976,0,4976,39,59,1,1,20260711
E2,3,Doris,300000,medium_025,5,medium,0.2514,0.0589,0,0,0.0009,0.0009,0.3112,0,0,0,0,0,0,3128,0,3128,39,37,1,1,20260711
E2,3,Doris,300000,rare_022,5,rare,0.0822,0.0186,0,0,0.0016,0.0016,0.1024,0,0,0,0,0,0,944,0,944,74,11,2,1,20260711
E2,3,Doris,300000,rare_007,5,rare,1.1495,0.2776,0,0,0.0009,0.0009,1.428,0,0,0,0,0,0,14888,0,14888,39,177,1,1,20260711
E2,3,Doris,300000,common_007,5,common,10.9909,2.8877,0,0,0.0298,0.0298,13.9084,0,0,0,0,0,0,129548,0,129548,1159,1542,33,1,20260711
E2,3,Doris,300000,common_027,5,common,73.0397,18.959,0,0,0.9599,0.9599,92.9586,0,0,0,0,0,0,922424,0,922424,57964,10981,1656,1,20260711
E2,3,Doris,300000,common_008,5,common,49.72,12.7933,0,0,0.0581,0.0581,62.5714,0,0,0,0,0,0,620360,0,620360,2349,7385,67,1,20260711
E2,3,Doris,300000,rare_000,5,rare,0.4247,0.0875,0,0,0.0022,0.0022,0.5144,0,0,0,0,0,0,4640,0,4640,39,55,1,1,20260711
E2,3,Doris,300000,rare_023,5,rare,9.9871,2.281,0,0,0.0072,0.0072,12.2753,0,0,0,0,0,0,116780,0,116780,39,1390,1,1,20260711
E2,3,Doris,300000,rare_014,5,rare,0.0337,0.0057,0,0,0.0012,0.0012,0.0406,0,0,0,0,0,0,272,0,272,39,3,1,1,20260711
E2,3,Doris,300000,medium_022,5,medium,0.1402,0.0333,0,0,0.001,0.001,0.1745,0,0,0,0,0,0,1700,0,1700,39,20,1,1,20260711
E2,3,Doris,300000,common_002,5,common,30.4675,7.8128,0,0,0.123,0.123,38.4033,0,0,0,0,0,0,383144,0,383144,6024,4561,172,1,20260711
E2,3,Doris,300000,common_006,5,common,8.0565,1.9181,0,0,0.0954,0.0954,10.07,0,0,0,0,0,0,99476,0,99476,5009,1184,143,1,20260711
E2,3,Doris,300000,medium_011,5,medium,2.6572,0.6371,0,0,0.006,0.006,3.3003,0,0,0,0,0,0,33452,0,33452,39,398,1,1,20260711
E2,3,Doris,300000,common_016,5,common,20.9737,5.0474,0,0,0.1052,0.1052,26.1263,0,0,0,0,0,0,254792,0,254792,5289,3033,151,1,20260711
E2,3,Doris,300000,rare_024,5,rare,1.0678,0.2608,0,0,0.0027,0.0027,1.3313,0,0,0,0,0,0,13628,0,13628,39,162,1,1,20260711
E2,3,Doris,300000,rare_004,5,rare,0.6667,0.1646,0,0,0.0011,0.0011,0.8324,0,0,0,0,0,0,8588,0,8588,39,102,1,1,20260711
E2,3,Doris,300000,common_003,5,common,47.9066,12.3896,0,0,0.189,0.189,60.4852,0,0,0,0,0,0,605408,0,605408,9769,7207,279,1,20260711
E2,3,Doris,300000,medium_013,5,medium,25.4393,6.2297,0,0,0.0071,0.0071,31.6761,0,0,0,0,0,0,318128,0,318128,39,3787,1,1,20260711
E2,3,Doris,300000,medium_017,5,medium,0.0595,0.0105,0,0,0.0029,0.0029,0.0729,0,0,0,0,0,0,524,0,524,39,6,1,1,20260711
E2,3,Doris,300000,common_019,5,common,79.8942,20.3942,0,0,1.7151,1.7151,102.004,0,0,0,0,0,0,1005332,0,1005332,103954,11968,2970,1,20260711
E2,3,Doris,300000,medium_002,5,medium,0.3545,0.0788,0,0,0.0063,0.0063,0.4396,0,0,0,0,0,0,4136,0,4136,39,49,1,1,20260711
E2,3,Doris,300000,common_004,5,common,10.4882,2.5374,0,0,0.0274,0.0274,13.053,0,0,0,0,0,0,129548,0,129548,914,1542,26,1,20260711
E2,3,Doris,300000,common_026,5,common,7.1875,1.8825,0,0,0.1627,0.1627,9.2327,0,0,0,0,0,0,92672,0,92672,9314,1103,266,1,20260711
E2,3,Doris,300000,common_020,5,common,160.292,41.5396,0,0,0.9594,0.9594,202.791,0,0,0,0,0,0,2016020,0,2016020,54219,24000,1549,1,20260711
E2,3,Doris,300000,rare_021,5,rare,0.9063,0.1472,0,0,0.0043,0.0043,1.0578,0,0,0,0,0,0,7412,0,7412,39,88,1,1,20260711
E2,3,Doris,300000,medium_008,5,medium,1.4325,0.3409,0,0,0.0018,0.0018,1.7752,0,0,0,0,0,0,18248,0,18248,39,217,1,1,20260711
E2,3,Doris,300000,medium_004,5,medium,2.755,0.6542,0,0,0.0053,0.0053,3.4145,0,0,0,0,0,0,34880,0,34880,39,415,1,1,20260711
E2,3,Doris,300000,medium_020,5,medium,3.2165,0.7432,0,0,0.0038,0.0038,3.9635,0,0,0,0,0,0,39500,0,39500,39,470,1,1,20260711
E2,3,Doris,300000,rare_003,5,rare,0.2934,0.0698,0,0,0.001,0.001,0.3642,0,0,0,0,0,0,3716,0,3716,39,44,1,1,20260711
E2,3,Doris,300000,medium_016,5,medium,0.2208,0.0521,0,0,0.0009,0.0009,0.2738,0,0,0,0,0,0,2792,0,2792,39,33,1,1,20260711
E2,3,Doris,300000,common_010,5,common,1.8745,0.4598,0,0,0.064,0.064,2.3983,0,0,0,0,0,0,24296,0,24296,3539,289,101,1,20260711
E2,3,Doris,300000,rare_002,5,rare,0.5916,0.1452,0,0,0.0009,0.0009,0.7377,0,0,0,0,0,0,7664,0,7664,39,91,1,1,20260711
E2,3,Doris,300000,common_009,5,common,48.9899,12.3401,0,0,1.2333,1.2333,62.5633,0,0,0,0,0,0,606332,0,606332,74274,7218,2122,1,20260711
E2,3,Doris,300000,rare_001,5,rare,0.3381,0.0778,0,0,0.0036,0.0036,0.4195,0,0,0,0,0,0,4052,0,4052,39,48,1,1,20260711
E2,3,Doris,300000,medium_021,5,medium,0.024,0.0034,0,0,0.0009,0.0009,0.0283,0,0,0,0,0,0,188,0,188,39,2,1,1,20260711
E2,3,Doris,300000,rare_011,5,rare,0.0163,0.002,0,0,0.0008,0.0008,0.0191,0,0,0,0,0,0,104,0,104,39,1,1,1,20260711
E2,3,Doris,300000,rare_017,5,rare,0.0684,0.0151,0,0,0.0008,0.0008,0.0843,0,0,0,0,0,0,776,0,776,39,9,1,1,20260711
E2,3,Doris,300000,common_025,5,common,19.2961,5.3896,0,0,0.1256,0.1256,24.8113,0,0,0,0,0,0,244880,0,244880,6619,2915,189,1,20260711
E2,3,Doris,300000,common_022,5,common,83.89,21.8177,0,0,0.4263,0.4263,106.134,0,0,0,0,0,0,1065896,0,1065896,14564,12689,416,1,20260711
E2,3,Doris,300000,medium_019,5,medium,0.0288,0.0026,0,0,0.0019,0.0019,0.0333,0,0,0,0,0,0,104,0,104,39,1,1,1,20260711
E2,3,Doris,300000,common_017,5,common,59.6682,15.0123,0,0,0.7184,0.7184,75.3989,0,0,0,0,0,0,749300,0,749300,32764,8920,936,1,20260711
E2,3,Doris,300000,rare_019,5,rare,1.1241,0.27,0,0,0.0032,0.0032,1.3973,0,0,0,0,0,0,14300,0,14300,74,170,2,1,20260711
E2,3,Doris,300000,rare_016,5,rare,0.4687,0.1172,0,0,0.0009,0.0009,0.5868,0,0,0,0,0,0,5984,0,5984,39,71,1,1,20260711
E2,3,Doris,300000,medium_000,5,medium,0.0899,0.0197,0,0,0.0009,0.0009,0.1105,0,0,0,0,0,0,1028,0,1028,39,12,1,1,20260711
E2,3,Doris,300000,common_012,5,common,17.984,4.4546,0,0,0.0859,0.0859,22.5245,0,0,0,0,0,0,229760,0,229760,4729,2735,135,1,20260711
E2,3,Doris,300000,medium_001,5,medium,3.4779,0.8181,0,0,0.005,0.005,4.301,0,0,0,0,0,0,43700,0,43700,39,520,1,1,20260711
E2,3,Ren,300000,medium_009,5,medium,0.0163,4.0053,0,0,0.0027,0.0027,4.0243,0,0,0,0,0,0,284,0,284,47,3209,1,1,20260711
E2,3,Ren,300000,common_013,5,common,0.02,28.3445,0,0,0.1804,0.1804,28.5449,0,0,0,0,0,0,284,0,284,12137,23143,311,1,20260711
E2,3,Ren,300000,common_021,5,common,0.0232,3.9016,0,0,0.3055,0.3055,4.2303,0,0,0,0,0,0,284,0,284,21770,1099,558,1,20260711
E2,3,Ren,300000,medium_006,5,medium,0.0188,0.0129,0,0.0001,0.0015,0.0015,0.0332,0,0,0,0,0,0,284,0,284,86,5,2,1,20260711
E2,3,Ren,300000,medium_023,5,medium,0.0175,0.2588,0,0,0.0008,0.0008,0.2771,0,0,0,0,0,0,284,0,284,47,233,1,1,20260711
E2,3,Ren,300000,rare_010,5,rare,0.0174,0.0081,0,0,0.0008,0.0008,0.0263,0,0,0,0,0,0,284,0,284,47,4,1,1,20260711
E2,3,Ren,300000,common_000,5,common,0.0171,16.4578,0,0,0.3315,0.3315,16.8064,0,0,0,0,0,0,284,0,284,23330,10002,598,1,20260711
E2,3,Ren,300000,medium_024,5,medium,0.0229,0.0072,0,0.0001,0.0011,0.0011,0.0312,0,0,0,0,0,0,284,0,284,47,2,1,1,20260711
E2,3,Ren,300000,rare_013,5,rare,0.0173,0.0197,0,0,0.0008,0.0008,0.0378,0,0,0,0,0,0,284,0,284,47,15,1,1,20260711
E2,3,Ren,300000,common_014,5,common,0.0171,1.3034,0,0,0.1244,0.1244,1.4449,0,0,0,0,0,0,284,0,284,8666,429,222,1,20260711
E2,3,Ren,300000,rare_020,5,rare,0.0193,0.1396,0,0.0001,0.0008,0.0008,0.1597,0,0,0,0,0,0,284,0,284,47,126,1,1,20260711
E2,3,Ren,300000,common_015,5,common,0.0176,0.3476,0,0,0.0384,0.0384,0.4036,0,0,0,0,0,0,284,0,284,2699,99,69,1,20260711
E2,3,Ren,300000,common_023,5,common,0.0171,10.6502,0,0,0.1962,0.1962,10.8635,0,0,0,0,0,0,284,0,284,13814,8947,354,1,20260711
E2,3,Ren,300000,rare_018,5,rare,0.0196,0.172,0,0,0.0009,0.0009,0.1925,0,0,0,0,0,0,284,0,284,47,163,1,1,20260711
E2,3,Ren,300000,medium_014,5,medium,0.017,0.1036,0,0,0.0008,0.0008,0.1214,0,0,0,0,0,0,284,0,284,47,97,1,1,20260711
E2,3,Ren,300000,rare_012,5,rare,0.0169,0.1381,0,0.0001,0.0008,0.0008,0.1558,0,0,0,0,0,0,284,0,284,47,84,1,1,20260711
E2,3,Ren,300000,common_001,5,common,0.0176,8.2283,0,0,0.1564,0.1564,8.4023,0,0,0,0,0,0,284,0,284,10811,6074,277,1,20260711
E2,3,Ren,300000,medium_010,5,medium,0.021,0.3887,0,0,0.001,0.001,0.4107,0,0,0,0,0,0,284,0,284,47,204,1,1,20260711
E2,3,Ren,300000,rare_015,5,rare,0.0171,0.0173,0,0.0001,0.0009,0.0009,0.0353,0,0,0,0,0,0,284,0,284,47,10,1,1,20260711
E2,3,Ren,300000,medium_005,5,medium,0.017,0.7605,0,0,0.0016,0.0016,0.7791,0,0,0,0,0,0,284,0,284,47,731,1,1,20260711
E2,3,Ren,300000,rare_006,5,rare,0.0179,0.0283,0,0,0.0009,0.0009,0.0471,0,0,0,0,0,0,284,0,284,47,18,1,1,20260711
E2,3,Ren,300000,medium_012,5,medium,0.0172,0.1412,0,0,0.0008,0.0008,0.1592,0,0,0,0,0,0,284,0,284,47,131,1,1,20260711
E2,3,Ren,300000,common_018,5,common,0.0169,16.8964,0,0.0001,0.8417,0.8417,17.755,0,0,0,0,0,0,284,0,284,60263,5813,1545,1,20260711
E2,3,Ren,300000,rare_005,5,rare,0.0212,0.0444,0,0.0001,0.0011,0.0011,0.0667,0,0,0,0,0,0,284,0,284,47,39,1,1,20260711
E2,3,Ren,300000,common_011,5,common,0.0171,2.6062,0,0.0001,0.0988,0.0988,2.7221,0,0,0,0,0,0,284,0,284,6911,1367,177,1,20260711
E2,3,Ren,300000,rare_008,5,rare,0.0179,0.1823,0,0.0001,0.001,0.001,0.2012,0,0,0,0,0,0,284,0,284,47,177,1,1,20260711
E2,3,Ren,300000,medium_007,5,medium,0.0169,1.6374,0,0,0.0008,0.0008,1.6551,0,0,0,0,0,0,284,0,284,47,1612,1,1,20260711
E2,3,Ren,300000,common_005,5,common,0.0169,44.0641,0,0,1.2139,1.2139,45.2949,0,0,0,0,0,0,284,0,284,86003,10547,2205,1,20260711
E2,3,Ren,300000,medium_015,5,medium,0.0241,1.6574,0,0.0001,0.0024,0.0024,1.6839,0,0,0,0,0,0,284,0,284,47,1590,1,1,20260711
E2,3,Ren,300000,rare_025,5,rare,0.0174,0.8576,0,0,0.001,0.001,0.876,0,0,0,0,0,0,284,0,284,47,828,1,1,20260711
E2,3,Ren,300000,medium_003,5,medium,0.018,0.4187,0,0,0.002,0.002,0.4387,0,0,0,0,0,0,284,0,284,47,277,1,1,20260711
E2,3,Ren,300000,common_024,5,common,0.0174,12.4971,0,0.0001,0.6153,0.6153,13.1298,0,0,0,0,0,0,284,0,284,44117,4873,1131,1,20260711
E2,3,Ren,300000,medium_018,5,medium,0.0201,0.0571,0,0,0.0009,0.0009,0.0781,0,0,0,0,0,0,284,0,284,47,52,1,1,20260711
E2,3,Ren,300000,rare_009,5,rare,0.0174,0.068,0,0,0.0009,0.0009,0.0863,0,0,0,0,0,0,284,0,284,47,59,1,1,20260711
E2,3,Ren,300000,medium_025,5,medium,0.017,0.0566,0,0,0.0008,0.0008,0.0744,0,0,0,0,0,0,284,0,284,47,37,1,1,20260711
E2,3,Ren,300000,rare_022,5,rare,0.0172,0.0188,0,0,0.0014,0.0014,0.0374,0,0,0,0,0,0,284,0,284,86,11,2,1,20260711
E2,3,Ren,300000,rare_007,5,rare,0.0171,0.1933,0,0,0.0008,0.0008,0.2112,0,0,0,0,0,0,284,0,284,47,177,1,1,20260711
E2,3,Ren,300000,common_007,5,common,0.0169,2.0977,0,0.0001,0.0226,0.0226,2.1372,0,0,0,0,0,0,284,0,284,1295,1542,33,1,20260711
E2,3,Ren,300000,common_027,5,common,0.019,27.2258,0,0,0.9023,0.9023,28.1471,0,0,0,0,0,0,284,0,284,64592,10981,1656,1,20260711
E2,3,Ren,300000,common_008,5,common,0.0212,11.4608,0,0.0001,0.045,0.045,11.527,0,0,0,0,0,0,284,0,284,2621,7385,67,1,20260711
E2,3,Ren,300000,rare_000,5,rare,0.0195,0.0639,0,0.0001,0.0009,0.0009,0.0843,0,0,0,0,0,0,284,0,284,47,55,1,1,20260711
E2,3,Ren,300000,rare_023,5,rare,0.017,1.7576,0,0,0.0011,0.0011,1.7757,0,0,0,0,0,0,284,0,284,47,1390,1,1,20260711
E2,3,Ren,300000,rare_014,5,rare,0.0171,0.0067,0,0,0.0008,0.0008,0.0246,0,0,0,0,0,0,284,0,284,47,3,1,1,20260711
E2,3,Ren,300000,medium_022,5,medium,0.0172,0.0326,0,0,0.0008,0.0008,0.0506,0,0,0,0,0,0,284,0,284,47,20,1,1,20260711
E2,3,Ren,300000,common_002,5,common,0.017,13.438,0,0.0001,0.1018,0.1018,13.5568,0,0,0,0,0,0,284,0,284,6716,4561,172,1,20260711
E2,3,Ren,300000,common_006,5,common,0.0201,1.7594,0,0,0.0807,0.0807,1.8602,0,0,0,0,0,0,284,0,284,5585,1184,143,1,20260711
E2,3,Ren,300000,medium_011,5,medium,0.0182,0.5794,0,0.0001,0.0013,0.0013,0.5989,0,0,0,0,0,0,284,0,284,47,398,1,1,20260711
E2,3,Ren,300000,common_016,5,common,0.018,3.9461,0,0,0.1092,0.1092,4.0733,0,0,0,0,0,0,284,0,284,5897,3033,151,1,20260711
E2,3,Ren,300000,rare_024,5,rare,0.0196,0.1996,0,0.0001,0.001,0.001,0.2202,0,0,0,0,0,0,284,0,284,47,162,1,1,20260711
E2,3,Ren,300000,rare_004,5,rare,0.0172,0.1129,0,0.0001,0.0008,0.0008,0.1309,0,0,0,0,0,0,284,0,284,47,102,1,1,20260711
E2,3,Ren,300000,common_003,5,common,0.0172,9.648,0,0,0.1551,0.1551,9.8203,0,0,0,0,0,0,284,0,284,10889,7207,279,1,20260711
E2,3,Ren,300000,medium_013,5,medium,0.0184,3.8668,0,0,0.0021,0.0021,3.8873,0,0,0,0,0,0,284,0,284,47,3787,1,1,20260711
E2,3,Ren,300000,medium_017,5,medium,0.0178,0.01,0,0,0.0009,0.0009,0.0287,0,0,0,0,0,0,284,0,284,47,6,1,1,20260711
E2,3,Ren,300000,common_019,5,common,0.017,34.3147,0,0,1.627,1.627,35.9587,0,0,0,0,0,0,284,0,284,115838,11968,2970,1,20260711
E2,3,Ren,300000,medium_002,5,medium,0.0237,0.0691,0,0,0.0014,0.0014,0.0942,0,0,0,0,0,0,284,0,284,47,49,1,1,20260711
E2,3,Ren,300000,common_004,5,common,0.0174,2.6294,0,0,0.0177,0.0177,2.6645,0,0,0,0,0,0,284,0,284,1022,1542,26,1,20260711
E2,3,Ren,300000,common_026,5,common,0.0181,2.1756,0,0,0.147,0.147,2.3407,0,0,0,0,0,0,284,0,284,10382,1103,266,1,20260711
E2,3,Ren,300000,common_020,5,common,0.0176,33.8512,0,0,0.8586,0.8586,34.7274,0,0,0,0,0,0,284,0,284,60419,24000,1549,1,20260711
E2,3,Ren,300000,rare_021,5,rare,0.022,0.1914,0,0.0001,0.0013,0.0013,0.2147,0,0,0,0,0,0,284,0,284,47,88,1,1,20260711
E2,3,Ren,300000,medium_008,5,medium,0.0176,0.2376,0,0,0.001,0.001,0.2562,0,0,0,0,0,0,284,0,284,47,217,1,1,20260711
E2,3,Ren,300000,medium_004,5,medium,0.0172,0.5011,0,0,0.0008,0.0008,0.5191,0,0,0,0,0,0,284,0,284,47,415,1,1,20260711
E2,3,Ren,300000,medium_020,5,medium,0.017,0.8226,0,0,0.0019,0.0019,0.8415,0,0,0,0,0,0,284,0,284,47,470,1,1,20260711
E2,3,Ren,300000,rare_003,5,rare,0.0184,0.0501,0,0,0.0009,0.0009,0.0694,0,0,0,0,0,0,284,0,284,47,44,1,1,20260711
E2,3,Ren,300000,medium_016,5,medium,0.0177,0.0383,0,0,0.001,0.001,0.057,0,0,0,0,0,0,284,0,284,47,33,1,1,20260711
E2,3,Ren,300000,common_010,5,common,0.0203,0.617,0,0,0.0562,0.0562,0.6935,0,0,0,0,0,0,284,0,284,3947,289,101,1,20260711
E2,3,Ren,300000,rare_002,5,rare,0.0175,0.0963,0,0,0.0009,0.0009,0.1147,0,0,0,0,0,0,284,0,284,47,91,1,1,20260711
E2,3,Ren,300000,common_009,5,common,0.0174,16.2762,0,0,1.1645,1.1645,17.4581,0,0,0,0,0,0,284,0,284,82766,7218,2122,1,20260711
E2,3,Ren,300000,rare_001,5,rare,0.023,0.0612,0,0.0001,0.0014,0.0014,0.0856,0,0,0,0,0,0,284,0,284,47,48,1,1,20260711
E2,3,Ren,300000,medium_021,5,medium,0.0175,0.0059,0,0,0.0009,0.0009,0.0243,0,0,0,0,0,0,284,0,284,47,2,1,1,20260711
E2,3,Ren,300000,rare_011,5,rare,0.0181,0.0047,0,0,0.0009,0.0009,0.0237,0,0,0,0,0,0,284,0,284,47,1,1,1,20260711
E2,3,Ren,300000,rare_017,5,rare,0.0172,0.0135,0,0,0.0008,0.0008,0.0315,0,0,0,0,0,0,284,0,284,47,9,1,1,20260711
E2,3,Ren,300000,common_025,5,common,0.017,5.6663,0,0,0.107,0.107,5.7903,0,0,0,0,0,0,284,0,284,7379,2915,189,1,20260711
E2,3,Ren,300000,common_022,5,common,0.02,15.6055,0,0.0001,0.2344,0.2344,15.8599,0,0,0,0,0,0,284,0,284,16232,12689,416,1,20260711
E2,3,Ren,300000,medium_019,5,medium,0.0205,0.0051,0,0,0.001,0.001,0.0266,0,0,0,0,0,0,284,0,284,47,1,1,1,20260711
E2,3,Ren,300000,common_017,5,common,0.0169,13.7436,0,0,0.51,0.51,14.2705,0,0,0,0,0,0,284,0,284,36512,8920,936,1,20260711
E2,3,Ren,300000,rare_019,5,rare,0.0209,0.1961,0,0,0.0018,0.0018,0.2188,0,0,0,0,0,0,284,0,284,86,170,2,1,20260711
E2,3,Ren,300000,rare_016,5,rare,0.0175,0.0801,0,0.0001,0.0008,0.0008,0.0984,0,0,0,0,0,0,284,0,284,47,71,1,1,20260711
E2,3,Ren,300000,medium_000,5,medium,0.0173,0.0159,0,0,0.0008,0.0008,0.034,0,0,0,0,0,0,284,0,284,47,12,1,1,20260711
E2,3,Ren,300000,common_012,5,common,0.0169,3.6835,0,0,0.076,0.076,3.7764,0,0,0,0,0,0,284,0,284,5273,2735,135,1,20260711
E2,3,Ren,300000,medium_001,5,medium,0.0188,0.5285,0,0,0.0008,0.0008,0.5481,0,0,0,0,0,0,284,0,284,47,520,1,1,20260711
E2,4,SliceBF,300000,medium_011,2,medium,0.0335,0.0959,1.2405,0.3472,0.0996,1.6873,1.8167,1,150336,0,0,19,1216,424,775232,500,925568,19,19,1,20260711
E2,4,SliceBF,300000,rare_015,2,rare,0.0202,0.0699,0.9169,0.3413,0.0083,1.2665,1.3566,1,150336,0,0,1,64,424,25280,428,175616,1,1,1,20260711
E2,4,SliceBF,300000,rare_020,2,rare,0.0193,0.068,1.0212,0.3426,0.0187,1.3825,1.4698,1,150336,0,0,3,192,424,124992,436,275328,3,3,1,20260711
E2,4,SliceBF,300000,rare_007,2,rare,0.0193,0.0704,1.3948,0.3433,0.054,1.7921,1.8818,1,150336,0,0,9,576,424,391360,460,541696,9,9,1,20260711
E2,4,SliceBF,300000,rare_000,2,rare,0.0195,0.0694,0.8964,0.3413,0.0073,1.245,1.3339,1,150336,0,0,1,64,424,25280,428,175616,1,1,1,20260711
E2,4,SliceBF,300000,medium_019,2,medium,0.0192,0.0988,1.3369,0.3467,0.529,2.2126,2.3306,1,150336,0,0,109,6976,424,4787136,860,4937472,111,111,1,20260711
E2,4,SliceBF,300000,common_002,2,common,0.0204,1.9616,1.674,0.5342,86.1792,88.3874,90.3694,1,150336,0,0,4537,290368,424,164117696,18572,164268032,21992,21992,1,20260711
E2,4,SliceBF,300000,common_011,2,common,0.034,4.6127,1.884,0.8783,289.401,292.163,296.81,1,150336,0,0,4665,298560,424,171392192,19084,171542528,72862,72862,1,20260711
E2,4,SliceBF,300000,rare_017,2,rare,0.0386,0.0786,0.9663,0.342,0.0154,1.3237,1.4409,1,150336,0,0,1,64,424,25280,428,175616,1,1,1,20260711
E2,4,SliceBF,300000,common_020,2,common,0.0198,2.0732,1.8718,0.5714,128.911,131.354,133.447,1,150336,0,0,4116,263424,424,157824768,16888,157975104,26842,26842,1,20260711
E2,4,SliceBF,300000,rare_021,2,rare,0.0343,0.0759,0.875,0.3891,0.012,1.2761,1.3863,1,150336,0,0,1,64,424,25280,428,175616,1,1,1,20260711
E2,4,SliceBF,300000,rare_005,2,rare,0.0197,0.0703,1.1953,0.3416,0.021,1.5579,1.6479,1,150336,0,0,3,192,424,108608,436,258944,3,3,1,20260711
E2,4,SliceBF,300000,common_025,2,common,0.0193,2.7363,1.885,0.6545,130.411,132.951,135.706,1,150336,0,0,4688,300032,424,171703296,19176,171853632,31326,31326,1,20260711
E2,4,SliceBF,300000,medium_005,2,medium,0.0367,0.0862,1.2617,0.4907,0.1335,1.8859,2.0088,1,150336,0,0,24,1536,424,1032704,520,1183040,24,24,1,20260711
E2,4,SliceBF,300000,medium_003,2,medium,0.0217,0.0785,1.0667,0.3432,0.0823,1.4922,1.5924,1,150336,0,0,18,1152,424,651648,496,801984,18,18,1,20260711
E2,4,SliceBF,300000,medium_020,2,medium,0.0202,0.09,1.2797,0.4291,0.4748,2.1836,2.2938,1,150336,0,0,63,4032,424,2837824,676,2988160,65,65,1,20260711
E2,4,SliceBF,300000,rare_006,2,rare,0.0207,0.0708,1.6025,0.3425,0.0086,1.9536,2.0451,1,150336,0,0,1,64,424,41664,428,192000,1,1,1,20260711
E2,4,SliceBF,300000,medium_024,2,medium,0.0201,0.0865,1.0947,0.3427,0.2297,1.6671,1.7737,1,150336,0,0,52,3328,424,2019072,632,2169408,52,52,1,20260711
E2,4,SliceBF,300000,common_023,2,common,0.0201,2.3019,1.4646,0.5615,136.469,138.495,140.817,1,150336,0,0,3889,248896,424,152118976,15980,152269312,27923,27923,1,20260711
E2,4,SliceBF,300000,common_014,2,common,0.0738,1.7827,1.7909,0.5082,74.2219,76.521,78.3775,1,150336,0,0,4531,289984,424,163417152,18548,163567488,18415,18415,1,20260711
E2,4,SliceBF,300000,rare_014,2,rare,0.0318,0.0794,1.2127,0.3419,0.0109,1.5655,1.6767,1,150336,0,0,1,64,424,25280,428,175616,1,1,1,20260711
E2,4,SliceBF,300000,common_001,2,common,0.0197,1.7709,1.8303,0.5113,81.3965,83.7381,85.5287,1,150336,0,0,4408,282112,424,164649472,18056,164799808,18702,18702,1,20260711
E2,4,SliceBF,300000,medium_013,2,medium,0.0364,0.096,1.3248,0.3438,0.306,1.9746,2.107,1,150336,0,0,67,4288,424,2578496,692,2728832,67,67,1,20260711
E2,4,SliceBF,300000,common_006,2,common,0.0204,1.5506,1.6878,0.4658,57.072,59.2256,60.7966,1,150336,0,0,4433,283712,424,162913984,18156,163064320,13886,13886,1,20260711
E2,4,SliceBF,300000,medium_014,2,medium,0.0363,0.0843,0.9159,0.3429,0.1205,1.3793,1.4999,1,150336,0,0,23,1472,424,892736,516,1043072,23,23,1,20260711
E2,4,SliceBF,300000,medium_012,2,medium,0.0205,0.0841,1.2226,0.3427,0.1576,1.7229,1.8275,1,150336,0,0,32,2048,424,1267712,552,1418048,32,32,1,20260711
E2,4,SliceBF,300000,medium_010,2,medium,0.0201,0.0959,1.1727,0.3446,0.1195,1.6368,1.7528,1,150336,0,0,26,1664,424,984960,528,1135296,26,26,1,20260711
E2,4,SliceBF,300000,common_007,2,common,0.0201,1.1028,1.0311,0.3993,20.6916,22.122,23.2449,1,150336,0,0,3067,196288,424,104993344,12692,105143680,5570,5570,1,20260711
E2,4,SliceBF,300000,rare_002,2,rare,0.0305,0.0812,1.0604,0.3416,0.0154,1.4174,1.5291,1,150336,0,0,1,64,424,25280,428,175616,1,1,1,20260711
E2,4,SliceBF,300000,medium_007,2,medium,0.0198,0.0758,1.0548,0.3424,0.1007,1.4979,1.5935,1,150336,0,0,21,1344,424,842176,508,992512,21,21,1,20260711
E2,4,SliceBF,300000,rare_023,2,rare,0.0195,0.0703,0.9378,0.3413,0.0075,1.2866,1.3764,1,150336,0,0,1,64,424,41664,428,192000,1,1,1,20260711
E2,4,SliceBF,300000,medium_023,2,medium,0.0195,0.1023,1.0793,0.3433,0.4584,1.881,2.0028,1,150336,0,0,104,6656,424,4144640,840,4294976,104,104,1,20260711
E2,4,SliceBF,300000,rare_001,2,rare,0.0193,0.0701,1.1045,0.3425,0.013,1.46,1.5494,1,150336,0,0,2,128,424,66944,432,217280,2,2,1,20260711
E2,4,SliceBF,300000,common_005,2,common,0.0192,2.1782,1.7605,0.454,54.0721,56.2866,58.484,1,150336,0,0,4235,271040,424,157941312,17364,158091648,12472,12472,1,20260711
E2,4,SliceBF,300000,medium_018,2,medium,0.0316,0.0786,1.0684,0.3424,0.0579,1.4687,1.5789,1,150336,0,0,12,768,424,368896,472,519232,12,12,1,20260711
E2,4,SliceBF,300000,common_017,2,common,0.0194,1.2382,1.8645,0.4409,37.9306,40.236,41.4936,1,150336,0,0,3777,241728,424,129880768,15532,130031104,10176,10176,1,20260711
E2,4,SliceBF,300000,common_012,2,common,0.0326,1.775,1.8675,0.4875,67.1785,69.5335,71.3411,1,150336,0,0,4447,284608,424,164472128,18212,164622464,15452,15452,1,20260711
E2,4,SliceBF,300000,medium_025,2,medium,0.0329,0.0931,1.2089,0.3442,0.2381,1.7912,1.9172,1,150336,0,0,53,3392,424,1978816,636,2129152,54,54,1,20260711
E2,4,SliceBF,300000,medium_009,2,medium,0.0195,0.0741,1.4764,0.3428,0.0674,1.8866,1.9802,1,150336,0,0,14,896,424,517760,480,668096,14,14,1,20260711
E2,4,SliceBF,300000,common_026,2,common,0.0195,4.13,2.0206,0.9174,217.224,220.162,224.311,1,150336,0,0,4689,300096,424,171802304,19180,171952640,50970,50970,1,20260711
E2,4,SliceBF,300000,common_022,2,common,0.0361,1.6968,1.9895,0.4892,66.0247,68.5034,70.2363,1,150336,0,0,4542,290688,424,165735040,18592,165885376,16543,16543,1,20260711
E2,4,SliceBF,300000,common_010,2,common,0.0392,2.1817,2.7972,0.605,110.545,113.947,116.168,1,150336,0,0,4619,295616,424,170081856,18900,170232192,26157,26157,1,20260711
E2,4,SliceBF,300000,common_015,2,common,0.0349,1.0819,1.2334,0.4992,29.4549,31.1875,32.3043,1,150336,0,0,3292,210688,424,110075136,13592,110225472,8114,8114,1,20260711
E2,4,SliceBF,300000,medium_017,2,medium,0.0311,0.0876,0.9766,0.3426,0.0758,1.395,1.5137,1,150336,0,0,14,896,424,534144,480,684480,14,14,1,20260711
E2,4,SliceBF,300000,rare_025,2,rare,0.0198,0.0714,2.1598,0.3422,0.0305,2.5325,2.6237,1,150336,0,0,3,192,424,108608,436,258944,3,3,1,20260711
E2,4,SliceBF,300000,rare_016,2,rare,0.0209,0.0707,1.0733,0.3597,0.0258,1.4588,1.5504,1,150336,0,0,4,256,424,150272,440,300608,4,4,1,20260711
E2,4,SliceBF,300000,rare_019,2,rare,0.0199,0.0695,1.4823,0.3437,0.0332,1.8592,1.9486,1,150336,0,0,4,256,424,232192,440,382528,4,4,1,20260711
E2,4,SliceBF,300000,rare_009,2,rare,0.0209,0.0689,1.0056,0.3415,0.0113,1.3584,1.4482,1,150336,0,0,1,64,424,25280,428,175616,1,1,1,20260711
E2,4,SliceBF,300000,common_009,2,common,0.0208,2.5844,2.2055,0.6421,134.684,137.531,140.137,1,150336,0,0,4690,300160,424,171467136,19184,171617472,35020,35020,1,20260711
E2,4,SliceBF,300000,rare_010,2,rare,0.0364,0.0814,1.0188,0.3458,0.0649,1.4295,1.5473,1,150336,0,0,12,768,424,418048,472,568384,12,12,1,20260711
E2,4,SliceBF,300000,medium_015,2,medium,0.0198,0.0768,1.0023,0.3422,0.107,1.4515,1.5481,1,150336,0,0,24,1536,424,885248,520,1035584,24,24,1,20260711
E2,4,SliceBF,300000,rare_004,2,rare,0.0196,0.0695,0.8991,0.3443,0.0126,1.256,1.3451,1,150336,0,0,2,128,424,83328,432,233664,2,2,1,20260711
E2,4,SliceBF,300000,medium_016,2,medium,0.0197,0.1015,1.856,0.3434,0.4381,2.6375,2.7587,1,150336,0,0,96,6144,424,3966976,808,4117312,96,96,1,20260711
E2,4,SliceBF,300000,common_000,2,common,0.0198,1.9361,2.003,0.5372,93.5879,96.1281,98.084,1,150336,0,0,4543,290752,424,168570176,18596,168720512,21859,21859,1,20260711
E2,4,SliceBF,300000,common_024,2,common,0.0355,2.3605,1.3149,0.602,152.503,154.42,156.816,1,150336,0,0,4222,270208,424,160537216,17312,160687552,31904,31904,1,20260711
E2,4,SliceBF,300000,common_018,2,common,0.0353,2.1359,1.5793,0.7016,88.9073,91.1882,93.3594,1,150336,0,0,4335,277440,424,152719680,17764,152870016,23981,23981,1,20260711
E2,4,SliceBF,300000,rare_024,2,rare,0.0353,0.0745,1.0023,0.344,0.0147,1.361,1.4708,1,150336,0,0,1,64,424,25280,428,175616,1,1,1,20260711
E2,4,SliceBF,300000,common_004,2,common,0.0206,0.8831,1.3409,0.4002,18.932,20.6731,21.5768,1,150336,0,0,2991,191424,424,102318400,12388,102468736,5199,5199,1,20260711
E2,4,SliceBF,300000,medium_000,2,medium,0.0246,0.0999,1.1014,0.3435,0.4191,1.864,1.9885,1,150336,0,0,91,5824,424,3709504,788,3859840,92,92,1,20260711
E2,4,SliceBF,300000,medium_002,2,medium,0.0201,0.0999,1.2347,0.4865,0.287,2.0082,2.1282,1,150336,0,0,55,3520,424,1849152,644,1999488,55,55,1,20260711
E2,4,SliceBF,300000,rare_011,2,rare,0.0209,0.0758,0.9509,0.3415,0.0134,1.3058,1.4025,1,150336,0,0,2,128,424,83328,432,233664,2,2,1,20260711
E2,4,SliceBF,300000,common_013,2,common,0.0197,1.9145,1.8691,0.5358,114.355,116.76,118.695,1,150336,0,0,3797,243008,424,149711296,15612,149861632,23494,23494,1,20260711
E2,4,SliceBF,300000,rare_003,2,rare,0.0344,0.0759,1.1459,0.3417,0.0153,1.5029,1.6132,1,150336,0,0,1,64,424,25280,428,175616,1,1,1,20260711
E2,4,SliceBF,300000,rare_013,2,rare,0.0207,0.0711,1.1018,0.3415,0.0232,1.4665,1.5583,1,150336,0,0,3,192,424,92224,436,242560,3,3,1,20260711
E2,4,SliceBF,300000,rare_008,2,rare,0.02,0.0726,1.2494,0.3432,0.067,1.6596,1.7522,1,150336,0,0,13,832,424,492480,476,642816,13,13,1,20260711
E2,4,SliceBF,300000,common_027,2,common,0.0205,3.4123,2.1637,0.7878,199.79,202.742,206.174,1,150336,0,0,4694,300416,424,171641984,19200,171792320,51308,51308,1,20260711
E2,4,SliceBF,300000,medium_001,2,medium,0.038,0.0868,1.0978,0.343,0.1095,1.5503,1.6751,1,150336,0,0,19,1216,424,775232,500,925568,19,19,1,20260711
E2,4,SliceBF,300000,medium_004,2,medium,0.0209,0.0903,1.1451,0.3432,0.2393,1.7276,1.8388,1,150336,0,0,53,3392,424,2126272,636,2276608,53,53,1,20260711
E2,4,SliceBF,300000,medium_021,2,medium,0.0201,0.1136,1.1489,0.3463,0.6018,2.097,2.2307,1,150336,0,0,137,8768,424,5658816,972,5809152,137,137,1,20260711
E2,4,SliceBF,300000,common_008,2,common,0.0201,0.908,1.237,0.3995,20.9921,22.6286,23.5567,1,150336,0,0,3072,196608,424,105201664,12712,105352000,5606,5606,1,20260711
E2,4,SliceBF,300000,common_016,2,common,0.0286,1.0814,1.6593,0.4195,29.4809,31.5597,32.6697,1,150336,0,0,3315,212160,424,111115328,13684,111265664,8226,8226,1,20260711
E2,4,SliceBF,300000,medium_006,2,medium,0.0301,0.076,1.1845,0.3456,0.0394,1.5695,1.6756,1,150336,0,0,8,512,424,235008,456,385344,8,8,1,20260711
E2,4,SliceBF,300000,medium_022,2,medium,0.0195,0.0697,1.017,0.3422,0.0398,1.399,1.4882,1,150336,0,0,8,512,424,218624,456,368960,8,8,1,20260711
E2,4,SliceBF,300000,common_019,2,common,0.0199,2.0912,1.9899,0.569,127.264,129.823,131.934,1,150336,0,0,4109,262976,424,157647808,16860,157798144,26737,26737,1,20260711
E2,4,SliceBF,300000,rare_012,2,rare,0.033,0.0808,1.0928,0.3418,0.0187,1.4533,1.5671,1,150336,0,0,2,128,424,83328,432,233664,2,2,1,20260711
E2,4,SliceBF,300000,rare_018,2,rare,0.0209,0.0692,0.9814,0.3413,0.0081,1.3308,1.4209,1,150336,0,0,1,64,424,25280,428,175616,1,1,1,20260711
E2,4,SliceBF,300000,common_003,2,common,0.0195,1.0366,1.3467,0.3953,19.42,21.162,22.2181,1,150336,0,0,2984,190976,424,102075904,12360,102226240,5163,5163,1,20260711
E2,4,SliceBF,300000,medium_008,2,medium,0.026,0.0765,0.9777,0.3423,0.0482,1.3682,1.4707,1,150336,0,0,10,640,424,367488,464,517824,10,10,1,20260711
E2,4,SliceBF,300000,common_021,2,common,0.0195,1.2467,1.6161,0.4321,37.9762,40.0244,41.2906,1,150336,0,0,3866,247424,424,134457216,15888,134607552,10092,10092,1,20260711
E2,4,SliceBF,300000,rare_022,2,rare,0.0316,0.0762,0.96,0.3419,0.0216,1.3235,1.4313,1,150336,0,0,3,192,424,100416,436,250752,3,3,1,20260711
E2,4,XEBFF-Conj,300000,medium_011,2,medium,3.185,1.4337,0,0,0.0166,0.0166,4.6353,0,0,0,0,0,0,57476,0,57476,669,1197,19,1,20260711
E2,4,XEBFF-Conj,300000,rare_015,2,rare,0.0311,0.0079,0,0,0.0009,0.0009,0.0399,0,0,0,0,0,0,308,0,308,39,6,1,1,20260711
E2,4,XEBFF-Conj,300000,rare_020,2,rare,0.851,0.3735,0,0,0.0026,0.0026,1.2271,0,0,0,0,0,0,15188,0,15188,109,316,3,1,20260711
E2,4,XEBFF-Conj,300000,rare_007,2,rare,1.1962,0.5312,0,0,0.0066,0.0066,1.734,0,0,0,0,0,0,21476,0,21476,319,447,9,1,20260711
E2,4,XEBFF-Conj,300000,rare_000,2,rare,0.0584,0.0202,0,0,0.0009,0.0009,0.0795,0,0,0,0,0,0,836,0,836,39,17,1,1,20260711
E2,4,XEBFF-Conj,300000,medium_019,2,medium,1.3584,0.4993,0,0,0.0704,0.0704,1.9281,0,0,0,0,0,0,18884,0,18884,3889,393,111,1,20260711
E2,4,XEBFF-Conj,300000,common_002,2,common,82.789,37.372,0,0,12.3355,12.3355,132.496,0,0,0,0,0,0,1442420,0,1442420,769724,30050,21992,1,20260711
E2,4,XEBFF-Conj,300000,common_011,2,common,202.523,90.1094,0,0,41.7152,41.7152,334.348,0,0,0,0,0,0,3532052,0,3532052,2550174,73584,72862,1,20260711
E2,4,XEBFF-Conj,300000,rare_017,2,rare,0.0702,0.0156,0,0,0.0059,0.0059,0.0917,0,0,0,0,0,0,596,0,596,39,12,1,1,20260711
E2,4,XEBFF-Conj,300000,common_020,2,common,90.6459,39.2845,0,0,15.0496,15.0496,144.98,0,0,0,0,0,0,1538276,0,1538276,939474,32047,26842,1,20260711
E2,4,XEBFF-Conj,300000,rare_021,2,rare,0.0402,0.0027,0,0,0.005,0.005,0.0479,0,0,0,0,0,0,68,0,68,39,1,1,1,20260711
E2,4,XEBFF-Conj,300000,rare_005,2,rare,0.1879,0.0774,0,0,0.0029,0.0029,0.2682,0,0,0,0,0,0,3044,0,3044,109,63,3,1,20260711
E2,4,XEBFF-Conj,300000,common_025,2,common,110.916,49.2079,0,0,18.504,18.504,178.627,0,0,0,0,0,0,1940996,0,1940996,1096414,40437,31326,1,20260711
E2,4,XEBFF-Conj,300000,medium_005,2,medium,4.0226,1.6999,0,0,0.0258,0.0258,5.7483,0,0,0,0,0,0,69092,0,69092,844,1439,24,1,20260711
E2,4,XEBFF-Conj,300000,medium_003,2,medium,0.8982,0.3883,0,0,0.0131,0.0131,1.2996,0,0,0,0,0,0,15668,0,15668,634,326,18,1,20260711
E2,4,XEBFF-Conj,300000,medium_020,2,medium,1.1281,0.4892,0,0,0.0412,0.0412,1.6585,0,0,0,0,0,0,19892,0,19892,2279,414,65,1,20260711
E2,4,XEBFF-Conj,300000,rare_006,2,rare,0.0217,0.0041,0,0,0.0008,0.0008,0.0266,0,0,0,0,0,0,164,0,164,39,3,1,1,20260711
E2,4,XEBFF-Conj,300000,medium_024,2,medium,10.4452,4.6853,0,0,0.0443,0.0443,15.1748,0,0,0,0,0,0,185108,0,185108,1824,3856,52,1,20260711
E2,4,XEBFF-Conj,300000,common_023,2,common,76.735,34.9368,0,0,17.0857,17.0857,128.757,0,0,0,0,0,0,1340324,0,1340324,977309,27923,27923,1,20260711
E2,4,XEBFF-Conj,300000,common_014,2,common,81.7159,38.0983,0,0,10.5145,10.5145,130.329,0,0,0,0,0,0,1442420,0,1442420,644529,30050,18415,1,20260711
E2,4,XEBFF-Conj,300000,rare_014,2,rare,0.093,0.0346,0,0,0.0063,0.0063,0.1339,0,0,0,0,0,0,1172,0,1172,39,24,1,1,20260711
E2,4,XEBFF-Conj,300000,common_001,2,common,67.5488,31.6354,0,0,10.4098,10.4098,109.594,0,0,0,0,0,0,1185572,0,1185572,654574,24699,18702,1,20260711
E2,4,XEBFF-Conj,300000,medium_013,2,medium,2.8371,1.2422,0,0,0.0535,0.0535,4.1328,0,0,0,0,0,0,50324,0,50324,2349,1048,67,1,20260711
E2,4,XEBFF-Conj,300000,common_006,2,common,38.6812,16.9692,0,0,7.7392,7.7392,63.3896,0,0,0,0,0,0,666548,0,666548,486014,13886,13886,1,20260711
E2,4,XEBFF-Conj,300000,medium_014,2,medium,0.9387,0.4025,0,0,0.0199,0.0199,1.3611,0,0,0,0,0,0,16292,0,16292,809,339,23,1,20260711
E2,4,XEBFF-Conj,300000,medium_012,2,medium,2.0412,1.2388,0,0,0.0291,0.0291,3.3091,0,0,0,0,0,0,36980,0,36980,1124,770,32,1,20260711
E2,4,XEBFF-Conj,300000,medium_010,2,medium,9.9809,4.3948,0,0,0.0213,0.0213,14.397,0,0,0,0,0,0,178580,0,178580,914,3720,26,1,20260711
E2,4,XEBFF-Conj,300000,common_007,2,common,17.6976,7.6266,0,0,3.1131,3.1131,28.4373,0,0,0,0,0,0,308132,0,308132,194954,6419,5570,1,20260711
E2,4,XEBFF-Conj,300000,rare_002,2,rare,0.0877,0.0313,0,0,0.0041,0.0041,0.1231,0,0,0,0,0,0,1172,0,1172,39,24,1,1,20260711
E2,4,XEBFF-Conj,300000,medium_007,2,medium,5.4948,2.3557,0,0,0.0192,0.0192,7.8697,0,0,0,0,0,0,95204,0,95204,739,1983,21,1,20260711
E2,4,XEBFF-Conj,300000,rare_023,2,rare,0.0598,0.0205,0,0,0.0009,0.0009,0.0812,0,0,0,0,0,0,836,0,836,39,17,1,1,20260711
E2,4,XEBFF-Conj,300000,medium_023,2,medium,15.9559,7.066,0,0,0.0792,0.0792,23.1011,0,0,0,0,0,0,278612,0,278612,3644,5804,104,1,20260711
E2,4,XEBFF-Conj,300000,rare_001,2,rare,0.1253,0.0488,0,0,0.0019,0.0019,0.176,0,0,0,0,0,0,1988,0,1988,74,41,2,1,20260711
E2,4,XEBFF-Conj,300000,common_005,2,common,42.0966,18.7772,0,0,7.1859,7.1859,68.0597,0,0,0,0,0,0,741716,0,741716,436524,15452,12472,1,20260711
E2,4,XEBFF-Conj,300000,medium_018,2,medium,1.3661,0.5967,0,0,0.0141,0.0141,1.9769,0,0,0,0,0,0,24116,0,24116,424,502,12,1,20260711
E2,4,XEBFF-Conj,300000,common_017,2,common,66.0782,29.2432,0,0,6.0598,6.0598,101.381,0,0,0,0,0,0,1152020,0,1152020,356164,24000,10176,1,20260711
E2,4,XEBFF-Conj,300000,common_012,2,common,42.493,23.335,0,0,8.841,8.841,74.669,0,0,0,0,0,0,741716,0,741716,540824,15452,15452,1,20260711
E2,4,XEBFF-Conj,300000,medium_025,2,medium,12.1621,5.2687,0,0,0.0466,0.0466,17.4774,0,0,0,0,0,0,209732,0,209732,1894,4369,54,1,20260711
E2,4,XEBFF-Conj,300000,medium_009,2,medium,5.4691,2.5331,0,0,0.0167,0.0167,8.0189,0,0,0,0,0,0,97220,0,97220,494,2025,14,1,20260711
E2,4,XEBFF-Conj,300000,common_026,2,common,196.588,88.9089,0,0,29.6527,29.6527,315.15,0,0,0,0,0,0,3473780,0,3473780,1783954,72370,50970,1,20260711
E2,4,XEBFF-Conj,300000,common_022,2,common,167.138,76.1569,0,0,9.792,9.792,253.087,0,0,0,0,0,0,2968052,0,2968052,579009,61834,16543,1,20260711
E2,4,XEBFF-Conj,300000,common_010,2,common,95.0371,42.847,0,0,14.9913,14.9913,152.875,0,0,0,0,0,0,1656836,0,1656836,915499,34517,26157,1,20260711
E2,4,XEBFF-Conj,300000,common_015,2,common,34.3416,15.2538,0,0,4.6019,4.6019,54.1973,0,0,0,0,0,0,609092,0,609092,283994,12689,8114,1,20260711
E2,4,XEBFF-Conj,300000,medium_017,2,medium,3.3181,2.0635,0,0,0.0198,0.0198,5.4014,0,0,0,0,0,0,59828,0,59828,494,1246,14,1,20260711
E2,4,XEBFF-Conj,300000,rare_025,2,rare,0.0572,0.0658,0,0,0.004,0.004,0.127,0,0,0,0,0,0,692,0,692,109,14,3,1,20260711
E2,4,XEBFF-Conj,300000,rare_016,2,rare,1.0273,0.4124,0,0,0.0043,0.0043,1.444,0,0,0,0,0,0,16580,0,16580,144,345,4,1,20260711
E2,4,XEBFF-Conj,300000,rare_019,2,rare,0.0385,0.0114,0,0,0.003,0.003,0.0529,0,0,0,0,0,0,452,0,452,144,9,4,1,20260711
E2,4,XEBFF-Conj,300000,rare_009,2,rare,0.0245,0.0055,0,0,0.0007,0.0007,0.0307,0,0,0,0,0,0,212,0,212,39,4,1,1,20260711
E2,4,XEBFF-Conj,300000,common_009,2,common,169.476,77.8219,0,0,20.0866,20.0866,267.384,0,0,0,0,0,0,2968052,0,2968052,1225704,61834,35020,1,20260711
E2,4,XEBFF-Conj,300000,rare_010,2,rare,0.9387,0.4079,0,0,0.0154,0.0154,1.362,0,0,0,0,0,0,16196,0,16196,424,337,12,1,20260711
E2,4,XEBFF-Conj,300000,medium_015,2,medium,8.5875,4.0037,0,0,0.027,0.027,12.6182,0,0,0,0,0,0,155540,0,155540,844,3240,24,1,20260711
E2,4,XEBFF-Conj,300000,rare_004,2,rare,0.4746,0.2146,0,0,0.002,0.002,0.6912,0,0,0,0,0,0,8276,0,8276,74,172,2,1,20260711
E2,4,XEBFF-Conj,300000,medium_016,2,medium,0.5904,0.2624,0,0,0.0583,0.0583,0.9111,0,0,0,0,0,0,10532,0,10532,3364,219,96,1,20260711
E2,4,XEBFF-Conj,300000,common_000,2,common,111.978,49.6766,0,0,12.5504,12.5504,174.205,0,0,0,0,0,0,1971284,0,1971284,765069,41068,21859,1,20260711
E2,4,XEBFF-Conj,300000,common_024,2,common,88.493,39.1878,0,0,18.423,18.423,146.104,0,0,0,0,0,0,1531412,0,1531412,1116644,31904,31904,1,20260711
E2,4,XEBFF-Conj,300000,common_018,2,common,65.3585,30.2791,0,0,14.1443,14.1443,109.782,0,0,0,0,0,0,1152020,0,1152020,839339,24000,23981,1,20260711
E2,4,XEBFF-Conj,300000,rare_024,2,rare,0.0408,0.0023,0,0,0.0061,0.0061,0.0492,0,0,0,0,0,0,68,0,68,39,1,1,1,20260711
E2,4,XEBFF-Conj,300000,common_004,2,common,31.1283,14.4347,0,0,2.926,2.926,48.489,0,0,0,0,0,0,546260,0,546260,181969,11380,5199,1,20260711
E2,4,XEBFF-Conj,300000,medium_000,2,medium,3.2167,1.4459,0,0,0.0656,0.0656,4.7282,0,0,0,0,0,0,56420,0,56420,3224,1175,92,1,20260711
E2,4,XEBFF-Conj,300000,medium_002,2,medium,11.5175,4.8417,0,0,0.0479,0.0479,16.4071,0,0,0,0,0,0,195764,0,195764,1929,4078,55,1,20260711
E2,4,XEBFF-Conj,300000,rare_011,2,rare,1.8451,0.8151,0,0,0.0031,0.0031,2.6633,0,0,0,0,0,0,33188,0,33188,74,691,2,1,20260711
E2,4,XEBFF-Conj,300000,common_013,2,common,75.9439,34.4091,0,0,14.3311,14.3311,124.684,0,0,0,0,0,0,1340324,0,1340324,822294,27923,23494,1,20260711
E2,4,XEBFF-Conj,300000,rare_003,2,rare,1.6691,0.7023,0,0,0.0051,0.0051,2.3765,0,0,0,0,0,0,28676,0,28676,39,597,1,1,20260711
E2,4,XEBFF-Conj,300000,rare_013,2,rare,0.0689,0.0256,0,0,0.0029,0.0029,0.0974,0,0,0,0,0,0,1028,0,1028,109,21,3,1,20260711
E2,4,XEBFF-Conj,300000,rare_008,2,rare,1.759,0.7606,0,0,0.011,0.011,2.5306,0,0,0,0,0,0,30932,0,30932,459,644,13,1,20260711
E2,4,XEBFF-Conj,300000,common_027,2,common,169.573,76.4057,0,0,31.2443,31.2443,277.224,0,0,0,0,0,0,2968052,0,2968052,1795784,61834,51308,1,20260711
E2,4,XEBFF-Conj,300000,medium_001,2,medium,4.3454,1.9011,0,0,0.021,0.021,6.2675,0,0,0,0,0,0,77396,0,77396,669,1612,19,1,20260711
E2,4,XEBFF-Conj,300000,medium_004,2,medium,0.2053,0.1603,0,0,0.0352,0.0352,0.4008,0,0,0,0,0,0,3476,0,3476,1859,72,53,1,20260711
E2,4,XEBFF-Conj,300000,medium_021,2,medium,12.215,5.3153,0,0,0.1047,0.1047,17.635,0,0,0,0,0,0,209732,0,209732,4799,4369,137,1,20260711
E2,4,XEBFF-Conj,300000,common_008,2,common,29.2519,13.2893,0,0,3.1425,3.1425,45.6837,0,0,0,0,0,0,527108,0,527108,196214,10981,5606,1,20260711
E2,4,XEBFF-Conj,300000,common_016,2,common,34.8197,15.334,0,0,4.6603,4.6603,54.814,0,0,0,0,0,0,609092,0,609092,287914,12689,8226,1,20260711
E2,4,XEBFF-Conj,300000,medium_006,2,medium,0.0485,0.0113,0,0,0.0094,0.0094,0.0692,0,0,0,0,0,0,404,0,404,284,8,8,1,20260711
E2,4,XEBFF-Conj,300000,medium_022,2,medium,1.2658,0.5487,0,0,0.0062,0.0062,1.8207,0,0,0,0,0,0,22580,0,22580,284,470,8,1,20260711
E2,4,XEBFF-Conj,300000,common_019,2,common,88.1606,39.4429,0,0,15.1533,15.1533,142.757,0,0,0,0,0,0,1531412,0,1531412,935799,31904,26737,1,20260711
E2,4,XEBFF-Conj,300000,rare_012,2,rare,1.4211,0.6164,0,0,0.0059,0.0059,2.0434,0,0,0,0,0,0,25076,0,25076,74,522,2,1,20260711
E2,4,XEBFF-Conj,300000,rare_018,2,rare,0.0463,0.0151,0,0,0.001,0.001,0.0624,0,0,0,0,0,0,596,0,596,39,12,1,1,20260711
E2,4,XEBFF-Conj,300000,common_003,2,common,31.1558,14.1443,0,0,2.8914,2.8914,48.1915,0,0,0,0,0,0,546260,0,546260,180709,11380,5163,1,20260711
E2,4,XEBFF-Conj,300000,medium_008,2,medium,3.42,1.3256,0,0,0.0148,0.0148,4.7604,0,0,0,0,0,0,53252,0,53252,354,1109,10,1,20260711
E2,4,XEBFF-Conj,300000,common_021,2,common,34.3843,15.465,0,0,5.83,5.83,55.6793,0,0,0,0,0,0,609092,0,609092,353224,12689,10092,1,20260711
E2,4,XEBFF-Conj,300000,rare_022,2,rare,2.1434,0.876,0,0,0.008,0.008,3.0274,0,0,0,0,0,0,35108,0,35108,109,731,3,1,20260711
E2,4,Doris,300000,medium_011,2,medium,3.1952,1.4082,0,0,0.0171,0.0171,4.6205,0,0,0,0,0,0,57476,0,57476,669,1197,19,1,20260711
E2,4,Doris,300000,rare_015,2,rare,0.0227,0.0082,0,0,0.001,0.001,0.0319,0,0,0,0,0,0,308,0,308,39,6,1,1,20260711
E2,4,Doris,300000,rare_020,2,rare,0.9027,0.3706,0,0,0.0033,0.0033,1.2766,0,0,0,0,0,0,15188,0,15188,109,316,3,1,20260711
E2,4,Doris,300000,rare_007,2,rare,1.3303,0.7177,0,0,0.0111,0.0111,2.0591,0,0,0,0,0,0,21476,0,21476,319,447,9,1,20260711
E2,4,Doris,300000,rare_000,2,rare,0.055,0.0207,0,0,0.0009,0.0009,0.0766,0,0,0,0,0,0,836,0,836,39,17,1,1,20260711
E2,4,Doris,300000,medium_019,2,medium,1.0423,0.4682,0,0,0.0691,0.0691,1.5796,0,0,0,0,0,0,18884,0,18884,3889,393,111,1,20260711
E2,4,Doris,300000,common_002,2,common,82.2213,37.3342,0,0,12.897,12.897,132.452,0,0,0,0,0,0,1442420,0,1442420,769724,30050,21992,1,20260711
E2,4,Doris,300000,common_011,2,common,201.155,93.2137,0,0,42.4875,42.4875,336.856,0,0,0,0,0,0,3532052,0,3532052,2550174,73584,72862,1,20260711
E2,4,Doris,300000,rare_017,2,rare,0.0605,0.0156,0,0,0.0055,0.0055,0.0816,0,0,0,0,0,0,596,0,596,39,12,1,1,20260711
E2,4,Doris,300000,common_020,2,common,86.6538,39.4929,0,0,15.6272,15.6272,141.774,0,0,0,0,0,0,1538276,0,1538276,939474,32047,26842,1,20260711
E2,4,Doris,300000,rare_021,2,rare,0.0298,0.0023,0,0,0.0065,0.0065,0.0386,0,0,0,0,0,0,68,0,68,39,1,1,1,20260711
E2,4,Doris,300000,rare_005,2,rare,0.1852,0.0759,0,0,0.0026,0.0026,0.2637,0,0,0,0,0,0,3044,0,3044,109,63,3,1,20260711
E2,4,Doris,300000,common_025,2,common,115.071,50.3477,0,0,17.6778,17.6778,183.096,0,0,0,0,0,0,1940996,0,1940996,1096414,40437,31326,1,20260711
E2,4,Doris,300000,medium_005,2,medium,4.0638,1.7406,0,0,0.0248,0.0248,5.8292,0,0,0,0,0,0,69092,0,69092,844,1439,24,1,20260711
E2,4,Doris,300000,medium_003,2,medium,0.8748,0.3952,0,0,0.0144,0.0144,1.2844,0,0,0,0,0,0,15668,0,15668,634,326,18,1,20260711
E2,4,Doris,300000,medium_020,2,medium,1.097,0.502,0,0,0.0423,0.0423,1.6413,0,0,0,0,0,0,19892,0,19892,2279,414,65,1,20260711
E2,4,Doris,300000,rare_006,2,rare,0.0137,0.0039,0,0,0.0008,0.0008,0.0184,0,0,0,0,0,0,164,0,164,39,3,1,1,20260711
E2,4,Doris,300000,medium_024,2,medium,11.0636,4.7281,0,0,0.0436,0.0436,15.8353,0,0,0,0,0,0,185108,0,185108,1824,3856,52,1,20260711
E2,4,Doris,300000,common_023,2,common,76.4675,35.2328,0,0,15.965,15.965,127.665,0,0,0,0,0,0,1340324,0,1340324,977309,27923,27923,1,20260711
E2,4,Doris,300000,common_014,2,common,82.016,37.6129,0,0,11.17,11.17,130.799,0,0,0,0,0,0,1442420,0,1442420,644529,30050,18415,1,20260711
E2,4,Doris,300000,rare_014,2,rare,0.0889,0.0309,0,0,0.004,0.004,0.1238,0,0,0,0,0,0,1172,0,1172,39,24,1,1,20260711
E2,4,Doris,300000,common_001,2,common,68.0633,30.0534,0,0,10.592,10.592,108.709,0,0,0,0,0,0,1185572,0,1185572,654574,24699,18702,1,20260711
E2,4,Doris,300000,medium_013,2,medium,2.7934,1.238,0,0,0.0511,0.0511,4.0825,0,0,0,0,0,0,50324,0,50324,2349,1048,67,1,20260711
E2,4,Doris,300000,common_006,2,common,37.9727,17.0417,0,0,7.7741,7.7741,62.7885,0,0,0,0,0,0,666548,0,666548,486014,13886,13886,1,20260711
E2,4,Doris,300000,medium_014,2,medium,1.0286,0.4042,0,0,0.0226,0.0226,1.4554,0,0,0,0,0,0,16292,0,16292,809,339,23,1,20260711
E2,4,Doris,300000,medium_012,2,medium,2.2066,0.9052,0,0,0.0242,0.0242,3.136,0,0,0,0,0,0,36980,0,36980,1124,770,32,1,20260711
E2,4,Doris,300000,medium_010,2,medium,10.3714,4.5672,0,0,0.0255,0.0255,14.9641,0,0,0,0,0,0,178580,0,178580,914,3720,26,1,20260711
E2,4,Doris,300000,common_007,2,common,17.3417,7.5929,0,0,3.1045,3.1045,28.0391,0,0,0,0,0,0,308132,0,308132,194954,6419,5570,1,20260711
E2,4,Doris,300000,rare_002,2,rare,0.0902,0.0301,0,0,0.0059,0.0059,0.1262,0,0,0,0,0,0,1172,0,1172,39,24,1,1,20260711
E2,4,Doris,300000,medium_007,2,medium,5.5213,2.3698,0,0,0.0184,0.0184,7.9095,0,0,0,0,0,0,95204,0,95204,739,1983,21,1,20260711
E2,4,Doris,300000,rare_023,2,rare,0.0535,0.0208,0,0,0.0012,0.0012,0.0755,0,0,0,0,0,0,836,0,836,39,17,1,1,20260711
E2,4,Doris,300000,medium_023,2,medium,16.2362,7.2083,0,0,0.0807,0.0807,23.5252,0,0,0,0,0,0,278612,0,278612,3644,5804,104,1,20260711
E2,4,Doris,300000,rare_001,2,rare,0.121,0.0499,0,0,0.0018,0.0018,0.1727,0,0,0,0,0,0,1988,0,1988,74,41,2,1,20260711
E2,4,Doris,300000,common_005,2,common,42.0158,20.4808,0,0,7.1629,7.1629,69.6595,0,0,0,0,0,0,741716,0,741716,436524,15452,12472,1,20260711
E2,4,Doris,300000,medium_018,2,medium,1.3514,0.7726,0,0,0.0254,0.0254,2.1494,0,0,0,0,0,0,24116,0,24116,424,502,12,1,20260711
E2,4,Doris,300000,common_017,2,common,65.7412,29.4708,0,0,5.844,5.844,101.056,0,0,0,0,0,0,1152020,0,1152020,356164,24000,10176,1,20260711
E2,4,Doris,300000,common_012,2,common,42.2819,18.6362,0,0,9.1993,9.1993,70.1174,0,0,0,0,0,0,741716,0,741716,540824,15452,15452,1,20260711
E2,4,Doris,300000,medium_025,2,medium,11.7634,5.1314,0,0,0.0441,0.0441,16.9389,0,0,0,0,0,0,207476,0,207476,1894,4322,54,1,20260711
E2,4,Doris,300000,medium_009,2,medium,5.5187,2.7026,0,0,0.0155,0.0155,8.2368,0,0,0,0,0,0,97220,0,97220,494,2025,14,1,20260711
E2,4,Doris,300000,common_026,2,common,202.477,88.7341,0,0,30.3476,30.3476,321.558,0,0,0,0,0,0,3473780,0,3473780,1783954,72370,50970,1,20260711
E2,4,Doris,300000,common_022,2,common,167.971,80.0331,0,0,9.5751,9.5751,257.579,0,0,0,0,0,0,2968052,0,2968052,579009,61834,16543,1,20260711
E2,4,Doris,300000,common_010,2,common,93.7318,42.7858,0,0,15.2527,15.2527,151.77,0,0,0,0,0,0,1656836,0,1656836,915499,34517,26157,1,20260711
E2,4,Doris,300000,common_015,2,common,34.0956,16.1891,0,0,4.623,4.623,54.9077,0,0,0,0,0,0,609092,0,609092,283994,12689,8114,1,20260711
E2,4,Doris,300000,medium_017,2,medium,3.4793,1.4801,0,0,0.0157,0.0157,4.9751,0,0,0,0,0,0,59828,0,59828,494,1246,14,1,20260711
E2,4,Doris,300000,rare_025,2,rare,0.0444,0.0176,0,0,0.0023,0.0023,0.0643,0,0,0,0,0,0,692,0,692,109,14,3,1,20260711
E2,4,Doris,300000,rare_016,2,rare,0.9342,0.4071,0,0,0.0034,0.0034,1.3447,0,0,0,0,0,0,16580,0,16580,144,345,4,1,20260711
E2,4,Doris,300000,rare_019,2,rare,0.0295,0.0115,0,0,0.0028,0.0028,0.0438,0,0,0,0,0,0,452,0,452,144,9,4,1,20260711
E2,4,Doris,300000,rare_009,2,rare,0.0161,0.005,0,0,0.0008,0.0008,0.0219,0,0,0,0,0,0,212,0,212,39,4,1,1,20260711
E2,4,Doris,300000,common_009,2,common,170.726,75.7929,0,0,20.2253,20.2253,266.744,0,0,0,0,0,0,2968052,0,2968052,1225704,61834,35020,1,20260711
E2,4,Doris,300000,rare_010,2,rare,0.9826,0.4055,0,0,0.0165,0.0165,1.4046,0,0,0,0,0,0,16196,0,16196,424,337,12,1,20260711
E2,4,Doris,300000,medium_015,2,medium,8.5723,3.9334,0,0,0.0208,0.0208,12.5265,0,0,0,0,0,0,155540,0,155540,844,3240,24,1,20260711
E2,4,Doris,300000,rare_004,2,rare,0.5934,0.2055,0,0,0.0037,0.0037,0.8026,0,0,0,0,0,0,8276,0,8276,74,172,2,1,20260711
E2,4,Doris,300000,medium_016,2,medium,0.5809,0.2637,0,0,0.061,0.061,0.9056,0,0,0,0,0,0,10532,0,10532,3364,219,96,1,20260711
E2,4,Doris,300000,common_000,2,common,111.672,51.0157,0,0,12.3746,12.3746,175.062,0,0,0,0,0,0,1971284,0,1971284,765069,41068,21859,1,20260711
E2,4,Doris,300000,common_024,2,common,89.2896,39.6375,0,0,18.4172,18.4172,147.344,0,0,0,0,0,0,1531412,0,1531412,1116644,31904,31904,1,20260711
E2,4,Doris,300000,common_018,2,common,65.0477,29.3415,0,0,13.4978,13.4978,107.887,0,0,0,0,0,0,1152020,0,1152020,839339,24000,23981,1,20260711
E2,4,Doris,300000,rare_024,2,rare,0.0278,0.0019,0,0,0.0065,0.0065,0.0362,0,0,0,0,0,0,68,0,68,39,1,1,1,20260711
E2,4,Doris,300000,common_004,2,common,31.0441,14.1052,0,0,2.9193,2.9193,48.0686,0,0,0,0,0,0,546260,0,546260,181969,11380,5199,1,20260711
E2,4,Doris,300000,medium_000,2,medium,3.1547,1.398,0,0,0.0675,0.0675,4.6202,0,0,0,0,0,0,56420,0,56420,3224,1175,92,1,20260711
E2,4,Doris,300000,medium_002,2,medium,10.9323,4.794,0,0,0.0452,0.0452,15.7715,0,0,0,0,0,0,195764,0,195764,1929,4078,55,1,20260711
E2,4,Doris,300000,rare_011,2,rare,1.8284,0.8064,0,0,0.0043,0.0043,2.6391,0,0,0,0,0,0,33188,0,33188,74,691,2,1,20260711
E2,4,Doris,300000,common_013,2,common,77.0814,34.854,0,0,13.1876,13.1876,125.123,0,0,0,0,0,0,1340324,0,1340324,822294,27923,23494,1,20260711
E2,4,Doris,300000,rare_003,2,rare,1.777,0.763,0,0,0.0062,0.0062,2.5462,0,0,0,0,0,0,28676,0,28676,39,597,1,1,20260711
E2,4,Doris,300000,rare_013,2,rare,0.061,0.0255,0,0,0.0028,0.0028,0.0893,0,0,0,0,0,0,1028,0,1028,109,21,3,1,20260711
E2,4,Doris,300000,rare_008,2,rare,1.7088,0.7601,0,0,0.0107,0.0107,2.4796,0,0,0,0,0,0,30932,0,30932,459,644,13,1,20260711
E2,4,Doris,300000,common_027,2,common,169.095,75.8813,0,0,30.8054,30.8054,275.782,0,0,0,0,0,0,2968052,0,2968052,1795784,61834,51308,1,20260711
E2,4,Doris,300000,medium_001,2,medium,4.3242,1.9072,0,0,0.0206,0.0206,6.252,0,0,0,0,0,0,77396,0,77396,669,1612,19,1,20260711
E2,4,Doris,300000,medium_004,2,medium,0.2024,0.0882,0,0,0.0327,0.0327,0.3233,0,0,0,0,0,0,3476,0,3476,1859,72,53,1,20260711
E2,4,Doris,300000,medium_021,2,medium,11.7912,5.1785,0,0,0.0963,0.0963,17.066,0,0,0,0,0,0,209732,0,209732,4799,4369,137,1,20260711
E2,4,Doris,300000,common_008,2,common,30.1455,13.3727,0,0,3.2422,3.2422,46.7604,0,0,0,0,0,0,527108,0,527108,196214,10981,5606,1,20260711
E2,4,Doris,300000,common_016,2,common,34.5236,16.0092,0,0,4.6255,4.6255,55.1583,0,0,0,0,0,0,609092,0,609092,287914,12689,8226,1,20260711
E2,4,Doris,300000,medium_006,2,medium,0.0421,0.0111,0,0,0.0085,0.0085,0.0617,0,0,0,0,0,0,404,0,404,284,8,8,1,20260711
E2,4,Doris,300000,medium_022,2,medium,1.2628,0.5603,0,0,0.0061,0.0061,1.8292,0,0,0,0,0,0,22580,0,22580,284,470,8,1,20260711
E2,4,Doris,300000,common_019,2,common,87.6197,39.1171,0,0,15.2556,15.2556,141.992,0,0,0,0,0,0,1531412,0,1531412,935799,31904,26737,1,20260711
E2,4,Doris,300000,rare_012,2,rare,1.4692,0.6186,0,0,0.0072,0.0072,2.095,0,0,0,0,0,0,25076,0,25076,74,522,2,1,20260711
E2,4,Doris,300000,rare_018,2,rare,0.0389,0.0146,0,0,0.0009,0.0009,0.0544,0,0,0,0,0,0,596,0,596,39,12,1,1,20260711
E2,4,Doris,300000,common_003,2,common,31.1689,14.0865,0,0,2.8968,2.8968,48.1522,0,0,0,0,0,0,546260,0,546260,180709,11380,5163,1,20260711
E2,4,Doris,300000,medium_008,2,medium,3.1447,1.3065,0,0,0.0149,0.0149,4.4661,0,0,0,0,0,0,53252,0,53252,354,1109,10,1,20260711
E2,4,Doris,300000,common_021,2,common,35.8359,16.3397,0,0,6.0086,6.0086,58.1842,0,0,0,0,0,0,609092,0,609092,353224,12689,10092,1,20260711
E2,4,Doris,300000,rare_022,2,rare,2.1268,0.8565,0,0,0.0089,0.0089,2.9922,0,0,0,0,0,0,35108,0,35108,109,731,3,1,20260711
E2,4,Ren,300000,medium_011,2,medium,0.0198,1.276,0,0,0.0185,0.0185,1.3143,0,0,0,0,0,0,116,0,116,749,1197,19,1,20260711
E2,4,Ren,300000,rare_015,2,rare,0.0087,0.0069,0,0.0001,0.0008,0.0008,0.0164,0,0,0,0,0,0,116,0,116,47,6,1,1,20260711
E2,4,Ren,300000,rare_020,2,rare,0.0072,0.3255,0,0,0.002,0.002,0.3347,0,0,0,0,0,0,116,0,116,125,316,3,1,20260711
E2,4,Ren,300000,rare_007,2,rare,0.0073,0.4591,0,0.0001,0.0055,0.0055,0.4719,0,0,0,0,0,0,116,0,116,359,447,9,1,20260711
E2,4,Ren,300000,rare_000,2,rare,0.0087,0.018,0,0,0.0009,0.0009,0.0276,0,0,0,0,0,0,116,0,116,47,17,1,1,20260711
E2,4,Ren,300000,medium_019,2,medium,0.007,0.4201,0,0,0.0617,0.0617,0.4888,0,0,0,0,0,0,116,0,116,4337,393,111,1,20260711
E2,4,Ren,300000,common_002,2,common,0.0072,32.4541,0,0,12.4847,12.4847,44.946,0,0,0,0,0,0,116,0,116,857696,30050,21992,1,20260711
E2,4,Ren,300000,common_011,2,common,0.0298,79.8627,0,0,40.7188,40.7188,120.611,0,0,0,0,0,0,116,0,116,2841626,73584,72862,1,20260711
E2,4,Ren,300000,rare_017,2,rare,0.0241,0.0147,0,0,0.007,0.007,0.0458,0,0,0,0,0,0,116,0,116,47,12,1,1,20260711
E2,4,Ren,300000,common_020,2,common,0.0074,35.8605,0,0,15.6441,15.6441,51.512,0,0,0,0,0,0,116,0,116,1046846,32047,26842,1,20260711
E2,4,Ren,300000,rare_021,2,rare,0.0207,0.0029,0,0.0001,0.0034,0.0034,0.027,0,0,0,0,0,0,116,0,116,47,1,1,1,20260711
E2,4,Ren,300000,rare_005,2,rare,0.0076,0.0678,0,0,0.0022,0.0022,0.0776,0,0,0,0,0,0,116,0,116,125,63,3,1,20260711
E2,4,Ren,300000,common_025,2,common,0.0072,44.393,0,0,17.2784,17.2784,61.6786,0,0,0,0,0,0,116,0,116,1221722,40437,31326,1,20260711
E2,4,Ren,300000,medium_005,2,medium,0.0224,1.5103,0,0.0001,0.0218,0.0218,1.5545,0,0,0,0,0,0,116,0,116,944,1439,24,1,20260711
E2,4,Ren,300000,medium_003,2,medium,0.008,0.4013,0,0.0001,0.0109,0.0109,0.4202,0,0,0,0,0,0,116,0,116,710,326,18,1,20260711
E2,4,Ren,300000,medium_020,2,medium,0.0077,0.4462,0,0,0.0364,0.0364,0.4903,0,0,0,0,0,0,116,0,116,2543,414,65,1,20260711
E2,4,Ren,300000,rare_006,2,rare,0.0076,0.0036,0,0,0.0008,0.0008,0.012,0,0,0,0,0,0,116,0,116,47,3,1,1,20260711
E2,4,Ren,300000,medium_024,2,medium,0.0073,3.961,0,0,0.031,0.031,3.9993,0,0,0,0,0,0,116,0,116,2036,3856,52,1,20260711
E2,4,Ren,300000,common_023,2,common,0.008,30.3688,0,0,15.5346,15.5346,45.9114,0,0,0,0,0,0,116,0,116,1089005,27923,27923,1,20260711
E2,4,Ren,300000,common_014,2,common,0.0204,33.4503,0,0.0001,10.2228,10.2228,43.6935,0,0,0,0,0,0,116,0,116,718193,30050,18415,1,20260711
E2,4,Ren,300000,rare_014,2,rare,0.0202,0.0286,0,0,0.0054,0.0054,0.0542,0,0,0,0,0,0,116,0,116,47,24,1,1,20260711
E2,4,Ren,300000,common_001,2,common,0.0074,28.0648,0,0,10.6721,10.6721,38.7443,0,0,0,0,0,0,116,0,116,729386,24699,18702,1,20260711
E2,4,Ren,300000,medium_013,2,medium,0.0187,1.2781,0,0,0.0548,0.0548,1.3516,0,0,0,0,0,0,116,0,116,2621,1048,67,1,20260711
E2,4,Ren,300000,common_006,2,common,0.0105,14.6896,0,0,8.4588,8.4588,23.1589,0,0,0,0,0,0,116,0,116,541562,13886,13886,1,20260711
E2,4,Ren,300000,medium_014,2,medium,0.0185,0.36,0,0,0.0185,0.0185,0.397,0,0,0,0,0,0,116,0,116,905,339,23,1,20260711
E2,4,Ren,300000,medium_012,2,medium,0.0078,0.7927,0,0,0.0187,0.0187,0.8192,0,0,0,0,0,0,116,0,116,1256,770,32,1,20260711
E2,4,Ren,300000,medium_010,2,medium,0.0076,3.9526,0,0,0.0184,0.0184,3.9786,0,0,0,0,0,0,116,0,116,1022,3720,26,1,20260711
E2,4,Ren,300000,common_007,2,common,0.0124,6.8522,0,0.0001,3.031,3.031,9.8956,0,0,0,0,0,0,116,0,116,217238,6419,5570,1,20260711
E2,4,Ren,300000,rare_002,2,rare,0.0109,0.0264,0,0,0.0024,0.0024,0.0397,0,0,0,0,0,0,116,0,116,47,24,1,1,20260711
E2,4,Ren,300000,medium_007,2,medium,0.0074,2.2297,0,0,0.0135,0.0135,2.2506,0,0,0,0,0,0,116,0,116,827,1983,21,1,20260711
E2,4,Ren,300000,rare_023,2,rare,0.0092,0.0184,0,0,0.001,0.001,0.0286,0,0,0,0,0,0,116,0,116,47,17,1,1,20260711
E2,4,Ren,300000,medium_023,2,medium,0.0074,9.3958,0,0.0001,0.0618,0.0618,9.465,0,0,0,0,0,0,116,0,116,4064,5804,104,1,20260711
E2,4,Ren,300000,rare_001,2,rare,0.01,0.043,0,0,0.0014,0.0014,0.0544,0,0,0,0,0,0,116,0,116,86,41,2,1,20260711
E2,4,Ren,300000,common_005,2,common,0.0074,16.9986,0,0,7.2136,7.2136,24.2196,0,0,0,0,0,0,116,0,116,486416,15452,12472,1,20260711
E2,4,Ren,300000,medium_018,2,medium,0.0173,0.5279,0,0,0.0113,0.0113,0.5565,0,0,0,0,0,0,116,0,116,476,502,12,1,20260711
E2,4,Ren,300000,common_017,2,common,0.0081,25.6555,0,0,5.5889,5.5889,31.2525,0,0,0,0,0,0,116,0,116,396872,24000,10176,1,20260711
E2,4,Ren,300000,common_012,2,common,0.0174,16.8848,0,0,9.0506,9.0506,25.9528,0,0,0,0,0,0,116,0,116,602636,15452,15452,1,20260711
E2,4,Ren,300000,medium_025,2,medium,0.0207,4.4899,0,0,0.0364,0.0364,4.547,0,0,0,0,0,0,116,0,116,2114,4322,54,1,20260711
E2,4,Ren,300000,medium_009,2,medium,0.0091,2.0333,0,0,0.0084,0.0084,2.0508,0,0,0,0,0,0,116,0,116,554,2025,14,1,20260711
E2,4,Ren,300000,common_026,2,common,0.0075,79.1276,0,0,29.1147,29.1147,108.25,0,0,0,0,0,0,116,0,116,1987838,72370,50970,1,20260711
E2,4,Ren,300000,common_022,2,common,0.0244,66.9238,0,0,10.2457,10.2457,77.1939,0,0,0,0,0,0,116,0,116,645185,61834,16543,1,20260711
E2,4,Ren,300000,common_010,2,common,0.021,37.9494,0,0.0001,15.033,15.033,53.0034,0,0,0,0,0,0,116,0,116,1020131,34517,26157,1,20260711
E2,4,Ren,300000,common_015,2,common,0.0201,14.3351,0,0.0001,4.7707,4.7707,19.1259,0,0,0,0,0,0,116,0,116,316454,12689,8114,1,20260711
E2,4,Ren,300000,medium_017,2,medium,0.017,1.4738,0,0,0.0149,0.0149,1.5057,0,0,0,0,0,0,116,0,116,554,1246,14,1,20260711
E2,4,Ren,300000,rare_025,2,rare,0.0093,0.0158,0,0,0.0021,0.0021,0.0272,0,0,0,0,0,0,116,0,116,125,14,3,1,20260711
E2,4,Ren,300000,rare_016,2,rare,0.0077,0.4032,0,0,0.0027,0.0027,0.4136,0,0,0,0,0,0,116,0,116,164,345,4,1,20260711
E2,4,Ren,300000,rare_019,2,rare,0.0074,0.0106,0,0.0001,0.0026,0.0026,0.0206,0,0,0,0,0,0,116,0,116,164,9,4,1,20260711
E2,4,Ren,300000,rare_009,2,rare,0.0073,0.005,0,0,0.0007,0.0007,0.013,0,0,0,0,0,0,116,0,116,47,4,1,1,20260711
E2,4,Ren,300000,common_009,2,common,0.0072,67.9153,0,0,19.7856,19.7856,87.7081,0,0,0,0,0,0,116,0,116,1365788,61834,35020,1,20260711
E2,4,Ren,300000,rare_010,2,rare,0.0211,0.364,0,0,0.011,0.011,0.3961,0,0,0,0,0,0,116,0,116,476,337,12,1,20260711
E2,4,Ren,300000,medium_015,2,medium,0.0079,3.3196,0,0,0.0141,0.0141,3.3416,0,0,0,0,0,0,116,0,116,944,3240,24,1,20260711
E2,4,Ren,300000,rare_004,2,rare,0.0075,0.177,0,0,0.0013,0.0013,0.1858,0,0,0,0,0,0,116,0,116,86,172,2,1,20260711
E2,4,Ren,300000,medium_016,2,medium,0.0074,0.24,0,0,0.0532,0.0532,0.3006,0,0,0,0,0,0,116,0,116,3752,219,96,1,20260711
E2,4,Ren,300000,common_000,2,common,0.0073,45.5209,0,0,12.265,12.265,57.7932,0,0,0,0,0,0,116,0,116,852509,41068,21859,1,20260711
E2,4,Ren,300000,common_024,2,common,0.0209,34.4702,0,0.0001,17.7379,17.7379,52.229,0,0,0,0,0,0,116,0,116,1244264,31904,31904,1,20260711
E2,4,Ren,300000,common_018,2,common,0.0209,26.1026,0,0,13.2603,13.2603,39.3838,0,0,0,0,0,0,116,0,116,935267,24000,23981,1,20260711
E2,4,Ren,300000,rare_024,2,rare,0.0223,0.0024,0,0,0.0063,0.0063,0.031,0,0,0,0,0,0,116,0,116,47,1,1,1,20260711
E2,4,Ren,300000,common_004,2,common,0.0123,12.5156,0,0,3.2035,3.2035,15.7314,0,0,0,0,0,0,116,0,116,202769,11380,5199,1,20260711
E2,4,Ren,300000,medium_000,2,medium,0.0144,1.2315,0,0,0.0538,0.0538,1.2997,0,0,0,0,0,0,116,0,116,3596,1175,92,1,20260711
E2,4,Ren,300000,medium_002,2,medium,0.009,4.0873,0,0,0.0318,0.0318,4.1281,0,0,0,0,0,0,116,0,116,2153,4078,55,1,20260711
E2,4,Ren,300000,rare_011,2,rare,0.0079,0.6941,0,0,0.0015,0.0015,0.7035,0,0,0,0,0,0,116,0,116,86,691,2,1,20260711
E2,4,Ren,300000,common_013,2,common,0.0081,31.009,0,0,13.1778,13.1778,44.1949,0,0,0,0,0,0,116,0,116,916274,27923,23494,1,20260711
E2,4,Ren,300000,rare_003,2,rare,0.0199,0.6268,0,0,0.0048,0.0048,0.6515,0,0,0,0,0,0,116,0,116,47,597,1,1,20260711
E2,4,Ren,300000,rare_013,2,rare,0.0079,0.0232,0,0,0.0028,0.0028,0.0339,0,0,0,0,0,0,116,0,116,125,21,3,1,20260711
E2,4,Ren,300000,rare_008,2,rare,0.0076,0.93,0,0,0.0091,0.0091,0.9467,0,0,0,0,0,0,116,0,116,515,644,13,1,20260711
E2,4,Ren,300000,common_027,2,common,0.0085,67.6309,0,0,30.2342,30.2342,97.8736,0,0,0,0,0,0,116,0,116,2001020,61834,51308,1,20260711
E2,4,Ren,300000,medium_001,2,medium,0.026,1.9058,0,0,0.0199,0.0199,1.9517,0,0,0,0,0,0,116,0,116,749,1612,19,1,20260711
E2,4,Ren,300000,medium_004,2,medium,0.01,0.0836,0,0,0.0303,0.0303,0.1239,0,0,0,0,0,0,116,0,116,2075,72,53,1,20260711
E2,4,Ren,300000,medium_021,2,medium,0.0084,4.5383,0,0,0.0776,0.0776,4.6243,0,0,0,0,0,0,116,0,116,5351,4369,137,1,20260711
E2,4,Ren,300000,common_008,2,common,0.0091,12.1022,0,0,3.0592,3.0592,15.1705,0,0,0,0,0,0,116,0,116,218642,10981,5606,1,20260711
E2,4,Ren,300000,common_016,2,common,0.0147,14.2874,0,0.0001,4.5129,4.5129,18.815,0,0,0,0,0,0,116,0,116,320822,12689,8226,1,20260711
E2,4,Ren,300000,medium_006,2,medium,0.0197,0.0115,0,0.0001,0.0127,0.0127,0.0439,0,0,0,0,0,0,116,0,116,320,8,8,1,20260711
E2,4,Ren,300000,medium_022,2,medium,0.0076,0.5214,0,0.0001,0.0053,0.0053,0.5343,0,0,0,0,0,0,116,0,116,320,470,8,1,20260711
E2,4,Ren,300000,common_019,2,common,0.0075,34.975,0,0.0001,14.9062,14.9062,49.8887,0,0,0,0,0,0,116,0,116,1042751,31904,26737,1,20260711
E2,4,Ren,300000,rare_012,2,rare,0.0219,0.5534,0,0.0001,0.0081,0.0081,0.5834,0,0,0,0,0,0,116,0,116,86,522,2,1,20260711
E2,4,Ren,300000,rare_018,2,rare,0.0077,0.0135,0,0,0.0008,0.0008,0.022,0,0,0,0,0,0,116,0,116,47,12,1,1,20260711
E2,4,Ren,300000,common_003,2,common,0.0072,12.4736,0,0.0001,2.8648,2.8648,15.3456,0,0,0,0,0,0,116,0,116,201365,11380,5163,1,20260711
E2,4,Ren,300000,medium_008,2,medium,0.0144,1.1572,0,0.0001,0.0097,0.0097,1.1813,0,0,0,0,0,0,116,0,116,398,1109,10,1,20260711
E2,4,Ren,300000,common_021,2,common,0.0076,13.8469,0,0,6.2992,6.2992,20.1537,0,0,0,0,0,0,116,0,116,393596,12689,10092,1,20260711
E2,4,Ren,300000,rare_022,2,rare,0.0181,0.7837,0,0,0.0046,0.0046,0.8064,0,0,0,0,0,0,116,0,116,125,731,3,1,20260711
E2,4,SliceBF,300000,rare_006,3,rare,0.0399,0.1053,1.2907,0.3451,0.0118,1.6476,1.7928,1,150336,0,0,1,64,616,25280,620,175616,1,1,1,20260711
E2,4,SliceBF,300000,medium_000,3,medium,0.0297,0.0997,1.7932,0.3532,0.0202,2.1666,2.296,1,150336,0,0,3,192,616,108608,628,258944,3,3,1,20260711
E2,4,SliceBF,300000,rare_022,3,rare,0.0283,0.1013,1.8117,0.3415,0.0271,2.1803,2.3099,1,150336,0,0,4,256,616,199424,632,349760,4,4,1,20260711
E2,4,SliceBF,300000,medium_022,3,medium,0.0286,0.1187,1.6024,0.3415,0.0197,1.9636,2.1109,1,150336,0,0,3,192,616,108608,628,258944,3,3,1,20260711
E2,4,SliceBF,300000,rare_024,3,rare,0.0288,0.1064,1.9119,0.3424,0.1161,2.3704,2.5056,1,150336,0,0,22,1408,616,982144,704,1132480,22,22,1,20260711
E2,4,SliceBF,300000,rare_014,3,rare,0.0287,0.1004,1.2648,0.3421,0.0085,1.6154,1.7445,1,150336,0,0,1,64,616,17088,620,167424,1,1,1,20260711
E2,4,SliceBF,300000,rare_010,3,rare,0.0286,0.098,1.3084,0.3422,0.0088,1.6594,1.786,1,150336,0,0,1,64,616,41664,620,192000,1,1,1,20260711
E2,4,SliceBF,300000,medium_004,3,medium,0.028,0.0989,1.324,0.3413,0.0085,1.6738,1.8007,1,150336,0,0,1,64,616,25280,620,175616,1,1,1,20260711
E2,4,SliceBF,300000,rare_017,3,rare,0.028,0.3087,1.4744,0.6266,0.0177,2.1187,2.4554,1,150336,0,0,1,64,616,25280,620,175616,1,1,1,20260711
E2,4,SliceBF,300000,medium_012,3,medium,0.032,0.103,1.9867,0.3414,0.0108,2.3389,2.4739,1,150336,0,0,1,64,616,41664,620,192000,1,1,1,20260711
E2,4,SliceBF,300000,rare_005,3,rare,0.0309,0.1034,1.4972,0.3415,0.0103,1.849,1.9833,1,150336,0,0,1,64,616,41664,620,192000,1,1,1,20260711
E2,4,SliceBF,300000,medium_023,3,medium,0.0284,0.1688,1.3765,0.3414,0.0114,1.7293,1.9265,1,150336,0,0,1,64,616,41664,620,192000,1,1,1,20260711
E2,4,SliceBF,300000,rare_007,3,rare,0.0289,0.1007,1.4941,0.3415,0.0098,1.8454,1.975,1,150336,0,0,1,64,616,41664,620,192000,1,1,1,20260711
E2,4,SliceBF,300000,medium_010,3,medium,0.0283,0.0998,1.4253,0.3415,0.0092,1.776,1.9041,1,150336,0,0,1,64,616,41664,620,192000,1,1,1,20260711
E2,4,SliceBF,300000,medium_007,3,medium,0.0283,0.0999,1.4392,0.3417,0.0138,1.7947,1.9229,1,150336,0,0,1,64,616,25280,620,175616,1,1,1,20260711
E2,4,SliceBF,300000,medium_006,3,medium,0.0295,0.0996,1.8874,0.3453,0.0173,2.25,2.3791,1,150336,0,0,1,64,616,41664,620,192000,1,1,1,20260711
E2,4,SliceBF,300000,rare_001,3,rare,0.0292,0.1009,1.2472,0.3414,0.0101,1.5987,1.7288,1,150336,0,0,1,64,616,41664,620,192000,1,1,1,20260711
E2,4,SliceBF,300000,medium_014,3,medium,0.029,0.1677,1.6218,0.3804,0.0688,2.071,2.2677,1,150336,0,0,10,640,616,498560,656,648896,10,10,1,20260711
E2,4,SliceBF,300000,medium_021,3,medium,0.0291,0.1008,1.4958,0.3439,0.0098,1.8495,1.9794,1,150336,0,0,1,64,616,41664,620,192000,1,1,1,20260711
E2,4,SliceBF,300000,rare_008,3,rare,0.0291,0.0995,1.3139,0.3418,0.0507,1.7064,1.835,1,150336,0,0,8,512,616,415232,648,565568,8,8,1,20260711
E2,4,SliceBF,300000,rare_015,3,rare,0.0285,0.0994,1.3406,0.3414,0.0142,1.6962,1.8241,1,150336,0,0,2,128,616,66944,624,217280,2,2,1,20260711
E2,4,SliceBF,300000,common_018,3,common,0.0283,1.1041,2.1032,0.4074,27.5877,30.0983,31.2307,1,150336,0,0,3567,228288,616,128807232,14884,128957568,6756,6756,1,20260711
E2,4,SliceBF,300000,common_026,3,common,0.0581,2.464,2.2581,0.564,130.741,133.563,136.085,1,150336,0,0,4115,263360,616,157783104,17076,157933440,26769,26769,1,20260711
E2,4,SliceBF,300000,rare_009,3,rare,0.0434,0.1059,1.2757,0.3443,0.0206,1.6406,1.7899,1,150336,0,0,1,64,616,41664,620,192000,1,1,1,20260711
E2,4,SliceBF,300000,common_010,3,common,0.0309,1.3466,1.5469,0.4364,44.5542,46.5375,47.915,1,150336,0,0,4049,259136,616,152182464,16812,152332800,10198,10198,1,20260711
E2,4,SliceBF,300000,medium_017,3,medium,0.0408,0.1064,1.7779,0.3417,0.0131,2.1327,2.2799,1,150336,0,0,1,64,616,25280,620,175616,1,1,1,20260711
E2,4,SliceBF,300000,medium_008,3,medium,0.029,0.0999,1.1903,0.3421,0.01,1.5424,1.6713,1,150336,0,0,1,64,616,41664,620,192000,1,1,1,20260711
E2,4,SliceBF,300000,medium_011,3,medium,0.0281,0.0995,1.4336,0.341,0.0093,1.7839,1.9115,1,150336,0,0,1,64,616,25280,620,175616,1,1,1,20260711
E2,4,SliceBF,300000,common_015,3,common,0.0286,0.8148,2.53,0.3868,20.5747,23.4915,24.3349,1,150336,0,0,2595,166080,616,105463872,10996,105614208,4442,4442,1,20260711
E2,4,SliceBF,300000,medium_002,3,medium,0.0431,0.1066,1.786,0.3416,0.0123,2.1399,2.2896,1,150336,0,0,1,64,616,25280,620,175616,1,1,1,20260711
E2,4,SliceBF,300000,medium_024,3,medium,0.0287,0.1019,1.5547,0.3415,0.0116,1.9078,2.0384,1,150336,0,0,1,64,616,41664,620,192000,1,1,1,20260711
E2,4,SliceBF,300000,common_007,3,common,0.0293,0.4525,1.6262,0.3573,7.815,9.7985,10.2803,1,150336,0,0,1042,66688,616,46576000,4784,46726336,1452,1452,1,20260711
E2,4,SliceBF,300000,rare_023,3,rare,0.0346,0.1214,1.6312,0.3451,0.2303,2.2066,2.3626,1,150336,0,0,44,2816,616,2062592,792,2212928,44,44,1,20260711
E2,4,SliceBF,300000,common_005,3,common,0.0286,0.7774,2.6236,0.379,14.4132,17.4158,18.2218,1,150336,0,0,2472,158208,616,87125504,10504,87275840,3532,3532,1,20260711
E2,4,SliceBF,300000,common_004,3,common,0.0337,1.4771,2.4379,0.4593,54.772,57.6692,59.18,1,150336,0,0,4191,268224,616,157017408,17380,157167744,12952,12952,1,20260711
E2,4,SliceBF,300000,medium_001,3,medium,0.0413,0.1085,1.2157,0.3441,0.0138,1.5736,1.7234,1,150336,0,0,1,64,616,25280,620,175616,1,1,1,20260711
E2,4,SliceBF,300000,medium_009,3,medium,0.0288,0.0993,1.4933,0.3441,0.0104,1.8478,1.9759,1,150336,0,0,1,64,616,41664,620,192000,1,1,1,20260711
E2,4,SliceBF,300000,rare_003,3,rare,0.0286,0.0982,1.2709,0.3439,0.009,1.6238,1.7506,1,150336,0,0,1,64,616,25280,620,175616,1,1,1,20260711
E2,4,SliceBF,300000,rare_018,3,rare,0.0282,0.0995,1.2644,0.3407,0.0083,1.6134,1.7411,1,150336,0,0,1,64,616,25280,620,175616,1,1,1,20260711
E2,4,SliceBF,300000,common_023,3,common,0.0283,1.4709,3.069,0.4553,55.6919,59.2162,60.7154,1,150336,0,0,4224,270336,616,157515776,17512,157666112,12472,12472,1,20260711
E2,4,SliceBF,300000,rare_013,3,rare,0.0406,0.1753,1.7285,0.35,0.1607,2.2392,2.4551,1,150336,0,0,31,1984,616,1258816,740,1409152,31,31,1,20260711
E2,4,SliceBF,300000,common_017,3,common,0.0305,1.164,2.2863,0.4066,26.0431,28.736,29.9305,1,150336,0,0,3426,219264,616,118623616,14320,118773952,6627,6627,1,20260711
E2,4,SliceBF,300000,common_024,3,common,0.0418,4.4158,2.3719,0.855,288.134,291.361,295.818,1,150336,0,0,4659,298176,616,171289664,19252,171440000,72721,72721,1,20260711
E2,4,SliceBF,300000,common_022,3,common,0.048,1.4766,2.4321,0.4455,47.0848,49.9624,51.487,1,150336,0,0,4270,273280,616,157867648,17696,158017984,11283,11283,1,20260711
E2,4,SliceBF,300000,common_002,3,common,0.0426,0.459,2.073,0.3591,6.1017,8.5338,9.0354,1,150336,0,0,1164,74496,616,46285056,5272,46435392,1369,1369,1,20260711
E2,4,SliceBF,300000,rare_025,3,rare,0.0339,0.1074,1.8942,0.3417,0.0153,2.2512,2.3925,1,150336,0,0,2,128,616,50560,624,200896,2,2,1,20260711
E2,4,SliceBF,300000,medium_003,3,medium,0.029,0.1009,1.7178,0.3414,0.0093,2.0685,2.1984,1,150336,0,0,1,64,616,25280,620,175616,1,1,1,20260711
E2,4,SliceBF,300000,medium_018,3,medium,0.029,0.1031,1.194,0.3413,0.0094,1.5447,1.6768,1,150336,0,0,1,64,616,41664,620,192000,1,1,1,20260711
E2,4,SliceBF,300000,common_014,3,common,0.0283,1.2172,1.7328,0.4279,38.6005,40.7612,42.0067,1,150336,0,0,3601,230464,616,140439232,15020,140589568,8670,8670,1,20260711
E2,4,SliceBF,300000,medium_025,3,medium,0.0431,0.108,1.2731,0.3423,0.0202,1.6356,1.7867,1,150336,0,0,1,64,616,25280,620,175616,1,1,1,20260711
E2,4,SliceBF,300000,rare_000,3,rare,0.0296,0.1057,1.3795,0.348,0.0166,1.7441,1.8794,1,150336,0,0,1,64,616,25280,620,175616,1,1,1,20260711
E2,4,SliceBF,300000,common_003,3,common,0.0302,0.3302,2.1896,0.3534,4.3905,6.9335,7.2939,1,150336,0,0,825,52800,616,31734976,3916,31885312,898,898,1,20260711
E2,4,SliceBF,300000,medium_020,3,medium,0.0378,0.103,2.2522,0.3444,0.0155,2.6121,2.7529,1,150336,0,0,2,128,616,83328,624,233664,2,2,1,20260711
E2,4,SliceBF,300000,rare_012,3,rare,0.0292,0.104,1.4462,0.3438,0.0713,1.8613,1.9945,1,150336,0,0,14,896,616,583296,672,733632,14,14,1,20260711
E2,4,SliceBF,300000,rare_002,3,rare,0.0284,0.1007,1.9066,0.3416,0.0132,2.2614,2.3905,1,150336,0,0,1,64,616,41664,620,192000,1,1,1,20260711
E2,4,SliceBF,300000,medium_019,3,medium,0.0295,0.1004,1.525,0.3413,0.0088,1.8751,2.005,1,150336,0,0,1,64,616,25280,620,175616,1,1,1,20260711
E2,4,SliceBF,300000,common_019,3,common,0.0285,1.8881,2.4224,0.4781,62.1309,65.0314,66.948,1,150336,0,0,4462,285568,616,162049664,18464,162200000,15472,15472,1,20260711
E2,4,SliceBF,300000,rare_019,3,rare,0.0418,0.106,1.4788,0.3418,0.0125,1.8331,1.9809,1,150336,0,0,1,64,616,25280,620,175616,1,1,1,20260711
E2,4,SliceBF,300000,common_020,3,common,0.0294,1.0111,2.463,0.4049,23.8468,26.7147,27.7552,1,150336,0,0,3257,208448,616,111467712,13644,111618048,6213,6213,1,20260711
E2,4,SliceBF,300000,common_013,3,common,0.0366,0.3091,1.3989,0.3525,3.0392,4.7906,5.1363,1,150336,0,0,724,46336,616,24348416,3512,24498752,805,805,1,20260711
E2,4,SliceBF,300000,rare_011,3,rare,0.0313,0.1032,1.5464,0.3414,0.009,1.8968,2.0313,1,150336,0,0,1,64,616,25280,620,175616,1,1,1,20260711
E2,4,SliceBF,300000,rare_016,3,rare,0.0772,0.1002,1.8189,0.3425,0.0092,2.1706,2.348,1,150336,0,0,1,64,616,41664,620,192000,1,1,1,20260711
E2,4,SliceBF,300000,common_001,3,common,0.0282,0.5237,2.6529,0.3713,10.8214,13.8456,14.3975,1,150336,0,0,1598,102272,616,69118592,7008,69268928,2313,2313,1,20260711
E2,4,SliceBF,300000,common_027,3,common,0.0334,2.1457,2.4766,0.6592,130.253,133.389,135.568,1,150336,0,0,4114,263296,616,157757824,17072,157908160,26737,26737,1,20260711
E2,4,SliceBF,300000,medium_016,3,medium,0.0441,0.1059,1.2358,0.3417,0.0153,1.5928,1.7428,1,150336,0,0,1,64,616,25280,620,175616,1,1,1,20260711
E2,4,SliceBF,300000,rare_020,3,rare,0.029,0.1004,2.707,0.3888,0.0218,3.1176,3.247,1,150336,0,0,1,64,616,25280,620,175616,1,1,1,20260711
E2,4,SliceBF,300000,rare_021,3,rare,0.0302,0.102,1.2487,0.3462,0.0106,1.6055,1.7377,1,150336,0,0,1,64,616,25280,620,175616,1,1,1,20260711
E2,4,SliceBF,300000,common_009,3,common,0.0289,0.8068,2.337,0.397,27.1361,29.8701,30.7058,1,150336,0,0,2385,152640,616,104120000,10156,104270336,5420,5420,1,20260711
E2,4,SliceBF,300000,common_012,3,common,0.0428,0.7523,1.8659,0.3758,13.7759,16.0176,16.8127,1,150336,0,0,2448,156672,616,88132608,10408,88282944,3545,3545,1,20260711
E2,4,SliceBF,300000,medium_015,3,medium,0.033,0.1028,1.9193,0.3415,0.0106,2.2714,2.4072,1,150336,0,0,1,64,616,25280,620,175616,1,1,1,20260711
E2,4,SliceBF,300000,rare_004,3,rare,0.0313,0.0984,1.2829,0.3414,0.009,1.6333,1.763,1,150336,0,0,1,64,616,25280,620,175616,1,1,1,20260711
E2,4,SliceBF,300000,common_011,3,common,0.0288,1.4184,1.6535,0.4627,60.1133,62.2295,63.6767,1,150336,0,0,3807,243648,616,149079360,15844,149229696,13270,13270,1,20260711
E2,4,SliceBF,300000,medium_013,3,medium,0.0419,0.1086,1.5865,0.3837,0.0363,2.0065,2.157,1,150336,0,0,4,256,616,199424,632,349760,4,4,1,20260711
E2,4,SliceBF,300000,common_025,3,common,0.029,1.0819,1.8448,0.4183,39.5312,41.7943,42.9052,1,150336,0,0,3269,209216,616,108903872,13692,109054208,8113,8113,1,20260711
E2,4,SliceBF,300000,common_006,3,common,0.0398,0.2605,2.1877,0.3547,1.8729,4.4153,4.7156,1,150336,0,0,451,28864,616,13088832,2420,13239168,502,502,1,20260711
E2,4,SliceBF,300000,common_008,3,common,0.0316,0.815,2.1554,0.3976,18.0547,20.6077,21.4543,1,150336,0,0,2353,150592,616,95209152,10028,95359488,3878,3878,1,20260711
E2,4,SliceBF,300000,common_021,3,common,0.0364,1.2234,2.4129,0.4285,43.0541,45.8955,47.1553,1,150336,0,0,3640,232960,616,141007360,15176,141157696,9264,9264,1,20260711
E2,4,SliceBF,300000,common_000,3,common,0.0395,0.8846,2.4059,0.3832,22.4532,25.2423,26.1664,1,150336,0,0,1839,117696,616,80929088,7972,81079424,4242,4242,1,20260711
E2,4,SliceBF,300000,common_016,3,common,0.038,1.5081,2.3348,0.4602,54.3477,57.1427,58.6888,1,150336,0,0,4144,265216,616,152429568,17192,152579904,13073,13073,1,20260711
E2,4,SliceBF,300000,medium_005,3,medium,0.0405,0.1108,1.9433,0.3421,0.0419,2.3273,2.4786,1,150336,0,0,7,448,616,275264,644,425600,7,7,1,20260711
E2,4,XEBFF-Conj,300000,rare_006,3,rare,0.0404,0.0037,0,0,0.0036,0.0036,0.0477,0,0,0,0,0,0,140,0,140,39,2,1,1,20260711
E2,4,XEBFF-Conj,300000,medium_000,3,medium,0.7016,0.2302,0,0,0.0029,0.0029,0.9347,0,0,0,0,0,0,10580,0,10580,109,176,3,1,20260711
E2,4,XEBFF-Conj,300000,rare_022,3,rare,1.7073,0.625,0,0,0.0063,0.0063,2.3386,0,0,0,0,0,0,24140,0,24140,144,402,4,1,20260711
E2,4,XEBFF-Conj,300000,medium_022,3,medium,8.3925,2.7603,0,0,0.0046,0.0046,11.1574,0,0,0,0,0,0,126500,0,126500,109,2108,3,1,20260711
E2,4,XEBFF-Conj,300000,rare_024,3,rare,14.3464,6.0967,0,0,0.0244,0.0244,20.4675,0,0,0,0,0,0,213500,0,213500,774,3558,22,1,20260711
E2,4,XEBFF-Conj,300000,rare_014,3,rare,0.1579,0.0488,0,0,0.0014,0.0014,0.2081,0,0,0,0,0,0,2060,0,2060,39,34,1,1,20260711
E2,4,XEBFF-Conj,300000,rare_010,3,rare,1.0131,0.3411,0,0,0.0014,0.0014,1.3556,0,0,0,0,0,0,15440,0,15440,39,257,1,1,20260711
E2,4,XEBFF-Conj,300000,medium_004,3,medium,0.1906,0.0598,0,0,0.001,0.001,0.2514,0,0,0,0,0,0,2720,0,2720,39,45,1,1,20260711
E2,4,XEBFF-Conj,300000,rare_017,3,rare,0.2893,0.0966,0,0,0.0009,0.0009,0.3868,0,0,0,0,0,0,4280,0,4280,39,71,1,1,20260711
E2,4,XEBFF-Conj,300000,medium_012,3,medium,1.0692,0.4838,0,0,0.0023,0.0023,1.5553,0,0,0,0,0,0,16100,0,16100,39,268,1,1,20260711
E2,4,XEBFF-Conj,300000,rare_005,3,rare,0.189,0.063,0,0,0.001,0.001,0.253,0,0,0,0,0,0,2600,0,2600,39,43,1,1,20260711
E2,4,XEBFF-Conj,300000,medium_023,3,medium,2.0478,0.6836,0,0,0.0018,0.0018,2.7332,0,0,0,0,0,0,31220,0,31220,39,520,1,1,20260711
E2,4,XEBFF-Conj,300000,rare_007,3,rare,0.1874,0.0589,0,0,0.001,0.001,0.2473,0,0,0,0,0,0,2660,0,2660,39,44,1,1,20260711
E2,4,XEBFF-Conj,300000,medium_010,3,medium,0.0302,0.0031,0,0,0.0011,0.0011,0.0344,0,0,0,0,0,0,140,0,140,39,2,1,1,20260711
E2,4,XEBFF-Conj,300000,medium_007,3,medium,0.0711,0.018,0,0,0.0009,0.0009,0.09,0,0,0,0,0,0,800,0,800,39,13,1,1,20260711
E2,4,XEBFF-Conj,300000,medium_006,3,medium,0.0273,0.0036,0,0,0.0008,0.0008,0.0317,0,0,0,0,0,0,140,0,140,39,2,1,1,20260711
E2,4,XEBFF-Conj,300000,rare_001,3,rare,0.7008,0.2327,0,0,0.0009,0.0009,0.9344,0,0,0,0,0,0,10640,0,10640,39,177,1,1,20260711
E2,4,XEBFF-Conj,300000,medium_014,3,medium,0.6704,0.2266,0,0,0.0082,0.0082,0.9052,0,0,0,0,0,0,10160,0,10160,354,169,10,1,20260711
E2,4,XEBFF-Conj,300000,medium_021,3,medium,0.2128,0.0675,0,0,0.0008,0.0008,0.2811,0,0,0,0,0,0,3080,0,3080,39,51,1,1,20260711
E2,4,XEBFF-Conj,300000,rare_008,3,rare,2.9801,1.3819,0,0,0.0192,0.0192,4.3812,0,0,0,0,0,0,46160,0,46160,284,769,8,1,20260711
E2,4,XEBFF-Conj,300000,rare_015,3,rare,2.6495,0.9396,0,0,0.0052,0.0052,3.5943,0,0,0,0,0,0,40520,0,40520,74,675,2,1,20260711
E2,4,XEBFF-Conj,300000,common_018,3,common,35.6287,12.5892,0,0,3.7129,3.7129,51.9308,0,0,0,0,0,0,545540,0,545540,236464,9092,6756,1,20260711
E2,4,XEBFF-Conj,300000,common_026,3,common,130.982,42.511,0,0,15.2409,15.2409,188.734,0,0,0,0,0,0,1922840,0,1922840,936919,32047,26769,1,20260711
E2,4,XEBFF-Conj,300000,rare_009,3,rare,0.0603,0.0078,0,0,0.0067,0.0067,0.0748,0,0,0,0,0,0,260,0,260,39,4,1,1,20260711
E2,4,XEBFF-Conj,300000,common_010,3,common,64.5078,22.3013,0,0,5.7052,5.7052,92.5143,0,0,0,0,0,0,966320,0,966320,356934,16105,10198,1,20260711
E2,4,XEBFF-Conj,300000,medium_017,3,medium,0.0471,0.0038,0,0,0.0069,0.0069,0.0578,0,0,0,0,0,0,140,0,140,39,2,1,1,20260711
E2,4,XEBFF-Conj,300000,medium_008,3,medium,0.4214,0.1358,0,0,0.0011,0.0011,0.5583,0,0,0,0,0,0,6140,0,6140,39,102,1,1,20260711
E2,4,XEBFF-Conj,300000,medium_011,3,medium,0.5034,0.1653,0,0,0.0009,0.0009,0.6696,0,0,0,0,0,0,7580,0,7580,39,126,1,1,20260711
E2,4,XEBFF-Conj,300000,common_015,3,common,127.053,43.9707,0,0,2.7985,2.7985,173.822,0,0,0,0,0,0,1922840,0,1922840,155474,32047,4442,1,20260711
E2,4,XEBFF-Conj,300000,medium_002,3,medium,0.045,0.0041,0,0,0.0063,0.0063,0.0554,0,0,0,0,0,0,140,0,140,39,2,1,1,20260711
E2,4,XEBFF-Conj,300000,medium_024,3,medium,1.9402,0.642,0,0,0.0039,0.0039,2.5861,0,0,0,0,0,0,29300,0,29300,39,488,1,1,20260711
E2,4,XEBFF-Conj,300000,common_007,3,common,8.2016,4.0857,0,0,0.8206,0.8206,13.1079,0,0,0,0,0,0,128000,0,128000,50824,2133,1452,1,20260711
E2,4,XEBFF-Conj,300000,rare_023,3,rare,18.8972,6.3129,0,0,0.0396,0.0396,25.2497,0,0,0,0,0,0,286760,0,286760,1544,4779,44,1,20260711
E2,4,XEBFF-Conj,300000,common_005,3,common,94.3224,32.8794,0,0,2.0447,2.0447,129.246,0,0,0,0,0,0,1431140,0,1431140,123624,23852,3532,1,20260711
E2,4,XEBFF-Conj,300000,common_004,3,common,170.285,58.4211,0,0,7.2942,7.2942,236.001,0,0,0,0,0,0,2499740,0,2499740,453324,41662,12952,1,20260711
E2,4,XEBFF-Conj,300000,medium_001,3,medium,0.0451,0.0022,0,0,0.0081,0.0081,0.0554,0,0,0,0,0,0,80,0,80,39,1,1,1,20260711
E2,4,XEBFF-Conj,300000,medium_009,3,medium,0.6752,0.2288,0,0,0.0012,0.0012,0.9052,0,0,0,0,0,0,10160,0,10160,39,169,1,1,20260711
E2,4,XEBFF-Conj,300000,rare_003,3,rare,0.0238,0.0019,0,0,0.0013,0.0013,0.027,0,0,0,0,0,0,80,0,80,39,1,1,1,20260711
E2,4,XEBFF-Conj,300000,rare_018,3,rare,6.4888,2.1749,0,0,0.0047,0.0047,8.6684,0,0,0,0,0,0,99320,0,99320,39,1655,1,1,20260711
E2,4,XEBFF-Conj,300000,common_023,3,common,61.0643,21.4361,0,0,7.0268,7.0268,89.5272,0,0,0,0,0,0,927140,0,927140,436524,15452,12472,1,20260711
E2,4,XEBFF-Conj,300000,rare_013,3,rare,11.1976,3.7695,0,0,0.0268,0.0268,14.9939,0,0,0,0,0,0,172820,0,172820,1089,2880,31,1,20260711
E2,4,XEBFF-Conj,300000,common_017,3,common,33.0398,11.0882,0,0,3.6481,3.6481,47.7761,0,0,0,0,0,0,494300,0,494300,231949,8238,6627,1,20260711
E2,4,XEBFF-Conj,300000,common_024,3,common,296.352,99.489,0,0,42.758,42.758,438.599,0,0,0,0,0,0,4415060,0,4415060,2545239,73584,72721,1,20260711
E2,4,XEBFF-Conj,300000,common_022,3,common,55.6983,18.9758,0,0,6.2021,6.2021,80.8762,0,0,0,0,0,0,833180,0,833180,394909,13886,11283,1,20260711
E2,4,XEBFF-Conj,300000,common_002,3,common,27.807,9.937,0,0,0.7859,0.7859,38.5299,0,0,0,0,0,0,410360,0,410360,47919,6839,1369,1,20260711
E2,4,XEBFF-Conj,300000,rare_025,3,rare,0.9328,0.3022,0,0,0.0026,0.0026,1.2376,0,0,0,0,0,0,13880,0,13880,74,231,2,1,20260711
E2,4,XEBFF-Conj,300000,medium_003,3,medium,0.0273,0.0031,0,0,0.0009,0.0009,0.0313,0,0,0,0,0,0,140,0,140,39,2,1,1,20260711
E2,4,XEBFF-Conj,300000,medium_018,3,medium,0.24,0.0754,0,0,0.0009,0.0009,0.3163,0,0,0,0,0,0,3440,0,3440,39,57,1,1,20260711
E2,4,XEBFF-Conj,300000,common_014,3,common,101.917,33.5932,0,0,4.8076,4.8076,140.318,0,0,0,0,0,0,1484600,0,1484600,303454,24743,8670,1,20260711
E2,4,XEBFF-Conj,300000,medium_025,3,medium,0.26,0.0762,0,0,0.0064,0.0064,0.3426,0,0,0,0,0,0,3380,0,3380,39,56,1,1,20260711
E2,4,XEBFF-Conj,300000,rare_000,3,rare,0.2137,0.0666,0,0,0.0014,0.0014,0.2817,0,0,0,0,0,0,3020,0,3020,39,50,1,1,20260711
E2,4,XEBFF-Conj,300000,common_003,3,common,26.9213,9.3594,0,0,0.536,0.536,36.8167,0,0,0,0,0,0,410360,0,410360,31434,6839,898,1,20260711
E2,4,XEBFF-Conj,300000,medium_020,3,medium,0.2397,0.0751,0,0,0.0027,0.0027,0.3175,0,0,0,0,0,0,3320,0,3320,74,55,2,1,20260711
E2,4,XEBFF-Conj,300000,rare_012,3,rare,1.1035,0.3662,0,0,0.0104,0.0104,1.4801,0,0,0,0,0,0,16820,0,16820,494,280,14,1,20260711
E2,4,XEBFF-Conj,300000,rare_002,3,rare,1.5625,0.5314,0,0,0.0011,0.0011,2.095,0,0,0,0,0,0,24440,0,24440,39,407,1,1,20260711
E2,4,XEBFF-Conj,300000,medium_019,3,medium,0.2651,0.084,0,0,0.0012,0.0012,0.3503,0,0,0,0,0,0,3860,0,3860,39,64,1,1,20260711
E2,4,XEBFF-Conj,300000,common_019,3,common,104.094,35.4468,0,0,9.4131,9.4131,148.954,0,0,0,0,0,0,1543880,0,1543880,541524,25731,15472,1,20260711
E2,4,XEBFF-Conj,300000,rare_019,3,rare,10.2323,2.7581,0,0,0.0077,0.0077,12.9981,0,0,0,0,0,0,124100,0,124100,39,2068,1,1,20260711
E2,4,XEBFF-Conj,300000,common_020,3,common,95.0038,33.1218,0,0,4.0618,4.0618,132.187,0,0,0,0,0,0,1440020,0,1440020,217459,24000,6213,1,20260711
E2,4,XEBFF-Conj,300000,common_013,3,common,4.4149,1.4578,0,0,0.4581,0.4581,6.3308,0,0,0,0,0,0,66200,0,66200,28179,1103,805,1,20260711
E2,4,XEBFF-Conj,300000,rare_011,3,rare,0.0252,0.002,0,0,0.0011,0.0011,0.0283,0,0,0,0,0,0,80,0,80,39,1,1,1,20260711
E2,4,XEBFF-Conj,300000,rare_016,3,rare,1.7806,0.8566,0,0,0.0061,0.0061,2.6433,0,0,0,0,0,0,26540,0,26540,39,442,1,1,20260711
E2,4,XEBFF-Conj,300000,common_001,3,common,42.9526,15.2179,0,0,1.3298,1.3298,59.5003,0,0,0,0,0,0,653600,0,653600,80959,10893,2313,1,20260711
E2,4,XEBFF-Conj,300000,common_027,3,common,126.862,45.6039,0,0,14.7565,14.7565,187.222,0,0,0,0,0,0,1914260,0,1914260,935799,31904,26737,1,20260711
E2,4,XEBFF-Conj,300000,medium_016,3,medium,0.7521,0.2495,0,0,0.0045,0.0045,1.0061,0,0,0,0,0,0,11240,0,11240,39,187,1,1,20260711
E2,4,XEBFF-Conj,300000,rare_020,3,rare,0.0389,0.0072,0,0,0.0008,0.0008,0.0469,0,0,0,0,0,0,320,0,320,39,5,1,1,20260711
E2,4,XEBFF-Conj,300000,rare_021,3,rare,0.0699,0.0176,0,0,0.0008,0.0008,0.0883,0,0,0,0,0,0,800,0,800,39,13,1,1,20260711
E2,4,XEBFF-Conj,300000,common_009,3,common,111.538,38.6325,0,0,3.0481,3.0481,153.218,0,0,0,0,0,0,1678520,0,1678520,189704,27975,5420,1,20260711
E2,4,XEBFF-Conj,300000,common_012,3,common,26.0553,8.583,0,0,2.1112,2.1112,36.7495,0,0,0,0,0,0,385160,0,385160,124079,6419,3545,1,20260711
E2,4,XEBFF-Conj,300000,medium_015,3,medium,7.3094,2.4546,0,0,0.0039,0.0039,9.7679,0,0,0,0,0,0,112580,0,112580,39,1876,1,1,20260711
E2,4,XEBFF-Conj,300000,rare_004,3,rare,0.1645,0.0476,0,0,0.0014,0.0014,0.2135,0,0,0,0,0,0,2180,0,2180,39,36,1,1,20260711
E2,4,XEBFF-Conj,300000,common_011,3,common,61.1018,21.092,0,0,7.424,7.424,89.6178,0,0,0,0,0,0,915380,0,915380,464454,15256,13270,1,20260711
E2,4,XEBFF-Conj,300000,medium_013,3,medium,2.4896,0.846,0,0,0.0105,0.0105,3.3461,0,0,0,0,0,0,34400,0,34400,144,573,4,1,20260711
E2,4,XEBFF-Conj,300000,common_025,3,common,51.3298,17.2476,0,0,4.4636,4.4636,73.041,0,0,0,0,0,0,761360,0,761360,283959,12689,8113,1,20260711
E2,4,XEBFF-Conj,300000,common_006,3,common,11.5292,3.8279,0,0,0.2989,0.2989,15.656,0,0,0,0,0,0,174920,0,174920,17574,2915,502,1,20260711
E2,4,XEBFF-Conj,300000,common_008,3,common,62.8176,21.1604,0,0,2.2167,2.2167,86.1947,0,0,0,0,0,0,927140,0,927140,135734,15452,3878,1,20260711
E2,4,XEBFF-Conj,300000,common_021,3,common,62.5946,21.447,0,0,5.1819,5.1819,89.2235,0,0,0,0,0,0,927140,0,927140,324244,15452,9264,1,20260711
E2,4,XEBFF-Conj,300000,common_000,3,common,49.5117,17.4219,0,0,2.5095,2.5095,69.4431,0,0,0,0,0,0,738080,0,738080,148474,12301,4242,1,20260711
E2,4,XEBFF-Conj,300000,common_016,3,common,126.362,40.5175,0,0,7.5107,7.5107,174.391,0,0,0,0,0,0,1803020,0,1803020,457559,30050,13073,1,20260711
E2,4,XEBFF-Conj,300000,medium_005,3,medium,0.6953,0.2238,0,0,0.0107,0.0107,0.9298,0,0,0,0,0,0,10100,0,10100,249,168,7,1,20260711
E2,4,Doris,300000,rare_006,3,rare,0.0338,0.0038,0,0,0.0031,0.0031,0.0407,0,0,0,0,0,0,140,0,140,39,2,1,1,20260711
E2,4,Doris,300000,medium_000,3,medium,0.6908,0.2741,0,0,0.0036,0.0036,0.9685,0,0,0,0,0,0,10580,0,10580,109,176,3,1,20260711
E2,4,Doris,300000,rare_022,3,rare,1.5629,0.5328,0,0,0.0039,0.0039,2.0996,0,0,0,0,0,0,24140,0,24140,144,402,4,1,20260711
E2,4,Doris,300000,medium_022,3,medium,8.5507,2.7929,0,0,0.0063,0.0063,11.3499,0,0,0,0,0,0,126500,0,126500,109,2108,3,1,20260711
E2,4,Doris,300000,rare_024,3,rare,14.0911,4.7493,0,0,0.0236,0.0236,18.864,0,0,0,0,0,0,213500,0,213500,774,3558,22,1,20260711
E2,4,Doris,300000,rare_014,3,rare,0.1446,0.0462,0,0,0.0012,0.0012,0.192,0,0,0,0,0,0,2060,0,2060,39,34,1,1,20260711
E2,4,Doris,300000,rare_010,3,rare,1.0101,0.3425,0,0,0.0016,0.0016,1.3542,0,0,0,0,0,0,15440,0,15440,39,257,1,1,20260711
E2,4,Doris,300000,medium_004,3,medium,0.0153,0.0031,0,0,0.0007,0.0007,0.0191,0,0,0,0,0,0,140,0,140,39,2,1,1,20260711
E2,4,Doris,300000,rare_017,3,rare,0.2803,0.0945,0,0,0.0008,0.0008,0.3756,0,0,0,0,0,0,4280,0,4280,39,71,1,1,20260711
E2,4,Doris,300000,medium_012,3,medium,1.0523,0.3518,0,0,0.0011,0.0011,1.4052,0,0,0,0,0,0,16100,0,16100,39,268,1,1,20260711
E2,4,Doris,300000,rare_005,3,rare,0.2184,0.0584,0,0,0.0009,0.0009,0.2777,0,0,0,0,0,0,2600,0,2600,39,43,1,1,20260711
E2,4,Doris,300000,medium_023,3,medium,2.0835,0.8218,0,0,0.0037,0.0037,2.909,0,0,0,0,0,0,31220,0,31220,39,520,1,1,20260711
E2,4,Doris,300000,rare_007,3,rare,0.1943,0.0609,0,0,0.0012,0.0012,0.2564,0,0,0,0,0,0,2660,0,2660,39,44,1,1,20260711
E2,4,Doris,300000,medium_010,3,medium,0.0147,0.0032,0,0,0.0013,0.0013,0.0192,0,0,0,0,0,0,140,0,140,39,2,1,1,20260711
E2,4,Doris,300000,medium_007,3,medium,0.0596,0.0175,0,0,0.0012,0.0012,0.0783,0,0,0,0,0,0,800,0,800,39,13,1,1,20260711
E2,4,Doris,300000,medium_006,3,medium,0.0195,0.0031,0,0,0.0008,0.0008,0.0234,0,0,0,0,0,0,140,0,140,39,2,1,1,20260711
E2,4,Doris,300000,rare_001,3,rare,0.6917,0.232,0,0,0.0009,0.0009,0.9246,0,0,0,0,0,0,10640,0,10640,39,177,1,1,20260711
E2,4,Doris,300000,medium_014,3,medium,0.6646,0.2255,0,0,0.0083,0.0083,0.8984,0,0,0,0,0,0,10160,0,10160,354,169,10,1,20260711
E2,4,Doris,300000,medium_021,3,medium,0.2044,0.0675,0,0,0.0009,0.0009,0.2728,0,0,0,0,0,0,3080,0,3080,39,51,1,1,20260711
E2,4,Doris,300000,rare_008,3,rare,2.9751,1.6484,0,0,0.0139,0.0139,4.6374,0,0,0,0,0,0,46160,0,46160,284,769,8,1,20260711
E2,4,Doris,300000,rare_015,3,rare,2.7392,0.8971,0,0,0.005,0.005,3.6413,0,0,0,0,0,0,40520,0,40520,74,675,2,1,20260711
E2,4,Doris,300000,common_018,3,common,35.9015,13.0179,0,0,4.1556,4.1556,53.075,0,0,0,0,0,0,545540,0,545540,236464,9092,6756,1,20260711
E2,4,Doris,300000,common_026,3,common,127.934,46.056,0,0,15.3047,15.3047,189.294,0,0,0,0,0,0,1922840,0,1922840,936919,32047,26769,1,20260711
E2,4,Doris,300000,rare_009,3,rare,0.0619,0.0074,0,0,0.0062,0.0062,0.0755,0,0,0,0,0,0,260,0,260,39,4,1,1,20260711
E2,4,Doris,300000,common_010,3,common,65.334,23.4749,0,0,6.2251,6.2251,95.034,0,0,0,0,0,0,966320,0,966320,356934,16105,10198,1,20260711
E2,4,Doris,300000,medium_017,3,medium,0.0336,0.0037,0,0,0.0063,0.0063,0.0436,0,0,0,0,0,0,140,0,140,39,2,1,1,20260711
E2,4,Doris,300000,medium_008,3,medium,0.4151,0.1376,0,0,0.0013,0.0013,0.554,0,0,0,0,0,0,6140,0,6140,39,102,1,1,20260711
E2,4,Doris,300000,medium_011,3,medium,0.491,0.1698,0,0,0.001,0.001,0.6618,0,0,0,0,0,0,7580,0,7580,39,126,1,1,20260711
E2,4,Doris,300000,common_015,3,common,128.462,44.545,0,0,2.627,2.627,175.634,0,0,0,0,0,0,1922840,0,1922840,155474,32047,4442,1,20260711
E2,4,Doris,300000,medium_002,3,medium,0.035,0.004,0,0,0.0069,0.0069,0.0459,0,0,0,0,0,0,140,0,140,39,2,1,1,20260711
E2,4,Doris,300000,medium_024,3,medium,1.906,0.6427,0,0,0.0035,0.0035,2.5522,0,0,0,0,0,0,29300,0,29300,39,488,1,1,20260711
E2,4,Doris,300000,common_007,3,common,8.2547,3.1278,0,0,0.8331,0.8331,12.2156,0,0,0,0,0,0,128000,0,128000,50824,2133,1452,1,20260711
E2,4,Doris,300000,rare_023,3,rare,19.5963,6.4779,0,0,0.0401,0.0401,26.1143,0,0,0,0,0,0,286760,0,286760,1544,4779,44,1,20260711
E2,4,Doris,300000,common_005,3,common,95.1854,34.7753,0,0,2.0578,2.0578,132.018,0,0,0,0,0,0,1431140,0,1431140,123624,23852,3532,1,20260711
E2,4,Doris,300000,common_004,3,common,168.035,58.1718,0,0,7.3286,7.3286,233.535,0,0,0,0,0,0,2499740,0,2499740,453324,41662,12952,1,20260711
E2,4,Doris,300000,medium_001,3,medium,0.0331,0.0027,0,0,0.0059,0.0059,0.0417,0,0,0,0,0,0,80,0,80,39,1,1,1,20260711
E2,4,Doris,300000,medium_009,3,medium,0.6672,0.2257,0,0,0.0013,0.0013,0.8942,0,0,0,0,0,0,10160,0,10160,39,169,1,1,20260711
E2,4,Doris,300000,rare_003,3,rare,0.0119,0.0017,0,0,0.0009,0.0009,0.0145,0,0,0,0,0,0,80,0,80,39,1,1,1,20260711
E2,4,Doris,300000,rare_018,3,rare,6.6053,2.2095,0,0,0.0051,0.0051,8.8199,0,0,0,0,0,0,99320,0,99320,39,1655,1,1,20260711
E2,4,Doris,300000,common_023,3,common,62.5815,21.6983,0,0,7.1352,7.1352,91.415,0,0,0,0,0,0,927140,0,927140,436524,15452,12472,1,20260711
E2,4,Doris,300000,rare_013,3,rare,12.5345,3.8811,0,0,0.0307,0.0307,16.4463,0,0,0,0,0,0,172820,0,172820,1089,2880,31,1,20260711
E2,4,Doris,300000,common_017,3,common,32.9137,11.2744,0,0,4.0365,4.0365,48.2246,0,0,0,0,0,0,494300,0,494300,231949,8238,6627,1,20260711
E2,4,Doris,300000,common_024,3,common,298.957,102.478,0,0,41.5293,41.5293,442.964,0,0,0,0,0,0,4415060,0,4415060,2545239,73584,72721,1,20260711
E2,4,Doris,300000,common_022,3,common,55.2107,20.1193,0,0,6.336,6.336,81.666,0,0,0,0,0,0,833180,0,833180,394909,13886,11283,1,20260711
E2,4,Doris,300000,common_002,3,common,27.5805,9.5908,0,0,0.8248,0.8248,37.9961,0,0,0,0,0,0,410360,0,410360,47919,6839,1369,1,20260711
E2,4,Doris,300000,rare_025,3,rare,0.9173,0.324,0,0,0.0033,0.0033,1.2446,0,0,0,0,0,0,13880,0,13880,74,231,2,1,20260711
E2,4,Doris,300000,medium_003,3,medium,0.0154,0.0031,0,0,0.001,0.001,0.0195,0,0,0,0,0,0,140,0,140,39,2,1,1,20260711
E2,4,Doris,300000,medium_018,3,medium,0.2304,0.0813,0,0,0.001,0.001,0.3127,0,0,0,0,0,0,3440,0,3440,39,57,1,1,20260711
E2,4,Doris,300000,common_014,3,common,103.026,34.8351,0,0,4.9423,4.9423,142.803,0,0,0,0,0,0,1484600,0,1484600,303454,24743,8670,1,20260711
E2,4,Doris,300000,medium_025,3,medium,0.2578,0.0839,0,0,0.005,0.005,0.3467,0,0,0,0,0,0,3380,0,3380,39,56,1,1,20260711
E2,4,Doris,300000,rare_000,3,rare,0.2011,0.151,0,0,0.002,0.002,0.3541,0,0,0,0,0,0,3020,0,3020,39,50,1,1,20260711
E2,4,Doris,300000,common_003,3,common,27.5318,9.5075,0,0,0.5358,0.5358,37.5751,0,0,0,0,0,0,410360,0,410360,31434,6839,898,1,20260711
E2,4,Doris,300000,medium_020,3,medium,0.2368,0.0752,0,0,0.0032,0.0032,0.3152,0,0,0,0,0,0,3320,0,3320,74,55,2,1,20260711
E2,4,Doris,300000,rare_012,3,rare,1.2421,0.3734,0,0,0.0129,0.0129,1.6284,0,0,0,0,0,0,16820,0,16820,494,280,14,1,20260711
E2,4,Doris,300000,rare_002,3,rare,1.5697,0.5339,0,0,0.0016,0.0016,2.1052,0,0,0,0,0,0,24440,0,24440,39,407,1,1,20260711
E2,4,Doris,300000,medium_019,3,medium,0.1783,0.0585,0,0,0.0009,0.0009,0.2377,0,0,0,0,0,0,2660,0,2660,39,44,1,1,20260711
E2,4,Doris,300000,common_019,3,common,103.989,36.2438,0,0,9.0218,9.0218,149.254,0,0,0,0,0,0,1543880,0,1543880,541524,25731,15472,1,20260711
E2,4,Doris,300000,rare_019,3,rare,8.3119,2.7337,0,0,0.007,0.007,11.0526,0,0,0,0,0,0,124100,0,124100,39,2068,1,1,20260711
E2,4,Doris,300000,common_020,3,common,95.4793,34.7253,0,0,3.7725,3.7725,133.977,0,0,0,0,0,0,1440020,0,1440020,217459,24000,6213,1,20260711
E2,4,Doris,300000,common_013,3,common,4.4433,1.4711,0,0,0.4672,0.4672,6.3816,0,0,0,0,0,0,66200,0,66200,28179,1103,805,1,20260711
E2,4,Doris,300000,rare_011,3,rare,0.0153,0.0023,0,0,0.002,0.002,0.0196,0,0,0,0,0,0,80,0,80,39,1,1,1,20260711
E2,4,Doris,300000,rare_016,3,rare,1.7235,0.5836,0,0,0.0022,0.0022,2.3093,0,0,0,0,0,0,26540,0,26540,39,442,1,1,20260711
E2,4,Doris,300000,common_001,3,common,43.0311,16.3781,0,0,1.3506,1.3506,60.7598,0,0,0,0,0,0,653600,0,653600,80959,10893,2313,1,20260711
E2,4,Doris,300000,common_027,3,common,127.263,45.3579,0,0,15.6767,15.6767,188.298,0,0,0,0,0,0,1914260,0,1914260,935799,31904,26737,1,20260711
E2,4,Doris,300000,medium_016,3,medium,0.8,0.2533,0,0,0.0061,0.0061,1.0594,0,0,0,0,0,0,11240,0,11240,39,187,1,1,20260711
E2,4,Doris,300000,rare_020,3,rare,0.0273,0.0076,0,0,0.0011,0.0011,0.036,0,0,0,0,0,0,320,0,320,39,5,1,1,20260711
E2,4,Doris,300000,rare_021,3,rare,0.0591,0.0176,0,0,0.0008,0.0008,0.0775,0,0,0,0,0,0,800,0,800,39,13,1,1,20260711
E2,4,Doris,300000,common_009,3,common,112.402,40.2442,0,0,3.2076,3.2076,155.854,0,0,0,0,0,0,1678520,0,1678520,189704,27975,5420,1,20260711
E2,4,Doris,300000,common_012,3,common,25.884,8.6943,0,0,2.1267,2.1267,36.705,0,0,0,0,0,0,385160,0,385160,124079,6419,3545,1,20260711
E2,4,Doris,300000,medium_015,3,medium,7.311,2.4637,0,0,0.0067,0.0067,9.7814,0,0,0,0,0,0,112580,0,112580,39,1876,1,1,20260711
E2,4,Doris,300000,rare_004,3,rare,0.1485,0.0484,0,0,0.0011,0.0011,0.198,0,0,0,0,0,0,2180,0,2180,39,36,1,1,20260711
E2,4,Doris,300000,common_011,3,common,61.5703,22.3169,0,0,7.3913,7.3913,91.2785,0,0,0,0,0,0,915380,0,915380,464454,15256,13270,1,20260711
E2,4,Doris,300000,medium_013,3,medium,2.171,0.6536,0,0,0.0097,0.0097,2.8343,0,0,0,0,0,0,29600,0,29600,144,493,4,1,20260711
E2,4,Doris,300000,common_025,3,common,51.2425,17.5357,0,0,4.7363,4.7363,73.5145,0,0,0,0,0,0,761360,0,761360,283959,12689,8113,1,20260711
E2,4,Doris,300000,common_006,3,common,11.8928,4.2735,0,0,0.3673,0.3673,16.5336,0,0,0,0,0,0,174920,0,174920,17574,2915,502,1,20260711
E2,4,Doris,300000,common_008,3,common,61.6529,21.9672,0,0,2.304,2.304,85.9241,0,0,0,0,0,0,927140,0,927140,135734,15452,3878,1,20260711
E2,4,Doris,300000,common_021,3,common,61.4552,21.636,0,0,5.159,5.159,88.2502,0,0,0,0,0,0,927140,0,927140,324244,15452,9264,1,20260711
E2,4,Doris,300000,common_000,3,common,50.1346,17.4859,0,0,2.4856,2.4856,70.1061,0,0,0,0,0,0,738080,0,738080,148474,12301,4242,1,20260711
E2,4,Doris,300000,common_016,3,common,120.752,43.1065,0,0,8.9585,8.9585,172.817,0,0,0,0,0,0,1803020,0,1803020,457559,30050,13073,1,20260711
E2,4,Doris,300000,medium_005,3,medium,0.6864,0.225,0,0,0.0117,0.0117,0.9231,0,0,0,0,0,0,10100,0,10100,249,168,7,1,20260711
E2,4,Ren,300000,rare_006,3,rare,0.0151,0.0039,0,0,0.0009,0.0009,0.0199,0,0,0,0,0,0,172,0,172,47,2,1,1,20260711
E2,4,Ren,300000,medium_000,3,medium,0.0111,0.3168,0,0,0.0024,0.0024,0.3303,0,0,0,0,0,0,172,0,172,125,176,3,1,20260711
E2,4,Ren,300000,rare_022,3,rare,0.0107,1.0436,0,0,0.0108,0.0108,1.0651,0,0,0,0,0,0,172,0,172,164,402,4,1,20260711
E2,4,Ren,300000,medium_022,3,medium,0.0151,2.3773,0,0.0001,0.0041,0.0041,2.3965,0,0,0,0,0,0,172,0,172,125,2108,3,1,20260711
E2,4,Ren,300000,rare_024,3,rare,0.0122,3.7067,0,0.0001,0.0144,0.0144,3.7333,0,0,0,0,0,0,172,0,172,866,3558,22,1,20260711
E2,4,Ren,300000,rare_014,3,rare,0.0121,0.0368,0,0,0.0008,0.0008,0.0497,0,0,0,0,0,0,172,0,172,47,34,1,1,20260711
E2,4,Ren,300000,rare_010,3,rare,0.0105,0.2696,0,0,0.0007,0.0007,0.2808,0,0,0,0,0,0,172,0,172,47,257,1,1,20260711
E2,4,Ren,300000,medium_004,3,medium,0.0105,0.0037,0,0,0.0008,0.0008,0.015,0,0,0,0,0,0,172,0,172,47,2,1,1,20260711
E2,4,Ren,300000,rare_017,3,rare,0.0103,0.0874,0,0,0.0007,0.0007,0.0984,0,0,0,0,0,0,172,0,172,47,71,1,1,20260711
E2,4,Ren,300000,medium_012,3,medium,0.0103,0.3677,0,0,0.0008,0.0008,0.3788,0,0,0,0,0,0,172,0,172,47,268,1,1,20260711
E2,4,Ren,300000,rare_005,3,rare,0.0105,0.0462,0,0,0.0008,0.0008,0.0575,0,0,0,0,0,0,172,0,172,47,43,1,1,20260711
E2,4,Ren,300000,medium_023,3,medium,0.0101,0.5562,0,0,0.0008,0.0008,0.5671,0,0,0,0,0,0,172,0,172,47,520,1,1,20260711
E2,4,Ren,300000,rare_007,3,rare,0.0103,0.0509,0,0,0.0007,0.0007,0.0619,0,0,0,0,0,0,172,0,172,47,44,1,1,20260711
E2,4,Ren,300000,medium_010,3,medium,0.0102,0.004,0,0,0.0007,0.0007,0.0149,0,0,0,0,0,0,172,0,172,47,2,1,1,20260711
E2,4,Ren,300000,medium_007,3,medium,0.0103,0.0153,0,0,0.0008,0.0008,0.0264,0,0,0,0,0,0,172,0,172,47,13,1,1,20260711
E2,4,Ren,300000,medium_006,3,medium,0.0104,0.0039,0,0,0.0008,0.0008,0.0151,0,0,0,0,0,0,172,0,172,47,2,1,1,20260711
E2,4,Ren,300000,rare_001,3,rare,0.0102,0.2144,0,0,0.0007,0.0007,0.2253,0,0,0,0,0,0,172,0,172,47,177,1,1,20260711
E2,4,Ren,300000,medium_014,3,medium,0.0104,0.1857,0,0,0.0061,0.0061,0.2022,0,0,0,0,0,0,172,0,172,398,169,10,1,20260711
E2,4,Ren,300000,medium_021,3,medium,0.0102,0.0533,0,0,0.0008,0.0008,0.0643,0,0,0,0,0,0,172,0,172,47,51,1,1,20260711
E2,4,Ren,300000,rare_008,3,rare,0.0103,0.7947,0,0,0.0048,0.0048,0.8098,0,0,0,0,0,0,172,0,172,320,769,8,1,20260711
E2,4,Ren,300000,rare_015,3,rare,0.0104,0.691,0,0,0.0014,0.0014,0.7028,0,0,0,0,0,0,172,0,172,86,675,2,1,20260711
E2,4,Ren,300000,common_018,3,common,0.0103,19.3047,0,0,3.7961,3.7961,23.1111,0,0,0,0,0,0,172,0,172,263492,9092,6756,1,20260711
E2,4,Ren,300000,common_026,3,common,0.0171,69.9509,0,0.0001,14.7059,14.7059,84.6739,0,0,0,0,0,0,172,0,172,1043999,32047,26769,1,20260711
E2,4,Ren,300000,rare_009,3,rare,0.0263,0.0074,0,0,0.0077,0.0077,0.0414,0,0,0,0,0,0,172,0,172,47,4,1,1,20260711
E2,4,Ren,300000,common_010,3,common,0.011,28.2474,0,0,6.0065,6.0065,34.2649,0,0,0,0,0,0,172,0,172,397730,16105,10198,1,20260711
E2,4,Ren,300000,medium_017,3,medium,0.0233,0.0049,0,0.0001,0.0054,0.0054,0.0336,0,0,0,0,0,0,172,0,172,47,2,1,1,20260711
E2,4,Ren,300000,medium_008,3,medium,0.0108,0.1154,0,0.0001,0.0009,0.0009,0.1271,0,0,0,0,0,0,172,0,172,47,102,1,1,20260711
E2,4,Ren,300000,medium_011,3,medium,0.0103,0.13,0,0,0.0009,0.0009,0.1412,0,0,0,0,0,0,172,0,172,47,126,1,1,20260711
E2,4,Ren,300000,common_015,3,common,0.0108,39.5526,0,0,2.4063,2.4063,41.9697,0,0,0,0,0,0,172,0,172,173246,32047,4442,1,20260711
E2,4,Ren,300000,medium_002,3,medium,0.019,0.0043,0,0,0.0017,0.0017,0.025,0,0,0,0,0,0,172,0,172,47,2,1,1,20260711
E2,4,Ren,300000,medium_024,3,medium,0.0105,0.5211,0,0,0.001,0.001,0.5326,0,0,0,0,0,0,172,0,172,47,488,1,1,20260711
E2,4,Ren,300000,common_007,3,common,0.0119,3.8485,0,0.0001,0.783,0.783,4.6434,0,0,0,0,0,0,172,0,172,56636,2133,1452,1,20260711
E2,4,Ren,300000,rare_023,3,rare,0.0135,8.8158,0,0,0.0298,0.0298,8.8591,0,0,0,0,0,0,172,0,172,1724,4779,44,1,20260711
E2,4,Ren,300000,common_005,3,common,0.014,29.8564,0,0.0001,1.9114,1.9114,31.7818,0,0,0,0,0,0,172,0,172,137756,23852,3532,1,20260711
E2,4,Ren,300000,common_004,3,common,0.0156,58.8768,0,0,7.0454,7.0454,65.9378,0,0,0,0,0,0,172,0,172,505136,41662,12952,1,20260711
E2,4,Ren,300000,medium_001,3,medium,0.0221,0.0044,0,0,0.0045,0.0045,0.031,0,0,0,0,0,0,172,0,172,47,1,1,1,20260711
E2,4,Ren,300000,medium_009,3,medium,0.0113,0.1801,0,0,0.0009,0.0009,0.1923,0,0,0,0,0,0,172,0,172,47,169,1,1,20260711
E2,4,Ren,300000,rare_003,3,rare,0.0109,0.0026,0,0,0.0008,0.0008,0.0143,0,0,0,0,0,0,172,0,172,47,1,1,1,20260711
E2,4,Ren,300000,rare_018,3,rare,0.0103,1.7304,0,0,0.0013,0.0013,1.742,0,0,0,0,0,0,172,0,172,47,1655,1,1,20260711
E2,4,Ren,300000,common_023,3,common,0.0105,33.806,0,0,6.8321,6.8321,40.6486,0,0,0,0,0,0,172,0,172,486416,15452,12472,1,20260711
E2,4,Ren,300000,rare_013,3,rare,0.0252,5.8875,0,0.0001,0.0258,0.0258,5.9385,0,0,0,0,0,0,172,0,172,1217,2880,31,1,20260711
E2,4,Ren,300000,common_017,3,common,0.013,17.4691,0,0,3.5686,3.5686,21.0507,0,0,0,0,0,0,172,0,172,258461,8238,6627,1,20260711
E2,4,Ren,300000,common_024,3,common,0.0177,158.88,0,0,41.0308,41.0308,199.928,0,0,0,0,0,0,172,0,172,2836127,73584,72721,1,20260711
E2,4,Ren,300000,common_022,3,common,0.0268,30.431,0,0,6.1104,6.1104,36.5682,0,0,0,0,0,0,172,0,172,440045,13886,11283,1,20260711
E2,4,Ren,300000,common_002,3,common,0.0233,9.6721,0,0.0001,0.759,0.759,10.4544,0,0,0,0,0,0,172,0,172,53399,6839,1369,1,20260711
E2,4,Ren,300000,rare_025,3,rare,0.0121,0.2397,0,0,0.0015,0.0015,0.2533,0,0,0,0,0,0,172,0,172,86,231,2,1,20260711
E2,4,Ren,300000,medium_003,3,medium,0.0104,0.0038,0,0,0.0008,0.0008,0.015,0,0,0,0,0,0,172,0,172,47,2,1,1,20260711
E2,4,Ren,300000,medium_018,3,medium,0.0104,0.0592,0,0,0.0008,0.0008,0.0704,0,0,0,0,0,0,172,0,172,47,57,1,1,20260711
E2,4,Ren,300000,common_014,3,common,0.0108,37.7226,0,0,4.9005,4.9005,42.6339,0,0,0,0,0,0,172,0,172,338138,24743,8670,1,20260711
E2,4,Ren,300000,medium_025,3,medium,0.0234,0.0616,0,0.0001,0.005,0.005,0.09,0,0,0,0,0,0,172,0,172,47,56,1,1,20260711
E2,4,Ren,300000,rare_000,3,rare,0.0107,0.0537,0,0.0001,0.0009,0.0009,0.0653,0,0,0,0,0,0,172,0,172,47,50,1,1,20260711
E2,4,Ren,300000,common_003,3,common,0.0106,8.4166,0,0,0.5068,0.5068,8.934,0,0,0,0,0,0,172,0,172,35030,6839,898,1,20260711
E2,4,Ren,300000,medium_020,3,medium,0.0145,0.0941,0,0.0001,0.0016,0.0016,0.1102,0,0,0,0,0,0,172,0,172,86,55,2,1,20260711
E2,4,Ren,300000,rare_012,3,rare,0.0111,0.3049,0,0,0.008,0.008,0.324,0,0,0,0,0,0,172,0,172,554,280,14,1,20260711
E2,4,Ren,300000,rare_002,3,rare,0.0104,0.4452,0,0,0.0014,0.0014,0.457,0,0,0,0,0,0,172,0,172,47,407,1,1,20260711
E2,4,Ren,300000,medium_019,3,medium,0.0113,0.0465,0,0.0001,0.001,0.001,0.0588,0,0,0,0,0,0,172,0,172,47,44,1,1,20260711
E2,4,Ren,300000,common_019,3,common,0.0104,47.361,0,0.0001,8.4342,8.4342,55.8056,0,0,0,0,0,0,172,0,172,603416,25731,15472,1,20260711
E2,4,Ren,300000,rare_019,3,rare,0.023,2.5357,0,0.0001,0.0093,0.0093,2.568,0,0,0,0,0,0,172,0,172,47,2068,1,1,20260711
E2,4,Ren,300000,common_020,3,common,0.0138,42.6958,0,0,3.5432,3.5432,46.2528,0,0,0,0,0,0,172,0,172,242315,24000,6213,1,20260711
E2,4,Ren,300000,common_013,3,common,0.02,2.2659,0,0,0.4368,0.4368,2.7227,0,0,0,0,0,0,172,0,172,31403,1103,805,1,20260711
E2,4,Ren,300000,rare_011,3,rare,0.012,0.0028,0,0,0.0009,0.0009,0.0157,0,0,0,0,0,0,172,0,172,47,1,1,1,20260711
E2,4,Ren,300000,rare_016,3,rare,0.0107,0.4556,0,0,0.0008,0.0008,0.4671,0,0,0,0,0,0,172,0,172,47,442,1,1,20260711
E2,4,Ren,300000,common_001,3,common,0.0129,14.1115,0,0,1.3246,1.3246,15.449,0,0,0,0,0,0,172,0,172,90215,10893,2313,1,20260711
E2,4,Ren,300000,common_027,3,common,0.0231,68.5769,0,0.0001,14.8274,14.8274,83.4274,0,0,0,0,0,0,172,0,172,1042751,31904,26737,1,20260711
E2,4,Ren,300000,medium_016,3,medium,0.0301,0.2875,0,0,0.0081,0.0081,0.3257,0,0,0,0,0,0,172,0,172,47,187,1,1,20260711
E2,4,Ren,300000,rare_020,3,rare,0.0116,0.0068,0,0,0.001,0.001,0.0194,0,0,0,0,0,0,172,0,172,47,5,1,1,20260711
E2,4,Ren,300000,rare_021,3,rare,0.0107,0.0157,0,0,0.0008,0.0008,0.0272,0,0,0,0,0,0,172,0,172,47,13,1,1,20260711
E2,4,Ren,300000,common_009,3,common,0.0103,45.5103,0,0,2.921,2.921,48.4416,0,0,0,0,0,0,172,0,172,211388,27975,5420,1,20260711
E2,4,Ren,300000,common_012,3,common,0.0203,12.1967,0,0.0001,1.9055,1.9055,14.1225,0,0,0,0,0,0,172,0,172,138263,6419,3545,1,20260711
E2,4,Ren,300000,medium_015,3,medium,0.0142,1.9699,0,0.0001,0.0029,0.0029,1.987,0,0,0,0,0,0,172,0,172,47,1876,1,1,20260711
E2,4,Ren,300000,rare_004,3,rare,0.0108,0.0408,0,0,0.0007,0.0007,0.0523,0,0,0,0,0,0,172,0,172,47,36,1,1,20260711
E2,4,Ren,300000,common_011,3,common,0.0111,31.1337,0,0,7.2462,7.2462,38.391,0,0,0,0,0,0,172,0,172,517538,15256,13270,1,20260711
E2,4,Ren,300000,medium_013,3,medium,0.0212,0.5264,0,0.0001,0.0076,0.0076,0.5552,0,0,0,0,0,0,172,0,172,164,493,4,1,20260711
E2,4,Ren,300000,common_025,3,common,0.0106,23.2394,0,0.0001,5.1216,5.1216,28.3716,0,0,0,0,0,0,172,0,172,316415,12689,8113,1,20260711
E2,4,Ren,300000,common_006,3,common,0.0272,3.8037,0,0,0.329,0.329,4.1599,0,0,0,0,0,0,172,0,172,19586,2915,502,1,20260711
E2,4,Ren,300000,common_008,3,common,0.0142,32.8454,0,0.0001,2.1078,2.1078,34.9674,0,0,0,0,0,0,172,0,172,151250,15452,3878,1,20260711
E2,4,Ren,300000,common_021,3,common,0.019,33.1147,0,0,5.0828,5.0828,38.2165,0,0,0,0,0,0,172,0,172,361304,15452,9264,1,20260711
E2,4,Ren,300000,common_000,3,common,0.024,20.1072,0,0,2.7758,2.7758,22.907,0,0,0,0,0,0,172,0,172,165446,12301,4242,1,20260711
E2,4,Ren,300000,common_016,3,common,0.0177,56.3177,0,0.0001,7.5175,7.5175,63.8529,0,0,0,0,0,0,172,0,172,509855,30050,13073,1,20260711
E2,4,Ren,300000,medium_005,3,medium,0.024,0.2268,0,0.0001,0.016,0.016,0.2668,0,0,0,0,0,0,172,0,172,281,168,7,1,20260711
E2,4,SliceBF,300000,medium_022,4,medium,0.0378,0.1356,2.7281,0.3415,0.0094,3.079,3.2524,2,300672,0,0,1,64,808,25280,812,325952,1,1,1,20260711
E2,4,SliceBF,300000,medium_015,4,medium,0.0389,0.1432,2.6258,0.3415,0.0146,2.9819,3.164,2,300672,0,0,1,64,808,41664,812,342336,1,1,1,20260711
E2,4,SliceBF,300000,rare_013,4,rare,0.0392,0.1407,1.9521,0.3453,0.0121,2.3095,2.4894,2,300672,0,0,1,64,808,25280,812,325952,1,1,1,20260711
E2,4,SliceBF,300000,medium_018,4,medium,0.0391,0.1371,1.8195,0.3415,0.0112,2.1722,2.3484,2,300672,0,0,1,64,808,41664,812,342336,1,1,1,20260711
E2,4,SliceBF,300000,common_013,4,common,0.038,0.1994,3.261,0.3455,0.8303,4.4368,4.6742,2,300672,0,0,201,12864,808,6752448,1612,7053120,208,208,1,20260711
E2,4,SliceBF,300000,rare_007,4,rare,0.0398,0.1402,2.466,0.3755,0.0154,2.8569,3.0369,2,300672,0,0,1,64,808,25280,812,325952,1,1,1,20260711
E2,4,SliceBF,300000,common_007,4,common,0.0388,0.4356,4.0821,0.3593,8.0638,12.5052,12.9796,2,300672,0,0,1080,69120,808,47553024,5128,47853696,1363,1363,1,20260711
E2,4,SliceBF,300000,medium_003,4,medium,0.0514,0.1381,3.8549,0.5429,0.0263,4.4241,4.6136,2,300672,0,0,1,64,808,41664,812,342336,1,1,1,20260711
E2,4,SliceBF,300000,rare_015,4,rare,0.0421,0.1431,2.0108,0.3484,0.0149,2.3741,2.5593,2,300672,0,0,1,64,808,41664,812,342336,1,1,1,20260711
E2,4,SliceBF,300000,medium_013,4,medium,0.0395,0.1629,2.7632,0.388,0.0257,3.1769,3.3793,2,300672,0,0,2,128,808,116096,816,416768,2,2,1,20260711
E2,4,SliceBF,300000,rare_020,4,rare,0.0396,0.1449,3.4513,0.3478,0.0128,3.8119,3.9964,2,300672,0,0,1,64,808,25280,812,325952,1,1,1,20260711
E2,4,SliceBF,300000,rare_016,4,rare,0.0389,0.1344,3.0252,0.3417,0.0252,3.3921,3.5654,2,300672,0,0,4,256,808,125696,824,426368,4,4,1,20260711
E2,4,SliceBF,300000,common_019,4,common,0.0385,1.1527,3.1062,0.4171,34.5535,38.0768,39.268,2,300672,0,0,3344,214016,808,133000192,14184,133300864,7649,7649,1,20260711
E2,4,SliceBF,300000,medium_021,4,medium,0.0515,0.1542,3.6917,0.3432,0.0131,4.048,4.2537,2,300672,0,0,1,64,808,25280,812,325952,1,1,1,20260711
E2,4,SliceBF,300000,rare_011,4,rare,0.0395,0.1505,2.2332,0.3418,0.0126,2.5876,2.7776,2,300672,0,0,1,64,808,41664,812,342336,1,1,1,20260711
E2,4,SliceBF,300000,medium_010,4,medium,0.0396,0.1401,2.3496,0.3445,0.0191,2.7132,2.8929,2,300672,0,0,2,128,808,83328,816,384000,2,2,1,20260711
E2,4,SliceBF,300000,common_016,4,common,0.0401,0.6342,3.9745,0.3692,9.7783,14.122,14.7963,2,300672,0,0,1705,109120,808,66891968,7628,67192640,2218,2218,1,20260711
E2,4,SliceBF,300000,rare_025,4,rare,0.0468,0.1508,2.0884,0.3419,0.0138,2.4441,2.6417,2,300672,0,0,1,64,808,25280,812,325952,1,1,1,20260711
E2,4,SliceBF,300000,medium_025,4,medium,0.0393,0.1431,3.1875,0.344,0.0123,3.5438,3.7262,2,300672,0,0,1,64,808,41664,812,342336,1,1,1,20260711
E2,4,SliceBF,300000,common_012,4,common,0.038,0.7538,3.9362,0.377,14.2848,18.598,19.3898,2,300672,0,0,2355,150720,808,81546304,10228,81846976,3377,3377,1,20260711
E2,4,SliceBF,300000,common_024,4,common,0.0461,0.8021,4.5046,0.3824,14.6518,19.5388,20.387,2,300672,0,0,2420,154880,808,79757056,10488,80057728,3854,3854,1,20260711
E2,4,SliceBF,300000,common_002,4,common,0.0493,0.4926,4.2847,0.3737,8.3939,13.0523,13.5942,2,300672,0,0,1188,76032,808,53166848,5560,53467520,1653,1653,1,20260711
E2,4,SliceBF,300000,common_021,4,common,0.0425,0.7287,3.8981,0.4398,13.5025,17.8404,18.6116,2,300672,0,0,2146,137344,808,72215936,9392,72516608,3022,3022,1,20260711
E2,4,SliceBF,300000,medium_009,4,medium,0.0464,0.1508,3.5075,0.3424,0.0126,3.8625,4.0597,2,300672,0,0,1,64,808,25280,812,325952,1,1,1,20260711
E2,4,SliceBF,300000,common_020,4,common,0.0394,0.4822,2.8566,0.3623,9.0306,12.2495,12.7711,2,300672,0,0,1214,77696,808,53758592,5664,54059264,1738,1738,1,20260711
E2,4,SliceBF,300000,common_003,4,common,0.0444,0.2092,3.3295,0.3486,0.9037,4.5818,4.8354,2,300672,0,0,231,14784,808,6814528,1732,7115200,243,243,1,20260711
E2,4,SliceBF,300000,medium_005,4,medium,0.0412,0.1402,2.4777,0.3443,0.0101,2.8321,3.0135,2,300672,0,0,1,64,808,25280,812,325952,1,1,1,20260711
E2,4,SliceBF,300000,medium_004,4,medium,0.0379,0.1394,2.2643,0.3416,0.011,2.6169,2.7942,2,300672,0,0,1,64,808,25280,812,325952,1,1,1,20260711
E2,4,SliceBF,300000,common_008,4,common,0.0394,0.3148,2.6241,0.3529,2.8985,5.8755,6.2297,2,300672,0,0,629,40256,808,24879552,3324,25180224,675,675,1,20260711
E2,4,SliceBF,300000,rare_010,4,rare,0.0398,0.1419,2.0992,0.3415,0.0101,2.4508,2.6325,2,300672,0,0,1,64,808,41664,812,342336,1,1,1,20260711
E2,4,SliceBF,300000,medium_016,4,medium,0.0379,0.1395,3.43,0.3415,0.01,3.7815,3.9589,2,300672,0,0,1,64,808,41664,812,342336,1,1,1,20260711
E2,4,SliceBF,300000,common_018,4,common,0.0849,0.3375,3.7748,0.3484,2.5068,6.63,7.0524,2,300672,0,0,603,38592,808,19929664,3220,20230336,659,659,1,20260711
E2,4,SliceBF,300000,medium_019,4,medium,0.044,0.1398,2.3404,0.3446,0.0166,2.7016,2.8854,2,300672,0,0,1,64,808,41664,812,342336,1,1,1,20260711
E2,4,SliceBF,300000,rare_003,4,rare,0.0382,0.1375,2.2726,0.344,0.0109,2.6275,2.8032,2,300672,0,0,1,64,808,25280,812,325952,1,1,1,20260711
E2,4,SliceBF,300000,medium_000,4,medium,0.0389,0.1383,2.2941,0.3721,0.0181,2.6843,2.8615,2,300672,0,0,1,64,808,25280,812,325952,1,1,1,20260711
E2,4,SliceBF,300000,medium_012,4,medium,0.0392,0.1405,2.6244,0.3432,0.0109,2.9785,3.1582,2,300672,0,0,1,64,808,25280,812,325952,1,1,1,20260711
E2,4,SliceBF,300000,common_010,4,common,0.0385,0.6355,3.8076,0.3741,15.1302,19.3119,19.9859,2,300672,0,0,1813,116032,808,80337344,8060,80638016,3091,3091,1,20260711
E2,4,SliceBF,300000,common_026,4,common,0.0437,0.9194,2.2732,0.3919,19.4098,22.0749,23.038,2,300672,0,0,2951,188864,808,101323584,12612,101624256,5021,5021,1,20260711
E2,4,SliceBF,300000,common_014,4,common,0.0473,0.2172,2.7814,0.346,0.8909,4.0183,4.2828,2,300672,0,0,238,15232,808,6442624,1760,6743296,247,247,1,20260711
E2,4,SliceBF,300000,rare_005,4,rare,0.0446,0.1448,3.7642,0.3419,0.0111,4.1172,4.3066,2,300672,0,0,1,64,808,25280,812,325952,1,1,1,20260711
E2,4,SliceBF,300000,medium_024,4,medium,0.0388,0.1387,2.2698,0.4421,0.0151,2.727,2.9045,2,300672,0,0,1,64,808,41664,812,342336,1,1,1,20260711
E2,4,SliceBF,300000,rare_004,4,rare,0.0392,0.1392,2.3801,0.4459,0.021,2.847,3.0254,2,300672,0,0,1,64,808,41664,812,342336,1,1,1,20260711
E2,4,SliceBF,300000,rare_006,4,rare,0.0395,0.1475,2.1313,0.3434,0.0124,2.4871,2.6741,2,300672,0,0,1,64,808,25280,812,325952,1,1,1,20260711
E2,4,SliceBF,300000,rare_018,4,rare,0.0389,0.1386,2.0342,0.3414,0.0114,2.387,2.5645,2,300672,0,0,1,64,808,25280,812,325952,1,1,1,20260711
E2,4,SliceBF,300000,rare_009,4,rare,0.0386,0.1382,2.8853,0.3428,0.0117,3.2398,3.4166,2,300672,0,0,1,64,808,25280,812,325952,1,1,1,20260711
E2,4,SliceBF,300000,medium_020,4,medium,0.0389,0.1409,2.1815,0.3415,0.0111,2.5341,2.7139,2,300672,0,0,1,64,808,41664,812,342336,1,1,1,20260711
E2,4,SliceBF,300000,medium_017,4,medium,0.0413,0.1377,2.2893,0.3418,0.016,2.6471,2.8261,2,300672,0,0,1,64,808,25280,812,325952,1,1,1,20260711
E2,4,SliceBF,300000,common_025,4,common,0.0391,1.3443,3.2267,0.4838,76.9061,80.6166,82,2,300672,0,0,3043,194752,808,129585216,12980,129885888,14637,14637,1,20260711
E2,4,SliceBF,300000,rare_000,4,rare,0.0529,0.1576,2.2378,0.3427,0.0148,2.5953,2.8058,2,300672,0,0,1,64,808,25280,812,325952,1,1,1,20260711
E2,4,SliceBF,300000,medium_023,4,medium,0.0387,0.1446,3.5784,0.342,0.0206,3.941,4.1243,2,300672,0,0,2,128,808,66944,816,367616,2,2,1,20260711
E2,4,SliceBF,300000,common_001,4,common,0.0412,0.1916,3.8686,0.3451,0.5855,4.7992,5.032,2,300672,0,0,152,9728,808,4186624,1416,4487296,157,157,1,20260711
E2,4,SliceBF,300000,rare_008,4,rare,0.0425,0.1424,2.8635,0.3465,0.0201,3.2301,3.415,2,300672,0,0,2,128,808,66944,816,367616,2,2,1,20260711
E2,4,SliceBF,300000,rare_024,4,rare,0.0391,0.14,3.6628,0.4598,0.0285,4.1511,4.3302,2,300672,0,0,4,256,808,150272,824,450944,4,4,1,20260711
E2,4,SliceBF,300000,common_017,4,common,0.0384,0.2706,3.5558,0.5465,1.8797,5.982,6.291,2,300672,0,0,469,30016,808,13724096,2684,14024768,506,506,1,20260711
E2,4,SliceBF,300000,medium_014,4,medium,0.0435,0.1457,2.5571,0.3429,0.0403,2.9403,3.1295,2,300672,0,0,5,320,808,191936,828,492608,5,5,1,20260711
E2,4,SliceBF,300000,common_011,4,common,0.0431,0.2605,2.7301,0.3855,1.6938,4.8094,5.113,2,300672,0,0,420,26880,808,14238464,2488,14539136,440,440,1,20260711
E2,4,SliceBF,300000,common_000,4,common,0.0396,0.1582,1.9176,0.3429,0.3073,2.5678,2.7656,2,300672,0,0,89,5696,808,2249920,1164,2550592,94,94,1,20260711
E2,4,SliceBF,300000,common_022,4,common,0.0388,0.7488,2.931,0.3771,13.5023,16.8104,17.598,2,300672,0,0,2398,153472,808,86557312,10400,86857984,3442,3442,1,20260711
E2,4,SliceBF,300000,common_006,4,common,0.131,0.266,2.5985,0.3469,1.095,4.0404,4.4374,2,300672,0,0,278,17792,808,9190528,1920,9491200,285,285,1,20260711
E2,4,SliceBF,300000,medium_001,4,medium,0.0451,0.1445,3.4009,0.3419,0.0173,3.7601,3.9497,2,300672,0,0,2,128,808,66944,816,367616,2,2,1,20260711
E2,4,SliceBF,300000,medium_002,4,medium,0.0419,0.1402,2.3016,0.3415,0.0103,2.6534,2.8355,2,300672,0,0,1,64,808,25280,812,325952,1,1,1,20260711
E2,4,SliceBF,300000,rare_022,4,rare,0.0386,0.1437,3.1316,0.3428,0.0146,3.489,3.6713,2,300672,0,0,1,64,808,25280,812,325952,1,1,1,20260711
E2,4,SliceBF,300000,common_023,4,common,0.0397,0.5872,2.2941,0.3669,9.0644,11.7254,12.3523,2,300672,0,0,1836,117504,808,61716736,8152,62017408,2417,2417,1,20260711
E2,4,SliceBF,300000,common_027,4,common,0.0409,1.9849,4.4858,0.5577,119.087,124.131,126.156,2,300672,0,0,3796,242944,808,149686016,15992,149986688,23144,23144,1,20260711
E2,4,SliceBF,300000,rare_002,4,rare,0.0542,0.1516,2.2364,0.345,0.0159,2.5973,2.8031,2,300672,0,0,1,64,808,25280,812,325952,1,1,1,20260711
E2,4,SliceBF,300000,rare_021,4,rare,0.0386,0.1372,3.2575,0.3444,0.0111,3.613,3.7888,2,300672,0,0,1,64,808,25280,812,325952,1,1,1,20260711
E2,4,SliceBF,300000,common_009,4,common,0.0388,0.3671,3.7438,0.3531,3.8112,7.9081,8.314,2,300672,0,0,790,50560,808,28556416,3968,28857088,856,856,1,20260711
E2,4,SliceBF,300000,rare_017,4,rare,0.0409,0.1442,2.2919,0.3416,0.0111,2.6446,2.8297,2,300672,0,0,1,64,808,25280,812,325952,1,1,1,20260711
E2,4,SliceBF,300000,medium_007,4,medium,0.0383,0.1388,2.7967,0.3415,0.0117,3.1499,3.327,2,300672,0,0,1,64,808,41664,812,342336,1,1,1,20260711
E2,4,SliceBF,300000,common_005,4,common,0.0375,0.1838,3.8719,0.3472,0.5406,4.7597,4.981,2,300672,0,0,135,8640,808,4526912,1348,4827584,136,136,1,20260711
E2,4,SliceBF,300000,common_004,4,common,0.0387,0.4023,4.1201,0.3471,1.1992,5.6664,6.1074,2,300672,0,0,295,18880,808,9767744,1988,10068416,304,304,1,20260711
E2,4,SliceBF,300000,rare_001,4,rare,0.0406,0.1378,2.2162,0.3416,0.0128,2.5706,2.749,2,300672,0,0,1,64,808,25280,812,325952,1,1,1,20260711
E2,4,SliceBF,300000,common_015,4,common,0.039,0.2005,2.7794,0.348,0.7332,3.8606,4.1001,2,300672,0,0,222,14208,808,5644928,1696,5945600,228,228,1,20260711
E2,4,SliceBF,300000,rare_019,4,rare,0.0387,0.1377,2.5379,0.3452,0.0188,2.9019,3.0783,2,300672,0,0,2,128,808,66944,816,367616,2,2,1,20260711
E2,4,SliceBF,300000,rare_012,4,rare,0.0389,0.1381,3.8075,0.3418,0.013,4.1623,4.3393,2,300672,0,0,1,64,808,25280,812,325952,1,1,1,20260711
E2,4,SliceBF,300000,rare_023,4,rare,0.0387,0.1398,3.017,0.3445,0.013,3.3745,3.553,2,300672,0,0,1,64,808,41664,812,342336,1,1,1,20260711
E2,4,SliceBF,300000,rare_014,4,rare,0.0388,0.1426,2.7439,0.3417,0.0107,3.0963,3.2777,2,300672,0,0,1,64,808,25280,812,325952,1,1,1,20260711
E2,4,SliceBF,300000,medium_006,4,medium,0.039,0.139,1.7857,0.3689,0.0154,2.17,2.348,2,300672,0,0,1,64,808,25280,812,325952,1,1,1,20260711
E2,4,SliceBF,300000,medium_011,4,medium,0.0394,0.2539,3.4087,0.3419,0.0195,3.7701,4.0634,2,300672,0,0,2,128,808,66944,816,367616,2,2,1,20260711
E2,4,SliceBF,300000,medium_008,4,medium,0.0395,0.1438,3.778,0.3438,0.0215,4.1433,4.3266,2,300672,0,0,1,64,808,41664,812,342336,1,1,1,20260711
E2,4,XEBFF-Conj,300000,medium_022,4,medium,1.9697,0.716,0,0,0.0036,0.0036,2.6893,0,0,0,0,0,0,27596,0,27596,39,383,1,1,20260711
E2,4,XEBFF-Conj,300000,medium_015,4,medium,1.3167,0.3523,0,0,0.0017,0.0017,1.6707,0,0,0,0,0,0,17660,0,17660,39,245,1,1,20260711
E2,4,XEBFF-Conj,300000,rare_013,4,rare,0.3111,0.0802,0,0,0.001,0.001,0.3923,0,0,0,0,0,0,4052,0,4052,39,56,1,1,20260711
E2,4,XEBFF-Conj,300000,medium_018,4,medium,0.4297,0.1131,0,0,0.001,0.001,0.5438,0,0,0,0,0,0,5708,0,5708,39,79,1,1,20260711
E2,4,XEBFF-Conj,300000,common_013,4,common,17.5672,5.0806,0,0,0.1904,0.1904,22.8382,0,0,0,0,0,0,206228,0,206228,7284,2864,208,1,20260711
E2,4,XEBFF-Conj,300000,rare_007,4,rare,0.2577,0.0662,0,0,0.0019,0.0019,0.3258,0,0,0,0,0,0,3188,0,3188,39,44,1,1,20260711
E2,4,XEBFF-Conj,300000,common_007,4,common,169.4,47.7468,0,0,0.8454,0.8454,217.992,0,0,0,0,0,0,2307404,0,2307404,47709,32047,1363,1,20260711
E2,4,XEBFF-Conj,300000,medium_003,4,medium,0.413,0.1324,0,0,0.0041,0.0041,0.5495,0,0,0,0,0,0,4916,0,4916,39,68,1,1,20260711
E2,4,XEBFF-Conj,300000,rare_015,4,rare,0.0931,0.0213,0,0,0.0011,0.0011,0.1155,0,0,0,0,0,0,956,0,956,39,13,1,1,20260711
E2,4,XEBFF-Conj,300000,medium_013,4,medium,1.6219,0.4481,0,0,0.0018,0.0018,2.0718,0,0,0,0,0,0,22484,0,22484,74,312,2,1,20260711
E2,4,XEBFF-Conj,300000,rare_020,4,rare,0.3767,0.0958,0,0,0.001,0.001,0.4735,0,0,0,0,0,0,4916,0,4916,39,68,1,1,20260711
E2,4,XEBFF-Conj,300000,rare_016,4,rare,17.1828,5.0212,0,0,0.0109,0.0109,22.2149,0,0,0,0,0,0,232580,0,232580,144,3230,4,1,20260711
E2,4,XEBFF-Conj,300000,common_019,4,common,64.4449,18.3838,0,0,4.2726,4.2726,87.1013,0,0,0,0,0,0,879212,0,879212,267719,12211,7649,1,20260711
E2,4,XEBFF-Conj,300000,medium_021,4,medium,20.5557,5.7014,0,0,0.0078,0.0078,26.2649,0,0,0,0,0,0,269660,0,269660,39,3745,1,1,20260711
E2,4,XEBFF-Conj,300000,rare_011,4,rare,0.3969,0.1064,0,0,0.0023,0.0023,0.5056,0,0,0,0,0,0,5132,0,5132,39,71,1,1,20260711
E2,4,XEBFF-Conj,300000,medium_010,4,medium,0.2803,0.0725,0,0,0.0021,0.0021,0.3549,0,0,0,0,0,0,3548,0,3548,74,49,2,1,20260711
E2,4,XEBFF-Conj,300000,common_016,4,common,52.0597,15.2358,0,0,1.2789,1.2789,68.5744,0,0,0,0,0,0,710732,0,710732,77634,9871,2218,1,20260711
E2,4,XEBFF-Conj,300000,rare_025,4,rare,0.0796,0.0122,0,0,0.0041,0.0041,0.0959,0,0,0,0,0,0,524,0,524,39,7,1,1,20260711
E2,4,XEBFF-Conj,300000,medium_025,4,medium,0.1854,0.0469,0,0,0.0009,0.0009,0.2332,0,0,0,0,0,0,2252,0,2252,39,31,1,1,20260711
E2,4,XEBFF-Conj,300000,common_012,4,common,43.1323,12.3658,0,0,1.9042,1.9042,57.4023,0,0,0,0,0,0,593156,0,593156,118199,8238,3377,1,20260711
E2,4,XEBFF-Conj,300000,common_024,4,common,67.7359,19.7507,0,0,2.3949,2.3949,89.8815,0,0,0,0,0,0,913628,0,913628,134894,12689,3854,1,20260711
E2,4,XEBFF-Conj,300000,common_002,4,common,132.928,38.7504,0,0,1.0485,1.0485,172.727,0,0,0,0,0,0,1790012,0,1790012,57859,24861,1653,1,20260711
E2,4,XEBFF-Conj,300000,common_021,4,common,43.7815,13.2028,0,0,1.8172,1.8172,58.8015,0,0,0,0,0,0,593156,0,593156,105774,8238,3022,1,20260711
E2,4,XEBFF-Conj,300000,medium_009,4,medium,0.2822,0.0709,0,0,0.0048,0.0048,0.3579,0,0,0,0,0,0,3332,0,3332,39,46,1,1,20260711
E2,4,XEBFF-Conj,300000,common_020,4,common,93.0798,26.4609,0,0,1.0489,1.0489,120.59,0,0,0,0,0,0,1268444,0,1268444,60834,17617,1738,1,20260711
E2,4,XEBFF-Conj,300000,common_003,4,common,38.3008,11.0391,0,0,0.1616,0.1616,49.5015,0,0,0,0,0,0,518924,0,518924,8509,7207,243,1,20260711
E2,4,XEBFF-Conj,300000,medium_005,4,medium,4.9208,1.2922,0,0,0.0041,0.0041,6.2171,0,0,0,0,0,0,64028,0,64028,39,889,1,1,20260711
E2,4,XEBFF-Conj,300000,medium_004,4,medium,0.3971,0.1029,0,0,0.0011,0.0011,0.5011,0,0,0,0,0,0,5204,0,5204,39,72,1,1,20260711
E2,4,XEBFF-Conj,300000,common_008,4,common,125.783,35.9587,0,0,0.4459,0.4459,162.188,0,0,0,0,0,0,1728020,0,1728020,23629,24000,675,1,20260711
E2,4,XEBFF-Conj,300000,rare_010,4,rare,0.2286,0.0559,0,0,0.0035,0.0035,0.288,0,0,0,0,0,0,2612,0,2612,39,36,1,1,20260711
E2,4,XEBFF-Conj,300000,medium_016,4,medium,0.0357,0.0039,0,0,0.0009,0.0009,0.0405,0,0,0,0,0,0,164,0,164,39,2,1,1,20260711
E2,4,XEBFF-Conj,300000,common_018,4,common,5.919,1.5145,0,0,0.3812,0.3812,7.8147,0,0,0,0,0,0,71372,0,71372,23069,991,659,1,20260711
E2,4,XEBFF-Conj,300000,medium_019,4,medium,2.3772,0.6559,0,0,0.0035,0.0035,3.0366,0,0,0,0,0,0,32780,0,32780,39,455,1,1,20260711
E2,4,XEBFF-Conj,300000,rare_003,4,rare,0.2465,0.062,0,0,0.0009,0.0009,0.3094,0,0,0,0,0,0,3116,0,3116,39,43,1,1,20260711
E2,4,XEBFF-Conj,300000,medium_000,4,medium,7.2595,2.0057,0,0,0.0053,0.0053,9.2705,0,0,0,0,0,0,97940,0,97940,39,1360,1,1,20260711
E2,4,XEBFF-Conj,300000,medium_012,4,medium,0.0323,0.0022,0,0,0.0012,0.0012,0.0357,0,0,0,0,0,0,92,0,92,39,1,1,1,20260711
E2,4,XEBFF-Conj,300000,common_010,4,common,123.586,34.7799,0,0,1.8082,1.8082,160.174,0,0,0,0,0,0,1666316,0,1666316,108189,23143,3091,1,20260711
E2,4,XEBFF-Conj,300000,common_026,4,common,34.6364,10.009,0,0,2.8092,2.8092,47.4546,0,0,0,0,0,0,462188,0,462188,175739,6419,5021,1,20260711
E2,4,XEBFF-Conj,300000,common_014,4,common,5.2527,1.4569,0,0,0.1487,0.1487,6.8583,0,0,0,0,0,0,71372,0,71372,8649,991,247,1,20260711
E2,4,XEBFF-Conj,300000,rare_005,4,rare,0.7731,0.2138,0,0,0.0015,0.0015,0.9884,0,0,0,0,0,0,10604,0,10604,39,147,1,1,20260711
E2,4,XEBFF-Conj,300000,medium_024,4,medium,4.0917,1.1354,0,0,0.0022,0.0022,5.2293,0,0,0,0,0,0,56756,0,56756,39,788,1,1,20260711
E2,4,XEBFF-Conj,300000,rare_004,4,rare,0.0367,0.0033,0,0,0.0008,0.0008,0.0408,0,0,0,0,0,0,164,0,164,39,2,1,1,20260711
E2,4,XEBFF-Conj,300000,rare_006,4,rare,0.0814,0.0171,0,0,0.001,0.001,0.0995,0,0,0,0,0,0,812,0,812,39,11,1,1,20260711
E2,4,XEBFF-Conj,300000,rare_018,4,rare,0.0302,0.0018,0,0,0.0009,0.0009,0.0329,0,0,0,0,0,0,92,0,92,39,1,1,1,20260711
E2,4,XEBFF-Conj,300000,rare_009,4,rare,0.317,0.0848,0,0,0.0007,0.0007,0.4025,0,0,0,0,0,0,4196,0,4196,39,58,1,1,20260711
E2,4,XEBFF-Conj,300000,medium_020,4,medium,1.5092,0.4161,0,0,0.0009,0.0009,1.9262,0,0,0,0,0,0,20972,0,20972,39,291,1,1,20260711
E2,4,XEBFF-Conj,300000,medium_017,4,medium,0.7704,0.2058,0,0,0.0009,0.0009,0.9771,0,0,0,0,0,0,10316,0,10316,39,143,1,1,20260711
E2,4,XEBFF-Conj,300000,common_025,4,common,148.565,42.904,0,0,8.1748,8.1748,199.644,0,0,0,0,0,0,2014220,0,2014220,512299,27975,14637,1,20260711
E2,4,XEBFF-Conj,300000,rare_000,4,rare,0.0681,0.0074,0,0,0.007,0.007,0.0825,0,0,0,0,0,0,308,0,308,39,4,1,1,20260711
E2,4,XEBFF-Conj,300000,medium_023,4,medium,26.49,8.5534,0,0,0.0108,0.0108,35.0542,0,0,0,0,0,0,364268,0,364268,74,5059,2,1,20260711
E2,4,XEBFF-Conj,300000,common_001,4,common,2.5482,0.7397,0,0,0.0966,0.0966,3.3845,0,0,0,0,0,0,35444,0,35444,5499,492,157,1,20260711
E2,4,XEBFF-Conj,300000,rare_008,4,rare,0.043,0.0051,0,0,0.0016,0.0016,0.0497,0,0,0,0,0,0,236,0,236,74,3,2,1,20260711
E2,4,XEBFF-Conj,300000,rare_024,4,rare,17.504,5.1003,0,0,0.0096,0.0096,22.6139,0,0,0,0,0,0,221276,0,221276,144,3073,4,1,20260711
E2,4,XEBFF-Conj,300000,common_017,4,common,13.8253,3.869,0,0,0.3003,0.3003,17.9946,0,0,0,0,0,0,189668,0,189668,17714,2634,506,1,20260711
E2,4,XEBFF-Conj,300000,medium_014,4,medium,7.8043,2.6509,0,0,0.0083,0.0083,10.4635,0,0,0,0,0,0,108668,0,108668,179,1509,5,1,20260711
E2,4,XEBFF-Conj,300000,common_011,4,common,33.3889,9.5903,0,0,0.2797,0.2797,43.2589,0,0,0,0,0,0,462188,0,462188,15404,6419,440,1,20260711
E2,4,XEBFF-Conj,300000,common_000,4,common,0.5446,0.1503,0,0,0.0598,0.0598,0.7547,0,0,0,0,0,0,7148,0,7148,3294,99,94,1,20260711
E2,4,XEBFF-Conj,300000,common_022,4,common,33.7379,10.3565,0,0,2.1155,2.1155,46.2099,0,0,0,0,0,0,462188,0,462188,120474,6419,3442,1,20260711
E2,4,XEBFF-Conj,300000,common_006,4,common,58.8914,16.4584,0,0,0.2023,0.2023,75.5521,0,0,0,0,0,0,790652,0,790652,9979,10981,285,1,20260711
E2,4,XEBFF-Conj,300000,medium_001,4,medium,16.9042,4.7198,0,0,0.0075,0.0075,21.6315,0,0,0,0,0,0,227252,0,227252,74,3156,2,1,20260711
E2,4,XEBFF-Conj,300000,medium_002,4,medium,1.4222,0.3978,0,0,0.0037,0.0037,1.8237,0,0,0,0,0,0,19676,0,19676,39,273,1,1,20260711
E2,4,XEBFF-Conj,300000,rare_022,4,rare,1.2978,0.3634,0,0,0.001,0.001,1.6622,0,0,0,0,0,0,18164,0,18164,39,252,1,1,20260711
E2,4,XEBFF-Conj,300000,common_023,4,common,33.4603,9.6305,0,0,1.3758,1.3758,44.4666,0,0,0,0,0,0,462188,0,462188,84599,6419,2417,1,20260711
E2,4,XEBFF-Conj,300000,common_027,4,common,148.592,46.2876,0,0,13.1646,13.1646,208.044,0,0,0,0,0,0,2014220,0,2014220,810044,27975,23144,1,20260711
E2,4,XEBFF-Conj,300000,rare_002,4,rare,0.9512,0.2578,0,0,0.0033,0.0033,1.2123,0,0,0,0,0,0,12764,0,12764,39,177,1,1,20260711
E2,4,XEBFF-Conj,300000,rare_021,4,rare,0.1203,0.0267,0,0,0.0011,0.0011,0.1481,0,0,0,0,0,0,1316,0,1316,39,18,1,1,20260711
E2,4,XEBFF-Conj,300000,common_009,4,common,41.3134,12.842,0,0,0.5231,0.5231,54.6785,0,0,0,0,0,0,555212,0,555212,29964,7711,856,1,20260711
E2,4,XEBFF-Conj,300000,rare_017,4,rare,0.7057,0.1979,0,0,0.002,0.002,0.9056,0,0,0,0,0,0,9524,0,9524,39,132,1,1,20260711
E2,4,XEBFF-Conj,300000,medium_007,4,medium,2.5979,0.7079,0,0,0.002,0.002,3.3078,0,0,0,0,0,0,34292,0,34292,39,476,1,1,20260711
E2,4,XEBFF-Conj,300000,common_005,4,common,5.6499,1.725,0,0,0.0898,0.0898,7.4647,0,0,0,0,0,0,79436,0,79436,4764,1103,136,1,20260711
E2,4,XEBFF-Conj,300000,common_004,4,common,6.4077,1.8144,0,0,0.1841,0.1841,8.4062,0,0,0,0,0,0,86636,0,86636,10644,1203,304,1,20260711
E2,4,XEBFF-Conj,300000,rare_001,4,rare,0.9758,0.266,0,0,0.0022,0.0022,1.244,0,0,0,0,0,0,12764,0,12764,39,177,1,1,20260711
E2,4,XEBFF-Conj,300000,common_015,4,common,34.9852,10.8708,0,0,0.1431,0.1431,45.9991,0,0,0,0,0,0,492428,0,492428,7984,6839,228,1,20260711
E2,4,XEBFF-Conj,300000,rare_019,4,rare,8.7971,2.4968,0,0,0.006,0.006,11.2999,0,0,0,0,0,0,119900,0,119900,74,1665,2,1,20260711
E2,4,XEBFF-Conj,300000,rare_012,4,rare,0.0421,0.0037,0,0,0.0009,0.0009,0.0467,0,0,0,0,0,0,164,0,164,39,2,1,1,20260711
E2,4,XEBFF-Conj,300000,rare_023,4,rare,0.1692,0.0405,0,0,0.0008,0.0008,0.2105,0,0,0,0,0,0,2036,0,2036,39,28,1,1,20260711
E2,4,XEBFF-Conj,300000,rare_014,4,rare,0.168,0.04,0,0,0.0009,0.0009,0.2089,0,0,0,0,0,0,1964,0,1964,39,27,1,1,20260711
E2,4,XEBFF-Conj,300000,medium_006,4,medium,0.1439,0.0331,0,0,0.0009,0.0009,0.1779,0,0,0,0,0,0,1676,0,1676,39,23,1,1,20260711
E2,4,XEBFF-Conj,300000,medium_011,4,medium,3.4661,0.9517,0,0,0.0041,0.0041,4.4219,0,0,0,0,0,0,47540,0,47540,74,660,2,1,20260711
E2,4,XEBFF-Conj,300000,medium_008,4,medium,5.259,1.4386,0,0,0.0062,0.0062,6.7038,0,0,0,0,0,0,71372,0,71372,39,991,1,1,20260711
E2,4,Doris,300000,medium_022,4,medium,2.0565,0.5851,0,0,0.0034,0.0034,2.645,0,0,0,0,0,0,27596,0,27596,39,383,1,1,20260711
E2,4,Doris,300000,medium_015,4,medium,1.2955,0.4823,0,0,0.0032,0.0032,1.781,0,0,0,0,0,0,17660,0,17660,39,245,1,1,20260711
E2,4,Doris,300000,rare_013,4,rare,0.3097,0.0853,0,0,0.0011,0.0011,0.3961,0,0,0,0,0,0,4052,0,4052,39,56,1,1,20260711
E2,4,Doris,300000,medium_018,4,medium,0.4255,0.1198,0,0,0.0014,0.0014,0.5467,0,0,0,0,0,0,5708,0,5708,39,79,1,1,20260711
E2,4,Doris,300000,common_013,4,common,15.2686,4.3226,0,0,0.1325,0.1325,19.7237,0,0,0,0,0,0,206228,0,206228,7284,2864,208,1,20260711
E2,4,Doris,300000,rare_007,4,rare,0.2442,0.0669,0,0,0.002,0.002,0.3131,0,0,0,0,0,0,3188,0,3188,39,44,1,1,20260711
E2,4,Doris,300000,common_007,4,common,172.151,49.8199,0,0,0.8341,0.8341,222.805,0,0,0,0,0,0,2307404,0,2307404,47709,32047,1363,1,20260711
E2,4,Doris,300000,medium_003,4,medium,0.3756,0.0967,0,0,0.0036,0.0036,0.4759,0,0,0,0,0,0,4916,0,4916,39,68,1,1,20260711
E2,4,Doris,300000,rare_015,4,rare,0.0758,0.0194,0,0,0.001,0.001,0.0962,0,0,0,0,0,0,956,0,956,39,13,1,1,20260711
E2,4,Doris,300000,medium_013,4,medium,1.6436,0.4628,0,0,0.0031,0.0031,2.1095,0,0,0,0,0,0,22484,0,22484,74,312,2,1,20260711
E2,4,Doris,300000,rare_020,4,rare,0.3677,0.0962,0,0,0.0009,0.0009,0.4648,0,0,0,0,0,0,4916,0,4916,39,68,1,1,20260711
E2,4,Doris,300000,rare_016,4,rare,17.1791,5.8774,0,0,0.0117,0.0117,23.0682,0,0,0,0,0,0,232580,0,232580,144,3230,4,1,20260711
E2,4,Doris,300000,common_019,4,common,66.4905,18.8522,0,0,4.2757,4.2757,89.6184,0,0,0,0,0,0,879212,0,879212,267719,12211,7649,1,20260711
E2,4,Doris,300000,medium_021,4,medium,20.6863,5.9364,0,0,0.0084,0.0084,26.6311,0,0,0,0,0,0,269660,0,269660,39,3745,1,1,20260711
E2,4,Doris,300000,rare_011,4,rare,0.4112,0.1101,0,0,0.0039,0.0039,0.5252,0,0,0,0,0,0,5132,0,5132,39,71,1,1,20260711
E2,4,Doris,300000,medium_010,4,medium,0.2697,0.0742,0,0,0.002,0.002,0.3459,0,0,0,0,0,0,3548,0,3548,74,49,2,1,20260711
E2,4,Doris,300000,common_016,4,common,53.3553,15.7163,0,0,1.2733,1.2733,70.3449,0,0,0,0,0,0,710732,0,710732,77634,9871,2218,1,20260711
E2,4,Doris,300000,rare_025,4,rare,0.0607,0.0122,0,0,0.0037,0.0037,0.0766,0,0,0,0,0,0,524,0,524,39,7,1,1,20260711
E2,4,Doris,300000,medium_025,4,medium,0.179,0.0466,0,0,0.001,0.001,0.2266,0,0,0,0,0,0,2252,0,2252,39,31,1,1,20260711
E2,4,Doris,300000,common_012,4,common,44.125,13.0148,0,0,2.0618,2.0618,59.2016,0,0,0,0,0,0,593156,0,593156,118199,8238,3377,1,20260711
E2,4,Doris,300000,common_024,4,common,69.1474,19.7696,0,0,2.2025,2.2025,91.1195,0,0,0,0,0,0,913628,0,913628,134894,12689,3854,1,20260711
E2,4,Doris,300000,common_002,4,common,138.661,39.119,0,0,1.033,1.033,178.813,0,0,0,0,0,0,1790012,0,1790012,57859,24861,1653,1,20260711
E2,4,Doris,300000,common_021,4,common,46.0115,12.7884,0,0,2.065,2.065,60.8649,0,0,0,0,0,0,593156,0,593156,105774,8238,3022,1,20260711
E2,4,Doris,300000,medium_009,4,medium,0.2735,0.1316,0,0,0.0035,0.0035,0.4086,0,0,0,0,0,0,3332,0,3332,39,46,1,1,20260711
E2,4,Doris,300000,common_020,4,common,99.4831,26.8973,0,0,1.3908,1.3908,127.771,0,0,0,0,0,0,1268444,0,1268444,60834,17617,1738,1,20260711
E2,4,Doris,300000,common_003,4,common,39.434,10.9509,0,0,0.1594,0.1594,50.5443,0,0,0,0,0,0,518924,0,518924,8509,7207,243,1,20260711
E2,4,Doris,300000,medium_005,4,medium,4.9109,1.3636,0,0,0.0063,0.0063,6.2808,0,0,0,0,0,0,64028,0,64028,39,889,1,1,20260711
E2,4,Doris,300000,medium_004,4,medium,0.4133,0.1114,0,0,0.0013,0.0013,0.526,0,0,0,0,0,0,5204,0,5204,39,72,1,1,20260711
E2,4,Doris,300000,common_008,4,common,129.166,37.081,0,0,0.4491,0.4491,166.697,0,0,0,0,0,0,1728020,0,1728020,23629,24000,675,1,20260711
E2,4,Doris,300000,rare_010,4,rare,0.2154,0.0576,0,0,0.0037,0.0037,0.2767,0,0,0,0,0,0,2612,0,2612,39,36,1,1,20260711
E2,4,Doris,300000,medium_016,4,medium,0.0204,0.0034,0,0,0.001,0.001,0.0248,0,0,0,0,0,0,164,0,164,39,2,1,1,20260711
E2,4,Doris,300000,common_018,4,common,5.466,1.4677,0,0,0.3791,0.3791,7.3128,0,0,0,0,0,0,71372,0,71372,23069,991,659,1,20260711
E2,4,Doris,300000,medium_019,4,medium,2.6199,0.6674,0,0,0.0068,0.0068,3.2941,0,0,0,0,0,0,32780,0,32780,39,455,1,1,20260711
E2,4,Doris,300000,rare_003,4,rare,0.2344,0.0621,0,0,0.0012,0.0012,0.2977,0,0,0,0,0,0,3116,0,3116,39,43,1,1,20260711
E2,4,Doris,300000,medium_000,4,medium,7.2719,2.0167,0,0,0.007,0.007,9.2956,0,0,0,0,0,0,97940,0,97940,39,1360,1,1,20260711
E2,4,Doris,300000,medium_012,4,medium,0.0179,0.0023,0,0,0.0013,0.0013,0.0215,0,0,0,0,0,0,92,0,92,39,1,1,1,20260711
E2,4,Doris,300000,common_010,4,common,125.783,36.372,0,0,1.7988,1.7988,163.954,0,0,0,0,0,0,1666316,0,1666316,108189,23143,3091,1,20260711
E2,4,Doris,300000,common_026,4,common,34.3775,10.0373,0,0,2.8826,2.8826,47.2974,0,0,0,0,0,0,462188,0,462188,175739,6419,5021,1,20260711
E2,4,Doris,300000,common_014,4,common,5.1953,1.4728,0,0,0.1515,0.1515,6.8196,0,0,0,0,0,0,71372,0,71372,8649,991,247,1,20260711
E2,4,Doris,300000,rare_005,4,rare,0.7875,0.2202,0,0,0.0016,0.0016,1.0093,0,0,0,0,0,0,10604,0,10604,39,147,1,1,20260711
E2,4,Doris,300000,medium_024,4,medium,4.1048,1.1866,0,0,0.0032,0.0032,5.2946,0,0,0,0,0,0,56756,0,56756,39,788,1,1,20260711
E2,4,Doris,300000,rare_004,4,rare,0.0219,0.0034,0,0,0.0008,0.0008,0.0261,0,0,0,0,0,0,164,0,164,39,2,1,1,20260711
E2,4,Doris,300000,rare_006,4,rare,0.0663,0.0173,0,0,0.0009,0.0009,0.0845,0,0,0,0,0,0,812,0,812,39,11,1,1,20260711
E2,4,Doris,300000,rare_018,4,rare,0.0147,0.0023,0,0,0.0008,0.0008,0.0178,0,0,0,0,0,0,92,0,92,39,1,1,1,20260711
E2,4,Doris,300000,rare_009,4,rare,0.312,0.0851,0,0,0.0009,0.0009,0.398,0,0,0,0,0,0,4196,0,4196,39,58,1,1,20260711
E2,4,Doris,300000,medium_020,4,medium,1.5235,0.426,0,0,0.0013,0.0013,1.9508,0,0,0,0,0,0,20972,0,20972,39,291,1,1,20260711
E2,4,Doris,300000,medium_017,4,medium,0.7554,0.2157,0,0,0.0009,0.0009,0.972,0,0,0,0,0,0,10316,0,10316,39,143,1,1,20260711
E2,4,Doris,300000,common_025,4,common,153.238,42.659,0,0,8.23,8.23,204.127,0,0,0,0,0,0,2014220,0,2014220,512299,27975,14637,1,20260711
E2,4,Doris,300000,rare_000,4,rare,0.0526,0.0072,0,0,0.0063,0.0063,0.0661,0,0,0,0,0,0,308,0,308,39,4,1,1,20260711
E2,4,Doris,300000,medium_023,4,medium,27.6352,8.522,0,0,0.0093,0.0093,36.1665,0,0,0,0,0,0,364268,0,364268,74,5059,2,1,20260711
E2,4,Doris,300000,common_001,4,common,2.6008,0.7348,0,0,0.097,0.097,3.4326,0,0,0,0,0,0,35444,0,35444,5499,492,157,1,20260711
E2,4,Doris,300000,rare_008,4,rare,0.0288,0.0051,0,0,0.0016,0.0016,0.0355,0,0,0,0,0,0,236,0,236,74,3,2,1,20260711
E2,4,Doris,300000,rare_024,4,rare,16.6551,4.7547,0,0,0.0079,0.0079,21.4177,0,0,0,0,0,0,221276,0,221276,144,3073,4,1,20260711
E2,4,Doris,300000,common_017,4,common,14.0436,4.1545,0,0,0.3024,0.3024,18.5005,0,0,0,0,0,0,189668,0,189668,17714,2634,506,1,20260711
E2,4,Doris,300000,medium_014,4,medium,8.036,2.8103,0,0,0.0116,0.0116,10.8579,0,0,0,0,0,0,108668,0,108668,179,1509,5,1,20260711
E2,4,Doris,300000,common_011,4,common,34.0831,9.9867,0,0,0.4218,0.4218,44.4916,0,0,0,0,0,0,462188,0,462188,15404,6419,440,1,20260711
E2,4,Doris,300000,common_000,4,common,0.5522,0.1514,0,0,0.0587,0.0587,0.7623,0,0,0,0,0,0,7148,0,7148,3294,99,94,1,20260711
E2,4,Doris,300000,common_022,4,common,34.6296,9.9618,0,0,2.1221,2.1221,46.7135,0,0,0,0,0,0,462188,0,462188,120474,6419,3442,1,20260711
E2,4,Doris,300000,common_006,4,common,59.8967,18.0148,0,0,0.1949,0.1949,78.1064,0,0,0,0,0,0,790652,0,790652,9979,10981,285,1,20260711
E2,4,Doris,300000,medium_001,4,medium,16.8714,4.7091,0,0,0.0067,0.0067,21.5872,0,0,0,0,0,0,227252,0,227252,74,3156,2,1,20260711
E2,4,Doris,300000,medium_002,4,medium,1.441,0.4039,0,0,0.0024,0.0024,1.8473,0,0,0,0,0,0,19676,0,19676,39,273,1,1,20260711
E2,4,Doris,300000,rare_022,4,rare,1.3146,0.3697,0,0,0.0011,0.0011,1.6854,0,0,0,0,0,0,18164,0,18164,39,252,1,1,20260711
E2,4,Doris,300000,common_023,4,common,34.5994,10.0327,0,0,1.4005,1.4005,46.0326,0,0,0,0,0,0,462188,0,462188,84599,6419,2417,1,20260711
E2,4,Doris,300000,common_027,4,common,150.988,43.936,0,0,13.3747,13.3747,208.298,0,0,0,0,0,0,2014220,0,2014220,810044,27975,23144,1,20260711
E2,4,Doris,300000,rare_002,4,rare,1.0829,0.2759,0,0,0.0056,0.0056,1.3644,0,0,0,0,0,0,12764,0,12764,39,177,1,1,20260711
E2,4,Doris,300000,rare_021,4,rare,0.105,0.0276,0,0,0.001,0.001,0.1336,0,0,0,0,0,0,1316,0,1316,39,18,1,1,20260711
E2,4,Doris,300000,common_009,4,common,40.6413,12.3949,0,0,0.5194,0.5194,53.5556,0,0,0,0,0,0,555212,0,555212,29964,7711,856,1,20260711
E2,4,Doris,300000,rare_017,4,rare,0.7152,0.2074,0,0,0.0019,0.0019,0.9245,0,0,0,0,0,0,9524,0,9524,39,132,1,1,20260711
E2,4,Doris,300000,medium_007,4,medium,2.5149,0.7172,0,0,0.0013,0.0013,3.2334,0,0,0,0,0,0,34292,0,34292,39,476,1,1,20260711
E2,4,Doris,300000,common_005,4,common,5.8878,1.7399,0,0,0.0885,0.0885,7.7162,0,0,0,0,0,0,79436,0,79436,4764,1103,136,1,20260711
E2,4,Doris,300000,common_004,4,common,6.3307,1.9013,0,0,0.1781,0.1781,8.4101,0,0,0,0,0,0,86636,0,86636,10644,1203,304,1,20260711
E2,4,Doris,300000,rare_001,4,rare,1.0918,0.2782,0,0,0.0024,0.0024,1.3724,0,0,0,0,0,0,12764,0,12764,39,177,1,1,20260711
E2,4,Doris,300000,common_015,4,common,36.426,11.0975,0,0,0.1459,0.1459,47.6694,0,0,0,0,0,0,492428,0,492428,7984,6839,228,1,20260711
E2,4,Doris,300000,rare_019,4,rare,8.8622,2.5435,0,0,0.0061,0.0061,11.4118,0,0,0,0,0,0,119900,0,119900,74,1665,2,1,20260711
E2,4,Doris,300000,rare_012,4,rare,0.0252,0.0035,0,0,0.0013,0.0013,0.03,0,0,0,0,0,0,164,0,164,39,2,1,1,20260711
E2,4,Doris,300000,rare_023,4,rare,0.1566,0.0422,0,0,0.0009,0.0009,0.1997,0,0,0,0,0,0,2036,0,2036,39,28,1,1,20260711
E2,4,Doris,300000,rare_014,4,rare,0.153,0.0405,0,0,0.0009,0.0009,0.1944,0,0,0,0,0,0,1964,0,1964,39,27,1,1,20260711
E2,4,Doris,300000,medium_006,4,medium,0.1307,0.0348,0,0,0.0008,0.0008,0.1663,0,0,0,0,0,0,1676,0,1676,39,23,1,1,20260711
E2,4,Doris,300000,medium_011,4,medium,3.7616,1.0059,0,0,0.0079,0.0079,4.7754,0,0,0,0,0,0,47540,0,47540,74,660,2,1,20260711
E2,4,Doris,300000,medium_008,4,medium,5.1277,1.473,0,0,0.002,0.002,6.6027,0,0,0,0,0,0,70436,0,70436,39,978,1,1,20260711
E2,4,Ren,300000,medium_022,4,medium,0.0135,0.6265,0,0,0.0008,0.0008,0.6408,0,0,0,0,0,0,228,0,228,47,383,1,1,20260711
E2,4,Ren,300000,medium_015,4,medium,0.0151,0.2796,0,0,0.0009,0.0009,0.2956,0,0,0,0,0,0,228,0,228,47,245,1,1,20260711
E2,4,Ren,300000,rare_013,4,rare,0.0138,0.0591,0,0,0.0008,0.0008,0.0737,0,0,0,0,0,0,228,0,228,47,56,1,1,20260711
E2,4,Ren,300000,medium_018,4,medium,0.0134,0.0991,0,0.0001,0.0008,0.0008,0.1133,0,0,0,0,0,0,228,0,228,47,79,1,1,20260711
E2,4,Ren,300000,common_013,4,common,0.0136,4.869,0,0,0.1193,0.1193,5.0019,0,0,0,0,0,0,228,0,228,8120,2864,208,1,20260711
E2,4,Ren,300000,rare_007,4,rare,0.0171,0.0656,0,0.0001,0.001,0.001,0.0837,0,0,0,0,0,0,228,0,228,47,44,1,1,20260711
E2,4,Ren,300000,common_007,4,common,0.0139,43.1065,0,0,0.7654,0.7654,43.8858,0,0,0,0,0,0,228,0,228,53165,32047,1363,1,20260711
E2,4,Ren,300000,medium_003,4,medium,0.0198,0.0811,0,0.0001,0.001,0.001,0.1019,0,0,0,0,0,0,228,0,228,47,68,1,1,20260711
E2,4,Ren,300000,rare_015,4,rare,0.0138,0.017,0,0,0.0009,0.0009,0.0317,0,0,0,0,0,0,228,0,228,47,13,1,1,20260711
E2,4,Ren,300000,medium_013,4,medium,0.0134,0.3399,0,0,0.0016,0.0016,0.3549,0,0,0,0,0,0,228,0,228,86,312,2,1,20260711
E2,4,Ren,300000,rare_020,4,rare,0.0138,0.0723,0,0.0001,0.0008,0.0008,0.0869,0,0,0,0,0,0,228,0,228,47,68,1,1,20260711
E2,4,Ren,300000,rare_016,4,rare,0.0135,3.4285,0,0,0.0028,0.0028,3.4448,0,0,0,0,0,0,228,0,228,164,3230,4,1,20260711
E2,4,Ren,300000,common_019,4,common,0.0144,30.02,0,0,4.1554,4.1554,34.1898,0,0,0,0,0,0,228,0,228,298319,12211,7649,1,20260711
E2,4,Ren,300000,medium_021,4,medium,0.0257,4.5276,0,0,0.0082,0.0082,4.5615,0,0,0,0,0,0,228,0,228,47,3745,1,1,20260711
E2,4,Ren,300000,rare_011,4,rare,0.0204,0.0783,0,0.0001,0.001,0.001,0.0997,0,0,0,0,0,0,228,0,228,47,71,1,1,20260711
E2,4,Ren,300000,medium_010,4,medium,0.0144,0.0574,0,0.0001,0.0016,0.0016,0.0734,0,0,0,0,0,0,228,0,228,86,49,2,1,20260711
E2,4,Ren,300000,common_016,4,common,0.0139,15.9067,0,0,1.2049,1.2049,17.1255,0,0,0,0,0,0,228,0,228,86510,9871,2218,1,20260711
E2,4,Ren,300000,rare_025,4,rare,0.0187,0.0162,0,0.0001,0.001,0.001,0.0359,0,0,0,0,0,0,228,0,228,47,7,1,1,20260711
E2,4,Ren,300000,medium_025,4,medium,0.0142,0.0358,0,0,0.0007,0.0007,0.0507,0,0,0,0,0,0,228,0,228,47,31,1,1,20260711
E2,4,Ren,300000,common_012,4,common,0.0137,18.6767,0,0,1.8304,1.8304,20.5208,0,0,0,0,0,0,228,0,228,131711,8238,3377,1,20260711
E2,4,Ren,300000,common_024,4,common,0.0209,27.0436,0,0,2.1143,2.1143,29.1788,0,0,0,0,0,0,228,0,228,150314,12689,3854,1,20260711
E2,4,Ren,300000,common_002,4,common,0.019,39.9662,0,0.0001,1.1448,1.1448,41.13,0,0,0,0,0,0,228,0,228,64475,24861,1653,1,20260711
E2,4,Ren,300000,common_021,4,common,0.0215,20.7908,0,0,1.6477,1.6477,22.46,0,0,0,0,0,0,228,0,228,117866,8238,3022,1,20260711
E2,4,Ren,300000,medium_009,4,medium,0.0199,0.0522,0,0.0001,0.0013,0.0013,0.0734,0,0,0,0,0,0,228,0,228,47,46,1,1,20260711
E2,4,Ren,300000,common_020,4,common,0.0137,22.6874,0,0,0.9598,0.9598,23.6609,0,0,0,0,0,0,228,0,228,67790,17617,1738,1,20260711
E2,4,Ren,300000,common_003,4,common,0.0209,8.4043,0,0,0.1365,0.1365,8.5617,0,0,0,0,0,0,228,0,228,9485,7207,243,1,20260711
E2,4,Ren,300000,medium_005,4,medium,0.0174,1.0045,0,0.0001,0.0016,0.0016,1.0235,0,0,0,0,0,0,228,0,228,47,889,1,1,20260711
E2,4,Ren,300000,medium_004,4,medium,0.015,0.075,0,0,0.0009,0.0009,0.0909,0,0,0,0,0,0,228,0,228,47,72,1,1,20260711
E2,4,Ren,300000,common_008,4,common,0.0136,26.8221,0,0.0001,0.3951,0.3951,27.2308,0,0,0,0,0,0,228,0,228,26333,24000,675,1,20260711
E2,4,Ren,300000,rare_010,4,rare,0.0193,0.0402,0,0,0.001,0.001,0.0605,0,0,0,0,0,0,228,0,228,47,36,1,1,20260711
E2,4,Ren,300000,medium_016,4,medium,0.0192,0.0049,0,0,0.001,0.001,0.0251,0,0,0,0,0,0,228,0,228,47,2,1,1,20260711
E2,4,Ren,300000,common_018,4,common,0.0137,2.6056,0,0,0.3598,0.3598,2.9791,0,0,0,0,0,0,228,0,228,25709,991,659,1,20260711
E2,4,Ren,300000,medium_019,4,medium,0.015,0.5433,0,0.0001,0.0016,0.0016,0.5599,0,0,0,0,0,0,228,0,228,47,455,1,1,20260711
E2,4,Ren,300000,rare_003,4,rare,0.0149,0.0499,0,0.0001,0.0009,0.0009,0.0657,0,0,0,0,0,0,228,0,228,47,43,1,1,20260711
E2,4,Ren,300000,medium_000,4,medium,0.0135,1.3647,0,0,0.0009,0.0009,1.3791,0,0,0,0,0,0,228,0,228,47,1360,1,1,20260711
E2,4,Ren,300000,medium_012,4,medium,0.0141,0.004,0,0,0.0008,0.0008,0.0189,0,0,0,0,0,0,228,0,228,47,1,1,1,20260711
E2,4,Ren,300000,common_010,4,common,0.0142,55.1765,0,0.0001,1.6846,1.6846,56.8753,0,0,0,0,0,0,228,0,228,120557,23143,3091,1,20260711
E2,4,Ren,300000,common_026,4,common,0.0212,18.2445,0,0,2.9851,2.9851,21.2508,0,0,0,0,0,0,228,0,228,195827,6419,5021,1,20260711
E2,4,Ren,300000,common_014,4,common,0.0228,2.8617,0,0,0.1368,0.1368,3.0213,0,0,0,0,0,0,228,0,228,9641,991,247,1,20260711
E2,4,Ren,300000,rare_005,4,rare,0.0154,0.1591,0,0,0.001,0.001,0.1755,0,0,0,0,0,0,228,0,228,47,147,1,1,20260711
E2,4,Ren,300000,medium_024,4,medium,0.0136,0.8044,0,0,0.0009,0.0009,0.8189,0,0,0,0,0,0,228,0,228,47,788,1,1,20260711
E2,4,Ren,300000,rare_004,4,rare,0.0136,0.0047,0,0,0.0007,0.0007,0.019,0,0,0,0,0,0,228,0,228,47,2,1,1,20260711
E2,4,Ren,300000,rare_006,4,rare,0.0135,0.0191,0,0,0.0007,0.0007,0.0333,0,0,0,0,0,0,228,0,228,47,11,1,1,20260711
E2,4,Ren,300000,rare_018,4,rare,0.0141,0.0037,0,0,0.0009,0.0009,0.0187,0,0,0,0,0,0,228,0,228,47,1,1,1,20260711
E2,4,Ren,300000,rare_009,4,rare,0.0135,0.0667,0,0,0.0008,0.0008,0.081,0,0,0,0,0,0,228,0,228,47,58,1,1,20260711
E2,4,Ren,300000,medium_020,4,medium,0.0138,0.3456,0,0,0.0008,0.0008,0.3602,0,0,0,0,0,0,228,0,228,47,291,1,1,20260711
E2,4,Ren,300000,medium_017,4,medium,0.0139,0.1569,0,0,0.0008,0.0008,0.1716,0,0,0,0,0,0,228,0,228,47,143,1,1,20260711
E2,4,Ren,300000,common_025,4,common,0.0134,74.6497,0,0,8.0303,8.0303,82.6934,0,0,0,0,0,0,228,0,228,570851,27975,14637,1,20260711
E2,4,Ren,300000,rare_000,4,rare,0.0284,0.0087,0,0.0001,0.0078,0.0078,0.0449,0,0,0,0,0,0,228,0,228,47,4,1,1,20260711
E2,4,Ren,300000,medium_023,4,medium,0.0138,5.5148,0,0,0.0039,0.0039,5.5325,0,0,0,0,0,0,228,0,228,86,5059,2,1,20260711
E2,4,Ren,300000,common_001,4,common,0.0161,0.8492,0,0.0001,0.0868,0.0868,0.9521,0,0,0,0,0,0,228,0,228,6131,492,157,1,20260711
E2,4,Ren,300000,rare_008,4,rare,0.0146,0.0094,0,0.0001,0.0015,0.0015,0.0255,0,0,0,0,0,0,228,0,228,86,3,2,1,20260711
E2,4,Ren,300000,rare_024,4,rare,0.0139,3.8034,0,0,0.0028,0.0028,3.8201,0,0,0,0,0,0,228,0,228,164,3073,4,1,20260711
E2,4,Ren,300000,common_017,4,common,0.0138,5.3916,0,0,0.2802,0.2802,5.6856,0,0,0,0,0,0,228,0,228,19742,2634,506,1,20260711
E2,4,Ren,300000,medium_014,4,medium,0.0152,1.7987,0,0,0.0067,0.0067,1.8206,0,0,0,0,0,0,228,0,228,203,1509,5,1,20260711
E2,4,Ren,300000,common_011,4,common,0.0157,18.0954,0,0,0.2428,0.2428,18.3539,0,0,0,0,0,0,228,0,228,17168,6419,440,1,20260711
E2,4,Ren,300000,common_000,4,common,0.0178,0.3052,0,0,0.0539,0.0539,0.3769,0,0,0,0,0,0,228,0,228,3674,99,94,1,20260711
E2,4,Ren,300000,common_022,4,common,0.0141,17.5806,0,0,1.9212,1.9212,19.5159,0,0,0,0,0,0,228,0,228,134246,6419,3442,1,20260711
E2,4,Ren,300000,common_006,4,common,0.018,13.4758,0,0.0001,0.1616,0.1616,13.6554,0,0,0,0,0,0,228,0,228,11123,10981,285,1,20260711
E2,4,Ren,300000,medium_001,4,medium,0.0151,3.2038,0,0,0.0021,0.0021,3.221,0,0,0,0,0,0,228,0,228,86,3156,2,1,20260711
E2,4,Ren,300000,medium_002,4,medium,0.014,0.2745,0,0,0.0008,0.0008,0.2893,0,0,0,0,0,0,228,0,228,47,273,1,1,20260711
E2,4,Ren,300000,rare_022,4,rare,0.0137,0.2948,0,0,0.0008,0.0008,0.3093,0,0,0,0,0,0,228,0,228,47,252,1,1,20260711
E2,4,Ren,300000,common_023,4,common,0.0146,17.3906,0,0,1.3063,1.3063,18.7115,0,0,0,0,0,0,228,0,228,94271,6419,2417,1,20260711
E2,4,Ren,300000,common_027,4,common,0.0164,88.999,0,0,13.131,13.131,102.146,0,0,0,0,0,0,228,0,228,902624,27975,23144,1,20260711
E2,4,Ren,300000,rare_002,4,rare,0.0281,0.1903,0,0.0001,0.0116,0.0116,0.23,0,0,0,0,0,0,228,0,228,47,177,1,1,20260711
E2,4,Ren,300000,rare_021,4,rare,0.0147,0.0238,0,0,0.0012,0.0012,0.0397,0,0,0,0,0,0,228,0,228,47,18,1,1,20260711
E2,4,Ren,300000,common_009,4,common,0.0138,10.6186,0,0,0.4719,0.4719,11.1043,0,0,0,0,0,0,228,0,228,33392,7711,856,1,20260711
E2,4,Ren,300000,rare_017,4,rare,0.0191,0.1607,0,0,0.0011,0.0011,0.1809,0,0,0,0,0,0,228,0,228,47,132,1,1,20260711
E2,4,Ren,300000,medium_007,4,medium,0.0142,0.5564,0,0.0001,0.0009,0.0009,0.5715,0,0,0,0,0,0,228,0,228,47,476,1,1,20260711
E2,4,Ren,300000,common_005,4,common,0.0138,1.9223,0,0,0.0759,0.0759,2.012,0,0,0,0,0,0,228,0,228,5312,1103,136,1,20260711
E2,4,Ren,300000,common_004,4,common,0.0143,2.8461,0,0,0.1891,0.1891,3.0495,0,0,0,0,0,0,228,0,228,11864,1203,304,1,20260711
E2,4,Ren,300000,rare_001,4,rare,0.0157,0.1849,0,0.0001,0.0009,0.0009,0.2015,0,0,0,0,0,0,228,0,228,47,177,1,1,20260711
E2,4,Ren,300000,common_015,4,common,0.0139,8.155,0,0,0.1267,0.1267,8.2956,0,0,0,0,0,0,228,0,228,8900,6839,228,1,20260711
E2,4,Ren,300000,rare_019,4,rare,0.016,1.8147,0,0.0001,0.0018,0.0018,1.8325,0,0,0,0,0,0,228,0,228,86,1665,2,1,20260711
E2,4,Ren,300000,rare_012,4,rare,0.0138,0.0046,0,0,0.0009,0.0009,0.0193,0,0,0,0,0,0,228,0,228,47,2,1,1,20260711
E2,4,Ren,300000,rare_023,4,rare,0.014,0.0325,0,0,0.0009,0.0009,0.0474,0,0,0,0,0,0,228,0,228,47,28,1,1,20260711
E2,4,Ren,300000,rare_014,4,rare,0.0141,0.0301,0,0,0.0009,0.0009,0.0451,0,0,0,0,0,0,228,0,228,47,27,1,1,20260711
E2,4,Ren,300000,medium_006,4,medium,0.0138,0.0262,0,0,0.0008,0.0008,0.0408,0,0,0,0,0,0,228,0,228,47,23,1,1,20260711
E2,4,Ren,300000,medium_011,4,medium,0.0137,0.7744,0,0,0.0014,0.0014,0.7895,0,0,0,0,0,0,228,0,228,86,660,2,1,20260711
E2,4,Ren,300000,medium_008,4,medium,0.0138,1.1316,0,0,0.0009,0.0009,1.1463,0,0,0,0,0,0,228,0,228,47,978,1,1,20260711
E2,4,SliceBF,300000,common_006,5,common,0.0472,0.209,3.7488,0.3446,0.7061,4.7995,5.0557,2,300672,0,0,134,8576,1000,5730432,1536,6031104,143,143,1,20260711
E2,4,SliceBF,300000,medium_008,5,medium,0.056,0.1736,2.5299,0.3421,0.0181,2.8901,3.1197,2,300672,0,0,1,64,1000,25280,1004,325952,1,1,1,20260711
E2,4,SliceBF,300000,common_021,5,common,0.0494,0.3105,3.2722,0.4149,2.3058,5.9929,6.3528,2,300672,0,0,522,33408,1000,19692416,3088,19993088,558,558,1,20260711
E2,4,SliceBF,300000,rare_008,5,rare,0.0489,0.1672,2.676,0.3427,0.0144,3.0331,3.2492,2,300672,0,0,1,64,1000,25280,1004,325952,1,1,1,20260711
E2,4,SliceBF,300000,common_016,5,common,0.0486,0.2041,3.821,0.3473,0.4941,4.6624,4.9151,2,300672,0,0,126,8064,1000,3070592,1504,3371264,151,151,1,20260711
E2,4,SliceBF,300000,common_023,5,common,0.0498,0.2649,4.5226,0.3484,1.3832,6.2542,6.5689,2,300672,0,0,339,21696,1000,10961984,2356,11262656,354,354,1,20260711
E2,4,SliceBF,300000,rare_000,5,rare,0.0485,0.1664,3.2191,0.3451,0.0139,3.5781,3.793,2,300672,0,0,1,64,1000,25280,1004,325952,1,1,1,20260711
E2,4,SliceBF,300000,medium_016,5,medium,0.0485,0.1662,3.0474,0.3417,0.0136,3.4027,3.6174,2,300672,0,0,1,64,1000,25280,1004,325952,1,1,1,20260711
E2,4,SliceBF,300000,rare_005,5,rare,0.0472,0.2313,2.8922,0.3417,0.0131,3.247,3.5255,2,300672,0,0,1,64,1000,41664,1004,342336,1,1,1,20260711
E2,4,SliceBF,300000,common_003,5,common,0.0472,0.2517,3.3387,0.346,1.2172,4.9019,5.2008,2,300672,0,0,269,17216,1000,10691520,2076,10992192,279,279,1,20260711
E2,4,SliceBF,300000,common_018,5,common,0.0475,0.5015,4.7045,0.3649,9.4085,14.4779,15.0269,2,300672,0,0,1237,79168,1000,52177344,5948,52478016,1545,1545,1,20260711
E2,4,SliceBF,300000,medium_000,5,medium,0.0514,0.1682,3.2799,0.3418,0.0143,3.636,3.8556,2,300672,0,0,1,64,1000,25280,1004,325952,1,1,1,20260711
E2,4,SliceBF,300000,rare_009,5,rare,0.0482,0.1721,2.4192,0.3417,0.0123,2.7732,2.9935,2,300672,0,0,1,64,1000,41664,1004,342336,1,1,1,20260711
E2,4,SliceBF,300000,common_011,5,common,0.047,0.2268,3.4478,0.3446,0.9529,4.7453,5.0191,2,300672,0,0,162,10368,1000,8191360,1648,8492032,177,177,1,20260711
E2,4,SliceBF,300000,medium_001,5,medium,0.0493,0.1651,2.8192,0.3418,0.0132,3.1742,3.3886,2,300672,0,0,1,64,1000,41664,1004,342336,1,1,1,20260711
E2,4,SliceBF,300000,medium_023,5,medium,0.0476,0.1639,2.6979,0.3416,0.0134,3.0529,3.2644,2,300672,0,0,1,64,1000,41664,1004,342336,1,1,1,20260711
E2,4,SliceBF,300000,common_014,5,common,0.0473,0.2225,3.3066,0.3562,0.8742,4.537,4.8068,2,300672,0,0,213,13632,1000,6293952,1852,6594624,222,222,1,20260711
E2,4,SliceBF,300000,common_019,5,common,0.0496,0.9264,4.8288,0.3816,14.9952,20.2056,21.1816,2,300672,0,0,1983,126912,1000,83078464,8932,83379136,2970,2970,1,20260711
E2,4,SliceBF,300000,medium_017,5,medium,0.0573,0.1774,3.1816,0.4394,0.0249,3.6459,3.8806,2,300672,0,0,1,64,1000,25280,1004,325952,1,1,1,20260711
E2,4,SliceBF,300000,medium_012,5,medium,0.0639,0.2215,4.6145,0.3431,0.0216,4.9792,5.2646,2,300672,0,0,1,64,1000,25280,1004,325952,1,1,1,20260711
E2,4,SliceBF,300000,common_010,5,common,0.05,0.2064,2.3942,0.3471,0.4132,3.1545,3.4109,2,300672,0,0,100,6400,1000,3281664,1400,3582336,101,101,1,20260711
E2,4,SliceBF,300000,common_026,5,common,0.0491,0.2431,4.4362,0.3503,1.177,5.9635,6.2557,2,300672,0,0,256,16384,1000,9551872,2024,9852544,266,266,1,20260711
E2,4,SliceBF,300000,medium_022,5,medium,0.0495,0.3838,3.2681,0.3418,0.0133,3.6232,4.0565,2,300672,0,0,1,64,1000,25280,1004,325952,1,1,1,20260711
E2,4,SliceBF,300000,rare_024,5,rare,0.0477,0.1665,2.8836,0.3419,0.0138,3.2393,3.4535,2,300672,0,0,1,64,1000,41664,1004,342336,1,1,1,20260711
E2,4,SliceBF,300000,rare_007,5,rare,0.0491,0.1673,3.673,0.3416,0.0125,4.0271,4.2435,2,300672,0,0,1,64,1000,25280,1004,325952,1,1,1,20260711
E2,4,SliceBF,300000,common_024,5,common,0.0473,0.6442,3.4018,0.3553,4.7017,8.4588,9.1503,2,300672,0,0,1008,64512,1000,36574208,5032,36874880,1131,1131,1,20260711
E2,4,SliceBF,300000,rare_014,5,rare,0.0502,0.1686,3.1951,0.3416,0.0167,3.5534,3.7722,2,300672,0,0,1,64,1000,25280,1004,325952,1,1,1,20260711
E2,4,SliceBF,300000,common_000,5,common,0.0473,0.2568,4.0486,0.3511,3.8822,8.2819,8.586,2,300672,0,0,341,21824,1000,19073472,2364,19374144,598,598,1,20260711
E2,4,SliceBF,300000,rare_003,5,rare,0.051,0.1665,2.408,0.3416,0.0133,2.7629,2.9804,2,300672,0,0,1,64,1000,25280,1004,325952,1,1,1,20260711
E2,4,SliceBF,300000,rare_017,5,rare,0.0479,0.1708,3.744,0.3445,0.0109,4.0994,4.3181,2,300672,0,0,1,64,1000,17088,1004,317760,1,1,1,20260711
E2,4,SliceBF,300000,rare_001,5,rare,0.0469,0.1642,3.5098,0.3441,0.0112,3.8651,4.0762,2,300672,0,0,1,64,1000,25280,1004,325952,1,1,1,20260711
E2,4,SliceBF,300000,rare_006,5,rare,0.0472,0.1642,3.1117,0.3431,0.0166,3.4714,3.6828,2,300672,0,0,1,64,1000,25280,1004,325952,1,1,1,20260711
E2,4,SliceBF,300000,common_005,5,common,0.0483,0.6769,3.1392,0.4484,11.0672,14.6548,15.38,2,300672,0,0,1552,99328,1000,69102592,7208,69403264,2205,2205,1,20260711
E2,4,SliceBF,300000,medium_021,5,medium,0.0535,0.177,2.8556,0.3449,0.0181,3.2186,3.4491,2,300672,0,0,1,64,1000,25280,1004,325952,1,1,1,20260711
E2,4,SliceBF,300000,medium_006,5,medium,0.0485,0.1688,2.0672,0.3417,0.0189,2.4278,2.6451,2,300672,0,0,2,128,1000,83328,1008,384000,2,2,1,20260711
E2,4,SliceBF,300000,medium_024,5,medium,0.0481,0.168,2.5881,0.3546,0.0163,2.959,3.1751,2,300672,0,0,1,64,1000,25280,1004,325952,1,1,1,20260711
E2,4,SliceBF,300000,common_012,5,common,0.0474,0.2098,3.1618,0.3453,0.7155,4.2226,4.4798,2,300672,0,0,135,8640,1000,4854592,1540,5155264,135,135,1,20260711
E2,4,SliceBF,300000,rare_023,5,rare,0.0485,0.1724,3.8553,0.3442,0.014,4.2135,4.4344,2,300672,0,0,1,64,1000,25280,1004,325952,1,1,1,20260711
E2,4,SliceBF,300000,rare_019,5,rare,0.0479,0.1662,3.7944,0.3417,0.0171,4.1532,4.3673,2,300672,0,0,2,128,1000,83328,1008,384000,2,2,1,20260711
E2,4,SliceBF,300000,rare_012,5,rare,0.047,0.1675,2.5496,0.3415,0.0116,2.9027,3.1172,2,300672,0,0,1,64,1000,41664,1004,342336,1,1,1,20260711
E2,4,SliceBF,300000,medium_007,5,medium,0.0464,0.1622,3.4803,0.3418,0.0155,3.8376,4.0462,2,300672,0,0,1,64,1000,25280,1004,325952,1,1,1,20260711
E2,4,SliceBF,300000,medium_011,5,medium,0.0479,0.1689,3.0872,0.3415,0.0128,3.4415,3.6583,2,300672,0,0,1,64,1000,25280,1004,325952,1,1,1,20260711
E2,4,SliceBF,300000,common_013,5,common,0.0471,0.2412,4.9557,0.3483,1.4564,6.7604,7.0487,2,300672,0,0,290,18560,1000,12639616,2160,12940288,311,311,1,20260711
E2,4,SliceBF,300000,medium_003,5,medium,0.0477,0.1659,3.3929,0.4231,0.0462,3.8622,4.0758,2,300672,0,0,1,64,1000,41664,1004,342336,1,1,1,20260711
E2,4,SliceBF,300000,common_015,5,common,0.0498,0.1868,3.2718,0.3432,0.2278,3.8428,4.0794,2,300672,0,0,67,4288,1000,1693760,1268,1994432,69,69,1,20260711
E2,4,SliceBF,300000,common_027,5,common,0.0477,0.5249,2.9023,0.3648,6.2728,9.5399,10.1125,2,300672,0,0,1365,87360,1000,44886464,6460,45187136,1656,1656,1,20260711
E2,4,SliceBF,300000,common_020,5,common,0.0529,0.5405,5.1458,0.3691,6.4541,11.969,12.5624,2,300672,0,0,1299,83136,1000,49828928,6196,50129600,1549,1549,1,20260711
E2,4,SliceBF,300000,medium_015,5,medium,0.0528,0.1681,4.4317,0.3441,0.0209,4.7967,5.0176,2,300672,0,0,1,64,1000,25280,1004,325952,1,1,1,20260711
E2,4,SliceBF,300000,medium_010,5,medium,0.049,0.1699,3.8234,0.3421,0.0244,4.1899,4.4088,2,300672,0,0,1,64,1000,41664,1004,342336,1,1,1,20260711
E2,4,SliceBF,300000,medium_013,5,medium,0.0481,0.1681,3.3264,0.3416,0.0125,3.6805,3.8967,2,300672,0,0,1,64,1000,41664,1004,342336,1,1,1,20260711
E2,4,SliceBF,300000,rare_020,5,rare,0.0473,0.1677,2.8937,0.3448,0.0166,3.2551,3.4701,2,300672,0,0,1,64,1000,17088,1004,317760,1,1,1,20260711
E2,4,SliceBF,300000,common_008,5,common,0.0484,0.1928,5.1095,0.3762,0.3035,5.7892,6.0304,2,300672,0,0,67,4288,1000,2250816,1268,2551488,67,67,1,20260711
E2,4,SliceBF,300000,medium_002,5,medium,0.0487,0.1686,2.8294,0.3416,0.0148,3.1858,3.4031,2,300672,0,0,1,64,1000,41664,1004,342336,1,1,1,20260711
E2,4,SliceBF,300000,medium_018,5,medium,0.0483,0.171,2.5531,0.3438,0.0126,2.9095,3.1288,2,300672,0,0,1,64,1000,25280,1004,325952,1,1,1,20260711
E2,4,SliceBF,300000,rare_010,5,rare,0.0472,0.1698,2.7404,0.3417,0.0138,3.0959,3.3129,2,300672,0,0,1,64,1000,41664,1004,342336,1,1,1,20260711
E2,4,SliceBF,300000,common_002,5,common,0.0476,0.2215,3.6609,0.345,0.8704,4.8763,5.1454,2,300672,0,0,166,10624,1000,7686272,1664,7986944,172,172,1,20260711
E2,4,SliceBF,300000,rare_021,5,rare,0.0481,0.1672,2.1906,0.3419,0.0132,2.5457,2.761,2,300672,0,0,1,64,1000,41664,1004,342336,1,1,1,20260711
E2,4,SliceBF,300000,rare_002,5,rare,0.0477,0.1667,2.9525,0.3415,0.0119,3.3059,3.5203,2,300672,0,0,1,64,1000,41664,1004,342336,1,1,1,20260711
E2,4,SliceBF,300000,common_009,5,common,0.047,0.6077,4.317,0.3714,8.9013,13.5897,14.2444,2,300672,0,0,1603,102592,1000,65935424,7412,66236096,2122,2122,1,20260711
E2,4,SliceBF,300000,rare_011,5,rare,0.0513,0.1634,2.9638,0.3417,0.0164,3.3219,3.5366,2,300672,0,0,1,64,1000,25280,1004,325952,1,1,1,20260711
E2,4,SliceBF,300000,medium_020,5,medium,0.0466,0.1642,3.6777,0.342,0.0128,4.0325,4.2433,2,300672,0,0,1,64,1000,25280,1004,325952,1,1,1,20260711
E2,4,SliceBF,300000,medium_004,5,medium,0.0528,0.167,3.1532,0.3416,0.0128,3.5076,3.7274,2,300672,0,0,1,64,1000,25280,1004,325952,1,1,1,20260711
E2,4,SliceBF,300000,rare_018,5,rare,0.0474,0.172,3.6009,0.3416,0.0145,3.957,4.1764,2,300672,0,0,1,64,1000,25280,1004,325952,1,1,1,20260711
E2,4,SliceBF,300000,common_025,5,common,0.0486,0.2235,2.9721,0.3483,0.7111,4.0315,4.3036,2,300672,0,0,182,11648,1000,5207168,1728,5507840,189,189,1,20260711
E2,4,SliceBF,300000,common_017,5,common,0.055,0.3476,4.6899,0.3573,5.2864,10.3336,10.7362,2,300672,0,0,607,38848,1000,29828416,3428,30129088,936,936,1,20260711
E2,4,SliceBF,300000,medium_025,5,medium,0.0522,0.174,3.2066,0.3529,0.0167,3.5762,3.8024,2,300672,0,0,1,64,1000,25280,1004,325952,1,1,1,20260711
E2,4,SliceBF,300000,medium_014,5,medium,0.0484,0.1757,3.0984,0.3417,0.0148,3.4549,3.679,2,300672,0,0,1,64,1000,41664,1004,342336,1,1,1,20260711
E2,4,SliceBF,300000,rare_013,5,rare,0.0481,0.1745,2.273,0.3416,0.0141,2.6287,2.8513,2,300672,0,0,1,64,1000,41664,1004,342336,1,1,1,20260711
E2,4,SliceBF,300000,rare_016,5,rare,0.0473,0.1718,2.906,0.3452,0.0118,3.263,3.4821,2,300672,0,0,1,64,1000,41664,1004,342336,1,1,1,20260711
E2,4,SliceBF,300000,medium_005,5,medium,0.0481,0.1688,2.7493,0.3416,0.0116,3.1025,3.3194,2,300672,0,0,1,64,1000,41664,1004,342336,1,1,1,20260711
E2,4,SliceBF,300000,medium_009,5,medium,0.0471,0.1691,3.3915,0.3469,0.0177,3.7561,3.9723,2,300672,0,0,1,64,1000,25280,1004,325952,1,1,1,20260711
E2,4,SliceBF,300000,rare_025,5,rare,0.0484,0.1657,3.2878,0.3416,0.0123,3.6417,3.8558,2,300672,0,0,1,64,1000,25280,1004,325952,1,1,1,20260711
E2,4,SliceBF,300000,rare_022,5,rare,0.0473,0.3379,4.3753,0.3419,0.0171,4.7343,5.1195,2,300672,0,0,2,128,1000,66944,1008,367616,2,2,1,20260711
E2,4,SliceBF,300000,common_007,5,common,0.0476,0.1766,2.7322,0.343,0.1614,3.2366,3.4608,2,300672,0,0,33,2112,1000,1243840,1132,1544512,33,33,1,20260711
E2,4,SliceBF,300000,common_001,5,common,0.0513,0.2437,3.667,0.3905,1.3537,5.4112,5.7062,2,300672,0,0,259,16576,1000,11675712,2036,11976384,277,277,1,20260711
E2,4,SliceBF,300000,common_022,5,common,0.0489,0.3132,4.2582,0.3529,1.6714,6.2825,6.6446,2,300672,0,0,390,24960,1000,12112000,2560,12412672,416,416,1,20260711
E2,4,SliceBF,300000,rare_015,5,rare,0.0493,0.1716,2.2206,0.3416,0.0125,2.5747,2.7956,2,300672,0,0,1,64,1000,25280,1004,325952,1,1,1,20260711
E2,4,SliceBF,300000,common_004,5,common,0.0538,0.183,2.4678,0.3577,0.1319,2.9574,3.1942,2,300672,0,0,26,1664,1000,968576,1104,1269248,26,26,1,20260711
E2,4,SliceBF,300000,rare_004,5,rare,0.0486,0.1692,2.9607,0.3417,0.0132,3.3156,3.5334,2,300672,0,0,1,64,1000,25280,1004,325952,1,1,1,20260711
E2,4,SliceBF,300000,medium_019,5,medium,0.0478,0.167,2.4007,0.3415,0.0107,2.7529,2.9677,2,300672,0,0,1,64,1000,25280,1004,325952,1,1,1,20260711
E2,4,XEBFF-Conj,300000,common_006,5,common,7.6937,1.856,0,0,0.093,0.093,9.6427,0,0,0,0,0,0,99476,0,99476,5009,1184,143,1,20260711
E2,4,XEBFF-Conj,300000,medium_008,5,medium,1.7265,0.3443,0,0,0.0067,0.0067,2.0775,0,0,0,0,0,0,18248,0,18248,39,217,1,1,20260711
E2,4,XEBFF-Conj,300000,common_021,5,common,7.047,1.7365,0,0,0.3406,0.3406,9.1241,0,0,0,0,0,0,92336,0,92336,19534,1099,558,1,20260711
E2,4,XEBFF-Conj,300000,rare_008,5,rare,1.1605,0.2777,0,0,0.002,0.002,1.4402,0,0,0,0,0,0,14888,0,14888,39,177,1,1,20260711
E2,4,XEBFF-Conj,300000,common_016,5,common,20.1349,4.9666,0,0,0.101,0.101,25.2025,0,0,0,0,0,0,254792,0,254792,5289,3033,151,1,20260711
E2,4,XEBFF-Conj,300000,common_023,5,common,59.1954,15.2033,0,0,0.2247,0.2247,74.6234,0,0,0,0,0,0,751568,0,751568,12394,8947,354,1,20260711
E2,4,XEBFF-Conj,300000,rare_000,5,rare,0.3929,0.0889,0,0,0.0022,0.0022,0.484,0,0,0,0,0,0,4640,0,4640,39,55,1,1,20260711
E2,4,XEBFF-Conj,300000,medium_016,5,medium,0.2389,0.0527,0,0,0.001,0.001,0.2926,0,0,0,0,0,0,2792,0,2792,39,33,1,1,20260711
E2,4,XEBFF-Conj,300000,rare_005,5,rare,0.5892,0.1326,0,0,0.0013,0.0013,0.7231,0,0,0,0,0,0,7076,0,7076,39,84,1,1,20260711
E2,4,XEBFF-Conj,300000,common_003,5,common,46.8569,11.943,0,0,0.1878,0.1878,58.9877,0,0,0,0,0,0,605408,0,605408,9769,7207,279,1,20260711
E2,4,XEBFF-Conj,300000,common_018,5,common,39.2288,9.4299,0,0,0.8861,0.8861,49.5448,0,0,0,0,0,0,488312,0,488312,54079,5813,1545,1,20260711
E2,4,XEBFF-Conj,300000,medium_000,5,medium,1.5533,0.3728,0,0,0.0029,0.0029,1.929,0,0,0,0,0,0,19928,0,19928,39,237,1,1,20260711
E2,4,XEBFF-Conj,300000,rare_009,5,rare,0.4227,0.0941,0,0,0.0016,0.0016,0.5184,0,0,0,0,0,0,4976,0,4976,39,59,1,1,20260711
E2,4,XEBFF-Conj,300000,common_011,5,common,9.2269,2.2398,0,0,0.1122,0.1122,11.5789,0,0,0,0,0,0,114848,0,114848,6199,1367,177,1,20260711
E2,4,XEBFF-Conj,300000,medium_001,5,medium,3.3236,0.8159,0,0,0.0044,0.0044,4.1439,0,0,0,0,0,0,43700,0,43700,39,520,1,1,20260711
E2,4,XEBFF-Conj,300000,medium_023,5,medium,1.5437,0.3688,0,0,0.0022,0.0022,1.9147,0,0,0,0,0,0,19592,0,19592,39,233,1,1,20260711
E2,4,XEBFF-Conj,300000,common_014,5,common,3.2006,0.8282,0,0,0.1338,0.1338,4.1626,0,0,0,0,0,0,36056,0,36056,7774,429,222,1,20260711
E2,4,XEBFF-Conj,300000,common_019,5,common,78.4681,20.1263,0,0,1.7347,1.7347,100.329,0,0,0,0,0,0,1005332,0,1005332,103954,11968,2970,1,20260711
E2,4,XEBFF-Conj,300000,medium_017,5,medium,0.0932,0.0112,0,0,0.0055,0.0055,0.1099,0,0,0,0,0,0,524,0,524,39,6,1,1,20260711
E2,4,XEBFF-Conj,300000,medium_012,5,medium,1.6766,0.4002,0,0,0.005,0.005,2.0818,0,0,0,0,0,0,21020,0,21020,39,250,1,1,20260711
E2,4,XEBFF-Conj,300000,common_010,5,common,2.2076,0.4743,0,0,0.0671,0.0671,2.749,0,0,0,0,0,0,24296,0,24296,3539,289,101,1,20260711
E2,4,XEBFF-Conj,300000,common_026,5,common,7.0724,1.7725,0,0,0.1562,0.1562,9.0011,0,0,0,0,0,0,92672,0,92672,9314,1103,266,1,20260711
E2,4,XEBFF-Conj,300000,medium_022,5,medium,0.1602,0.0322,0,0,0.0011,0.0011,0.1935,0,0,0,0,0,0,1700,0,1700,39,20,1,1,20260711
E2,4,XEBFF-Conj,300000,rare_024,5,rare,1.146,0.2803,0,0,0.0017,0.0017,1.428,0,0,0,0,0,0,14804,0,14804,39,176,1,1,20260711
E2,4,XEBFF-Conj,300000,rare_007,5,rare,1.1465,0.2778,0,0,0.0014,0.0014,1.4257,0,0,0,0,0,0,14888,0,14888,39,177,1,1,20260711
E2,4,XEBFF-Conj,300000,common_024,5,common,31.6266,9.3539,0,0,0.6704,0.6704,41.6509,0,0,0,0,0,0,409604,0,409604,39589,4876,1131,1,20260711
E2,4,XEBFF-Conj,300000,rare_014,5,rare,0.0602,0.0058,0,0,0.0015,0.0015,0.0675,0,0,0,0,0,0,272,0,272,39,3,1,1,20260711
E2,4,XEBFF-Conj,300000,common_000,5,common,65.2399,17.2312,0,0,0.4363,0.4363,82.9074,0,0,0,0,0,0,840188,0,840188,20934,10002,598,1,20260711
E2,4,XEBFF-Conj,300000,rare_003,5,rare,0.3241,0.0698,0,0,0.0031,0.0031,0.397,0,0,0,0,0,0,3716,0,3716,39,44,1,1,20260711
E2,4,XEBFF-Conj,300000,rare_017,5,rare,0.0928,0.0149,0,0,0.001,0.001,0.1087,0,0,0,0,0,0,776,0,776,39,9,1,1,20260711
E2,4,XEBFF-Conj,300000,rare_001,5,rare,0.3331,0.0753,0,0,0.0008,0.0008,0.4092,0,0,0,0,0,0,4052,0,4052,39,48,1,1,20260711
E2,4,XEBFF-Conj,300000,rare_006,5,rare,0.1451,0.0289,0,0,0.0012,0.0012,0.1752,0,0,0,0,0,0,1532,0,1532,39,18,1,1,20260711
E2,4,XEBFF-Conj,300000,common_005,5,common,69.2697,17.6948,0,0,1.2961,1.2961,88.2606,0,0,0,0,0,0,885968,0,885968,77179,10547,2205,1,20260711
E2,4,XEBFF-Conj,300000,medium_021,5,medium,0.0572,0.0044,0,0,0.005,0.005,0.0666,0,0,0,0,0,0,188,0,188,39,2,1,1,20260711
E2,4,XEBFF-Conj,300000,medium_006,5,medium,0.0638,0.0085,0,0,0.0016,0.0016,0.0739,0,0,0,0,0,0,440,0,440,74,5,2,1,20260711
E2,4,XEBFF-Conj,300000,medium_024,5,medium,0.0428,0.0036,0,0,0.0009,0.0009,0.0473,0,0,0,0,0,0,188,0,188,39,2,1,1,20260711
E2,4,XEBFF-Conj,300000,common_012,5,common,18.394,4.3457,0,0,0.0908,0.0908,22.8305,0,0,0,0,0,0,229760,0,229760,4729,2735,135,1,20260711
E2,4,XEBFF-Conj,300000,rare_023,5,rare,8.9194,3.6783,0,0,0.0069,0.0069,12.6046,0,0,0,0,0,0,116780,0,116780,39,1390,1,1,20260711
E2,4,XEBFF-Conj,300000,rare_019,5,rare,1.4295,0.3982,0,0,0.0051,0.0051,1.8328,0,0,0,0,0,0,14300,0,14300,74,170,2,1,20260711
E2,4,XEBFF-Conj,300000,rare_012,5,rare,0.5685,0.2316,0,0,0.0013,0.0013,0.8014,0,0,0,0,0,0,7076,0,7076,39,84,1,1,20260711
E2,4,XEBFF-Conj,300000,medium_007,5,medium,10.6464,2.7084,0,0,0.0076,0.0076,13.3624,0,0,0,0,0,0,135428,0,135428,39,1612,1,1,20260711
E2,4,XEBFF-Conj,300000,medium_011,5,medium,2.5678,0.6508,0,0,0.0024,0.0024,3.221,0,0,0,0,0,0,33452,0,33452,39,398,1,1,20260711
E2,4,XEBFF-Conj,300000,common_013,5,common,153.55,37.7342,0,0,0.2276,0.2276,191.512,0,0,0,0,0,0,1944032,0,1944032,10889,23143,311,1,20260711
E2,4,XEBFF-Conj,300000,medium_003,5,medium,1.7973,0.4366,0,0,0.0069,0.0069,2.2408,0,0,0,0,0,0,23288,0,23288,39,277,1,1,20260711
E2,4,XEBFF-Conj,300000,common_015,5,common,0.663,0.1564,0,0,0.043,0.043,0.8624,0,0,0,0,0,0,8336,0,8336,2419,99,69,1,20260711
E2,4,XEBFF-Conj,300000,common_027,5,common,71.4322,18.3332,0,0,0.9572,0.9572,90.7226,0,0,0,0,0,0,922424,0,922424,57964,10981,1656,1,20260711
E2,4,XEBFF-Conj,300000,common_020,5,common,158.559,39.973,0,0,0.9589,0.9589,199.491,0,0,0,0,0,0,2016020,0,2016020,54219,24000,1549,1,20260711
E2,4,XEBFF-Conj,300000,medium_015,5,medium,10.4914,2.4798,0,0,0.006,0.006,12.9772,0,0,0,0,0,0,133580,0,133580,39,1590,1,1,20260711
E2,4,XEBFF-Conj,300000,medium_010,5,medium,1.3289,0.3129,0,0,0.0026,0.0026,1.6444,0,0,0,0,0,0,17156,0,17156,39,204,1,1,20260711
E2,4,XEBFF-Conj,300000,medium_013,5,medium,24.6356,7.4379,0,0,0.008,0.008,32.0815,0,0,0,0,0,0,318128,0,318128,39,3787,1,1,20260711
E2,4,XEBFF-Conj,300000,rare_020,5,rare,0.979,0.1994,0,0,0.0043,0.0043,1.1827,0,0,0,0,0,0,10604,0,10604,39,126,1,1,20260711
E2,4,XEBFF-Conj,300000,common_008,5,common,48.2926,12.2796,0,0,0.0542,0.0542,60.6264,0,0,0,0,0,0,620360,0,620360,2349,7385,67,1,20260711
E2,4,XEBFF-Conj,300000,medium_002,5,medium,0.3549,0.0775,0,0,0.0014,0.0014,0.4338,0,0,0,0,0,0,4136,0,4136,39,49,1,1,20260711
E2,4,XEBFF-Conj,300000,medium_018,5,medium,0.3609,0.0823,0,0,0.0011,0.0011,0.4443,0,0,0,0,0,0,4388,0,4388,39,52,1,1,20260711
E2,4,XEBFF-Conj,300000,rare_010,5,rare,0.0558,0.0071,0,0,0.0009,0.0009,0.0638,0,0,0,0,0,0,356,0,356,39,4,1,1,20260711
E2,4,XEBFF-Conj,300000,common_002,5,common,30.8606,8.3803,0,0,0.1247,0.1247,39.3656,0,0,0,0,0,0,383144,0,383144,6024,4561,172,1,20260711
E2,4,XEBFF-Conj,300000,rare_021,5,rare,0.5998,0.1452,0,0,0.0023,0.0023,0.7473,0,0,0,0,0,0,7412,0,7412,39,88,1,1,20260711
E2,4,XEBFF-Conj,300000,rare_002,5,rare,0.6052,0.1466,0,0,0.0012,0.0012,0.753,0,0,0,0,0,0,7664,0,7664,39,91,1,1,20260711
E2,4,XEBFF-Conj,300000,common_009,5,common,47.0643,12.5798,0,0,1.2039,1.2039,60.848,0,0,0,0,0,0,606332,0,606332,74274,7218,2122,1,20260711
E2,4,XEBFF-Conj,300000,rare_011,5,rare,0.0495,0.0027,0,0,0.0025,0.0025,0.0547,0,0,0,0,0,0,104,0,104,39,1,1,1,20260711
E2,4,XEBFF-Conj,300000,medium_020,5,medium,3.0728,0.7478,0,0,0.0057,0.0057,3.8263,0,0,0,0,0,0,39500,0,39500,39,470,1,1,20260711
E2,4,XEBFF-Conj,300000,medium_004,5,medium,2.6672,0.718,0,0,0.0036,0.0036,3.3888,0,0,0,0,0,0,34880,0,34880,39,415,1,1,20260711
E2,4,XEBFF-Conj,300000,rare_018,5,rare,1.0778,0.2571,0,0,0.0013,0.0013,1.3362,0,0,0,0,0,0,13712,0,13712,39,163,1,1,20260711
E2,4,XEBFF-Conj,300000,common_025,5,common,19.5384,4.7438,0,0,0.1215,0.1215,24.4037,0,0,0,0,0,0,244880,0,244880,6619,2915,189,1,20260711
E2,4,XEBFF-Conj,300000,common_017,5,common,58.8663,15.0069,0,0,0.5738,0.5738,74.447,0,0,0,0,0,0,749300,0,749300,32764,8920,936,1,20260711
E2,4,XEBFF-Conj,300000,medium_025,5,medium,0.2837,0.0648,0,0,0.0044,0.0044,0.3529,0,0,0,0,0,0,3128,0,3128,39,37,1,1,20260711
E2,4,XEBFF-Conj,300000,medium_014,5,medium,0.6476,0.1658,0,0,0.0011,0.0011,0.8145,0,0,0,0,0,0,8168,0,8168,39,97,1,1,20260711
E2,4,XEBFF-Conj,300000,rare_013,5,rare,0.126,0.0265,0,0,0.0009,0.0009,0.1534,0,0,0,0,0,0,1280,0,1280,39,15,1,1,20260711
E2,4,XEBFF-Conj,300000,rare_016,5,rare,0.4873,0.1205,0,0,0.0013,0.0013,0.6091,0,0,0,0,0,0,5984,0,5984,39,71,1,1,20260711
E2,4,XEBFF-Conj,300000,medium_005,5,medium,4.7594,1.2209,0,0,0.0032,0.0032,5.9835,0,0,0,0,0,0,61424,0,61424,39,731,1,1,20260711
E2,4,XEBFF-Conj,300000,medium_009,5,medium,21.696,5.3394,0,0,0.0074,0.0074,27.0428,0,0,0,0,0,0,269576,0,269576,39,3209,1,1,20260711
E2,4,XEBFF-Conj,300000,rare_025,5,rare,5.5269,1.3141,0,0,0.0049,0.0049,6.8459,0,0,0,0,0,0,69572,0,69572,39,828,1,1,20260711
E2,4,XEBFF-Conj,300000,rare_022,5,rare,0.1053,0.018,0,0,0.0022,0.0022,0.1255,0,0,0,0,0,0,944,0,944,74,11,2,1,20260711
E2,4,XEBFF-Conj,300000,common_007,5,common,9.9616,2.5602,0,0,0.0314,0.0314,12.5532,0,0,0,0,0,0,129548,0,129548,1159,1542,33,1,20260711
E2,4,XEBFF-Conj,300000,common_001,5,common,39.3132,10.3205,0,0,0.1852,0.1852,49.8189,0,0,0,0,0,0,510236,0,510236,9699,6074,277,1,20260711
E2,4,XEBFF-Conj,300000,common_022,5,common,84.0339,21.2493,0,0,0.2862,0.2862,105.569,0,0,0,0,0,0,1065896,0,1065896,14564,12689,416,1,20260711
E2,4,XEBFF-Conj,300000,rare_015,5,rare,0.109,0.0185,0,0,0.0034,0.0034,0.1309,0,0,0,0,0,0,860,0,860,39,10,1,1,20260711
E2,4,XEBFF-Conj,300000,common_004,5,common,10.0325,3.0641,0,0,0.0261,0.0261,13.1227,0,0,0,0,0,0,129548,0,129548,914,1542,26,1,20260711
E2,4,XEBFF-Conj,300000,rare_004,5,rare,0.8241,0.1695,0,0,0.0023,0.0023,0.9959,0,0,0,0,0,0,8588,0,8588,39,102,1,1,20260711
E2,4,XEBFF-Conj,300000,medium_019,5,medium,0.0377,0.0026,0,0,0.0009,0.0009,0.0412,0,0,0,0,0,0,104,0,104,39,1,1,1,20260711
E2,4,Doris,300000,common_006,5,common,7.8808,1.9247,0,0,0.0929,0.0929,9.8984,0,0,0,0,0,0,99476,0,99476,5009,1184,143,1,20260711
E2,4,Doris,300000,medium_008,5,medium,1.4323,0.3404,0,0,0.0037,0.0037,1.7764,0,0,0,0,0,0,18248,0,18248,39,217,1,1,20260711
E2,4,Doris,300000,common_021,5,common,7.3099,1.7393,0,0,0.4334,0.4334,9.4826,0,0,0,0,0,0,92336,0,92336,19534,1099,558,1,20260711
E2,4,Doris,300000,rare_008,5,rare,1.2925,0.2817,0,0,0.0025,0.0025,1.5767,0,0,0,0,0,0,14888,0,14888,39,177,1,1,20260711
E2,4,Doris,300000,common_016,5,common,20.0737,4.9959,0,0,0.098,0.098,25.1676,0,0,0,0,0,0,254792,0,254792,5289,3033,151,1,20260711
E2,4,Doris,300000,common_023,5,common,59.7339,15.0147,0,0,0.2244,0.2244,74.973,0,0,0,0,0,0,751568,0,751568,12394,8947,354,1,20260711
E2,4,Doris,300000,rare_000,5,rare,0.3751,0.0867,0,0,0.0019,0.0019,0.4637,0,0,0,0,0,0,4640,0,4640,39,55,1,1,20260711
E2,4,Doris,300000,medium_016,5,medium,0.2207,0.0507,0,0,0.0011,0.0011,0.2725,0,0,0,0,0,0,2792,0,2792,39,33,1,1,20260711
E2,4,Doris,300000,rare_005,5,rare,0.2607,0.0603,0,0,0.0008,0.0008,0.3218,0,0,0,0,0,0,3296,0,3296,39,39,1,1,20260711
E2,4,Doris,300000,common_003,5,common,47.8456,12.0227,0,0,0.1888,0.1888,60.0571,0,0,0,0,0,0,605408,0,605408,9769,7207,279,1,20260711
E2,4,Doris,300000,common_018,5,common,39.0812,9.4547,0,0,0.9462,0.9462,49.4821,0,0,0,0,0,0,488312,0,488312,54079,5813,1545,1,20260711
E2,4,Doris,300000,medium_000,5,medium,0.0987,0.0201,0,0,0.0026,0.0026,0.1214,0,0,0,0,0,0,1028,0,1028,39,12,1,1,20260711
E2,4,Doris,300000,rare_009,5,rare,0.5712,0.1055,0,0,0.0019,0.0019,0.6786,0,0,0,0,0,0,4976,0,4976,39,59,1,1,20260711
E2,4,Doris,300000,common_011,5,common,8.9249,2.1779,0,0,0.1138,0.1138,11.2166,0,0,0,0,0,0,114848,0,114848,6199,1367,177,1,20260711
E2,4,Doris,300000,medium_001,5,medium,3.3753,1.0551,0,0,0.0086,0.0086,4.439,0,0,0,0,0,0,43700,0,43700,39,520,1,1,20260711
E2,4,Doris,300000,medium_023,5,medium,2.488,0.3767,0,0,0.0039,0.0039,2.8686,0,0,0,0,0,0,19592,0,19592,39,233,1,1,20260711
E2,4,Doris,300000,common_014,5,common,2.7825,0.7475,0,0,0.1449,0.1449,3.6749,0,0,0,0,0,0,36056,0,36056,7774,429,222,1,20260711
E2,4,Doris,300000,common_019,5,common,79.656,19.9993,0,0,1.9144,1.9144,101.57,0,0,0,0,0,0,1005332,0,1005332,103954,11968,2970,1,20260711
E2,4,Doris,300000,medium_017,5,medium,0.0671,0.0114,0,0,0.0036,0.0036,0.0821,0,0,0,0,0,0,524,0,524,39,6,1,1,20260711
E2,4,Doris,300000,medium_012,5,medium,0.8767,0.207,0,0,0.0023,0.0023,1.086,0,0,0,0,0,0,11024,0,11024,39,131,1,1,20260711
E2,4,Doris,300000,common_010,5,common,1.8911,0.4732,0,0,0.0658,0.0658,2.4301,0,0,0,0,0,0,24296,0,24296,3539,289,101,1,20260711
E2,4,Doris,300000,common_026,5,common,7.2288,2.056,0,0,0.1635,0.1635,9.4483,0,0,0,0,0,0,92672,0,92672,9314,1103,266,1,20260711
E2,4,Doris,300000,medium_022,5,medium,0.1472,0.0321,0,0,0.0011,0.0011,0.1804,0,0,0,0,0,0,1700,0,1700,39,20,1,1,20260711
E2,4,Doris,300000,rare_024,5,rare,1.0623,0.2566,0,0,0.0015,0.0015,1.3204,0,0,0,0,0,0,13628,0,13628,39,162,1,1,20260711
E2,4,Doris,300000,rare_007,5,rare,1.1469,0.2817,0,0,0.0011,0.0011,1.4297,0,0,0,0,0,0,14888,0,14888,39,177,1,1,20260711
E2,4,Doris,300000,common_024,5,common,32.052,8.1225,0,0,0.6566,0.6566,40.8311,0,0,0,0,0,0,409352,0,409352,39589,4873,1131,1,20260711
E2,4,Doris,300000,rare_014,5,rare,0.0379,0.0057,0,0,0.0025,0.0025,0.0461,0,0,0,0,0,0,272,0,272,39,3,1,1,20260711
E2,4,Doris,300000,common_000,5,common,67.2879,16.592,0,0,0.3792,0.3792,84.2591,0,0,0,0,0,0,840188,0,840188,20934,10002,598,1,20260711
E2,4,Doris,300000,rare_003,5,rare,0.3047,0.0698,0,0,0.0017,0.0017,0.3762,0,0,0,0,0,0,3716,0,3716,39,44,1,1,20260711
E2,4,Doris,300000,rare_017,5,rare,0.0715,0.0148,0,0,0.0014,0.0014,0.0877,0,0,0,0,0,0,776,0,776,39,9,1,1,20260711
E2,4,Doris,300000,rare_001,5,rare,0.3195,0.0752,0,0,0.0009,0.0009,0.3956,0,0,0,0,0,0,4052,0,4052,39,48,1,1,20260711
E2,4,Doris,300000,rare_006,5,rare,0.1268,0.029,0,0,0.0009,0.0009,0.1567,0,0,0,0,0,0,1532,0,1532,39,18,1,1,20260711
E2,4,Doris,300000,common_005,5,common,69.6772,17.8922,0,0,1.4188,1.4188,88.9882,0,0,0,0,0,0,885968,0,885968,77179,10547,2205,1,20260711
E2,4,Doris,300000,medium_021,5,medium,0.04,0.0042,0,0,0.0037,0.0037,0.0479,0,0,0,0,0,0,188,0,188,39,2,1,1,20260711
E2,4,Doris,300000,medium_006,5,medium,0.0432,0.0087,0,0,0.0021,0.0021,0.054,0,0,0,0,0,0,440,0,440,74,5,2,1,20260711
E2,4,Doris,300000,medium_024,5,medium,0.023,0.0038,0,0,0.0008,0.0008,0.0276,0,0,0,0,0,0,188,0,188,39,2,1,1,20260711
E2,4,Doris,300000,common_012,5,common,18.034,4.5406,0,0,0.093,0.093,22.6676,0,0,0,0,0,0,229760,0,229760,4729,2735,135,1,20260711
E2,4,Doris,300000,rare_023,5,rare,10.2305,2.3118,0,0,0.0067,0.0067,12.549,0,0,0,0,0,0,116780,0,116780,39,1390,1,1,20260711
E2,4,Doris,300000,rare_019,5,rare,1.1212,0.273,0,0,0.0395,0.0395,1.4337,0,0,0,0,0,0,14300,0,14300,74,170,2,1,20260711
E2,4,Doris,300000,rare_012,5,rare,0.5553,0.1362,0,0,0.0015,0.0015,0.693,0,0,0,0,0,0,7076,0,7076,39,84,1,1,20260711
E2,4,Doris,300000,medium_007,5,medium,10.9444,2.6082,0,0,0.0053,0.0053,13.5579,0,0,0,0,0,0,135428,0,135428,39,1612,1,1,20260711
E2,4,Doris,300000,medium_011,5,medium,2.7948,0.6372,0,0,0.0054,0.0054,3.4374,0,0,0,0,0,0,33452,0,33452,39,398,1,1,20260711
E2,4,Doris,300000,common_013,5,common,154.864,37.8599,0,0,0.2096,0.2096,192.933,0,0,0,0,0,0,1944032,0,1944032,10889,23143,311,1,20260711
E2,4,Doris,300000,medium_003,5,medium,1.7968,0.4265,0,0,0.0037,0.0037,2.227,0,0,0,0,0,0,23288,0,23288,39,277,1,1,20260711
E2,4,Doris,300000,common_015,5,common,0.6552,0.1551,0,0,0.0441,0.0441,0.8544,0,0,0,0,0,0,8336,0,8336,2419,99,69,1,20260711
E2,4,Doris,300000,common_027,5,common,72.9423,18.3958,0,0,0.9612,0.9612,92.2993,0,0,0,0,0,0,922424,0,922424,57964,10981,1656,1,20260711
E2,4,Doris,300000,common_020,5,common,160.427,38.9783,0,0,1.2881,1.2881,200.693,0,0,0,0,0,0,2016020,0,2016020,54219,24000,1549,1,20260711
E2,4,Doris,300000,medium_015,5,medium,10.6115,2.6528,0,0,0.0073,0.0073,13.2716,0,0,0,0,0,0,133580,0,133580,39,1590,1,1,20260711
E2,4,Doris,300000,medium_010,5,medium,1.3404,0.3233,0,0,0.0036,0.0036,1.6673,0,0,0,0,0,0,17156,0,17156,39,204,1,1,20260711
E2,4,Doris,300000,medium_013,5,medium,25.2373,6.3632,0,0,0.0073,0.0073,31.6078,0,0,0,0,0,0,318128,0,318128,39,3787,1,1,20260711
E2,4,Doris,300000,rare_020,5,rare,0.8393,0.199,0,0,0.0031,0.0031,1.0414,0,0,0,0,0,0,10604,0,10604,39,126,1,1,20260711
E2,4,Doris,300000,common_008,5,common,49.1629,12.6058,0,0,0.0562,0.0562,61.8249,0,0,0,0,0,0,620360,0,620360,2349,7385,67,1,20260711
E2,4,Doris,300000,medium_002,5,medium,0.3409,0.0781,0,0,0.0018,0.0018,0.4208,0,0,0,0,0,0,4136,0,4136,39,49,1,1,20260711
E2,4,Doris,300000,medium_018,5,medium,0.3482,0.0845,0,0,0.001,0.001,0.4337,0,0,0,0,0,0,4388,0,4388,39,52,1,1,20260711
E2,4,Doris,300000,rare_010,5,rare,0.0366,0.0065,0,0,0.0011,0.0011,0.0442,0,0,0,0,0,0,356,0,356,39,4,1,1,20260711
E2,4,Doris,300000,common_002,5,common,29.9099,7.8591,0,0,0.1242,0.1242,37.8932,0,0,0,0,0,0,383144,0,383144,6024,4561,172,1,20260711
E2,4,Doris,300000,rare_021,5,rare,0.5886,0.1392,0,0,0.0021,0.0021,0.7299,0,0,0,0,0,0,7412,0,7412,39,88,1,1,20260711
E2,4,Doris,300000,rare_002,5,rare,0.6003,0.1442,0,0,0.0009,0.0009,0.7454,0,0,0,0,0,0,7664,0,7664,39,91,1,1,20260711
E2,4,Doris,300000,common_009,5,common,48.8763,13.3163,0,0,1.2145,1.2145,63.4071,0,0,0,0,0,0,606332,0,606332,74274,7218,2122,1,20260711
E2,4,Doris,300000,rare_011,5,rare,0.0301,0.0024,0,0,0.0034,0.0034,0.0359,0,0,0,0,0,0,104,0,104,39,1,1,1,20260711
E2,4,Doris,300000,medium_020,5,medium,3.0535,0.7506,0,0,0.0041,0.0041,3.8082,0,0,0,0,0,0,39500,0,39500,39,470,1,1,20260711
E2,4,Doris,300000,medium_004,5,medium,2.7512,0.6561,0,0,0.0029,0.0029,3.4102,0,0,0,0,0,0,34880,0,34880,39,415,1,1,20260711
E2,4,Doris,300000,rare_018,5,rare,1.2426,0.2661,0,0,0.0018,0.0018,1.5105,0,0,0,0,0,0,13712,0,13712,39,163,1,1,20260711
E2,4,Doris,300000,common_025,5,common,19.3367,4.792,0,0,0.1213,0.1213,24.25,0,0,0,0,0,0,244880,0,244880,6619,2915,189,1,20260711
E2,4,Doris,300000,common_017,5,common,59.263,15.0707,0,0,0.5742,0.5742,74.9079,0,0,0,0,0,0,749300,0,749300,32764,8920,936,1,20260711
E2,4,Doris,300000,medium_025,5,medium,0.2718,0.0592,0,0,0.0029,0.0029,0.3339,0,0,0,0,0,0,3128,0,3128,39,37,1,1,20260711
E2,4,Doris,300000,medium_014,5,medium,0.635,0.1533,0,0,0.0013,0.0013,0.7896,0,0,0,0,0,0,8168,0,8168,39,97,1,1,20260711
E2,4,Doris,300000,rare_013,5,rare,0.1097,0.024,0,0,0.0008,0.0008,0.1345,0,0,0,0,0,0,1280,0,1280,39,15,1,1,20260711
E2,4,Doris,300000,rare_016,5,rare,0.4666,0.112,0,0,0.0013,0.0013,0.5799,0,0,0,0,0,0,5984,0,5984,39,71,1,1,20260711
E2,4,Doris,300000,medium_005,5,medium,4.7972,1.409,0,0,0.008,0.008,6.2142,0,0,0,0,0,0,61424,0,61424,39,731,1,1,20260711
E2,4,Doris,300000,medium_009,5,medium,22.5164,5.1824,0,0,0.008,0.008,27.7068,0,0,0,0,0,0,269576,0,269576,39,3209,1,1,20260711
E2,4,Doris,300000,rare_025,5,rare,5.5965,1.406,0,0,0.006,0.006,7.0085,0,0,0,0,0,0,69572,0,69572,39,828,1,1,20260711
E2,4,Doris,300000,rare_022,5,rare,0.0846,0.0186,0,0,0.0021,0.0021,0.1053,0,0,0,0,0,0,944,0,944,74,11,2,1,20260711
E2,4,Doris,300000,common_007,5,common,10.0678,2.7408,0,0,0.0321,0.0321,12.8407,0,0,0,0,0,0,129548,0,129548,1159,1542,33,1,20260711
E2,4,Doris,300000,common_001,5,common,40.5391,10.5748,0,0,0.192,0.192,51.3059,0,0,0,0,0,0,510236,0,510236,9699,6074,277,1,20260711
E2,4,Doris,300000,common_022,5,common,84.5678,21.6092,0,0,0.2819,0.2819,106.459,0,0,0,0,0,0,1065896,0,1065896,14564,12689,416,1,20260711
E2,4,Doris,300000,rare_015,5,rare,0.0936,0.0174,0,0,0.0035,0.0035,0.1145,0,0,0,0,0,0,860,0,860,39,10,1,1,20260711
E2,4,Doris,300000,common_004,5,common,11.2239,2.7816,0,0,0.0262,0.0262,14.0317,0,0,0,0,0,0,129548,0,129548,914,1542,26,1,20260711
E2,4,Doris,300000,rare_004,5,rare,0.6997,0.1665,0,0,0.0026,0.0026,0.8688,0,0,0,0,0,0,8588,0,8588,39,102,1,1,20260711
E2,4,Doris,300000,medium_019,5,medium,0.0182,0.0021,0,0,0.001,0.001,0.0213,0,0,0,0,0,0,104,0,104,39,1,1,1,20260711
E2,4,Ren,300000,common_006,5,common,0.0167,1.7245,0,0,0.0788,0.0788,1.82,0,0,0,0,0,0,284,0,284,5585,1184,143,1,20260711
E2,4,Ren,300000,medium_008,5,medium,0.0184,0.2479,0,0.0001,0.001,0.001,0.2673,0,0,0,0,0,0,284,0,284,47,217,1,1,20260711
E2,4,Ren,300000,common_021,5,common,0.0175,3.9804,0,0,0.3035,0.3035,4.3014,0,0,0,0,0,0,284,0,284,21770,1099,558,1,20260711
E2,4,Ren,300000,rare_008,5,rare,0.0184,0.1865,0,0,0.0009,0.0009,0.2058,0,0,0,0,0,0,284,0,284,47,177,1,1,20260711
E2,4,Ren,300000,common_016,5,common,0.0177,3.7214,0,0,0.0835,0.0835,3.8226,0,0,0,0,0,0,284,0,284,5897,3033,151,1,20260711
E2,4,Ren,300000,common_023,5,common,0.0177,10.9761,0,0,0.1941,0.1941,11.1879,0,0,0,0,0,0,284,0,284,13814,8947,354,1,20260711
E2,4,Ren,300000,rare_000,5,rare,0.0196,0.065,0,0,0.0009,0.0009,0.0855,0,0,0,0,0,0,284,0,284,47,55,1,1,20260711
E2,4,Ren,300000,medium_016,5,medium,0.0171,0.0382,0,0,0.0008,0.0008,0.0561,0,0,0,0,0,0,284,0,284,47,33,1,1,20260711
E2,4,Ren,300000,rare_005,5,rare,0.0169,0.0454,0,0,0.0008,0.0008,0.0631,0,0,0,0,0,0,284,0,284,47,39,1,1,20260711
E2,4,Ren,300000,common_003,5,common,0.0193,10.2609,0,0,0.154,0.154,10.4342,0,0,0,0,0,0,284,0,284,10889,7207,279,1,20260711
E2,4,Ren,300000,common_018,5,common,0.02,17.8179,0,0,0.8656,0.8656,18.7035,0,0,0,0,0,0,284,0,284,60263,5813,1545,1,20260711
E2,4,Ren,300000,medium_000,5,medium,0.0225,0.0173,0,0.0001,0.001,0.001,0.0408,0,0,0,0,0,0,284,0,284,47,12,1,1,20260711
E2,4,Ren,300000,rare_009,5,rare,0.0217,0.071,0,0,0.0009,0.0009,0.0936,0,0,0,0,0,0,284,0,284,47,59,1,1,20260711
E2,4,Ren,300000,common_011,5,common,0.0172,2.6432,0,0,0.0972,0.0972,2.7576,0,0,0,0,0,0,284,0,284,6911,1367,177,1,20260711
E2,4,Ren,300000,medium_001,5,medium,0.0178,0.5365,0,0.0001,0.0008,0.0008,0.5551,0,0,0,0,0,0,284,0,284,47,520,1,1,20260711
E2,4,Ren,300000,medium_023,5,medium,0.0176,0.2609,0,0,0.0007,0.0007,0.2792,0,0,0,0,0,0,284,0,284,47,233,1,1,20260711
E2,4,Ren,300000,common_014,5,common,0.0169,1.2142,0,0,0.1236,0.1236,1.3547,0,0,0,0,0,0,284,0,284,8666,429,222,1,20260711
E2,4,Ren,300000,common_019,5,common,0.0178,34.7426,0,0,1.9579,1.9579,36.7183,0,0,0,0,0,0,284,0,284,115838,11968,2970,1,20260711
E2,4,Ren,300000,medium_017,5,medium,0.0263,0.0113,0,0.0001,0.0015,0.0015,0.0391,0,0,0,0,0,0,284,0,284,47,6,1,1,20260711
E2,4,Ren,300000,medium_012,5,medium,0.0175,0.1495,0,0,0.0009,0.0009,0.1679,0,0,0,0,0,0,284,0,284,47,131,1,1,20260711
E2,4,Ren,300000,common_010,5,common,0.017,0.641,0,0,0.056,0.056,0.714,0,0,0,0,0,0,284,0,284,3947,289,101,1,20260711
E2,4,Ren,300000,common_026,5,common,0.0172,2.6533,0,0,0.1477,0.1477,2.8182,0,0,0,0,0,0,284,0,284,10382,1103,266,1,20260711
E2,4,Ren,300000,medium_022,5,medium,0.0197,0.0333,0,0.0001,0.0009,0.0009,0.0539,0,0,0,0,0,0,284,0,284,47,20,1,1,20260711
E2,4,Ren,300000,rare_024,5,rare,0.0172,0.2035,0,0.0001,0.0008,0.0008,0.2215,0,0,0,0,0,0,284,0,284,47,162,1,1,20260711
E2,4,Ren,300000,rare_007,5,rare,0.0173,0.1949,0,0,0.0007,0.0007,0.2129,0,0,0,0,0,0,284,0,284,47,177,1,1,20260711
E2,4,Ren,300000,common_024,5,common,0.0168,13.1662,0,0,0.6175,0.6175,13.8005,0,0,0,0,0,0,284,0,284,44117,4873,1131,1,20260711
E2,4,Ren,300000,rare_014,5,rare,0.0219,0.0078,0,0,0.001,0.001,0.0307,0,0,0,0,0,0,284,0,284,47,3,1,1,20260711
E2,4,Ren,300000,common_000,5,common,0.0173,16.9685,0,0,0.3284,0.3284,17.3142,0,0,0,0,0,0,284,0,284,23330,10002,598,1,20260711
E2,4,Ren,300000,rare_003,5,rare,0.0211,0.0508,0,0.0001,0.0009,0.0009,0.0728,0,0,0,0,0,0,284,0,284,47,44,1,1,20260711
E2,4,Ren,300000,rare_017,5,rare,0.0171,0.0132,0,0.0001,0.0008,0.0008,0.0311,0,0,0,0,0,0,284,0,284,47,9,1,1,20260711
E2,4,Ren,300000,rare_001,5,rare,0.0177,0.0565,0,0,0.001,0.001,0.0752,0,0,0,0,0,0,284,0,284,47,48,1,1,20260711
E2,4,Ren,300000,rare_006,5,rare,0.0173,0.0291,0,0,0.0009,0.0009,0.0473,0,0,0,0,0,0,284,0,284,47,18,1,1,20260711
E2,4,Ren,300000,common_005,5,common,0.0756,44.2127,0,0.0001,1.2095,1.2095,45.4978,0,0,0,0,0,0,284,0,284,86003,10547,2205,1,20260711
E2,4,Ren,300000,medium_021,5,medium,0.0245,0.0063,0,0,0.0013,0.0013,0.0321,0,0,0,0,0,0,284,0,284,47,2,1,1,20260711
E2,4,Ren,300000,medium_006,5,medium,0.0175,0.0125,0,0.0001,0.0013,0.0013,0.0313,0,0,0,0,0,0,284,0,284,86,5,2,1,20260711
E2,4,Ren,300000,medium_024,5,medium,0.0176,0.0071,0,0,0.0008,0.0008,0.0255,0,0,0,0,0,0,284,0,284,47,2,1,1,20260711
E2,4,Ren,300000,common_012,5,common,0.0172,3.7731,0,0,0.0782,0.0782,3.8685,0,0,0,0,0,0,284,0,284,5273,2735,135,1,20260711
E2,4,Ren,300000,rare_023,5,rare,0.0182,1.7964,0,0,0.0009,0.0009,1.8155,0,0,0,0,0,0,284,0,284,47,1390,1,1,20260711
E2,4,Ren,300000,rare_019,5,rare,0.0177,0.3376,0,0,0.0022,0.0022,0.3575,0,0,0,0,0,0,284,0,284,86,170,2,1,20260711
E2,4,Ren,300000,rare_012,5,rare,0.0179,0.1454,0,0.0001,0.0007,0.0007,0.164,0,0,0,0,0,0,284,0,284,47,84,1,1,20260711
E2,4,Ren,300000,medium_007,5,medium,0.0171,1.9286,0,0,0.0025,0.0025,1.9482,0,0,0,0,0,0,284,0,284,47,1612,1,1,20260711
E2,4,Ren,300000,medium_011,5,medium,0.0191,0.43,0,0.0001,0.001,0.001,0.4501,0,0,0,0,0,0,284,0,284,47,398,1,1,20260711
E2,4,Ren,300000,common_013,5,common,0.0169,26.7263,0,0,0.1772,0.1772,26.9204,0,0,0,0,0,0,284,0,284,12137,23143,311,1,20260711
E2,4,Ren,300000,medium_003,5,medium,0.0222,0.2898,0,0,0.0009,0.0009,0.3129,0,0,0,0,0,0,284,0,284,47,277,1,1,20260711
E2,4,Ren,300000,common_015,5,common,0.0178,0.353,0,0,0.0384,0.0384,0.4092,0,0,0,0,0,0,284,0,284,2699,99,69,1,20260711
E2,4,Ren,300000,common_027,5,common,0.0173,27.6412,0,0,0.8996,0.8996,28.5581,0,0,0,0,0,0,284,0,284,64592,10981,1656,1,20260711
E2,4,Ren,300000,common_020,5,common,0.0222,33.9599,0,0,0.8533,0.8533,34.8354,0,0,0,0,0,0,284,0,284,60419,24000,1549,1,20260711
E2,4,Ren,300000,medium_015,5,medium,0.0226,1.6679,0,0,0.0021,0.0021,1.6926,0,0,0,0,0,0,284,0,284,47,1590,1,1,20260711
E2,4,Ren,300000,medium_010,5,medium,0.0175,0.3976,0,0.0001,0.0009,0.0009,0.416,0,0,0,0,0,0,284,0,284,47,204,1,1,20260711
E2,4,Ren,300000,medium_013,5,medium,0.017,4.0373,0,0,0.0032,0.0032,4.0575,0,0,0,0,0,0,284,0,284,47,3787,1,1,20260711
E2,4,Ren,300000,rare_020,5,rare,0.0192,0.1367,0,0,0.001,0.001,0.1569,0,0,0,0,0,0,284,0,284,47,126,1,1,20260711
E2,4,Ren,300000,common_008,5,common,0.017,11.4761,0,0,0.0401,0.0401,11.5332,0,0,0,0,0,0,284,0,284,2621,7385,67,1,20260711
E2,4,Ren,300000,medium_002,5,medium,0.0195,0.0644,0,0.0001,0.0009,0.0009,0.0848,0,0,0,0,0,0,284,0,284,47,49,1,1,20260711
E2,4,Ren,300000,medium_018,5,medium,0.0181,0.0577,0,0,0.0008,0.0008,0.0766,0,0,0,0,0,0,284,0,284,47,52,1,1,20260711
E2,4,Ren,300000,rare_010,5,rare,0.0173,0.0079,0,0,0.0008,0.0008,0.026,0,0,0,0,0,0,284,0,284,47,4,1,1,20260711
E2,4,Ren,300000,common_002,5,common,0.0172,13.3048,0,0.0001,0.0969,0.0969,13.4189,0,0,0,0,0,0,284,0,284,6716,4561,172,1,20260711
E2,4,Ren,300000,rare_021,5,rare,0.019,0.1907,0,0,0.001,0.001,0.2107,0,0,0,0,0,0,284,0,284,47,88,1,1,20260711
E2,4,Ren,300000,rare_002,5,rare,0.0173,0.0989,0,0.0001,0.0009,0.0009,0.1171,0,0,0,0,0,0,284,0,284,47,91,1,1,20260711
E2,4,Ren,300000,common_009,5,common,0.0171,16.526,0,0.0001,1.159,1.159,17.7021,0,0,0,0,0,0,284,0,284,82766,7218,2122,1,20260711
E2,4,Ren,300000,rare_011,5,rare,0.0227,0.0051,0,0,0.002,0.002,0.0298,0,0,0,0,0,0,284,0,284,47,1,1,1,20260711
E2,4,Ren,300000,medium_020,5,medium,0.0171,0.6979,0,0,0.001,0.001,0.716,0,0,0,0,0,0,284,0,284,47,470,1,1,20260711
E2,4,Ren,300000,medium_004,5,medium,0.0171,0.5115,0,0.0001,0.0009,0.0009,0.5295,0,0,0,0,0,0,284,0,284,47,415,1,1,20260711
E2,4,Ren,300000,rare_018,5,rare,0.0172,0.1769,0,0,0.0009,0.0009,0.195,0,0,0,0,0,0,284,0,284,47,163,1,1,20260711
E2,4,Ren,300000,common_025,5,common,0.0176,5.3935,0,0,0.1061,0.1061,5.5172,0,0,0,0,0,0,284,0,284,7379,2915,189,1,20260711
E2,4,Ren,300000,common_017,5,common,0.0186,14.387,0,0,0.5105,0.5105,14.9161,0,0,0,0,0,0,284,0,284,36512,8920,936,1,20260711
E2,4,Ren,300000,medium_025,5,medium,0.0206,0.0574,0,0,0.0011,0.0011,0.0791,0,0,0,0,0,0,284,0,284,47,37,1,1,20260711
E2,4,Ren,300000,medium_014,5,medium,0.0172,0.1074,0,0,0.0008,0.0008,0.1254,0,0,0,0,0,0,284,0,284,47,97,1,1,20260711
E2,4,Ren,300000,rare_013,5,rare,0.0173,0.0194,0,0,0.0008,0.0008,0.0375,0,0,0,0,0,0,284,0,284,47,15,1,1,20260711
E2,4,Ren,300000,rare_016,5,rare,0.0174,0.0819,0,0,0.0008,0.0008,0.1001,0,0,0,0,0,0,284,0,284,47,71,1,1,20260711
E2,4,Ren,300000,medium_005,5,medium,0.017,0.781,0,0,0.0009,0.0009,0.7989,0,0,0,0,0,0,284,0,284,47,731,1,1,20260711
E2,4,Ren,300000,medium_009,5,medium,0.0171,4.3782,0,0,0.0023,0.0023,4.3976,0,0,0,0,0,0,284,0,284,47,3209,1,1,20260711
E2,4,Ren,300000,rare_025,5,rare,0.0191,0.8815,0,0,0.0011,0.0011,0.9017,0,0,0,0,0,0,284,0,284,47,828,1,1,20260711
E2,4,Ren,300000,rare_022,5,rare,0.0173,0.0184,0,0,0.0014,0.0014,0.0371,0,0,0,0,0,0,284,0,284,86,11,2,1,20260711
E2,4,Ren,300000,common_007,5,common,0.017,1.806,0,0,0.0191,0.0191,1.8421,0,0,0,0,0,0,284,0,284,1295,1542,33,1,20260711
E2,4,Ren,300000,common_001,5,common,0.0181,7.8452,0,0,0.1559,0.1559,8.0192,0,0,0,0,0,0,284,0,284,10811,6074,277,1,20260711
E2,4,Ren,300000,common_022,5,common,0.0191,15.5427,0,0,0.2271,0.2271,15.7889,0,0,0,0,0,0,284,0,284,16232,12689,416,1,20260711
E2,4,Ren,300000,rare_015,5,rare,0.0324,0.0411,0,0.0001,0.0011,0.0011,0.0746,0,0,0,0,0,0,284,0,284,47,10,1,1,20260711
E2,4,Ren,300000,common_004,5,common,0.0174,2.5953,0,0,0.0154,0.0154,2.6281,0,0,0,0,0,0,284,0,284,1022,1542,26,1,20260711
E2,4,Ren,300000,rare_004,5,rare,0.0177,0.1121,0,0,0.0008,0.0008,0.1306,0,0,0,0,0,0,284,0,284,47,102,1,1,20260711
E2,4,Ren,300000,medium_019,5,medium,0.0171,0.0048,0,0.0001,0.0008,0.0008,0.0227,0,0,0,0,0,0,284,0,284,47,1,1,1,20260711
