experiment,run_id,scheme,N,query_id,q,bucket,trapdoor_ms,server_ms,unmask_ms,delta_replay_ms,verify_ms,client_ms,total_ms,groups,aggregate_bytes,delta_records,delta_bytes,requested_buckets,returned_bucket_slots,trapdoor_bytes,bucket_bytes,client_to_server_bytes,server_to_client_bytes,candidates,final_results,correct,seed
"E1",0,"SliceBF",300000,"common_001",3,"common",0.0296,0.6487,2.3017,0.396,11.8237,14.5214,15.1997,1,150336,0,0,1616,103424,616,69966848,7080,70117184,2313,2313,1,20260711
"E1",0,"SliceBF",300000,"rare_003",3,"rare",0.0374,0.106,1.5907,0.3419,0.0117,1.9443,2.0877,1,150336,0,0,1,64,616,25280,620,175616,1,1,1,20260711
"E1",0,"SliceBF",300000,"medium_014",3,"medium",0.0286,0.1042,1.9065,0.3501,0.0745,2.3311,2.4639,1,150336,0,0,10,640,616,498560,656,648896,10,10,1,20260711
"E1",0,"SliceBF",300000,"rare_013",3,"rare",0.0296,0.1135,1.37,0.4713,0.1523,1.9936,2.1367,1,150336,0,0,31,1984,616,1258816,740,1409152,31,31,1,20260711
"E1",0,"SliceBF",300000,"medium_004",3,"medium",0.0296,0.1025,1.1049,0.3431,0.0091,1.4571,1.5892,1,150336,0,0,1,64,616,25280,620,175616,1,1,1,20260711
"E1",0,"SliceBF",300000,"rare_020",3,"rare",0.029,0.0989,2.3129,0.3419,0.0172,2.672,2.7999,1,150336,0,0,1,64,616,25280,620,175616,1,1,1,20260711
"E1",0,"SliceBF",300000,"rare_022",3,"rare",0.0292,0.1012,1.2467,0.3418,0.0279,1.6164,1.7468,1,150336,0,0,4,256,616,199424,632,349760,4,4,1,20260711
"E1",0,"SliceBF",300000,"rare_024",3,"rare",0.0291,0.1057,2.4958,0.3482,0.1303,2.9743,3.1091,1,150336,0,0,22,1408,616,982144,704,1132480,22,22,1,20260711
"E1",0,"SliceBF",300000,"rare_019",3,"rare",0.0297,0.1051,1.6262,0.3416,0.0087,1.9765,2.1113,1,150336,0,0,1,64,616,25280,620,175616,1,1,1,20260711
"E1",0,"SliceBF",300000,"medium_011",3,"medium",0.0285,0.1002,1.2822,0.4762,0.0147,1.7731,1.9018,1,150336,0,0,1,64,616,25280,620,175616,1,1,1,20260711
"E1",0,"SliceBF",300000,"rare_005",3,"rare",0.0294,0.1225,1.3718,0.3416,0.0116,1.725,1.8769,1,150336,0,0,1,64,616,41664,620,192000,1,1,1,20260711
"E1",0,"SliceBF",300000,"common_024",3,"common",0.0286,4.85,2.7052,1.0373,296.769,300.511,305.39,1,150336,0,0,4665,298560,616,171269312,19276,171419648,72721,72721,1,20260711
"E1",0,"SliceBF",300000,"rare_025",3,"rare",0.0492,0.1464,2.3318,0.3468,0.0276,2.7062,2.9018,1,150336,0,0,2,128,616,50560,624,200896,2,2,1,20260711
"E1",0,"SliceBF",300000,"rare_012",3,"rare",0.0307,0.1058,1.4807,0.3424,0.0759,1.899,2.0355,1,150336,0,0,14,896,616,583296,672,733632,14,14,1,20260711
"E1",0,"SliceBF",300000,"common_000",3,"common",0.0294,0.6758,2.8757,0.3922,24.2448,27.5127,28.2179,1,150336,0,0,1862,119168,616,81887360,8064,82037696,4242,4242,1,20260711
"E1",0,"SliceBF",300000,"common_008",3,"common",0.0441,0.7896,2.8379,0.3859,18.7366,21.9604,22.7941,1,150336,0,0,2357,150848,616,95556032,10044,95706368,3878,3878,1,20260711
"E1",0,"SliceBF",300000,"common_003",3,"common",0.0422,0.343,2.4392,0.3548,4.1981,6.9921,7.3773,1,150336,0,0,835,53440,616,32118848,3956,32269184,898,898,1,20260711
"E1",0,"SliceBF",300000,"rare_015",3,"rare",0.0351,0.1042,1.2842,0.3421,0.0156,1.6419,1.7812,1,150336,0,0,2,128,616,66944,624,217280,2,2,1,20260711
"E1",0,"SliceBF",300000,"rare_011",3,"rare",0.029,0.1031,1.7484,0.3644,0.0221,2.1349,2.267,1,150336,0,0,1,64,616,25280,620,175616,1,1,1,20260711
"E1",0,"SliceBF",300000,"medium_016",3,"medium",0.0305,0.1046,1.5462,0.3417,0.0109,1.8988,2.0339,1,150336,0,0,1,64,616,25280,620,175616,1,1,1,20260711
"E1",0,"SliceBF",300000,"common_022",3,"common",0.0286,1.4466,2.527,0.5657,49.5536,52.6463,54.1215,1,150336,0,0,4274,273536,616,158001536,17712,158151872,11283,11283,1,20260711
"E1",0,"SliceBF",300000,"rare_001",3,"rare",0.0416,0.1097,1.8311,0.3675,0.0244,2.223,2.3743,1,150336,0,0,1,64,616,41664,620,192000,1,1,1,20260711
"E1",0,"SliceBF",300000,"rare_006",3,"rare",0.0307,0.172,1.3011,0.3415,0.0105,1.6531,1.8558,1,150336,0,0,1,64,616,25280,620,175616,1,1,1,20260711
"E1",0,"SliceBF",300000,"common_011",3,"common",0.0295,1.991,1.8907,0.4685,62.7546,65.1138,67.1343,1,150336,0,0,3803,243392,616,149207616,15828,149357952,13270,13270,1,20260711
"E1",0,"SliceBF",300000,"rare_004",3,"rare",0.0489,0.1141,1.2087,0.3445,0.0192,1.5724,1.7354,1,150336,0,0,1,64,616,25280,620,175616,1,1,1,20260711
"E1",0,"SliceBF",300000,"common_015",3,"common",0.0325,0.984,2.6924,0.7031,21.837,25.2325,26.249,1,150336,0,0,2622,167808,616,106441344,11104,106591680,4442,4442,1,20260711
"E1",0,"SliceBF",300000,"medium_015",3,"medium",0.0391,0.1059,1.5195,0.3418,0.0125,1.8738,2.0188,1,150336,0,0,1,64,616,25280,620,175616,1,1,1,20260711
"E1",0,"SliceBF",300000,"common_006",3,"common",0.029,0.2357,3.178,0.3532,1.8168,5.348,5.6127,1,150336,0,0,465,29760,616,13508288,2476,13658624,502,502,1,20260711
"E1",0,"SliceBF",300000,"rare_007",3,"rare",0.0328,0.1032,1.257,0.8034,0.0322,2.0926,2.2286,1,150336,0,0,1,64,616,41664,620,192000,1,1,1,20260711
"E1",0,"SliceBF",300000,"rare_009",3,"rare",0.0305,0.4971,1.5912,0.3416,0.0147,1.9475,2.4751,1,150336,0,0,1,64,616,41664,620,192000,1,1,1,20260711
"E1",0,"SliceBF",300000,"common_021",3,"common",0.0296,1.255,3.0758,0.4386,44.5545,48.0689,49.3535,1,150336,0,0,3626,232064,616,140473216,15120,140623552,9264,9264,1,20260711
"E1",0,"SliceBF",300000,"common_007",3,"common",0.0418,0.4066,2.2598,0.3619,7.6544,10.2761,10.7245,1,150336,0,0,1050,67200,616,46663552,4816,46813888,1452,1452,1,20260711
"E1",0,"SliceBF",300000,"common_004",3,"common",0.0384,1.5536,3.1575,0.4664,56.8672,60.4911,62.0831,1,150336,0,0,4165,266560,616,156327360,17276,156477696,12952,12952,1,20260711
"E1",0,"SliceBF",300000,"medium_003",3,"medium",0.0432,0.11,1.5641,0.3419,0.0157,1.9217,2.0749,1,150336,0,0,1,64,616,25280,620,175616,1,1,1,20260711
"E1",0,"SliceBF",300000,"common_025",3,"common",0.0294,1.1331,2.4329,0.4217,30.0961,32.9507,34.1132,1,150336,0,0,3282,210048,616,109633920,13744,109784256,8113,8113,1,20260711
"E1",0,"SliceBF",300000,"common_014",3,"common",0.0416,1.742,2.196,0.4882,39.9975,42.6817,44.4653,1,150336,0,0,3584,229376,616,140124160,14952,140274496,8670,8670,1,20260711
"E1",0,"SliceBF",300000,"medium_019",3,"medium",0.0416,0.1068,1.5825,0.5093,0.0926,2.1844,2.3328,1,150336,0,0,1,64,616,25280,620,175616,1,1,1,20260711
"E1",0,"SliceBF",300000,"rare_023",3,"rare",0.0321,0.1271,2.03,0.4769,0.2396,2.7465,2.9057,1,150336,0,0,44,2816,616,2062592,792,2212928,44,44,1,20260711
"E1",0,"SliceBF",300000,"common_002",3,"common",0.0297,0.4388,2.7,0.4452,6.3574,9.5026,9.9711,1,150336,0,0,1172,75008,616,46520064,5304,46670400,1369,1369,1,20260711
"E1",0,"SliceBF",300000,"medium_009",3,"medium",0.037,0.1038,1.3017,0.3416,0.0117,1.655,1.7958,1,150336,0,0,1,64,616,41664,620,192000,1,1,1,20260711
"E1",0,"SliceBF",300000,"medium_005",3,"medium",0.0291,0.2372,2.6165,0.3429,0.0527,3.0121,3.2784,1,150336,0,0,7,448,616,275264,644,425600,7,7,1,20260711
"E1",0,"SliceBF",300000,"medium_007",3,"medium",0.0302,0.1029,1.5785,0.3415,0.0106,1.9306,2.0637,1,150336,0,0,1,64,616,25280,620,175616,1,1,1,20260711
"E1",0,"SliceBF",300000,"rare_010",3,"rare",0.0293,0.099,1.5655,0.5784,0.0273,2.1712,2.2995,1,150336,0,0,1,64,616,41664,620,192000,1,1,1,20260711
"E1",0,"SliceBF",300000,"common_023",3,"common",0.0299,1.6658,2.5682,0.4594,57.6298,60.6574,62.3531,1,150336,0,0,4223,270272,616,157351232,17508,157501568,12472,12472,1,20260711
"E1",0,"SliceBF",300000,"rare_008",3,"rare",0.0428,0.1079,1.6524,0.3443,0.063,2.0597,2.2104,1,150336,0,0,8,512,616,415232,648,565568,8,8,1,20260711
"E1",0,"SliceBF",300000,"medium_012",3,"medium",0.0299,0.0998,1.9508,0.3415,0.0102,2.3025,2.4322,1,150336,0,0,1,64,616,41664,620,192000,1,1,1,20260711
"E1",0,"SliceBF",300000,"common_017",3,"common",0.0291,1.0725,2.9997,0.4098,26.6156,30.0251,31.1267,1,150336,0,0,3415,218560,616,118083392,14276,118233728,6627,6627,1,20260711
"E1",0,"SliceBF",300000,"common_009",3,"common",0.0396,0.8251,2.8281,0.6029,28.7201,32.1511,33.0158,1,150336,0,0,2366,151424,616,103312000,10080,103462336,5420,5420,1,20260711
"E1",0,"SliceBF",300000,"medium_018",3,"medium",0.0427,0.1051,1.4534,0.3419,0.2852,2.0805,2.2283,1,150336,0,0,1,64,616,41664,620,192000,1,1,1,20260711
"E1",0,"SliceBF",300000,"medium_006",3,"medium",0.0328,0.1636,1.509,0.3434,0.0123,1.8647,2.0611,1,150336,0,0,1,64,616,41664,620,192000,1,1,1,20260711
"E1",0,"SliceBF",300000,"medium_025",3,"medium",0.0303,0.1,1.3727,0.3435,0.0096,1.7258,1.8561,1,150336,0,0,1,64,616,25280,620,175616,1,1,1,20260711
"E1",0,"SliceBF",300000,"common_027",3,"common",0.0288,2.2895,2.5108,0.58,133.3,136.391,138.709,1,150336,0,0,4113,263232,616,157765312,17068,157915648,26737,26737,1,20260711
"E1",0,"SliceBF",300000,"medium_023",3,"medium",0.0452,0.1078,2.1196,0.3487,0.0248,2.4931,2.6461,1,150336,0,0,1,64,616,41664,620,192000,1,1,1,20260711
"E1",0,"SliceBF",300000,"common_012",3,"common",0.0304,0.7821,1.8803,0.3787,14.458,16.717,17.5295,1,150336,0,0,2467,157888,616,88776768,10484,88927104,3545,3545,1,20260711
"E1",0,"SliceBF",300000,"common_026",3,"common",0.0367,2.2597,2.2662,1.0093,133.281,136.557,138.853,1,150336,0,0,4114,263296,616,157790592,17072,157940928,26769,26769,1,20260711
"E1",0,"SliceBF",300000,"rare_018",3,"rare",0.0455,0.1036,1.2962,0.3419,0.0174,1.6555,1.8046,1,150336,0,0,1,64,616,25280,620,175616,1,1,1,20260711
"E1",0,"SliceBF",300000,"medium_013",3,"medium",0.0297,0.101,1.6593,0.3433,0.0343,2.0369,2.1676,1,150336,0,0,4,256,616,199424,632,349760,4,4,1,20260711
"E1",0,"SliceBF",300000,"common_016",3,"common",0.0293,2.0189,2.4478,0.4679,55.5204,58.4361,60.4843,1,150336,0,0,4159,266176,616,153029952,17252,153180288,13073,13073,1,20260711
"E1",0,"SliceBF",300000,"rare_021",3,"rare",0.0413,0.1076,1.5803,0.493,0.0167,2.09,2.2389,1,150336,0,0,1,64,616,25280,620,175616,1,1,1,20260711
"E1",0,"SliceBF",300000,"rare_000",3,"rare",0.0363,0.13,1.7287,0.3417,0.0122,2.0826,2.2489,1,150336,0,0,1,64,616,25280,620,175616,1,1,1,20260711
"E1",0,"SliceBF",300000,"medium_001",3,"medium",0.0293,0.0966,1.3155,0.3436,0.0112,1.6703,1.7962,1,150336,0,0,1,64,616,25280,620,175616,1,1,1,20260711
"E1",0,"SliceBF",300000,"common_020",3,"common",0.0289,1.039,2.966,0.4052,24.4018,27.773,28.8409,1,150336,0,0,3286,210304,616,112495744,13760,112646080,6213,6213,1,20260711
"E1",0,"SliceBF",300000,"medium_010",3,"medium",0.043,0.1056,1.6581,0.3436,0.0159,2.0176,2.1662,1,150336,0,0,1,64,616,41664,620,192000,1,1,1,20260711
"E1",0,"SliceBF",300000,"common_018",3,"common",0.0291,1.1331,2.7918,0.4158,28.4194,31.627,32.7892,1,150336,0,0,3551,227264,616,128255296,14820,128405632,6756,6756,1,20260711
"E1",0,"SliceBF",300000,"medium_020",3,"medium",0.0402,0.1072,3.1173,0.3425,0.0236,3.4834,3.6308,1,150336,0,0,2,128,616,83328,624,233664,2,2,1,20260711
"E1",0,"SliceBF",300000,"medium_017",3,"medium",0.0298,0.1012,1.7536,0.3418,0.0144,2.1098,2.2408,1,150336,0,0,1,64,616,25280,620,175616,1,1,1,20260711
"E1",0,"SliceBF",300000,"common_013",3,"common",0.0286,0.3067,1.8948,0.418,2.975,5.2878,5.6231,1,150336,0,0,724,46336,616,24233728,3512,24384064,805,805,1,20260711
"E1",0,"SliceBF",300000,"common_010",3,"common",0.0322,1.3714,2.3976,0.4414,45.2474,48.0864,49.49,1,150336,0,0,4078,260992,616,152866432,16928,153016768,10198,10198,1,20260711
"E1",0,"SliceBF",300000,"rare_017",3,"rare",0.0501,0.1069,1.3388,0.3419,0.0172,1.6979,1.8549,1,150336,0,0,1,64,616,25280,620,175616,1,1,1,20260711
"E1",0,"SliceBF",300000,"rare_002",3,"rare",0.0288,0.1025,1.8689,0.5043,0.0241,2.3973,2.5286,1,150336,0,0,1,64,616,41664,620,192000,1,1,1,20260711
"E1",0,"SliceBF",300000,"rare_014",3,"rare",0.0374,0.198,1.3222,0.3416,0.0109,1.6747,1.9101,1,150336,0,0,1,64,616,17088,620,167424,1,1,1,20260711
"E1",0,"SliceBF",300000,"medium_024",3,"medium",0.0288,0.0971,1.509,0.3415,0.0113,1.8618,1.9877,1,150336,0,0,1,64,616,41664,620,192000,1,1,1,20260711
"E1",0,"SliceBF",300000,"common_005",3,"common",0.0288,0.792,2.8886,0.3798,14.9266,18.195,19.0158,1,150336,0,0,2477,158528,616,87612352,10524,87762688,3532,3532,1,20260711
"E1",0,"SliceBF",300000,"common_019",3,"common",0.0675,2.1691,2.5049,0.4877,65.1269,68.1195,70.3561,1,150336,0,0,4487,287168,616,163279680,18564,163430016,15472,15472,1,20260711
"E1",0,"SliceBF",300000,"medium_022",3,"medium",0.0443,0.1091,1.3292,0.342,0.0265,1.6977,1.8511,1,150336,0,0,3,192,616,108608,628,258944,3,3,1,20260711
"E1",0,"SliceBF",300000,"medium_000",3,"medium",0.0294,0.1022,2.2348,0.3422,0.0246,2.6016,2.7332,1,150336,0,0,3,192,616,108608,628,258944,3,3,1,20260711
"E1",0,"SliceBF",300000,"rare_016",3,"rare",0.03,0.0998,1.4751,0.3537,0.0137,1.8425,1.9723,1,150336,0,0,1,64,616,41664,620,192000,1,1,1,20260711
"E1",0,"SliceBF",300000,"medium_021",3,"medium",0.0293,0.0998,1.7294,0.4191,0.0172,2.1657,2.2948,1,150336,0,0,1,64,616,41664,620,192000,1,1,1,20260711
"E1",0,"SliceBF",300000,"medium_002",3,"medium",0.0314,0.1013,1.9511,0.3426,0.01,2.3037,2.4364,1,150336,0,0,1,64,616,25280,620,175616,1,1,1,20260711
"E1",0,"SliceBF",300000,"medium_008",3,"medium",0.0285,0.0976,1.233,0.3416,0.0092,1.5838,1.7099,1,150336,0,0,1,64,616,41664,620,192000,1,1,1,20260711
"E1",0,"SliceBF-NoMask",300000,"common_001",3,"common",0.0295,0.5617,2.1345,0.4698,11.6492,14.2535,14.8447,1,150336,0,0,1637,104768,616,70776256,7164,70926592,2313,2313,1,20260711
"E1",0,"SliceBF-NoMask",300000,"rare_003",3,"rare",0.0398,0.1054,0.9026,0.3417,0.0163,1.2606,1.4058,1,150336,0,0,1,64,616,25280,620,175616,1,1,1,20260711
"E1",0,"SliceBF-NoMask",300000,"medium_014",3,"medium",0.0296,0.1059,1.219,0.5624,0.119,1.9004,2.0359,1,150336,0,0,10,640,616,498560,656,648896,10,10,1,20260711
"E1",0,"SliceBF-NoMask",300000,"rare_013",3,"rare",0.0593,0.2609,0.961,0.3443,0.2174,1.5227,1.8429,1,150336,0,0,31,1984,616,1258816,740,1409152,31,31,1,20260711
"E1",0,"SliceBF-NoMask",300000,"medium_004",3,"medium",0.0293,0.1024,1.0995,0.3479,0.0122,1.4596,1.5913,1,150336,0,0,1,64,616,25280,620,175616,1,1,1,20260711
"E1",0,"SliceBF-NoMask",300000,"rare_020",3,"rare",0.0286,0.1029,2.3692,0.4449,0.02,2.8341,2.9656,1,150336,0,0,1,64,616,25280,620,175616,1,1,1,20260711
"E1",0,"SliceBF-NoMask",300000,"rare_022",3,"rare",0.0295,0.1059,0.8144,0.3416,0.0293,1.1853,1.3207,1,150336,0,0,4,256,616,199424,632,349760,4,4,1,20260711
"E1",0,"SliceBF-NoMask",300000,"rare_024",3,"rare",0.0415,0.125,1.7044,0.3424,0.1164,2.1632,2.3297,1,150336,0,0,22,1408,616,982144,704,1132480,22,22,1,20260711
"E1",0,"SliceBF-NoMask",300000,"rare_019",3,"rare",0.0288,0.1025,1.8029,0.3455,0.0171,2.1655,2.2968,1,150336,0,0,1,64,616,25280,620,175616,1,1,1,20260711
"E1",0,"SliceBF-NoMask",300000,"medium_011",3,"medium",0.0292,0.1032,0.9053,0.3426,0.0105,1.2584,1.3908,1,150336,0,0,1,64,616,25280,620,175616,1,1,1,20260711
"E1",0,"SliceBF-NoMask",300000,"rare_005",3,"rare",0.0288,0.1011,1.042,0.3416,0.0109,1.3945,1.5244,1,150336,0,0,1,64,616,41664,620,192000,1,1,1,20260711
"E1",0,"SliceBF-NoMask",300000,"common_024",3,"common",0.0286,5.1354,2.5202,0.8878,294.129,297.537,302.701,1,150336,0,0,4666,298624,616,171286400,19280,171436736,72721,72721,1,20260711
"E1",0,"SliceBF-NoMask",300000,"rare_025",3,"rare",0.0527,0.3803,1.5699,0.342,0.0318,1.9437,2.3767,1,150336,0,0,2,128,616,50560,624,200896,2,2,1,20260711
"E1",0,"SliceBF-NoMask",300000,"rare_012",3,"rare",0.1011,0.2626,1.1776,0.3431,0.086,1.6067,1.9704,1,150336,0,0,14,896,616,583296,672,733632,14,14,1,20260711
"E1",0,"SliceBF-NoMask",300000,"common_000",3,"common",0.0308,0.702,2.0579,0.3903,24.3218,26.77,27.5028,1,150336,0,0,1851,118464,616,81429056,8020,81579392,4242,4242,1,20260711
"E1",0,"SliceBF-NoMask",300000,"common_008",3,"common",0.04,0.8763,2.7281,0.4387,18.8347,22.0015,22.9178,1,150336,0,0,2346,150144,616,95032192,10000,95182528,3878,3878,1,20260711
"E1",0,"SliceBF-NoMask",300000,"common_003",3,"common",0.0409,0.3401,2.38,0.3564,3.9335,6.6699,7.0509,1,150336,0,0,816,52224,616,31409152,3880,31559488,898,898,1,20260711
"E1",0,"SliceBF-NoMask",300000,"rare_015",3,"rare",0.0478,0.1236,1.2762,0.3418,0.0253,1.6433,1.8147,1,150336,0,0,2,128,616,66944,624,217280,2,2,1,20260711
"E1",0,"SliceBF-NoMask",300000,"rare_011",3,"rare",0.0291,0.1054,1.0069,0.3414,0.0135,1.3618,1.4963,1,150336,0,0,1,64,616,25280,620,175616,1,1,1,20260711
"E1",0,"SliceBF-NoMask",300000,"medium_016",3,"medium",0.0291,0.0992,0.8818,0.3414,0.0102,1.2334,1.3617,1,150336,0,0,1,64,616,25280,620,175616,1,1,1,20260711
"E1",0,"SliceBF-NoMask",300000,"common_022",3,"common",0.0286,1.6833,2.3644,0.4498,49.3453,52.1595,53.8714,1,150336,0,0,4280,273920,616,158022144,17736,158172480,11283,11283,1,20260711
"E1",0,"SliceBF-NoMask",300000,"rare_001",3,"rare",0.053,0.1785,0.8331,0.3417,0.0226,1.1974,1.4289,1,150336,0,0,1,64,616,41664,620,192000,1,1,1,20260711
"E1",0,"SliceBF-NoMask",300000,"rare_006",3,"rare",0.0292,0.106,1.0051,0.3414,0.0123,1.3588,1.494,1,150336,0,0,1,64,616,25280,620,175616,1,1,1,20260711
"E1",0,"SliceBF-NoMask",300000,"common_011",3,"common",0.0296,1.6431,1.3348,0.6104,61.1242,63.0694,64.7421,1,150336,0,0,3785,242240,616,148474048,15756,148624384,13270,13270,1,20260711
"E1",0,"SliceBF-NoMask",300000,"rare_004",3,"rare",0.0482,0.1586,1.3145,0.455,0.0265,1.796,2.0028,1,150336,0,0,1,64,616,25280,620,175616,1,1,1,20260711
"E1",0,"SliceBF-NoMask",300000,"common_015",3,"common",0.0303,0.8494,2.1232,0.3864,21.2117,23.7213,24.601,1,150336,0,0,2637,168768,616,106722240,11164,106872576,4442,4442,1,20260711
"E1",0,"SliceBF-NoMask",300000,"medium_015",3,"medium",0.0395,0.1123,1.0842,0.5129,0.0248,1.6219,1.7737,1,150336,0,0,1,64,616,25280,620,175616,1,1,1,20260711
"E1",0,"SliceBF-NoMask",300000,"common_006",3,"common",0.0309,0.354,1.7851,0.3523,1.8076,3.945,4.3299,1,150336,0,0,456,29184,616,13248000,2440,13398336,502,502,1,20260711
"E1",0,"SliceBF-NoMask",300000,"rare_007",3,"rare",0.0316,0.1082,1.8658,0.3427,0.033,2.2415,2.3813,1,150336,0,0,1,64,616,41664,620,192000,1,1,1,20260711
"E1",0,"SliceBF-NoMask",300000,"rare_009",3,"rare",0.032,0.1021,1.0767,0.3415,0.0134,1.4316,1.5657,1,150336,0,0,1,64,616,41664,620,192000,1,1,1,20260711
"E1",0,"SliceBF-NoMask",300000,"common_021",3,"common",0.0294,1.4478,2.025,0.8575,44.9085,47.791,49.2682,1,150336,0,0,3622,231808,616,140429440,15104,140579776,9264,9264,1,20260711
"E1",0,"SliceBF-NoMask",300000,"common_007",3,"common",0.0418,0.4198,1.6378,0.3662,7.4357,9.4397,9.9013,1,150336,0,0,1065,68160,616,47403200,4876,47553536,1452,1452,1,20260711
"E1",0,"SliceBF-NoMask",300000,"common_004",3,"common",0.039,1.7599,2.256,0.5874,55.9756,58.819,60.6179,1,150336,0,0,4194,268416,616,157158784,17392,157309120,12952,12952,1,20260711
"E1",0,"SliceBF-NoMask",300000,"medium_003",3,"medium",0.0421,0.2635,1.5291,0.3418,0.0252,1.8961,2.2017,1,150336,0,0,1,64,616,25280,620,175616,1,1,1,20260711
"E1",0,"SliceBF-NoMask",300000,"common_025",3,"common",0.0298,1.135,1.7103,0.4288,30.6891,32.8282,33.993,1,150336,0,0,3284,210176,616,109455104,13752,109605440,8113,8113,1,20260711
"E1",0,"SliceBF-NoMask",300000,"common_014",3,"common",0.0419,1.2374,1.8852,0.4323,39.1617,41.4792,42.7585,1,150336,0,0,3579,229056,616,139850304,14932,140000640,8670,8670,1,20260711
"E1",0,"SliceBF-NoMask",300000,"medium_019",3,"medium",0.04,0.1191,1.0266,0.7815,0.0247,1.8328,1.9919,1,150336,0,0,1,64,616,25280,620,175616,1,1,1,20260711
"E1",0,"SliceBF-NoMask",300000,"rare_023",3,"rare",0.0307,0.1248,1.3394,0.3466,0.2282,1.9142,2.0697,1,150336,0,0,44,2816,616,2062592,792,2212928,44,44,1,20260711
"E1",0,"SliceBF-NoMask",300000,"common_002",3,"common",0.0294,0.7658,1.8982,0.3581,6.368,8.6243,9.4195,1,150336,0,0,1176,75264,616,46604800,5320,46755136,1369,1369,1,20260711
"E1",0,"SliceBF-NoMask",300000,"medium_009",3,"medium",0.0352,0.1175,0.9396,0.3439,0.0155,1.299,1.4517,1,150336,0,0,1,64,616,41664,620,192000,1,1,1,20260711
"E1",0,"SliceBF-NoMask",300000,"medium_005",3,"medium",0.0288,0.11,1.5971,0.3434,0.04,1.9805,2.1193,1,150336,0,0,7,448,616,275264,644,425600,7,7,1,20260711
"E1",0,"SliceBF-NoMask",300000,"medium_007",3,"medium",0.0294,0.1004,1.6569,0.3434,0.0236,2.0239,2.1537,1,150336,0,0,1,64,616,25280,620,175616,1,1,1,20260711
"E1",0,"SliceBF-NoMask",300000,"rare_010",3,"rare",0.0298,0.1099,0.9112,0.3434,0.0136,1.2682,1.4079,1,150336,0,0,1,64,616,41664,620,192000,1,1,1,20260711
"E1",0,"SliceBF-NoMask",300000,"common_023",3,"common",0.0289,1.5598,2.0421,0.7462,56.9252,59.7135,61.3022,1,150336,0,0,4220,270080,616,157619456,17496,157769792,12472,12472,1,20260711
"E1",0,"SliceBF-NoMask",300000,"rare_008",3,"rare",0.0472,0.1274,1.0025,0.3422,0.0615,1.4062,1.5808,1,150336,0,0,8,512,616,415232,648,565568,8,8,1,20260711
"E1",0,"SliceBF-NoMask",300000,"medium_012",3,"medium",0.029,0.1091,1.7969,0.3414,0.0132,2.1515,2.2896,1,150336,0,0,1,64,616,41664,620,192000,1,1,1,20260711
"E1",0,"SliceBF-NoMask",300000,"common_017",3,"common",0.0294,1.1607,2.4895,0.4195,27.1193,30.0283,31.2184,1,150336,0,0,3380,216320,616,116854528,14136,117004864,6627,6627,1,20260711
"E1",0,"SliceBF-NoMask",300000,"common_009",3,"common",0.0408,0.8152,2.5493,0.4,27.8707,30.82,31.676,1,150336,0,0,2371,151744,616,103520320,10100,103670656,5420,5420,1,20260711
"E1",0,"SliceBF-NoMask",300000,"medium_018",3,"medium",0.0483,0.1219,0.9528,0.3418,0.0201,1.3147,1.4849,1,150336,0,0,1,64,616,41664,620,192000,1,1,1,20260711
"E1",0,"SliceBF-NoMask",300000,"medium_006",3,"medium",0.03,0.1079,1.3024,0.3434,0.0284,1.6742,1.8121,1,150336,0,0,1,64,616,41664,620,192000,1,1,1,20260711
"E1",0,"SliceBF-NoMask",300000,"medium_025",3,"medium",0.0311,0.1164,0.869,0.3415,0.0122,1.2227,1.3702,1,150336,0,0,1,64,616,25280,620,175616,1,1,1,20260711
"E1",0,"SliceBF-NoMask",300000,"common_027",3,"common",0.029,2.4958,1.8727,0.7257,132.509,135.107,137.632,1,150336,0,0,4137,264768,616,158355648,17164,158505984,26737,26737,1,20260711
"E1",0,"SliceBF-NoMask",300000,"medium_023",3,"medium",0.0438,0.111,1.2415,0.3418,0.0227,1.606,1.7608,1,150336,0,0,1,64,616,41664,620,192000,1,1,1,20260711
"E1",0,"SliceBF-NoMask",300000,"common_012",3,"common",0.0303,1.0715,1.4172,0.3789,14.0057,15.8018,16.9036,1,150336,0,0,2453,156992,616,88259008,10428,88409344,3545,3545,1,20260711
"E1",0,"SliceBF-NoMask",300000,"common_026",3,"common",0.0385,2.3406,2.4719,0.5748,133.743,136.79,139.169,1,150336,0,0,4140,264960,616,158431488,17176,158581824,26769,26769,1,20260711
"E1",0,"SliceBF-NoMask",300000,"rare_018",3,"rare",0.0856,0.1166,1.3679,0.5549,0.0328,1.9556,2.1578,1,150336,0,0,1,64,616,25280,620,175616,1,1,1,20260711
"E1",0,"SliceBF-NoMask",300000,"medium_013",3,"medium",0.0864,0.1106,0.9035,0.3426,0.0377,1.2838,1.4808,1,150336,0,0,4,256,616,199424,632,349760,4,4,1,20260711
"E1",0,"SliceBF-NoMask",300000,"common_016",3,"common",0.0294,2.0756,1.9933,0.4687,55.0105,57.4725,59.5775,1,150336,0,0,4149,265536,616,152834496,17212,152984832,13073,13073,1,20260711
"E1",0,"SliceBF-NoMask",300000,"rare_021",3,"rare",0.042,0.1092,0.9551,0.3418,0.0156,1.3125,1.4637,1,150336,0,0,1,64,616,25280,620,175616,1,1,1,20260711
"E1",0,"SliceBF-NoMask",300000,"rare_000",3,"rare",0.0294,0.1031,1.4085,0.3423,0.0211,1.7719,1.9044,1,150336,0,0,1,64,616,25280,620,175616,1,1,1,20260711
"E1",0,"SliceBF-NoMask",300000,"medium_001",3,"medium",0.0302,0.1064,1.0764,0.3426,0.0117,1.4307,1.5673,1,150336,0,0,1,64,616,25280,620,175616,1,1,1,20260711
"E1",0,"SliceBF-NoMask",300000,"common_020",3,"common",0.0286,1.6414,2.2166,0.6068,23.9809,26.8043,28.4743,1,150336,0,0,3278,209792,616,112522880,13728,112673216,6213,6213,1,20260711
"E1",0,"SliceBF-NoMask",300000,"medium_010",3,"medium",0.0419,0.1087,1.3217,0.3421,0.0228,1.6866,1.8372,1,150336,0,0,1,64,616,41664,620,192000,1,1,1,20260711
"E1",0,"SliceBF-NoMask",300000,"common_018",3,"common",0.0301,1.1881,1.7844,0.4081,28.2842,30.4767,31.6949,1,150336,0,0,3572,228608,616,128990976,14904,129141312,6756,6756,1,20260711
"E1",0,"SliceBF-NoMask",300000,"medium_020",3,"medium",0.0439,0.1078,1.9983,0.3422,0.0307,2.3712,2.5229,1,150336,0,0,2,128,616,83328,624,233664,2,2,1,20260711
"E1",0,"SliceBF-NoMask",300000,"medium_017",3,"medium",0.0304,0.1026,1.2967,0.3414,0.014,1.6521,1.7851,1,150336,0,0,1,64,616,25280,620,175616,1,1,1,20260711
"E1",0,"SliceBF-NoMask",300000,"common_013",3,"common",0.0288,0.4405,1.2631,0.3542,2.9592,4.5765,5.0458,1,150336,0,0,729,46656,616,24540352,3532,24690688,805,805,1,20260711
"E1",0,"SliceBF-NoMask",300000,"common_010",3,"common",0.0339,1.3571,1.735,0.4411,46.0195,48.1956,49.5866,1,150336,0,0,4037,258368,616,151862720,16764,152013056,10198,10198,1,20260711
"E1",0,"SliceBF-NoMask",300000,"rare_017",3,"rare",0.0422,0.1086,1.4461,0.5858,0.0235,2.0554,2.2062,1,150336,0,0,1,64,616,25280,620,175616,1,1,1,20260711
"E1",0,"SliceBF-NoMask",300000,"rare_002",3,"rare",0.0307,0.1073,1.9645,0.4463,0.0235,2.4343,2.5723,1,150336,0,0,1,64,616,41664,620,192000,1,1,1,20260711
"E1",0,"SliceBF-NoMask",300000,"rare_014",3,"rare",0.0311,0.1047,1.1437,0.3419,0.013,1.4986,1.6344,1,150336,0,0,1,64,616,17088,620,167424,1,1,1,20260711
"E1",0,"SliceBF-NoMask",300000,"medium_024",3,"medium",0.0288,0.1035,1.1327,0.3417,0.0148,1.4892,1.6215,1,150336,0,0,1,64,616,41664,620,192000,1,1,1,20260711
"E1",0,"SliceBF-NoMask",300000,"common_005",3,"common",0.0296,0.7858,2.5797,0.3839,14.5252,17.4888,18.3042,1,150336,0,0,2461,157504,616,86798272,10460,86948608,3532,3532,1,20260711
"E1",0,"SliceBF-NoMask",300000,"common_019",3,"common",0.038,1.6811,2.0926,0.487,64.595,67.1746,68.8937,1,150336,0,0,4465,285760,616,162256576,18476,162406912,15472,15472,1,20260711
"E1",0,"SliceBF-NoMask",300000,"medium_022",3,"medium",0.0458,0.111,0.9109,0.3422,0.0322,1.2853,1.4421,1,150336,0,0,3,192,616,108608,628,258944,3,3,1,20260711
"E1",0,"SliceBF-NoMask",300000,"medium_000",3,"medium",0.0289,0.1032,1.5785,0.3417,0.0221,1.9423,2.0744,1,150336,0,0,3,192,616,108608,628,258944,3,3,1,20260711
"E1",0,"SliceBF-NoMask",300000,"rare_016",3,"rare",0.0289,0.1007,1.4264,0.4252,0.0232,1.8748,2.0044,1,150336,0,0,1,64,616,41664,620,192000,1,1,1,20260711
"E1",0,"SliceBF-NoMask",300000,"medium_021",3,"medium",0.0304,0.1034,1.1995,0.3415,0.013,1.554,1.6878,1,150336,0,0,1,64,616,41664,620,192000,1,1,1,20260711
"E1",0,"SliceBF-NoMask",300000,"medium_002",3,"medium",0.0296,0.1007,1.475,0.3415,0.0117,1.8282,1.9585,1,150336,0,0,1,64,616,25280,620,175616,1,1,1,20260711
"E1",0,"SliceBF-NoMask",300000,"medium_008",3,"medium",0.0286,0.1024,1.1546,0.4021,0.0234,1.5801,1.7111,1,150336,0,0,1,64,616,41664,620,192000,1,1,1,20260711
"E1",0,"SliceBF-NoBitSlice",300000,"common_001",3,"common",0.0303,0.7082,10.7073,0.3685,11.7953,22.8711,23.6096,1,1804032,0,0,1612,103168,616,69603584,7064,71407616,2313,2313,1,20260711
"E1",0,"SliceBF-NoBitSlice",300000,"rare_003",3,"rare",0.0442,0.0177,6.9244,0.342,0.0183,7.2847,7.3466,1,1804032,0,0,1,64,616,25280,620,1829312,1,1,1,20260711
"E1",0,"SliceBF-NoBitSlice",300000,"medium_014",3,"medium",0.0305,0.0146,8.9251,0.3425,0.0694,9.337,9.3821,1,1804032,0,0,10,640,616,498560,656,2302592,10,10,1,20260711
"E1",0,"SliceBF-NoBitSlice",300000,"rare_013",3,"rare",0.0302,0.0229,7.4507,0.343,0.1516,7.9453,7.9984,1,1804032,0,0,31,1984,616,1258816,740,3062848,31,31,1,20260711
"E1",0,"SliceBF-NoBitSlice",300000,"medium_004",3,"medium",0.0303,0.0123,6.6485,0.4617,0.0185,7.1287,7.1713,1,1804032,0,0,1,64,616,25280,620,1829312,1,1,1,20260711
"E1",0,"SliceBF-NoBitSlice",300000,"rare_020",3,"rare",0.0314,0.0133,9.0944,0.3428,0.0129,9.4501,9.4948,1,1804032,0,0,1,64,616,25280,620,1829312,1,1,1,20260711
"E1",0,"SliceBF-NoBitSlice",300000,"rare_022",3,"rare",0.0293,0.0115,6.5827,0.5174,0.0398,7.1399,7.1807,1,1804032,0,0,4,256,616,199424,632,2003456,4,4,1,20260711
"E1",0,"SliceBF-NoBitSlice",300000,"rare_024",3,"rare",0.0309,0.0186,9.9805,0.343,0.1205,10.444,10.4935,1,1804032,0,0,22,1408,616,982144,704,2786176,22,22,1,20260711
"E1",0,"SliceBF-NoBitSlice",300000,"rare_019",3,"rare",0.0323,0.0104,7.7199,0.3419,0.0132,8.075,8.1177,1,1804032,0,0,1,64,616,25280,620,1829312,1,1,1,20260711
"E1",0,"SliceBF-NoBitSlice",300000,"medium_011",3,"medium",0.03,0.0109,7.1688,0.342,0.0174,7.5282,7.5691,1,1804032,0,0,1,64,616,25280,620,1829312,1,1,1,20260711
"E1",0,"SliceBF-NoBitSlice",300000,"rare_005",3,"rare",0.0306,0.0116,7.3602,0.3426,0.0254,7.7282,7.7704,1,1804032,0,0,1,64,616,41664,620,1845696,1,1,1,20260711
"E1",0,"SliceBF-NoBitSlice",300000,"common_024",3,"common",0.031,4.8486,15.9653,1.0182,292.178,309.162,314.041,1,1804032,0,0,4665,298560,616,171392192,19276,173196224,72721,72721,1,20260711
"E1",0,"SliceBF-NoBitSlice",300000,"rare_025",3,"rare",0.0485,0.0182,9.9923,0.4697,0.0313,10.4933,10.56,1,1804032,0,0,2,128,616,50560,624,1854592,2,2,1,20260711
"E1",0,"SliceBF-NoBitSlice",300000,"rare_012",3,"rare",0.0319,0.0207,8.0719,0.3427,0.0764,8.491,8.5436,1,1804032,0,0,14,896,616,583296,672,2387328,14,14,1,20260711
"E1",0,"SliceBF-NoBitSlice",300000,"common_000",3,"common",0.0352,0.9055,14.4918,0.3863,22.7304,37.6085,38.5492,1,1804032,0,0,1862,119168,616,81870976,8064,83675008,4242,4242,1,20260711
"E1",0,"SliceBF-NoBitSlice",300000,"common_008",3,"common",0.0413,0.9222,11.7078,0.5009,18.5939,30.8026,31.7661,1,1804032,0,0,2385,152640,616,96607936,10156,98411968,3878,3878,1,20260711
"E1",0,"SliceBF-NoBitSlice",300000,"common_003",3,"common",0.04,0.2512,10.8666,0.3554,3.9725,15.1945,15.4857,1,1804032,0,0,826,52864,616,31858560,3920,33662592,898,898,1,20260711
"E1",0,"SliceBF-NoBitSlice",300000,"rare_015",3,"rare",0.0338,0.0126,6.9121,0.342,0.0203,7.2744,7.3208,1,1804032,0,0,2,128,616,66944,624,1870976,2,2,1,20260711
"E1",0,"SliceBF-NoBitSlice",300000,"rare_011",3,"rare",0.0311,0.0125,6.4748,0.7244,0.024,7.2232,7.2668,1,1804032,0,0,1,64,616,25280,620,1829312,1,1,1,20260711
"E1",0,"SliceBF-NoBitSlice",300000,"medium_016",3,"medium",0.0298,0.0119,6.5309,0.3486,0.0173,6.8968,6.9385,1,1804032,0,0,1,64,616,25280,620,1829312,1,1,1,20260711
"E1",0,"SliceBF-NoBitSlice",300000,"common_022",3,"common",0.0309,1.7463,13.233,0.4485,48.0554,61.7369,63.5141,1,1804032,0,0,4264,272896,616,157527552,17672,159331584,11283,11283,1,20260711
"E1",0,"SliceBF-NoBitSlice",300000,"rare_001",3,"rare",0.0452,0.0147,7.1115,0.3433,0.0178,7.4726,7.5325,1,1804032,0,0,1,64,616,41664,620,1845696,1,1,1,20260711
"E1",0,"SliceBF-NoBitSlice",300000,"rare_006",3,"rare",0.0311,0.0117,6.5089,0.3416,0.0146,6.8651,6.9079,1,1804032,0,0,1,64,616,25280,620,1829312,1,1,1,20260711
"E1",0,"SliceBF-NoBitSlice",300000,"common_011",3,"common",0.031,1.3969,9.3286,0.5418,61.6679,71.5383,72.9662,1,1804032,0,0,3810,243840,616,149073280,15856,150877312,13270,13270,1,20260711
"E1",0,"SliceBF-NoBitSlice",300000,"rare_004",3,"rare",0.041,0.0135,6.7809,0.3435,0.0153,7.1397,7.1942,1,1804032,0,0,1,64,616,25280,620,1829312,1,1,1,20260711
"E1",0,"SliceBF-NoBitSlice",300000,"common_015",3,"common",0.0301,0.7396,13.1828,0.3914,21.3337,34.9079,35.6776,1,1804032,0,0,2596,166144,616,105341696,11000,107145728,4442,4442,1,20260711
"E1",0,"SliceBF-NoBitSlice",300000,"medium_015",3,"medium",0.0396,0.0176,7.1404,0.3418,0.0152,7.4974,7.5546,1,1804032,0,0,1,64,616,25280,620,1829312,1,1,1,20260711
"E1",0,"SliceBF-NoBitSlice",300000,"common_006",3,"common",0.0309,0.1517,10.7823,0.3875,2.3106,13.4804,13.663,1,1804032,0,0,469,30016,616,13576640,2492,15380672,502,502,1,20260711
"E1",0,"SliceBF-NoBitSlice",300000,"rare_007",3,"rare",0.0342,0.0113,6.7813,0.3426,0.0139,7.1378,7.1833,1,1804032,0,0,1,64,616,41664,620,1845696,1,1,1,20260711
"E1",0,"SliceBF-NoBitSlice",300000,"rare_009",3,"rare",0.0306,0.0114,7.0134,0.3422,0.0252,7.3808,7.4228,1,1804032,0,0,1,64,616,41664,620,1845696,1,1,1,20260711
"E1",0,"SliceBF-NoBitSlice",300000,"common_021",3,"common",0.0315,1.1975,14.4403,0.4336,44.1395,59.0134,60.2424,1,1804032,0,0,3657,234048,616,141486272,15244,143290304,9264,9264,1,20260711
"E1",0,"SliceBF-NoBitSlice",300000,"common_007",3,"common",0.046,0.3242,8.0426,0.361,7.4669,15.8705,16.2407,1,1804032,0,0,1082,69248,616,48013184,4944,49817216,1452,1452,1,20260711
"E1",0,"SliceBF-NoBitSlice",300000,"common_004",3,"common",0.0391,1.5273,13.8911,0.467,56.3214,70.6795,72.2459,1,1804032,0,0,4180,267520,616,156772096,17336,158576128,12952,12952,1,20260711
"E1",0,"SliceBF-NoBitSlice",300000,"medium_003",3,"medium",0.0429,0.0135,7.332,0.3426,0.0169,7.6915,7.7479,1,1804032,0,0,1,64,616,25280,620,1829312,1,1,1,20260711
"E1",0,"SliceBF-NoBitSlice",300000,"common_025",3,"common",0.0387,1.5572,10.3447,0.4257,29.6691,40.4395,42.0354,1,1804032,0,0,3289,210496,616,109679808,13772,111483840,8113,8113,1,20260711
"E1",0,"SliceBF-NoBitSlice",300000,"common_014",3,"common",0.0416,1.4039,10.7436,0.6179,39.7054,51.0669,52.5124,1,1804032,0,0,3582,229248,616,140073600,14944,141877632,8670,8670,1,20260711
"E1",0,"SliceBF-NoBitSlice",300000,"medium_019",3,"medium",0.0405,0.0132,7.6715,0.3862,0.0226,8.0803,8.134,1,1804032,0,0,1,64,616,25280,620,1829312,1,1,1,20260711
"E1",0,"SliceBF-NoBitSlice",300000,"rare_023",3,"rare",0.0542,0.0289,8.6509,0.3937,0.2346,9.2792,9.3623,1,1804032,0,0,44,2816,616,2062592,792,3866624,44,44,1,20260711
"E1",0,"SliceBF-NoBitSlice",300000,"common_002",3,"common",0.0307,0.4155,12.2532,0.465,6.285,19.0032,19.4494,1,1804032,0,0,1170,74880,616,46420352,5296,48224384,1369,1369,1,20260711
"E1",0,"SliceBF-NoBitSlice",300000,"medium_009",3,"medium",0.0378,0.0121,7.0458,0.3419,0.0191,7.4068,7.4567,1,1804032,0,0,1,64,616,41664,620,1845696,1,1,1,20260711
"E1",0,"SliceBF-NoBitSlice",300000,"medium_005",3,"medium",0.0313,0.0138,10.0037,0.3438,0.0494,10.3969,10.442,1,1804032,0,0,7,448,616,275264,644,2079296,7,7,1,20260711
"E1",0,"SliceBF-NoBitSlice",300000,"medium_007",3,"medium",0.0311,0.0116,7.0403,0.3421,0.0161,7.3985,7.4412,1,1804032,0,0,1,64,616,25280,620,1829312,1,1,1,20260711
"E1",0,"SliceBF-NoBitSlice",300000,"rare_010",3,"rare",0.0303,0.0106,7.1931,0.3579,0.02,7.571,7.6119,1,1804032,0,0,1,64,616,41664,620,1845696,1,1,1,20260711
"E1",0,"SliceBF-NoBitSlice",300000,"common_023",3,"common",0.0309,1.7431,13.0277,0.4621,57.095,70.5848,72.3588,1,1804032,0,0,4225,270400,616,157516480,17516,159320512,12472,12472,1,20260711
"E1",0,"SliceBF-NoBitSlice",300000,"rare_008",3,"rare",0.0428,0.0172,6.9544,0.6242,0.0736,7.6522,7.7122,1,1804032,0,0,8,512,616,415232,648,2219264,8,8,1,20260711
"E1",0,"SliceBF-NoBitSlice",300000,"medium_012",3,"medium",0.0321,0.013,10.424,0.4592,0.0219,10.9051,10.9502,1,1804032,0,0,1,64,616,41664,620,1845696,1,1,1,20260711
"E1",0,"SliceBF-NoBitSlice",300000,"common_017",3,"common",0.0303,0.9996,12.2082,0.4086,26.2785,38.8953,39.9252,1,1804032,0,0,3413,218432,616,118335936,14268,120139968,6627,6627,1,20260711
"E1",0,"SliceBF-NoBitSlice",300000,"common_009",3,"common",0.0431,0.8667,14.3573,0.4058,28.815,43.5781,44.4879,1,1804032,0,0,2370,151680,616,103478656,10096,105282688,5420,5420,1,20260711
"E1",0,"SliceBF-NoBitSlice",300000,"medium_018",3,"medium",0.039,0.013,7.1123,0.3661,0.0209,7.4993,7.5513,1,1804032,0,0,1,64,616,41664,620,1845696,1,1,1,20260711
"E1",0,"SliceBF-NoBitSlice",300000,"medium_006",3,"medium",0.0314,0.0132,7.1692,0.3418,0.0159,7.5269,7.5715,1,1804032,0,0,1,64,616,41664,620,1845696,1,1,1,20260711
"E1",0,"SliceBF-NoBitSlice",300000,"medium_025",3,"medium",0.0302,0.0115,6.7097,0.3418,0.0152,7.0667,7.1084,1,1804032,0,0,1,64,616,25280,620,1829312,1,1,1,20260711
"E1",0,"SliceBF-NoBitSlice",300000,"common_027",3,"common",0.0304,2.3819,13.1289,0.5727,132.792,146.494,148.906,1,1804032,0,0,4116,263424,616,157857536,17080,159661568,26737,26737,1,20260711
"E1",0,"SliceBF-NoBitSlice",300000,"medium_023",3,"medium",0.044,0.0145,6.9142,0.3436,0.0197,7.2775,7.336,1,1804032,0,0,1,64,616,41664,620,1845696,1,1,1,20260711
"E1",0,"SliceBF-NoBitSlice",300000,"common_012",3,"common",0.0308,0.6829,9.4458,0.3808,14.7123,24.5389,25.2526,1,1804032,0,0,2411,154304,616,87017024,10260,88821056,3545,3545,1,20260711
"E1",0,"SliceBF-NoBitSlice",300000,"common_026",3,"common",0.0378,2.3761,12.6741,0.6926,132.34,145.707,148.121,1,1804032,0,0,4116,263424,616,157857536,17080,159661568,26769,26769,1,20260711
"E1",0,"SliceBF-NoBitSlice",300000,"rare_018",3,"rare",0.0451,0.0137,7.1309,0.3646,0.0174,7.5129,7.5717,1,1804032,0,0,1,64,616,25280,620,1829312,1,1,1,20260711
"E1",0,"SliceBF-NoBitSlice",300000,"medium_013",3,"medium",0.0313,0.0128,6.6957,0.3422,0.0367,7.0746,7.1187,1,1804032,0,0,4,256,616,199424,632,2003456,4,4,1,20260711
"E1",0,"SliceBF-NoBitSlice",300000,"common_016",3,"common",0.031,1.4654,13.5616,0.4666,54.7148,68.743,70.2394,1,1804032,0,0,4167,266688,616,153576256,17284,155380288,13073,13073,1,20260711
"E1",0,"SliceBF-NoBitSlice",300000,"rare_021",3,"rare",0.0488,0.0169,6.5917,0.3418,0.016,6.9495,7.0152,1,1804032,0,0,1,64,616,25280,620,1829312,1,1,1,20260711
"E1",0,"SliceBF-NoBitSlice",300000,"rare_000",3,"rare",0.0303,0.0112,6.9185,0.3431,0.0151,7.2767,7.3182,1,1804032,0,0,1,64,616,25280,620,1829312,1,1,1,20260711
"E1",0,"SliceBF-NoBitSlice",300000,"medium_001",3,"medium",0.0311,0.011,6.6342,0.4382,0.0182,7.0906,7.1327,1,1804032,0,0,1,64,616,25280,620,1829312,1,1,1,20260711
"E1",0,"SliceBF-NoBitSlice",300000,"common_020",3,"common",0.0305,0.9703,14.1399,0.4052,24.9763,39.5214,40.5222,1,1804032,0,0,3291,210624,616,112933440,13780,114737472,6213,6213,1,20260711
"E1",0,"SliceBF-NoBitSlice",300000,"medium_010",3,"medium",0.039,0.0128,6.597,0.3419,0.0163,6.9552,7.007,1,1804032,0,0,1,64,616,41664,620,1845696,1,1,1,20260711
"E1",0,"SliceBF-NoBitSlice",300000,"common_018",3,"common",0.0306,1.2037,11.6585,0.5654,28.5643,40.7882,42.0225,1,1804032,0,0,3572,228608,616,129171200,14904,130975232,6756,6756,1,20260711
"E1",0,"SliceBF-NoBitSlice",300000,"medium_020",3,"medium",0.0426,0.014,12.235,0.3698,0.0266,12.6314,12.688,1,1804032,0,0,2,128,616,83328,624,1887360,2,2,1,20260711
"E1",0,"SliceBF-NoBitSlice",300000,"medium_017",3,"medium",0.032,0.0114,8.9796,0.3419,0.0156,9.3371,9.3805,1,1804032,0,0,1,64,616,25280,620,1829312,1,1,1,20260711
"E1",0,"SliceBF-NoBitSlice",300000,"common_013",3,"common",0.0303,0.2205,6.7496,0.3539,3.323,10.4265,10.6773,1,1804032,0,0,736,47104,616,24668160,3560,26472192,805,805,1,20260711
"E1",0,"SliceBF-NoBitSlice",300000,"common_010",3,"common",0.0337,1.518,9.2079,0.4403,45.2997,54.9479,56.4996,1,1804032,0,0,4058,259712,616,152147840,16848,153951872,10198,10198,1,20260711
"E1",0,"SliceBF-NoBitSlice",300000,"rare_017",3,"rare",0.0445,0.0138,7.1295,0.3429,0.0168,7.4892,7.5475,1,1804032,0,0,1,64,616,25280,620,1829312,1,1,1,20260711
"E1",0,"SliceBF-NoBitSlice",300000,"rare_002",3,"rare",0.0305,0.0114,8.6696,0.3439,0.0245,9.038,9.0799,1,1804032,0,0,1,64,616,41664,620,1845696,1,1,1,20260711
"E1",0,"SliceBF-NoBitSlice",300000,"rare_014",3,"rare",0.0877,0.0119,6.5968,0.3418,0.0131,6.9517,7.0513,1,1804032,0,0,1,64,616,17088,620,1821120,1,1,1,20260711
"E1",0,"SliceBF-NoBitSlice",300000,"medium_024",3,"medium",0.0299,0.011,7.4385,0.3424,0.0159,7.7968,7.8377,1,1804032,0,0,1,64,616,41664,620,1845696,1,1,1,20260711
"E1",0,"SliceBF-NoBitSlice",300000,"common_005",3,"common",0.0306,0.8411,12.693,0.3814,15.1801,28.2545,29.1262,1,1804032,0,0,2441,156224,616,86464704,10380,88268736,3532,3532,1,20260711
"E1",0,"SliceBF-NoBitSlice",300000,"common_019",3,"common",0.04,1.864,14.182,0.5002,62.8259,77.5081,79.4121,1,1804032,0,0,4489,287296,616,163100864,18572,164904896,15472,15472,1,20260711
"E1",0,"SliceBF-NoBitSlice",300000,"medium_022",3,"medium",0.0462,0.0147,6.6332,0.34,0.0272,7.0004,7.0613,1,1804032,0,0,3,192,616,108608,628,1912640,3,3,1,20260711
"E1",0,"SliceBF-NoBitSlice",300000,"medium_000",3,"medium",0.0304,0.0135,9.6111,0.3493,0.0281,9.9885,10.0324,1,1804032,0,0,3,192,616,108608,628,1912640,3,3,1,20260711
"E1",0,"SliceBF-NoBitSlice",300000,"rare_016",3,"rare",0.0311,0.0133,7.2605,0.4117,0.0162,7.6884,7.7328,1,1804032,0,0,1,64,616,41664,620,1845696,1,1,1,20260711
"E1",0,"SliceBF-NoBitSlice",300000,"medium_021",3,"medium",0.0315,0.0132,7.4248,0.372,0.0254,7.8222,7.8669,1,1804032,0,0,1,64,616,41664,620,1845696,1,1,1,20260711
"E1",0,"SliceBF-NoBitSlice",300000,"medium_002",3,"medium",0.0326,0.0382,9.1087,0.3417,0.0132,9.4636,9.5344,1,1804032,0,0,1,64,616,25280,620,1829312,1,1,1,20260711
"E1",0,"SliceBF-NoBitSlice",300000,"medium_008",3,"medium",0.0304,0.012,6.8097,0.7024,0.0322,7.5443,7.5867,1,1804032,0,0,1,64,616,41664,620,1845696,1,1,1,20260711
"E1",0,"SliceBF-NoPruning",300000,"common_001",3,"common",0.0303,0.8292,2.0733,0.3667,11.8233,14.2633,15.1228,1,150336,0,0,4698,300672,616,171947904,19408,172098240,2313,2313,1,20260711
"E1",0,"SliceBF-NoPruning",300000,"rare_003",3,"rare",0.042,0.9395,1.2645,0.3417,0.0221,1.6283,2.6098,1,150336,0,0,4698,300672,616,171947904,19408,172098240,1,1,1,20260711
"E1",0,"SliceBF-NoPruning",300000,"medium_014",3,"medium",0.0301,1.4342,1.6564,0.4791,0.0846,2.2201,3.6844,1,150336,0,0,4698,300672,616,171947904,19408,172098240,10,10,1,20260711
"E1",0,"SliceBF-NoPruning",300000,"rare_013",3,"rare",0.0316,0.8704,1.6264,0.3438,0.1661,2.1363,3.0383,1,150336,0,0,4698,300672,616,171947904,19408,172098240,31,31,1,20260711
"E1",0,"SliceBF-NoPruning",300000,"medium_004",3,"medium",0.03,0.8006,1.8373,0.3423,0.0215,2.2011,3.0317,1,150336,0,0,4698,300672,616,171947904,19408,172098240,1,1,1,20260711
"E1",0,"SliceBF-NoPruning",300000,"rare_020",3,"rare",0.0308,0.8113,1.8634,0.3415,0.0157,2.2206,3.0627,1,150336,0,0,4698,300672,616,171947904,19408,172098240,1,1,1,20260711
"E1",0,"SliceBF-NoPruning",300000,"rare_022",3,"rare",0.029,0.9921,1.3205,0.3418,0.0347,1.697,2.7181,1,150336,0,0,4698,300672,616,171947904,19408,172098240,4,4,1,20260711
"E1",0,"SliceBF-NoPruning",300000,"rare_024",3,"rare",0.0303,1.3893,1.977,0.3425,0.1568,2.4763,3.8959,1,150336,0,0,4698,300672,616,171947904,19408,172098240,22,22,1,20260711
"E1",0,"SliceBF-NoPruning",300000,"rare_019",3,"rare",0.0311,0.8356,1.2882,0.3418,0.013,1.643,2.5097,1,150336,0,0,4698,300672,616,171947904,19408,172098240,1,1,1,20260711
"E1",0,"SliceBF-NoPruning",300000,"medium_011",3,"medium",0.0294,1.0715,1.4609,0.495,0.0272,1.9831,3.084,1,150336,0,0,4698,300672,616,171947904,19408,172098240,1,1,1,20260711
"E1",0,"SliceBF-NoPruning",300000,"rare_005",3,"rare",0.0314,0.8072,1.2791,0.3418,0.0158,1.6367,2.4753,1,150336,0,0,4698,300672,616,171947904,19408,172098240,1,1,1,20260711
"E1",0,"SliceBF-NoPruning",300000,"common_024",3,"common",0.0316,1.0135,2.7464,0.8789,293.505,297.131,298.176,1,150336,0,0,4698,300672,616,171947904,19408,172098240,72721,72721,1,20260711
"E1",0,"SliceBF-NoPruning",300000,"rare_025",3,"rare",0.048,1.021,2.27,0.4541,0.0327,2.7568,3.8258,1,150336,0,0,4698,300672,616,171947904,19408,172098240,2,2,1,20260711
"E1",0,"SliceBF-NoPruning",300000,"rare_012",3,"rare",0.0316,0.8893,1.591,0.3424,0.0883,2.0217,2.9426,1,150336,0,0,4698,300672,616,171947904,19408,172098240,14,14,1,20260711
"E1",0,"SliceBF-NoPruning",300000,"common_000",3,"common",0.0307,0.8065,2.8486,0.3917,23.5587,26.799,27.6362,1,150336,0,0,4698,300672,616,171947904,19408,172098240,4242,4242,1,20260711
"E1",0,"SliceBF-NoPruning",300000,"common_008",3,"common",0.0445,1.0158,2.2398,0.384,20.3037,22.9275,23.9878,1,150336,0,0,4698,300672,616,171947904,19408,172098240,3878,3878,1,20260711
"E1",0,"SliceBF-NoPruning",300000,"common_003",3,"common",0.0391,1.003,2.3166,0.6917,3.7831,6.7914,7.8335,1,150336,0,0,4698,300672,616,171947904,19408,172098240,898,898,1,20260711
"E1",0,"SliceBF-NoPruning",300000,"rare_015",3,"rare",0.0332,1.1292,1.9173,0.3418,0.0274,2.2865,3.4489,1,150336,0,0,4698,300672,616,171947904,19408,172098240,2,2,1,20260711
"E1",0,"SliceBF-NoPruning",300000,"rare_011",3,"rare",0.0305,1.3978,1.4852,0.343,0.0243,1.8525,3.2808,1,150336,0,0,4698,300672,616,171947904,19408,172098240,1,1,1,20260711
"E1",0,"SliceBF-NoPruning",300000,"medium_016",3,"medium",0.03,0.8509,1.2746,0.3428,0.0213,1.6387,2.5196,1,150336,0,0,4698,300672,616,171947904,19408,172098240,1,1,1,20260711
"E1",0,"SliceBF-NoPruning",300000,"common_022",3,"common",0.034,0.8096,2.7943,0.4502,48.6246,51.8691,52.7127,1,150336,0,0,4698,300672,616,171947904,19408,172098240,11283,11283,1,20260711
"E1",0,"SliceBF-NoPruning",300000,"rare_001",3,"rare",0.0406,1.2221,1.4402,0.3431,0.026,1.8093,3.072,1,150336,0,0,4698,300672,616,171947904,19408,172098240,1,1,1,20260711
"E1",0,"SliceBF-NoPruning",300000,"rare_006",3,"rare",0.1007,0.9034,1.1621,0.3418,0.0208,1.5247,2.5288,1,150336,0,0,4698,300672,616,171947904,19408,172098240,1,1,1,20260711
"E1",0,"SliceBF-NoPruning",300000,"common_011",3,"common",0.0304,0.9909,1.7332,0.7206,61.3148,63.7686,64.7899,1,150336,0,0,4698,300672,616,171947904,19408,172098240,13270,13270,1,20260711
"E1",0,"SliceBF-NoPruning",300000,"rare_004",3,"rare",0.0416,0.9038,1.8341,0.4192,0.0261,2.2794,3.2248,1,150336,0,0,4698,300672,616,171947904,19408,172098240,1,1,1,20260711
"E1",0,"SliceBF-NoPruning",300000,"common_015",3,"common",0.031,1.2537,2.575,0.3866,20.993,23.9546,25.2393,1,150336,0,0,4698,300672,616,171947904,19408,172098240,4442,4442,1,20260711
"E1",0,"SliceBF-NoPruning",300000,"medium_015",3,"medium",0.0769,1.0462,1.4551,0.3416,0.0221,1.8188,2.9419,1,150336,0,0,4698,300672,616,171947904,19408,172098240,1,1,1,20260711
"E1",0,"SliceBF-NoPruning",300000,"common_006",3,"common",0.0303,1.0111,2.293,0.477,1.8931,4.6631,5.7045,1,150336,0,0,4698,300672,616,171947904,19408,172098240,502,502,1,20260711
"E1",0,"SliceBF-NoPruning",300000,"rare_007",3,"rare",0.0322,1.0226,1.5421,0.5015,0.0318,2.0754,3.1302,1,150336,0,0,4698,300672,616,171947904,19408,172098240,1,1,1,20260711
"E1",0,"SliceBF-NoPruning",300000,"rare_009",3,"rare",0.0329,0.8557,1.2431,0.3415,0.0203,1.6049,2.4935,1,150336,0,0,4698,300672,616,171947904,19408,172098240,1,1,1,20260711
"E1",0,"SliceBF-NoPruning",300000,"common_021",3,"common",0.0294,0.8112,2.9512,0.4347,44.8911,48.277,49.1176,1,150336,0,0,4698,300672,616,171947904,19408,172098240,9264,9264,1,20260711
"E1",0,"SliceBF-NoPruning",300000,"common_007",3,"common",0.043,0.9229,1.9932,0.3615,7.3937,9.7484,10.7143,1,150336,0,0,4698,300672,616,171947904,19408,172098240,1452,1452,1,20260711
"E1",0,"SliceBF-NoPruning",300000,"common_004",3,"common",0.0377,0.9317,2.8297,0.4645,57.0481,60.3423,61.3117,1,150336,0,0,4698,300672,616,171947904,19408,172098240,12952,12952,1,20260711
"E1",0,"SliceBF-NoPruning",300000,"medium_003",3,"medium",0.0432,0.9305,1.6625,0.3439,0.0273,2.0337,3.0074,1,150336,0,0,4698,300672,616,171947904,19408,172098240,1,1,1,20260711
"E1",0,"SliceBF-NoPruning",300000,"common_025",3,"common",0.0307,0.8939,2.1981,0.4193,29.7947,32.4121,33.3367,1,150336,0,0,4698,300672,616,171947904,19408,172098240,8113,8113,1,20260711
"E1",0,"SliceBF-NoPruning",300000,"common_014",3,"common",0.0453,0.9426,1.9512,0.4276,39.2087,41.5875,42.5754,1,150336,0,0,4698,300672,616,171947904,19408,172098240,8670,8670,1,20260711
"E1",0,"SliceBF-NoPruning",300000,"medium_019",3,"medium",0.0437,0.9219,1.2607,0.343,0.0284,1.6321,2.5977,1,150336,0,0,4698,300672,616,171947904,19408,172098240,1,1,1,20260711
"E1",0,"SliceBF-NoPruning",300000,"rare_023",3,"rare",0.033,0.8571,2.2477,0.3391,0.2625,2.8493,3.7394,1,150336,0,0,4698,300672,616,171947904,19408,172098240,44,44,1,20260711
"E1",0,"SliceBF-NoPruning",300000,"common_002",3,"common",0.0315,1.3993,2.1961,0.3579,6.2614,8.8154,10.2462,1,150336,0,0,4698,300672,616,171947904,19408,172098240,1369,1369,1,20260711
"E1",0,"SliceBF-NoPruning",300000,"medium_009",3,"medium",0.0377,0.8725,1.5079,0.3416,0.0166,1.8661,2.7763,1,150336,0,0,4698,300672,616,171947904,19408,172098240,1,1,1,20260711
"E1",0,"SliceBF-NoPruning",300000,"medium_005",3,"medium",0.0295,0.8655,2.6913,0.3422,0.0556,3.0891,3.9841,1,150336,0,0,4698,300672,616,171947904,19408,172098240,7,7,1,20260711
"E1",0,"SliceBF-NoPruning",300000,"medium_007",3,"medium",0.03,1.7357,1.2083,0.3415,0.0287,1.5785,3.3442,1,150336,0,0,4698,300672,616,171947904,19408,172098240,1,1,1,20260711
"E1",0,"SliceBF-NoPruning",300000,"rare_010",3,"rare",0.0308,0.8615,1.5581,0.3417,0.0237,1.9235,2.8158,1,150336,0,0,4698,300672,616,171947904,19408,172098240,1,1,1,20260711
"E1",0,"SliceBF-NoPruning",300000,"common_023",3,"common",0.0298,1.0263,3.2203,0.465,56.4333,60.1186,61.1747,1,150336,0,0,4698,300672,616,171947904,19408,172098240,12472,12472,1,20260711
"E1",0,"SliceBF-NoPruning",300000,"rare_008",3,"rare",0.1405,1.0165,1.3878,0.3421,0.0635,1.7934,2.9504,1,150336,0,0,4698,300672,616,171947904,19408,172098240,8,8,1,20260711
"E1",0,"SliceBF-NoPruning",300000,"medium_012",3,"medium",0.0313,0.9367,3.1521,0.3448,0.0291,3.526,4.494,1,150336,0,0,4698,300672,616,171947904,19408,172098240,1,1,1,20260711
"E1",0,"SliceBF-NoPruning",300000,"common_017",3,"common",0.031,0.8983,2.9123,0.4158,26.5765,29.9046,30.8339,1,150336,0,0,4698,300672,616,171947904,19408,172098240,6627,6627,1,20260711
"E1",0,"SliceBF-NoPruning",300000,"common_009",3,"common",0.0397,1.357,2.5305,0.3977,28.692,31.6202,33.0169,1,150336,0,0,4698,300672,616,171947904,19408,172098240,5420,5420,1,20260711
"E1",0,"SliceBF-NoPruning",300000,"medium_018",3,"medium",0.0394,1.4982,1.3089,0.3418,0.0378,1.6885,3.2261,1,150336,0,0,4698,300672,616,171947904,19408,172098240,1,1,1,20260711
"E1",0,"SliceBF-NoPruning",300000,"medium_006",3,"medium",0.0328,0.9624,1.4838,0.3416,0.0163,1.8417,2.8369,1,150336,0,0,4698,300672,616,171947904,19408,172098240,1,1,1,20260711
"E1",0,"SliceBF-NoPruning",300000,"medium_025",3,"medium",0.0304,1.0314,1.3025,0.6577,0.0272,1.9874,3.0492,1,150336,0,0,4698,300672,616,171947904,19408,172098240,1,1,1,20260711
"E1",0,"SliceBF-NoPruning",300000,"common_027",3,"common",0.0313,0.8478,2.3228,0.5715,138.026,140.92,141.799,1,150336,0,0,4698,300672,616,171947904,19408,172098240,26737,26737,1,20260711
"E1",0,"SliceBF-NoPruning",300000,"medium_023",3,"medium",0.0455,1.0862,1.6496,0.3434,0.0289,2.0219,3.1536,1,150336,0,0,4698,300672,616,171947904,19408,172098240,1,1,1,20260711
"E1",0,"SliceBF-NoPruning",300000,"common_012",3,"common",0.0314,0.9273,1.762,0.3829,14.6356,16.7805,17.7392,1,150336,0,0,4698,300672,616,171947904,19408,172098240,3545,3545,1,20260711
"E1",0,"SliceBF-NoPruning",300000,"common_026",3,"common",0.0376,0.8891,2.7284,0.5782,132.095,135.401,136.328,1,150336,0,0,4698,300672,616,171947904,19408,172098240,26769,26769,1,20260711
"E1",0,"SliceBF-NoPruning",300000,"rare_018",3,"rare",0.0463,0.9201,1.2522,0.3416,0.0239,1.6177,2.5841,1,150336,0,0,4698,300672,616,171947904,19408,172098240,1,1,1,20260711
"E1",0,"SliceBF-NoPruning",300000,"medium_013",3,"medium",0.0312,0.9118,1.2247,0.7686,0.0517,2.045,2.988,1,150336,0,0,4698,300672,616,171947904,19408,172098240,4,4,1,20260711
"E1",0,"SliceBF-NoPruning",300000,"common_016",3,"common",0.031,1.0101,2.5572,0.4655,55.9674,58.9901,60.0312,1,150336,0,0,4698,300672,616,171947904,19408,172098240,13073,13073,1,20260711
"E1",0,"SliceBF-NoPruning",300000,"rare_021",3,"rare",0.0403,1.3338,1.5983,0.3417,0.0322,1.9722,3.3463,1,150336,0,0,4698,300672,616,171947904,19408,172098240,1,1,1,20260711
"E1",0,"SliceBF-NoPruning",300000,"rare_000",3,"rare",0.0328,1.0354,1.3136,0.4757,0.0192,1.8085,2.8767,1,150336,0,0,4698,300672,616,171947904,19408,172098240,1,1,1,20260711
"E1",0,"SliceBF-NoPruning",300000,"medium_001",3,"medium",0.0308,1.0507,1.1659,0.4849,0.0224,1.6732,2.7547,1,150336,0,0,4698,300672,616,171947904,19408,172098240,1,1,1,20260711
"E1",0,"SliceBF-NoPruning",300000,"common_020",3,"common",0.0309,0.8637,2.4274,0.4025,24.9054,27.7353,28.6299,1,150336,0,0,4698,300672,616,171947904,19408,172098240,6213,6213,1,20260711
"E1",0,"SliceBF-NoPruning",300000,"medium_010",3,"medium",0.0405,1.7662,1.4853,0.3417,0.0294,1.8564,3.6631,1,150336,0,0,4698,300672,616,171947904,19408,172098240,1,1,1,20260711
"E1",0,"SliceBF-NoPruning",300000,"common_018",3,"common",0.0317,0.9241,2.2903,0.4084,28.3097,31.0084,31.9642,1,150336,0,0,4698,300672,616,171947904,19408,172098240,6756,6756,1,20260711
"E1",0,"SliceBF-NoPruning",300000,"medium_020",3,"medium",0.0408,1.0833,2.5931,0.3423,0.0353,2.9707,4.0948,1,150336,0,0,4698,300672,616,171947904,19408,172098240,2,2,1,20260711
"E1",0,"SliceBF-NoPruning",300000,"medium_017",3,"medium",0.0319,1.2729,1.7016,0.3417,0.0232,2.0665,3.3713,1,150336,0,0,4698,300672,616,171947904,19408,172098240,1,1,1,20260711
"E1",0,"SliceBF-NoPruning",300000,"common_013",3,"common",0.0306,0.9189,1.5342,0.6652,3.0025,5.2019,6.1514,1,150336,0,0,4698,300672,616,171947904,19408,172098240,805,805,1,20260711
"E1",0,"SliceBF-NoPruning",300000,"common_010",3,"common",0.0337,0.8864,2.4284,0.4426,45.7877,48.6587,49.5788,1,150336,0,0,4698,300672,616,171947904,19408,172098240,10198,10198,1,20260711
"E1",0,"SliceBF-NoPruning",300000,"rare_017",3,"rare",0.0431,1.0184,1.6945,0.3432,0.0301,2.0678,3.1293,1,150336,0,0,4698,300672,616,171947904,19408,172098240,1,1,1,20260711
"E1",0,"SliceBF-NoPruning",300000,"rare_002",3,"rare",0.0314,0.9204,2.0926,0.3483,0.026,2.4669,3.4187,1,150336,0,0,4698,300672,616,171947904,19408,172098240,1,1,1,20260711
"E1",0,"SliceBF-NoPruning",300000,"rare_014",3,"rare",0.031,0.8719,1.3979,0.3414,0.0199,1.7592,2.6621,1,150336,0,0,4698,300672,616,171947904,19408,172098240,1,1,1,20260711
"E1",0,"SliceBF-NoPruning",300000,"medium_024",3,"medium",0.0306,0.8432,2.1112,0.3417,0.021,2.4739,3.3477,1,150336,0,0,4698,300672,616,171947904,19408,172098240,1,1,1,20260711
"E1",0,"SliceBF-NoPruning",300000,"common_005",3,"common",0.0308,0.8724,2.7682,0.5352,14.8831,18.1865,19.0897,1,150336,0,0,4698,300672,616,171947904,19408,172098240,3532,3532,1,20260711
"E1",0,"SliceBF-NoPruning",300000,"common_019",3,"common",0.0441,0.9274,2.6893,0.4899,63.7136,66.8928,67.8643,1,150336,0,0,4698,300672,616,171947904,19408,172098240,15472,15472,1,20260711
"E1",0,"SliceBF-NoPruning",300000,"medium_022",3,"medium",0.0433,0.9065,2.0759,0.3435,0.0317,2.4511,3.4009,1,150336,0,0,4698,300672,616,171947904,19408,172098240,3,3,1,20260711
"E1",0,"SliceBF-NoPruning",300000,"medium_000",3,"medium",0.0308,1.2186,2.1453,0.3416,0.0436,2.5305,3.7799,1,150336,0,0,4698,300672,616,171947904,19408,172098240,3,3,1,20260711
"E1",0,"SliceBF-NoPruning",300000,"rare_016",3,"rare",0.032,0.8229,1.4782,0.3434,0.0166,1.8382,2.6931,1,150336,0,0,4698,300672,616,171947904,19408,172098240,1,1,1,20260711
"E1",0,"SliceBF-NoPruning",300000,"medium_021",3,"medium",0.0302,1.1108,1.619,0.3454,0.0241,1.9885,3.1295,1,150336,0,0,4698,300672,616,171947904,19408,172098240,1,1,1,20260711
"E1",0,"SliceBF-NoPruning",300000,"medium_002",3,"medium",0.0311,0.831,1.9486,0.3427,0.0216,2.3129,3.175,1,150336,0,0,4698,300672,616,171947904,19408,172098240,1,1,1,20260711
"E1",0,"SliceBF-NoPruning",300000,"medium_008",3,"medium",0.03,0.8102,1.7105,0.3477,0.019,2.0772,2.9174,1,150336,0,0,4698,300672,616,171947904,19408,172098240,1,1,1,20260711
"E1",1,"SliceBF",300000,"medium_007",3,"medium",0.0283,0.1016,1.3826,0.3419,0.0115,1.736,1.8659,1,150336,0,0,1,64,616,25280,620,175616,1,1,1,20260711
"E1",1,"SliceBF",300000,"common_001",3,"common",0.0289,0.6844,2.5793,0.3664,11.4254,14.3711,15.0844,1,150336,0,0,1612,103168,616,69882112,7064,70032448,2313,2313,1,20260711
"E1",1,"SliceBF",300000,"common_004",3,"common",0.038,1.5218,3.056,0.4668,56.6885,60.2113,61.7711,1,150336,0,0,4162,266368,616,155776384,17264,155926720,12952,12952,1,20260711
"E1",1,"SliceBF",300000,"rare_012",3,"rare",0.0423,0.1122,1.5685,0.3442,0.0753,1.988,2.1425,1,150336,0,0,14,896,616,583296,672,733632,14,14,1,20260711
"E1",1,"SliceBF",300000,"common_027",3,"common",0.0293,2.1339,2.5981,0.57,134.871,138.039,140.202,1,150336,0,0,4110,263040,616,157591168,17056,157741504,26737,26737,1,20260711
"E1",1,"SliceBF",300000,"rare_024",3,"rare",0.0456,0.1308,2.5249,0.344,0.1272,2.9961,3.1725,1,150336,0,0,22,1408,616,982144,704,1132480,22,22,1,20260711
"E1",1,"SliceBF",300000,"common_025",3,"common",0.0293,1.382,1.9073,0.4211,30.3124,32.6408,34.0521,1,150336,0,0,3305,211520,616,110141632,13836,110291968,8113,8113,1,20260711
"E1",1,"SliceBF",300000,"medium_019",3,"medium",0.0409,0.113,1.967,0.4384,0.0221,2.4275,2.5814,1,150336,0,0,1,64,616,25280,620,175616,1,1,1,20260711
"E1",1,"SliceBF",300000,"rare_020",3,"rare",0.0312,0.1068,2.2885,0.346,0.0131,2.6476,2.7856,1,150336,0,0,1,64,616,25280,620,175616,1,1,1,20260711
"E1",1,"SliceBF",300000,"rare_016",3,"rare",0.0297,0.1086,1.9889,0.3419,0.0189,2.3497,2.488,1,150336,0,0,1,64,616,41664,620,192000,1,1,1,20260711
"E1",1,"SliceBF",300000,"rare_025",3,"rare",0.0306,0.1062,1.8629,0.3426,0.0132,2.2187,2.3555,1,150336,0,0,2,128,616,50560,624,200896,2,2,1,20260711
"E1",1,"SliceBF",300000,"medium_018",3,"medium",0.0285,0.1045,1.9342,0.3465,0.0185,2.2992,2.4322,1,150336,0,0,1,64,616,41664,620,192000,1,1,1,20260711
"E1",1,"SliceBF",300000,"medium_004",3,"medium",0.0292,0.1038,1.1361,0.3432,0.0091,1.4884,1.6214,1,150336,0,0,1,64,616,25280,620,175616,1,1,1,20260711
"E1",1,"SliceBF",300000,"common_012",3,"common",0.0289,0.947,1.6096,0.3793,13.9952,15.9841,16.96,1,150336,0,0,2448,156672,616,88099840,10408,88250176,3545,3545,1,20260711
"E1",1,"SliceBF",300000,"common_017",3,"common",0.042,1.0832,2.9212,0.4089,37.2969,40.627,41.7522,1,150336,0,0,3386,216704,616,117219200,14160,117369536,6627,6627,1,20260711
"E1",1,"SliceBF",300000,"rare_021",3,"rare",0.04,0.1137,1.6733,0.3521,0.0137,2.0391,2.1928,1,150336,0,0,1,64,616,25280,620,175616,1,1,1,20260711
"E1",1,"SliceBF",300000,"medium_000",3,"medium",0.0291,0.1106,2.2732,0.3426,0.0268,2.6426,2.7823,1,150336,0,0,3,192,616,108608,628,258944,3,3,1,20260711
"E1",1,"SliceBF",300000,"rare_006",3,"rare",0.0293,0.107,2.0377,0.3414,0.0097,2.3888,2.5251,1,150336,0,0,1,64,616,25280,620,175616,1,1,1,20260711
"E1",1,"SliceBF",300000,"rare_022",3,"rare",0.0287,0.1079,1.732,0.3436,0.0384,2.114,2.2506,1,150336,0,0,4,256,616,199424,632,349760,4,4,1,20260711
"E1",1,"SliceBF",300000,"medium_006",3,"medium",0.0296,0.1077,1.3344,0.3414,0.0101,1.6859,1.8232,1,150336,0,0,1,64,616,41664,620,192000,1,1,1,20260711
"E1",1,"SliceBF",300000,"medium_001",3,"medium",0.0295,0.1047,1.5048,0.3414,0.0093,1.8555,1.9897,1,150336,0,0,1,64,616,25280,620,175616,1,1,1,20260711
"E1",1,"SliceBF",300000,"common_006",3,"common",0.0283,0.2343,2.6961,0.3528,1.7636,4.8125,5.0751,1,150336,0,0,462,29568,616,13416064,2464,13566400,502,502,1,20260711
"E1",1,"SliceBF",300000,"medium_016",3,"medium",0.0309,0.1045,1.5846,0.3453,0.022,1.9519,2.0873,1,150336,0,0,1,64,616,25280,620,175616,1,1,1,20260711
"E1",1,"SliceBF",300000,"medium_010",3,"medium",0.0295,0.1114,1.4502,0.3427,0.0097,1.8026,1.9435,1,150336,0,0,1,64,616,41664,620,192000,1,1,1,20260711
"E1",1,"SliceBF",300000,"common_015",3,"common",0.0287,0.8392,2.9751,0.3879,21.5699,24.9329,25.8008,1,150336,0,0,2608,166912,616,105808896,11048,105959232,4442,4442,1,20260711
"E1",1,"SliceBF",300000,"rare_011",3,"rare",0.0408,0.1174,1.2379,0.3435,0.0125,1.5939,1.7521,1,150336,0,0,1,64,616,25280,620,175616,1,1,1,20260711
"E1",1,"SliceBF",300000,"common_026",3,"common",0.0292,2.1419,2.7092,0.579,132.57,135.858,138.029,1,150336,0,0,4113,263232,616,157667008,17068,157817344,26769,26769,1,20260711
"E1",1,"SliceBF",300000,"medium_009",3,"medium",0.0447,0.115,1.6125,0.3418,0.0176,1.9719,2.1316,1,150336,0,0,1,64,616,41664,620,192000,1,1,1,20260711
"E1",1,"SliceBF",300000,"medium_014",3,"medium",0.0294,0.2656,2.1149,0.3423,0.066,2.5232,2.8182,1,150336,0,0,10,640,616,498560,656,648896,10,10,1,20260711
"E1",1,"SliceBF",300000,"rare_005",3,"rare",0.0297,0.103,1.5283,0.342,0.0172,1.8875,2.0202,1,150336,0,0,1,64,616,41664,620,192000,1,1,1,20260711
"E1",1,"SliceBF",300000,"medium_017",3,"medium",0.0302,0.1011,1.9184,0.3485,0.0163,2.2832,2.4145,1,150336,0,0,1,64,616,25280,620,175616,1,1,1,20260711
"E1",1,"SliceBF",300000,"rare_008",3,"rare",0.0296,0.1017,1.3229,0.3443,0.0506,1.7178,1.8491,1,150336,0,0,8,512,616,415232,648,565568,8,8,1,20260711
"E1",1,"SliceBF",300000,"rare_001",3,"rare",0.0284,0.1032,1.2198,0.3434,0.0099,1.5731,1.7047,1,150336,0,0,1,64,616,41664,620,192000,1,1,1,20260711
"E1",1,"SliceBF",300000,"common_009",3,"common",0.0293,0.8031,2.9058,0.4032,28.9642,32.2732,33.1056,1,150336,0,0,2327,148928,616,101719872,9924,101870208,5420,5420,1,20260711
"E1",1,"SliceBF",300000,"rare_015",3,"rare",0.0464,0.229,1.3426,0.3418,0.0219,1.7063,1.9817,1,150336,0,0,2,128,616,66944,624,217280,2,2,1,20260711
"E1",1,"SliceBF",300000,"rare_003",3,"rare",0.0297,0.1004,1.3206,0.3416,0.0096,1.6718,1.8019,1,150336,0,0,1,64,616,25280,620,175616,1,1,1,20260711
"E1",1,"SliceBF",300000,"medium_020",3,"medium",0.0286,0.1042,2.9378,0.3962,0.0353,3.3693,3.5021,1,150336,0,0,2,128,616,83328,624,233664,2,2,1,20260711
"E1",1,"SliceBF",300000,"medium_023",3,"medium",0.0315,0.1121,2.1665,0.3416,0.0117,2.5198,2.6634,1,150336,0,0,1,64,616,41664,620,192000,1,1,1,20260711
"E1",1,"SliceBF",300000,"rare_009",3,"rare",0.0309,0.1018,2.2105,0.3417,0.0184,2.5706,2.7033,1,150336,0,0,1,64,616,41664,620,192000,1,1,1,20260711
"E1",1,"SliceBF",300000,"common_002",3,"common",0.03,0.4433,2.0839,0.3583,6.5879,9.0301,9.5034,1,150336,0,0,1180,75520,616,46673152,5336,46823488,1369,1369,1,20260711
"E1",1,"SliceBF",300000,"common_008",3,"common",0.0395,0.7983,2.3211,0.3843,19.0928,21.7982,22.636,1,150336,0,0,2317,148288,616,93987776,9884,94138112,3878,3878,1,20260711
"E1",1,"SliceBF",300000,"common_007",3,"common",0.0385,0.4259,1.5955,0.3587,8.1493,10.1035,10.5679,1,150336,0,0,1070,68480,616,47677056,4896,47827392,1452,1452,1,20260711
"E1",1,"SliceBF",300000,"medium_012",3,"medium",0.0378,0.1076,2.125,0.3419,0.0124,2.4793,2.6247,1,150336,0,0,1,64,616,41664,620,192000,1,1,1,20260711
"E1",1,"SliceBF",300000,"common_000",3,"common",0.0294,0.6909,2.8324,0.3923,23.0782,26.3029,27.0232,1,150336,0,0,1865,119360,616,81995968,8076,82146304,4242,4242,1,20260711
"E1",1,"SliceBF",300000,"medium_021",3,"medium",0.0409,0.1112,1.8952,0.4001,0.0235,2.3188,2.4709,1,150336,0,0,1,64,616,41664,620,192000,1,1,1,20260711
"E1",1,"SliceBF",300000,"rare_010",3,"rare",0.0307,0.1062,1.3629,0.3414,0.0113,1.7156,1.8525,1,150336,0,0,1,64,616,41664,620,192000,1,1,1,20260711
"E1",1,"SliceBF",300000,"common_013",3,"common",0.029,0.3089,1.375,0.3565,3.2261,4.9576,5.2955,1,150336,0,0,726,46464,616,24398976,3520,24549312,805,805,1,20260711
"E1",1,"SliceBF",300000,"rare_014",3,"rare",0.0329,0.1034,1.2555,0.3429,0.0093,1.6077,1.744,1,150336,0,0,1,64,616,17088,620,167424,1,1,1,20260711
"E1",1,"SliceBF",300000,"medium_025",3,"medium",0.0287,0.1025,1.6154,0.343,0.0132,1.9716,2.1028,1,150336,0,0,1,64,616,25280,620,175616,1,1,1,20260711
"E1",1,"SliceBF",300000,"common_016",3,"common",0.0293,1.8684,2.3931,0.4652,54.7148,57.5731,59.4708,1,150336,0,0,4165,266560,616,153189824,17276,153340160,13073,13073,1,20260711
"E1",1,"SliceBF",300000,"common_020",3,"common",0.0468,1.0458,2.4732,0.8753,27.39,30.7385,31.8311,1,150336,0,0,3285,210240,616,112552384,13756,112702720,6213,6213,1,20260711
"E1",1,"SliceBF",300000,"common_019",3,"common",0.0411,1.7833,2.4724,0.7901,63.3455,66.608,68.4324,1,150336,0,0,4510,288640,616,164041344,18656,164191680,15472,15472,1,20260711
"E1",1,"SliceBF",300000,"common_011",3,"common",0.0444,2.0822,1.8395,0.5419,60.9886,63.37,65.4966,1,150336,0,0,3780,241920,616,148560640,15736,148710976,13270,13270,1,20260711
"E1",1,"SliceBF",300000,"rare_004",3,"rare",0.0428,0.1089,1.3065,0.3436,0.0144,1.6645,1.8162,1,150336,0,0,1,64,616,25280,620,175616,1,1,1,20260711
"E1",1,"SliceBF",300000,"rare_013",3,"rare",0.0291,0.1132,1.9446,0.3441,0.1508,2.4395,2.5818,1,150336,0,0,31,1984,616,1258816,740,1409152,31,31,1,20260711
"E1",1,"SliceBF",300000,"common_005",3,"common",0.0296,1.1172,2.4908,0.3765,14.2537,17.121,18.2678,1,150336,0,0,2458,157312,616,86583168,10448,86733504,3532,3532,1,20260711
"E1",1,"SliceBF",300000,"common_023",3,"common",0.0375,1.578,2.7429,0.4602,56.9416,60.1447,61.7602,1,150336,0,0,4243,271552,616,158389312,17588,158539648,12472,12472,1,20260711
"E1",1,"SliceBF",300000,"rare_017",3,"rare",0.0436,0.1102,2.0148,0.3418,0.0147,2.3713,2.5251,1,150336,0,0,1,64,616,25280,620,175616,1,1,1,20260711
"E1",1,"SliceBF",300000,"rare_002",3,"rare",0.0303,0.1564,1.9885,0.3439,0.0153,2.3477,2.5344,1,150336,0,0,1,64,616,41664,620,192000,1,1,1,20260711
"E1",1,"SliceBF",300000,"medium_022",3,"medium",0.0298,0.1058,1.2937,0.3434,0.0204,1.6575,1.7931,1,150336,0,0,3,192,616,108608,628,258944,3,3,1,20260711
"E1",1,"SliceBF",300000,"rare_007",3,"rare",0.0292,0.101,2.1113,0.4423,0.0191,2.5727,2.7029,1,150336,0,0,1,64,616,41664,620,192000,1,1,1,20260711
"E1",1,"SliceBF",300000,"medium_024",3,"medium",0.0293,0.1008,1.5274,0.3426,0.0109,1.8809,2.011,1,150336,0,0,1,64,616,41664,620,192000,1,1,1,20260711
"E1",1,"SliceBF",300000,"rare_023",3,"rare",0.0292,0.1159,2.018,0.3432,0.4299,2.7911,2.9362,1,150336,0,0,42,2688,616,1946496,784,2096832,44,44,1,20260711
"E1",1,"SliceBF",300000,"medium_013",3,"medium",0.0515,0.2134,1.1445,0.3416,0.0266,1.5127,1.7776,1,150336,0,0,4,256,616,199424,632,349760,4,4,1,20260711
"E1",1,"SliceBF",300000,"rare_019",3,"rare",0.029,0.1034,1.2896,0.3414,0.0087,1.6397,1.7721,1,150336,0,0,1,64,616,25280,620,175616,1,1,1,20260711
"E1",1,"SliceBF",300000,"common_003",3,"common",0.0295,0.3709,2.5772,0.3593,3.6771,6.6136,7.014,1,150336,0,0,806,51584,616,31107200,3840,31257536,898,898,1,20260711
"E1",1,"SliceBF",300000,"common_024",3,"common",0.0434,5.0449,2.6703,1.0143,293.142,296.827,301.915,1,150336,0,0,4664,298496,616,171252224,19272,171402560,72721,72721,1,20260711
"E1",1,"SliceBF",300000,"medium_015",3,"medium",0.0497,0.1168,1.9961,0.3423,0.0235,2.3619,2.5284,1,150336,0,0,1,64,616,25280,620,175616,1,1,1,20260711
"E1",1,"SliceBF",300000,"common_014",3,"common",0.0305,1.2225,2.0135,0.4256,40.4429,42.882,44.135,1,150336,0,0,3602,230528,616,140988800,15024,141139136,8670,8670,1,20260711
"E1",1,"SliceBF",300000,"medium_003",3,"medium",0.0415,0.108,1.53,0.3418,0.0122,1.884,2.0335,1,150336,0,0,1,64,616,25280,620,175616,1,1,1,20260711
"E1",1,"SliceBF",300000,"medium_011",3,"medium",0.0293,0.1035,1.7231,0.3437,0.0194,2.0862,2.219,1,150336,0,0,1,64,616,25280,620,175616,1,1,1,20260711
"E1",1,"SliceBF",300000,"medium_002",3,"medium",0.0301,0.1035,1.9134,0.3413,0.0096,2.2643,2.3979,1,150336,0,0,1,64,616,25280,620,175616,1,1,1,20260711
"E1",1,"SliceBF",300000,"common_021",3,"common",0.0284,1.3995,2.7517,0.4378,43.8226,47.0121,48.44,1,150336,0,0,3654,233856,616,141344896,15232,141495232,9264,9264,1,20260711
"E1",1,"SliceBF",300000,"common_022",3,"common",0.0429,1.4466,2.9531,0.4506,56.2106,59.6143,61.1038,1,150336,0,0,4266,273024,616,157152128,17680,157302464,11283,11283,1,20260711
"E1",1,"SliceBF",300000,"common_010",3,"common",0.0614,1.4116,1.9234,0.4402,44.2526,46.6162,48.0892,1,150336,0,0,4050,259200,616,152289664,16816,152440000,10198,10198,1,20260711
"E1",1,"SliceBF",300000,"rare_018",3,"rare",0.0456,0.1116,1.374,0.3436,0.0153,1.7329,1.8901,1,150336,0,0,1,64,616,25280,620,175616,1,1,1,20260711
"E1",1,"SliceBF",300000,"rare_000",3,"rare",0.0296,0.1038,1.3118,0.3459,0.0101,1.6678,1.8012,1,150336,0,0,1,64,616,25280,620,175616,1,1,1,20260711
"E1",1,"SliceBF",300000,"medium_008",3,"medium",0.0289,0.102,1.8493,0.3415,0.0132,2.204,2.3349,1,150336,0,0,1,64,616,41664,620,192000,1,1,1,20260711
"E1",1,"SliceBF",300000,"common_018",3,"common",0.0294,1.4095,2.3822,0.4065,28.3908,31.1795,32.6184,1,150336,0,0,3555,227520,616,128651328,14836,128801664,6756,6756,1,20260711
"E1",1,"SliceBF",300000,"medium_005",3,"medium",0.0416,0.113,2.1712,0.3425,0.0423,2.556,2.7106,1,150336,0,0,7,448,616,275264,644,425600,7,7,1,20260711
"E1",1,"SliceBF-NoMask",300000,"medium_007",3,"medium",0.0286,0.1008,1.588,0.5486,0.0415,2.1781,2.3075,1,150336,0,0,1,64,616,25280,620,175616,1,1,1,20260711
"E1",1,"SliceBF-NoMask",300000,"common_001",3,"common",0.03,0.5714,1.8983,0.3656,11.7602,14.0241,14.6255,1,150336,0,0,1611,103104,616,69561920,7060,69712256,2313,2313,1,20260711
"E1",1,"SliceBF-NoMask",300000,"common_004",3,"common",0.0375,1.5184,2.7817,0.4941,58.182,61.4578,63.0137,1,150336,0,0,4203,268992,616,157451840,17428,157602176,12952,12952,1,20260711
"E1",1,"SliceBF-NoMask",300000,"rare_012",3,"rare",0.0422,0.1228,1.2834,0.3431,0.0812,1.7077,1.8727,1,150336,0,0,14,896,616,583296,672,733632,14,14,1,20260711
"E1",1,"SliceBF-NoMask",300000,"common_027",3,"common",0.029,2.1351,2.2468,0.5767,134.903,137.726,139.89,1,150336,0,0,4141,265024,616,158374848,17180,158525184,26737,26737,1,20260711
"E1",1,"SliceBF-NoMask",300000,"rare_024",3,"rare",0.0457,0.1345,1.9566,0.3448,0.1319,2.4333,2.6135,1,150336,0,0,21,1344,616,907712,700,1058048,22,22,1,20260711
"E1",1,"SliceBF-NoMask",300000,"common_025",3,"common",0.0297,1.579,1.5376,0.4215,31.3334,33.2925,34.9012,1,150336,0,0,3310,211840,616,110366336,13856,110516672,8113,8113,1,20260711
"E1",1,"SliceBF-NoMask",300000,"medium_019",3,"medium",0.047,0.128,0.9938,0.3418,0.0211,1.3567,1.5317,1,150336,0,0,1,64,616,25280,620,175616,1,1,1,20260711
"E1",1,"SliceBF-NoMask",300000,"rare_020",3,"rare",0.0294,0.1011,2.0682,0.3711,0.0143,2.4536,2.5841,1,150336,0,0,1,64,616,25280,620,175616,1,1,1,20260711
"E1",1,"SliceBF-NoMask",300000,"rare_016",3,"rare",0.0291,0.0987,1.8731,0.3421,0.0208,2.236,2.3638,1,150336,0,0,1,64,616,41664,620,192000,1,1,1,20260711
"E1",1,"SliceBF-NoMask",300000,"rare_025",3,"rare",0.0303,0.1027,2.1523,0.3418,0.0166,2.5107,2.6437,1,150336,0,0,2,128,616,50560,624,200896,2,2,1,20260711
"E1",1,"SliceBF-NoMask",300000,"medium_018",3,"medium",0.0289,0.1005,1.0541,0.4511,0.0175,1.5227,1.6521,1,150336,0,0,1,64,616,41664,620,192000,1,1,1,20260711
"E1",1,"SliceBF-NoMask",300000,"medium_004",3,"medium",0.0292,0.1043,0.7566,0.3428,0.0118,1.1112,1.2447,1,150336,0,0,1,64,616,25280,620,175616,1,1,1,20260711
"E1",1,"SliceBF-NoMask",300000,"common_012",3,"common",0.029,0.7526,1.7314,0.3783,14.7561,16.8658,17.6474,1,150336,0,0,2438,156032,616,87797888,10368,87948224,3545,3545,1,20260711
"E1",1,"SliceBF-NoMask",300000,"common_017",3,"common",0.0362,1.0772,2.4438,0.4903,27.2371,30.1712,31.2846,1,150336,0,0,3380,216320,616,116895488,14136,117045824,6627,6627,1,20260711
"E1",1,"SliceBF-NoMask",300000,"rare_021",3,"rare",0.0394,0.1128,0.9571,0.3437,0.0163,1.3171,1.4693,1,150336,0,0,1,64,616,25280,620,175616,1,1,1,20260711
"E1",1,"SliceBF-NoMask",300000,"medium_000",3,"medium",0.0293,0.1009,2.0444,0.3432,0.032,2.4196,2.5498,1,150336,0,0,3,192,616,108608,628,258944,3,3,1,20260711
"E1",1,"SliceBF-NoMask",300000,"rare_006",3,"rare",0.0299,0.1042,0.8826,0.3434,0.015,1.241,1.3751,1,150336,0,0,1,64,616,25280,620,175616,1,1,1,20260711
"E1",1,"SliceBF-NoMask",300000,"rare_022",3,"rare",0.0289,0.102,1.0619,0.3416,0.0272,1.4307,1.5616,1,150336,0,0,4,256,616,199424,632,349760,4,4,1,20260711
"E1",1,"SliceBF-NoMask",300000,"medium_006",3,"medium",0.0291,0.1044,1.2403,0.4412,0.0183,1.6998,1.8333,1,150336,0,0,1,64,616,41664,620,192000,1,1,1,20260711
"E1",1,"SliceBF-NoMask",300000,"medium_001",3,"medium",0.0296,0.1028,0.9008,0.3414,0.0108,1.253,1.3854,1,150336,0,0,1,64,616,25280,620,175616,1,1,1,20260711
"E1",1,"SliceBF-NoMask",300000,"common_006",3,"common",0.0284,0.23,1.7962,0.349,2.1501,4.2953,4.5537,1,150336,0,0,460,29440,616,13365504,2456,13515840,502,502,1,20260711
"E1",1,"SliceBF-NoMask",300000,"medium_016",3,"medium",0.0316,0.1047,1.0167,0.3427,0.0119,1.3713,1.5076,1,150336,0,0,1,64,616,25280,620,175616,1,1,1,20260711
"E1",1,"SliceBF-NoMask",300000,"medium_010",3,"medium",0.0285,0.1027,1.213,0.3418,0.0102,1.565,1.6962,1,150336,0,0,1,64,616,41664,620,192000,1,1,1,20260711
"E1",1,"SliceBF-NoMask",300000,"common_015",3,"common",0.0295,0.8327,2.7102,0.3887,21.1516,24.2505,25.1127,1,150336,0,0,2641,169024,616,107052736,11180,107203072,4442,4442,1,20260711
"E1",1,"SliceBF-NoMask",300000,"rare_011",3,"rare",0.0403,0.1159,0.8193,0.3418,0.0169,1.178,1.3342,1,150336,0,0,1,64,616,25280,620,175616,1,1,1,20260711
"E1",1,"SliceBF-NoMask",300000,"common_026",3,"common",0.0293,2.3118,2.4937,0.5761,133.146,136.215,138.556,1,150336,0,0,4144,265216,616,158450688,17192,158601024,26769,26769,1,20260711
"E1",1,"SliceBF-NoMask",300000,"medium_009",3,"medium",0.0451,0.1093,0.9865,0.4682,0.0302,1.4849,1.6393,1,150336,0,0,1,64,616,41664,620,192000,1,1,1,20260711
"E1",1,"SliceBF-NoMask",300000,"medium_014",3,"medium",0.0306,0.1375,1.2641,0.3424,0.0735,1.68,1.8481,1,150336,0,0,10,640,616,498560,656,648896,10,10,1,20260711
"E1",1,"SliceBF-NoMask",300000,"rare_005",3,"rare",0.0301,0.1008,0.8961,0.3427,0.0126,1.2514,1.3823,1,150336,0,0,1,64,616,41664,620,192000,1,1,1,20260711
"E1",1,"SliceBF-NoMask",300000,"medium_017",3,"medium",0.0299,0.1051,1.257,0.4768,0.0155,1.7493,1.8843,1,150336,0,0,1,64,616,25280,620,175616,1,1,1,20260711
"E1",1,"SliceBF-NoMask",300000,"rare_008",3,"rare",0.0295,0.1059,1.115,0.3424,0.0592,1.5166,1.652,1,150336,0,0,8,512,616,415232,648,565568,8,8,1,20260711
"E1",1,"SliceBF-NoMask",300000,"rare_001",3,"rare",0.0292,0.1012,0.9611,0.3426,0.0103,1.314,1.4444,1,150336,0,0,1,64,616,41664,620,192000,1,1,1,20260711
"E1",1,"SliceBF-NoMask",300000,"common_009",3,"common",0.0282,0.9907,2.2209,0.5331,28.9613,31.7153,32.7342,1,150336,0,0,2353,150592,616,102803136,10028,102953472,5420,5420,1,20260711
"E1",1,"SliceBF-NoMask",300000,"rare_015",3,"rare",0.0395,0.1082,1.1399,0.3423,0.031,1.5132,1.6609,1,150336,0,0,2,128,616,66944,624,217280,2,2,1,20260711
"E1",1,"SliceBF-NoMask",300000,"rare_003",3,"rare",0.0326,0.1008,1.6434,0.3443,0.0229,2.0106,2.144,1,150336,0,0,1,64,616,25280,620,175616,1,1,1,20260711
"E1",1,"SliceBF-NoMask",300000,"medium_020",3,"medium",0.03,0.1053,2.4036,0.3426,0.0181,2.7643,2.8996,1,150336,0,0,2,128,616,83328,624,233664,2,2,1,20260711
"E1",1,"SliceBF-NoMask",300000,"medium_023",3,"medium",0.0286,0.1001,1.4168,0.4596,0.025,1.9014,2.0301,1,150336,0,0,1,64,616,41664,620,192000,1,1,1,20260711
"E1",1,"SliceBF-NoMask",300000,"rare_009",3,"rare",0.0322,0.1033,0.7623,0.3414,0.0112,1.1149,1.2504,1,150336,0,0,1,64,616,41664,620,192000,1,1,1,20260711
"E1",1,"SliceBF-NoMask",300000,"common_002",3,"common",0.0285,0.4401,2.1511,0.3594,6.6522,9.1627,9.6313,1,150336,0,0,1185,75840,616,47209152,5356,47359488,1369,1369,1,20260711
"E1",1,"SliceBF-NoMask",300000,"common_008",3,"common",0.0373,0.8175,1.8227,0.3819,19.123,21.3276,22.1824,1,150336,0,0,2375,152000,616,96355136,10116,96505472,3878,3878,1,20260711
"E1",1,"SliceBF-NoMask",300000,"common_007",3,"common",0.0395,0.4209,1.5992,0.3606,8.0352,9.995,10.4554,1,150336,0,0,1066,68224,616,47444864,4880,47595200,1452,1452,1,20260711
"E1",1,"SliceBF-NoMask",300000,"medium_012",3,"medium",0.0366,0.1053,1.6693,0.3421,0.0131,2.0245,2.1664,1,150336,0,0,1,64,616,41664,620,192000,1,1,1,20260711
"E1",1,"SliceBF-NoMask",300000,"common_000",3,"common",0.0291,0.6537,2.4287,0.3916,23.2302,26.0505,26.7333,1,150336,0,0,1857,118848,616,81646272,8044,81796608,4242,4242,1,20260711
"E1",1,"SliceBF-NoMask",300000,"medium_021",3,"medium",0.041,0.1075,1.0934,0.3418,0.0165,1.4517,1.6002,1,150336,0,0,1,64,616,41664,620,192000,1,1,1,20260711
"E1",1,"SliceBF-NoMask",300000,"rare_010",3,"rare",0.0294,0.1008,1.1573,0.3441,0.0183,1.5197,1.6499,1,150336,0,0,1,64,616,41664,620,192000,1,1,1,20260711
"E1",1,"SliceBF-NoMask",300000,"common_013",3,"common",0.0294,0.3054,1.3118,0.3529,3.3245,4.9892,5.324,1,150336,0,0,725,46400,616,24324544,3516,24474880,805,805,1,20260711
"E1",1,"SliceBF-NoMask",300000,"rare_014",3,"rare",0.0386,0.1065,1.0843,0.3433,0.0113,1.4389,1.584,1,150336,0,0,1,64,616,17088,620,167424,1,1,1,20260711
"E1",1,"SliceBF-NoMask",300000,"medium_025",3,"medium",0.0287,0.0988,1.0615,0.3422,0.0105,1.4142,1.5417,1,150336,0,0,1,64,616,25280,620,175616,1,1,1,20260711
"E1",1,"SliceBF-NoMask",300000,"common_016",3,"common",0.029,1.5397,2.4874,0.4691,55.8547,58.8112,60.3799,1,150336,0,0,4158,266112,616,152906368,17248,153056704,13073,13073,1,20260711
"E1",1,"SliceBF-NoMask",300000,"common_020",3,"common",0.0479,1.0683,2.1744,0.5344,24.392,27.1008,28.217,1,150336,0,0,3265,208960,616,112153280,13676,112303616,6213,6213,1,20260711
"E1",1,"SliceBF-NoMask",300000,"common_019",3,"common",0.0397,1.9583,2.1157,0.49,65.8894,68.4951,70.4931,1,150336,0,0,4515,288960,616,164503616,18676,164653952,15472,15472,1,20260711
"E1",1,"SliceBF-NoMask",300000,"common_011",3,"common",0.0469,1.5383,1.5976,0.7376,61.5196,63.8548,65.44,1,150336,0,0,3810,243840,616,149302656,15856,149452992,13270,13270,1,20260711
"E1",1,"SliceBF-NoMask",300000,"rare_004",3,"rare",0.0433,0.1095,1.2506,0.4153,0.0273,1.6932,1.846,1,150336,0,0,1,64,616,25280,620,175616,1,1,1,20260711
"E1",1,"SliceBF-NoMask",300000,"rare_013",3,"rare",0.0298,0.12,1.2086,0.3431,0.149,1.7007,1.8505,1,150336,0,0,31,1984,616,1258816,740,1409152,31,31,1,20260711
"E1",1,"SliceBF-NoMask",300000,"common_005",3,"common",0.0285,0.8786,2.0887,0.7448,14.4566,17.2901,18.1972,1,150336,0,0,2478,158592,616,88194688,10528,88345024,3532,3532,1,20260711
"E1",1,"SliceBF-NoMask",300000,"common_023",3,"common",0.0392,1.4904,2.4292,0.4653,57.8912,60.7857,62.3153,1,150336,0,0,4206,269184,616,157159040,17440,157309376,12472,12472,1,20260711
"E1",1,"SliceBF-NoMask",300000,"rare_017",3,"rare",0.0419,0.1146,1.1,0.3419,0.0174,1.4593,1.6158,1,150336,0,0,1,64,616,25280,620,175616,1,1,1,20260711
"E1",1,"SliceBF-NoMask",300000,"rare_002",3,"rare",0.0291,0.1012,2.1225,0.3442,0.0263,2.493,2.6233,1,150336,0,0,1,64,616,41664,620,192000,1,1,1,20260711
"E1",1,"SliceBF-NoMask",300000,"medium_022",3,"medium",0.0297,0.1058,0.8952,0.3439,0.0237,1.2628,1.3983,1,150336,0,0,3,192,616,108608,628,258944,3,3,1,20260711
"E1",1,"SliceBF-NoMask",300000,"rare_007",3,"rare",0.0283,0.0994,1.0122,0.3414,0.0107,1.3643,1.492,1,150336,0,0,1,64,616,41664,620,192000,1,1,1,20260711
"E1",1,"SliceBF-NoMask",300000,"medium_024",3,"medium",0.0284,0.1012,1.3846,0.3301,0.0169,1.7316,1.8612,1,150336,0,0,1,64,616,41664,620,192000,1,1,1,20260711
"E1",1,"SliceBF-NoMask",300000,"rare_023",3,"rare",0.0312,0.1154,1.4395,0.3443,0.2382,2.022,2.1686,1,150336,0,0,44,2816,616,2062592,792,2212928,44,44,1,20260711
"E1",1,"SliceBF-NoMask",300000,"medium_013",3,"medium",0.0294,0.1014,1.0249,0.3738,0.0298,1.4285,1.5593,1,150336,0,0,4,256,616,199424,632,349760,4,4,1,20260711
"E1",1,"SliceBF-NoMask",300000,"rare_019",3,"rare",0.0285,0.1003,2.1161,0.3257,0.0222,2.464,2.5928,1,150336,0,0,1,64,616,25280,620,175616,1,1,1,20260711
"E1",1,"SliceBF-NoMask",300000,"common_003",3,"common",0.0303,0.3337,2.3166,0.3543,4.2107,6.8816,7.2456,1,150336,0,0,810,51840,616,31208320,3856,31358656,898,898,1,20260711
"E1",1,"SliceBF-NoMask",300000,"common_024",3,"common",0.0336,4.8157,2.7974,0.8787,302.176,305.852,310.701,1,150336,0,0,4661,298304,616,171323840,19260,171474176,72721,72721,1,20260711
"E1",1,"SliceBF-NoMask",300000,"medium_015",3,"medium",0.1732,0.1516,1.5578,0.3664,0.0945,2.0187,2.3435,1,150336,0,0,1,64,616,25280,620,175616,1,1,1,20260711
"E1",1,"SliceBF-NoMask",300000,"common_014",3,"common",0.0314,1.214,1.4165,0.4263,39.0781,40.9209,42.1663,1,150336,0,0,3543,226752,616,138809152,14788,138959488,8670,8670,1,20260711
"E1",1,"SliceBF-NoMask",300000,"medium_003",3,"medium",0.0499,0.1312,1.0776,0.3421,0.0215,1.4412,1.6223,1,150336,0,0,1,64,616,25280,620,175616,1,1,1,20260711
"E1",1,"SliceBF-NoMask",300000,"medium_011",3,"medium",0.0294,0.1013,1.2118,0.3427,0.014,1.5685,1.6992,1,150336,0,0,1,64,616,25280,620,175616,1,1,1,20260711
"E1",1,"SliceBF-NoMask",300000,"medium_002",3,"medium",0.0294,0.1012,2.0847,0.3477,0.0249,2.4573,2.5879,1,150336,0,0,1,64,616,25280,620,175616,1,1,1,20260711
"E1",1,"SliceBF-NoMask",300000,"common_021",3,"common",0.03,1.2576,2.045,0.4306,44.7727,47.2483,48.5359,1,150336,0,0,3647,233408,616,141266240,15204,141416576,9264,9264,1,20260711
"E1",1,"SliceBF-NoMask",300000,"common_022",3,"common",0.0449,1.8345,2.0526,0.448,49.2788,51.7794,53.6588,1,150336,0,0,4267,273088,616,157447744,17684,157598080,11283,11283,1,20260711
"E1",1,"SliceBF-NoMask",300000,"common_010",3,"common",0.0422,1.7168,1.2755,0.4417,46.1028,47.82,49.579,1,150336,0,0,4029,257856,616,151480256,16732,151630592,10198,10198,1,20260711
"E1",1,"SliceBF-NoMask",300000,"rare_018",3,"rare",0.0415,0.1077,1.07,0.6924,0.0859,1.8483,1.9975,1,150336,0,0,1,64,616,25280,620,175616,1,1,1,20260711
"E1",1,"SliceBF-NoMask",300000,"rare_000",3,"rare",0.0304,0.1038,1.0399,0.3415,0.0113,1.3927,1.5269,1,150336,0,0,1,64,616,25280,620,175616,1,1,1,20260711
"E1",1,"SliceBF-NoMask",300000,"medium_008",3,"medium",0.0287,0.1018,1.0468,0.3414,0.0105,1.3987,1.5292,1,150336,0,0,1,64,616,41664,620,192000,1,1,1,20260711
"E1",1,"SliceBF-NoMask",300000,"common_018",3,"common",0.0284,1.1299,2.159,0.4877,28.6061,31.2528,32.4111,1,150336,0,0,3586,229504,616,129688960,14960,129839296,6756,6756,1,20260711
"E1",1,"SliceBF-NoMask",300000,"medium_005",3,"medium",0.0418,0.1103,2.0737,0.3486,0.0557,2.478,2.6301,1,150336,0,0,7,448,616,275264,644,425600,7,7,1,20260711
"E1",1,"SliceBF-NoBitSlice",300000,"medium_007",3,"medium",0.0301,0.0119,6.7184,0.3417,0.0134,7.0735,7.1155,1,1804032,0,0,1,64,616,25280,620,1829312,1,1,1,20260711
"E1",1,"SliceBF-NoBitSlice",300000,"common_001",3,"common",0.0302,0.4632,10.7602,0.3716,11.6984,22.8302,23.3236,1,1804032,0,0,1620,103680,616,70264576,7096,72068608,2313,2313,1,20260711
"E1",1,"SliceBF-NoBitSlice",300000,"common_004",3,"common",0.0391,1.4272,14.4879,0.4729,55.8117,70.7725,72.2388,1,1804032,0,0,4170,266880,616,156453760,17296,158257792,12952,12952,1,20260711
"E1",1,"SliceBF-NoBitSlice",300000,"rare_012",3,"rare",0.0496,0.0412,8.4766,0.3436,0.0832,8.9034,8.9942,1,1804032,0,0,14,896,616,583296,672,2387328,14,14,1,20260711
"E1",1,"SliceBF-NoBitSlice",300000,"common_027",3,"common",0.03,2.4939,12.32,0.5716,132.026,144.917,147.441,1,1804032,0,0,4104,262656,616,157505024,17032,159309056,26737,26737,1,20260711
"E1",1,"SliceBF-NoBitSlice",300000,"rare_024",3,"rare",0.0459,0.0234,10.7573,0.345,0.1424,11.2447,11.314,1,1804032,0,0,22,1408,616,982144,704,2786176,22,22,1,20260711
"E1",1,"SliceBF-NoBitSlice",300000,"common_025",3,"common",0.0309,1.0288,10.5846,0.4247,29.9648,40.9741,42.0338,1,1804032,0,0,3273,209472,616,108857536,13708,110661568,8113,8113,1,20260711
"E1",1,"SliceBF-NoBitSlice",300000,"medium_019",3,"medium",0.0481,0.0314,6.8576,0.3421,0.0187,7.2184,7.2979,1,1804032,0,0,1,64,616,25280,620,1829312,1,1,1,20260711
"E1",1,"SliceBF-NoBitSlice",300000,"rare_020",3,"rare",0.0311,0.0123,9.5195,0.3424,0.0268,9.8887,9.9321,1,1804032,0,0,1,64,616,25280,620,1829312,1,1,1,20260711
"E1",1,"SliceBF-NoBitSlice",300000,"rare_016",3,"rare",0.0306,0.0129,7.5961,0.342,0.0147,7.9528,7.9963,1,1804032,0,0,1,64,616,41664,620,1845696,1,1,1,20260711
"E1",1,"SliceBF-NoBitSlice",300000,"rare_025",3,"rare",0.0315,0.0125,9.5865,0.342,0.0218,9.9503,9.9943,1,1804032,0,0,2,128,616,50560,624,1854592,2,2,1,20260711
"E1",1,"SliceBF-NoBitSlice",300000,"medium_018",3,"medium",0.0312,0.0117,6.7054,0.342,0.0152,7.0626,7.1055,1,1804032,0,0,1,64,616,41664,620,1845696,1,1,1,20260711
"E1",1,"SliceBF-NoBitSlice",300000,"medium_004",3,"medium",0.0306,0.0113,6.9379,0.7174,0.0235,7.6788,7.7207,1,1804032,0,0,1,64,616,25280,620,1829312,1,1,1,20260711
"E1",1,"SliceBF-NoBitSlice",300000,"common_012",3,"common",0.0308,0.9625,9.5722,0.3783,14.2797,24.2302,25.2235,1,1804032,0,0,2468,157952,616,88851200,10488,90655232,3545,3545,1,20260711
"E1",1,"SliceBF-NoBitSlice",300000,"common_017",3,"common",0.0372,0.9719,12.4513,0.4262,26.8945,39.772,40.7811,1,1804032,0,0,3397,217408,616,117890496,14204,119694528,6627,6627,1,20260711
"E1",1,"SliceBF-NoBitSlice",300000,"rare_021",3,"rare",0.0407,0.0159,6.472,0.3626,0.0202,6.8548,6.9114,1,1804032,0,0,1,64,616,25280,620,1829312,1,1,1,20260711
"E1",1,"SliceBF-NoBitSlice",300000,"medium_000",3,"medium",0.0306,0.0129,9.4877,0.3433,0.0242,9.8552,9.8987,1,1804032,0,0,3,192,616,108608,628,1912640,3,3,1,20260711
"E1",1,"SliceBF-NoBitSlice",300000,"rare_006",3,"rare",0.0301,0.0116,6.679,0.3417,0.013,7.0337,7.0754,1,1804032,0,0,1,64,616,25280,620,1829312,1,1,1,20260711
"E1",1,"SliceBF-NoBitSlice",300000,"rare_022",3,"rare",0.0298,0.0116,6.7952,0.5034,0.044,7.3426,7.384,1,1804032,0,0,4,256,616,199424,632,2003456,4,4,1,20260711
"E1",1,"SliceBF-NoBitSlice",300000,"medium_006",3,"medium",0.0598,0.0113,6.8967,0.3415,0.0143,7.2525,7.3236,1,1804032,0,0,1,64,616,41664,620,1845696,1,1,1,20260711
"E1",1,"SliceBF-NoBitSlice",300000,"medium_001",3,"medium",0.0303,0.0107,6.6519,0.4752,0.0163,7.1434,7.1844,1,1804032,0,0,1,64,616,25280,620,1829312,1,1,1,20260711
"E1",1,"SliceBF-NoBitSlice",300000,"common_006",3,"common",0.0351,0.1475,10.8738,0.3509,2.1525,13.3772,13.5598,1,1804032,0,0,453,28992,616,13204928,2428,15008960,502,502,1,20260711
"E1",1,"SliceBF-NoBitSlice",300000,"medium_016",3,"medium",0.0369,0.0126,6.2086,0.3419,0.0124,6.5629,6.6124,1,1804032,0,0,1,64,616,25280,620,1829312,1,1,1,20260711
"E1",1,"SliceBF-NoBitSlice",300000,"medium_010",3,"medium",0.0314,0.0128,6.5647,0.3425,0.0133,6.9205,6.9647,1,1804032,0,0,1,64,616,41664,620,1845696,1,1,1,20260711
"E1",1,"SliceBF-NoBitSlice",300000,"common_015",3,"common",0.0296,0.7853,13.0762,0.6156,21.2597,34.9515,35.7664,1,1804032,0,0,2614,167296,616,105976960,11072,107780992,4442,4442,1,20260711
"E1",1,"SliceBF-NoBitSlice",300000,"rare_011",3,"rare",0.0408,0.0142,7.0828,0.342,0.0156,7.4404,7.4954,1,1804032,0,0,1,64,616,25280,620,1829312,1,1,1,20260711
"E1",1,"SliceBF-NoBitSlice",300000,"common_026",3,"common",0.0307,2.5073,12.497,0.5766,132.715,145.788,148.327,1,1804032,0,0,4104,262656,616,157505024,17032,159309056,26769,26769,1,20260711
"E1",1,"SliceBF-NoBitSlice",300000,"medium_009",3,"medium",0.045,0.015,7.097,0.3419,0.0174,7.4563,7.5163,1,1804032,0,0,1,64,616,41664,620,1845696,1,1,1,20260711
"E1",1,"SliceBF-NoBitSlice",300000,"medium_014",3,"medium",0.0305,0.0151,9.3499,0.3444,0.0713,9.7656,9.8112,1,1804032,0,0,10,640,616,498560,656,2302592,10,10,1,20260711
"E1",1,"SliceBF-NoBitSlice",300000,"rare_005",3,"rare",0.0323,0.0111,6.62,0.3419,0.0157,6.9776,7.021,1,1804032,0,0,1,64,616,41664,620,1845696,1,1,1,20260711
"E1",1,"SliceBF-NoBitSlice",300000,"medium_017",3,"medium",0.0307,0.0105,8.4627,0.3417,0.0165,8.8209,8.8621,1,1804032,0,0,1,64,616,25280,620,1829312,1,1,1,20260711
"E1",1,"SliceBF-NoBitSlice",300000,"rare_008",3,"rare",0.0303,0.0126,6.9963,0.3422,0.0592,7.3977,7.4406,1,1804032,0,0,8,512,616,415232,648,2219264,8,8,1,20260711
"E1",1,"SliceBF-NoBitSlice",300000,"rare_001",3,"rare",0.0299,0.0102,6.6181,0.3418,0.0144,6.9743,7.0144,1,1804032,0,0,1,64,616,41664,620,1845696,1,1,1,20260711
"E1",1,"SliceBF-NoBitSlice",300000,"common_009",3,"common",0.0305,0.7139,14.5398,0.3999,28.3593,43.299,44.0434,1,1804032,0,0,2377,152128,616,103803072,10124,105607104,5420,5420,1,20260711
"E1",1,"SliceBF-NoBitSlice",300000,"rare_015",3,"rare",0.0459,0.0138,6.6843,0.3421,0.0226,7.049,7.1087,1,1804032,0,0,2,128,616,66944,624,1870976,2,2,1,20260711
"E1",1,"SliceBF-NoBitSlice",300000,"rare_003",3,"rare",0.0306,0.011,6.9153,0.3851,0.0177,7.3181,7.3597,1,1804032,0,0,1,64,616,25280,620,1829312,1,1,1,20260711
"E1",1,"SliceBF-NoBitSlice",300000,"medium_020",3,"medium",0.0306,0.0113,13.1,0.3443,0.0346,13.4789,13.5208,1,1804032,0,0,2,128,616,83328,624,1887360,2,2,1,20260711
"E1",1,"SliceBF-NoBitSlice",300000,"medium_023",3,"medium",0.0321,0.0122,6.9554,0.3418,0.0155,7.3127,7.357,1,1804032,0,0,1,64,616,41664,620,1845696,1,1,1,20260711
"E1",1,"SliceBF-NoBitSlice",300000,"rare_009",3,"rare",0.0312,0.0112,6.5721,0.3425,0.018,6.9326,6.975,1,1804032,0,0,1,64,616,41664,620,1845696,1,1,1,20260711
"E1",1,"SliceBF-NoBitSlice",300000,"common_002",3,"common",0.0309,0.3393,13.0391,0.3678,6.3035,19.7104,20.0806,1,1804032,0,0,1183,75712,616,47158592,5348,48962624,1369,1369,1,20260711
"E1",1,"SliceBF-NoBitSlice",300000,"common_008",3,"common",0.0402,1.0137,11.7548,0.5015,24.1824,36.4387,37.4926,1,1804032,0,0,2341,149824,616,95069632,9980,96873664,3878,3878,1,20260711
"E1",1,"SliceBF-NoBitSlice",300000,"common_007",3,"common",0.0393,0.3227,8.4778,0.3591,7.7324,16.5693,16.9313,1,1804032,0,0,1043,66752,616,46437440,4788,48241472,1452,1452,1,20260711
"E1",1,"SliceBF-NoBitSlice",300000,"medium_012",3,"medium",0.0365,0.0128,10.4007,0.342,0.0176,10.7603,10.8096,1,1804032,0,0,1,64,616,41664,620,1845696,1,1,1,20260711
"E1",1,"SliceBF-NoBitSlice",300000,"common_000",3,"common",0.031,1.0691,13.9153,0.3852,23.3617,37.6622,38.7623,1,1804032,0,0,1872,119808,616,82304000,8104,84108032,4242,4242,1,20260711
"E1",1,"SliceBF-NoBitSlice",300000,"medium_021",3,"medium",0.0418,0.016,7.8611,0.4747,0.0263,8.3621,8.4199,1,1804032,0,0,1,64,616,41664,620,1845696,1,1,1,20260711
"E1",1,"SliceBF-NoBitSlice",300000,"rare_010",3,"rare",0.0493,0.0146,7.0379,0.387,0.0178,7.4427,7.5066,1,1804032,0,0,1,64,616,41664,620,1845696,1,1,1,20260711
"E1",1,"SliceBF-NoBitSlice",300000,"common_013",3,"common",0.0304,0.2132,7.3322,0.3533,3.3359,11.0214,11.265,1,1804032,0,0,734,46976,616,24683136,3552,26487168,805,805,1,20260711
"E1",1,"SliceBF-NoBitSlice",300000,"rare_014",3,"rare",0.0367,0.0118,6.9722,0.3417,0.0163,7.3302,7.3787,1,1804032,0,0,1,64,616,17088,620,1821120,1,1,1,20260711
"E1",1,"SliceBF-NoBitSlice",300000,"medium_025",3,"medium",0.0314,0.0125,6.4181,0.4807,0.0218,6.9206,6.9645,1,1804032,0,0,1,64,616,25280,620,1829312,1,1,1,20260711
"E1",1,"SliceBF-NoBitSlice",300000,"common_016",3,"common",0.0793,1.4835,13.3189,0.4694,55.2356,69.0239,70.5867,1,1804032,0,0,4169,266816,616,153307328,17292,155111360,13073,13073,1,20260711
"E1",1,"SliceBF-NoBitSlice",300000,"common_020",3,"common",0.0439,1.3683,14.2661,0.405,23.9089,38.58,39.9922,1,1804032,0,0,3262,208768,616,112085632,13664,113889664,6213,6213,1,20260711
"E1",1,"SliceBF-NoBitSlice",300000,"common_019",3,"common",0.0415,1.578,14.4852,0.5476,63.9593,78.9921,80.6116,1,1804032,0,0,4471,286144,616,162457408,18500,164261440,15472,15472,1,20260711
"E1",1,"SliceBF-NoBitSlice",300000,"common_011",3,"common",0.0431,1.4132,9.4779,0.4687,63.2505,73.1971,74.6534,1,1804032,0,0,3824,244736,616,149787648,15912,151591680,13270,13270,1,20260711
"E1",1,"SliceBF-NoBitSlice",300000,"rare_004",3,"rare",0.043,0.0212,6.5354,0.3431,0.0161,6.8946,6.9588,1,1804032,0,0,1,64,616,25280,620,1829312,1,1,1,20260711
"E1",1,"SliceBF-NoBitSlice",300000,"rare_013",3,"rare",0.0301,0.0217,8.1744,0.3432,0.155,8.6726,8.7244,1,1804032,0,0,31,1984,616,1258816,740,3062848,31,31,1,20260711
"E1",1,"SliceBF-NoBitSlice",300000,"common_005",3,"common",0.0298,1.2927,12.9742,0.3793,14.6658,28.0193,29.3418,1,1804032,0,0,2485,159040,616,88109504,10556,89913536,3532,3532,1,20260711
"E1",1,"SliceBF-NoBitSlice",300000,"common_023",3,"common",0.0382,1.5931,13.8732,0.5109,57.4448,71.8289,73.4602,1,1804032,0,0,4218,269952,616,157265792,17488,159069824,12472,12472,1,20260711
"E1",1,"SliceBF-NoBitSlice",300000,"rare_017",3,"rare",0.0413,0.0168,6.9728,0.3474,0.0166,7.3368,7.3949,1,1804032,0,0,1,64,616,25280,620,1829312,1,1,1,20260711
"E1",1,"SliceBF-NoBitSlice",300000,"rare_002",3,"rare",0.0303,0.0109,8.3492,0.3421,0.017,8.7083,8.7495,1,1804032,0,0,1,64,616,41664,620,1845696,1,1,1,20260711
"E1",1,"SliceBF-NoBitSlice",300000,"medium_022",3,"medium",0.0316,0.0122,7.1193,0.3436,0.0283,7.4912,7.535,1,1804032,0,0,3,192,616,108608,628,1912640,3,3,1,20260711
"E1",1,"SliceBF-NoBitSlice",300000,"rare_007",3,"rare",0.031,0.011,7.6322,0.3419,0.0176,7.9917,8.0337,1,1804032,0,0,1,64,616,41664,620,1845696,1,1,1,20260711
"E1",1,"SliceBF-NoBitSlice",300000,"medium_024",3,"medium",0.0316,0.0119,7.3935,0.3435,0.0191,7.7561,7.7996,1,1804032,0,0,1,64,616,41664,620,1845696,1,1,1,20260711
"E1",1,"SliceBF-NoBitSlice",300000,"rare_023",3,"rare",0.0315,0.026,9.3959,0.3437,0.2373,9.9769,10.0344,1,1804032,0,0,44,2816,616,2062592,792,3866624,44,44,1,20260711
"E1",1,"SliceBF-NoBitSlice",300000,"medium_013",3,"medium",0.0302,0.0125,6.5882,0.3433,0.0326,6.9641,7.0068,1,1804032,0,0,4,256,616,199424,632,2003456,4,4,1,20260711
"E1",1,"SliceBF-NoBitSlice",300000,"rare_019",3,"rare",0.0295,0.0105,8.3096,0.3419,0.0159,8.6674,8.7074,1,1804032,0,0,1,64,616,25280,620,1829312,1,1,1,20260711
"E1",1,"SliceBF-NoBitSlice",300000,"common_003",3,"common",0.0309,0.2459,11.4782,0.3964,4.4239,16.2985,16.5753,1,1804032,0,0,820,52480,616,31575808,3896,33379840,898,898,1,20260711
"E1",1,"SliceBF-NoBitSlice",300000,"common_024",3,"common",0.0376,4.7113,16.3683,0.8884,298.912,316.168,320.917,1,1804032,0,0,4665,298560,616,171392192,19276,173196224,72721,72721,1,20260711
"E1",1,"SliceBF-NoBitSlice",300000,"medium_015",3,"medium",0.049,0.022,8.2258,0.342,0.0171,8.5849,8.6559,1,1804032,0,0,1,64,616,25280,620,1829312,1,1,1,20260711
"E1",1,"SliceBF-NoBitSlice",300000,"common_014",3,"common",0.0314,1.2132,11.3246,0.6038,39.6151,51.5435,52.7881,1,1804032,0,0,3551,227264,616,139306304,14820,141110336,8670,8670,1,20260711
"E1",1,"SliceBF-NoBitSlice",300000,"medium_003",3,"medium",0.0427,0.0131,7.4896,0.3703,0.0278,7.8877,7.9435,1,1804032,0,0,1,64,616,25280,620,1829312,1,1,1,20260711
"E1",1,"SliceBF-NoBitSlice",300000,"medium_011",3,"medium",0.0304,0.0122,7.7847,0.3417,0.0142,8.1406,8.1832,1,1804032,0,0,1,64,616,25280,620,1829312,1,1,1,20260711
"E1",1,"SliceBF-NoBitSlice",300000,"medium_002",3,"medium",0.031,0.0111,9.4854,0.3418,0.0162,9.8434,9.8855,1,1804032,0,0,1,64,616,25280,620,1829312,1,1,1,20260711
"E1",1,"SliceBF-NoBitSlice",300000,"common_021",3,"common",0.0318,1.1552,14.0374,0.767,44.6197,59.4241,60.6111,1,1804032,0,0,3655,233920,616,141747008,15236,143551040,9264,9264,1,20260711
"E1",1,"SliceBF-NoBitSlice",300000,"common_022",3,"common",0.0418,1.357,13.6864,0.4588,49.0157,63.1609,64.5597,1,1804032,0,0,4265,272960,616,157380800,17676,159184832,11283,11283,1,20260711
"E1",1,"SliceBF-NoBitSlice",300000,"common_010",3,"common",0.0412,1.2741,9.3998,0.4392,46.0576,55.8966,57.2119,1,1804032,0,0,4043,258752,616,152030784,16788,153834816,10198,10198,1,20260711
"E1",1,"SliceBF-NoBitSlice",300000,"rare_018",3,"rare",0.0439,0.0155,6.7797,0.3419,0.0163,7.1379,7.1973,1,1804032,0,0,1,64,616,25280,620,1829312,1,1,1,20260711
"E1",1,"SliceBF-NoBitSlice",300000,"rare_000",3,"rare",0.0306,0.0135,6.7833,0.6633,0.0347,7.4813,7.5254,1,1804032,0,0,1,64,616,25280,620,1829312,1,1,1,20260711
"E1",1,"SliceBF-NoBitSlice",300000,"medium_008",3,"medium",0.0315,0.0123,7.0669,0.3431,0.014,7.424,7.4678,1,1804032,0,0,1,64,616,41664,620,1845696,1,1,1,20260711
"E1",1,"SliceBF-NoBitSlice",300000,"common_018",3,"common",0.0297,1.0303,11.6327,0.4072,28.4423,40.4822,41.5422,1,1804032,0,0,3586,229504,616,129631616,14960,131435648,6756,6756,1,20260711
"E1",1,"SliceBF-NoBitSlice",300000,"medium_005",3,"medium",0.0421,0.0155,10.4241,0.3691,0.0623,10.8555,10.9131,1,1804032,0,0,7,448,616,275264,644,2079296,7,7,1,20260711
"E1",1,"SliceBF-NoPruning",300000,"medium_007",3,"medium",0.0306,0.8525,1.2359,0.3457,0.0295,1.6111,2.4942,1,150336,0,0,4698,300672,616,171947904,19408,172098240,1,1,1,20260711
"E1",1,"SliceBF-NoPruning",300000,"common_001",3,"common",0.036,0.858,2.6323,0.3696,11.9353,14.9372,15.8312,1,150336,0,0,4698,300672,616,171947904,19408,172098240,2313,2313,1,20260711
"E1",1,"SliceBF-NoPruning",300000,"common_004",3,"common",0.0373,0.9148,3.4167,0.4696,56.3096,60.1959,61.148,1,150336,0,0,4698,300672,616,171947904,19408,172098240,12952,12952,1,20260711
"E1",1,"SliceBF-NoPruning",300000,"rare_012",3,"rare",0.0427,0.9384,1.7498,0.3479,0.0934,2.1911,3.1722,1,150336,0,0,4698,300672,616,171947904,19408,172098240,14,14,1,20260711
"E1",1,"SliceBF-NoPruning",300000,"common_027",3,"common",0.0309,0.857,2.5916,0.5744,133.219,136.385,137.273,1,150336,0,0,4698,300672,616,171947904,19408,172098240,26737,26737,1,20260711
"E1",1,"SliceBF-NoPruning",300000,"rare_024",3,"rare",0.0458,0.9159,2.0202,0.7696,0.144,2.9338,3.8955,1,150336,0,0,4698,300672,616,171947904,19408,172098240,22,22,1,20260711
"E1",1,"SliceBF-NoPruning",300000,"common_025",3,"common",0.0314,0.9029,2.0204,0.4243,30.4272,32.8719,33.8062,1,150336,0,0,4698,300672,616,171947904,19408,172098240,8113,8113,1,20260711
"E1",1,"SliceBF-NoPruning",300000,"medium_019",3,"medium",0.0419,1.0957,1.9517,0.3747,0.0312,2.3576,3.4952,1,150336,0,0,4698,300672,616,171947904,19408,172098240,1,1,1,20260711
"E1",1,"SliceBF-NoPruning",300000,"rare_020",3,"rare",0.0316,0.9045,1.9145,0.3415,0.0216,2.2776,3.2137,1,150336,0,0,4698,300672,616,171947904,19408,172098240,1,1,1,20260711
"E1",1,"SliceBF-NoPruning",300000,"rare_016",3,"rare",0.0313,0.8471,1.8861,0.343,0.0226,2.2517,3.1301,1,150336,0,0,4698,300672,616,171947904,19408,172098240,1,1,1,20260711
"E1",1,"SliceBF-NoPruning",300000,"rare_025",3,"rare",0.0313,1.3952,2.0598,0.3415,0.036,2.4373,3.8638,1,150336,0,0,4698,300672,616,171947904,19408,172098240,2,2,1,20260711
"E1",1,"SliceBF-NoPruning",300000,"medium_018",3,"medium",0.0315,1.0944,1.4803,0.3485,0.0321,1.8609,2.9868,1,150336,0,0,4698,300672,616,171947904,19408,172098240,1,1,1,20260711
"E1",1,"SliceBF-NoPruning",300000,"medium_004",3,"medium",0.0317,0.7908,1.7382,0.429,0.0198,2.187,3.0095,1,150336,0,0,4698,300672,616,171947904,19408,172098240,1,1,1,20260711
"E1",1,"SliceBF-NoPruning",300000,"common_012",3,"common",0.0311,0.8176,1.7177,0.3793,14.9518,17.0488,17.8975,1,150336,0,0,4698,300672,616,171947904,19408,172098240,3545,3545,1,20260711
"E1",1,"SliceBF-NoPruning",300000,"common_017",3,"common",0.0399,0.938,2.8399,0.4075,26.4191,29.6665,30.6444,1,150336,0,0,4698,300672,616,171947904,19408,172098240,6627,6627,1,20260711
"E1",1,"SliceBF-NoPruning",300000,"rare_021",3,"rare",0.0414,0.9584,1.4484,0.3447,0.0224,1.8155,2.8153,1,150336,0,0,4698,300672,616,171947904,19408,172098240,1,1,1,20260711
"E1",1,"SliceBF-NoPruning",300000,"medium_000",3,"medium",0.031,0.868,2.3562,0.3422,0.0293,2.7277,3.6267,1,150336,0,0,4698,300672,616,171947904,19408,172098240,3,3,1,20260711
"E1",1,"SliceBF-NoPruning",300000,"rare_006",3,"rare",0.0307,1.0573,1.6109,0.4912,0.0231,2.1252,3.2132,1,150336,0,0,4698,300672,616,171947904,19408,172098240,1,1,1,20260711
"E1",1,"SliceBF-NoPruning",300000,"rare_022",3,"rare",0.0307,0.8395,1.2391,0.3419,0.0331,1.6141,2.4843,1,150336,0,0,4698,300672,616,171947904,19408,172098240,4,4,1,20260711
"E1",1,"SliceBF-NoPruning",300000,"medium_006",3,"medium",0.0297,0.811,1.9963,0.5016,0.0208,2.5187,3.3594,1,150336,0,0,4698,300672,616,171947904,19408,172098240,1,1,1,20260711
"E1",1,"SliceBF-NoPruning",300000,"medium_001",3,"medium",0.0303,0.8456,1.2028,0.3415,0.021,1.5653,2.4412,1,150336,0,0,4698,300672,616,171947904,19408,172098240,1,1,1,20260711
"E1",1,"SliceBF-NoPruning",300000,"common_006",3,"common",0.0304,0.8098,2.8522,0.3518,1.8746,5.0786,5.9188,1,150336,0,0,4698,300672,616,171947904,19408,172098240,502,502,1,20260711
"E1",1,"SliceBF-NoPruning",300000,"medium_016",3,"medium",0.0344,0.9997,1.5466,0.345,0.0276,1.9192,2.9533,1,150336,0,0,4698,300672,616,171947904,19408,172098240,1,1,1,20260711
"E1",1,"SliceBF-NoPruning",300000,"medium_010",3,"medium",0.0314,0.858,1.6374,0.3426,0.0214,2.0014,2.8908,1,150336,0,0,4698,300672,616,171947904,19408,172098240,1,1,1,20260711
"E1",1,"SliceBF-NoPruning",300000,"common_015",3,"common",0.0304,0.8288,3.1475,0.3916,21.7996,25.3387,26.1979,1,150336,0,0,4698,300672,616,171947904,19408,172098240,4442,4442,1,20260711
"E1",1,"SliceBF-NoPruning",300000,"rare_011",3,"rare",0.0454,0.9309,1.7375,0.3435,0.0282,2.1092,3.0855,1,150336,0,0,4698,300672,616,171947904,19408,172098240,1,1,1,20260711
"E1",1,"SliceBF-NoPruning",300000,"common_026",3,"common",0.1711,1.3638,2.3207,0.5717,133.106,135.998,137.533,1,150336,0,0,4698,300672,616,171947904,19408,172098240,26769,26769,1,20260711
"E1",1,"SliceBF-NoPruning",300000,"medium_009",3,"medium",0.0449,0.909,1.5023,0.3421,0.0243,1.8687,2.8226,1,150336,0,0,4698,300672,616,171947904,19408,172098240,1,1,1,20260711
"E1",1,"SliceBF-NoPruning",300000,"medium_014",3,"medium",0.0306,1.2413,1.4105,0.4857,0.0886,1.9848,3.2567,1,150336,0,0,4698,300672,616,171947904,19408,172098240,10,10,1,20260711
"E1",1,"SliceBF-NoPruning",300000,"rare_005",3,"rare",0.0317,0.8418,1.681,0.3415,0.0146,2.0371,2.9106,1,150336,0,0,4698,300672,616,171947904,19408,172098240,1,1,1,20260711
"E1",1,"SliceBF-NoPruning",300000,"medium_017",3,"medium",0.0301,0.8479,2.6579,0.3439,0.0269,3.0287,3.9067,1,150336,0,0,4698,300672,616,171947904,19408,172098240,1,1,1,20260711
"E1",1,"SliceBF-NoPruning",300000,"rare_008",3,"rare",0.031,1.2732,1.4097,0.3418,0.0999,1.8514,3.1556,1,150336,0,0,4698,300672,616,171947904,19408,172098240,8,8,1,20260711
"E1",1,"SliceBF-NoPruning",300000,"rare_001",3,"rare",0.1336,0.8146,1.7779,0.3416,0.0148,2.1343,3.0825,1,150336,0,0,4698,300672,616,171947904,19408,172098240,1,1,1,20260711
"E1",1,"SliceBF-NoPruning",300000,"common_009",3,"common",0.0297,0.852,2.9697,0.436,27.9624,31.3681,32.2498,1,150336,0,0,4698,300672,616,171947904,19408,172098240,5420,5420,1,20260711
"E1",1,"SliceBF-NoPruning",300000,"rare_015",3,"rare",0.0436,0.9293,1.721,0.5678,0.0325,2.3213,3.2942,1,150336,0,0,4698,300672,616,171947904,19408,172098240,2,2,1,20260711
"E1",1,"SliceBF-NoPruning",300000,"rare_003",3,"rare",0.031,0.901,1.2704,0.3414,0.021,1.6328,2.5648,1,150336,0,0,4698,300672,616,171947904,19408,172098240,1,1,1,20260711
"E1",1,"SliceBF-NoPruning",300000,"medium_020",3,"medium",0.0314,0.8214,2.8758,0.3438,0.0271,3.2467,4.0995,1,150336,0,0,4698,300672,616,171947904,19408,172098240,2,2,1,20260711
"E1",1,"SliceBF-NoPruning",300000,"medium_023",3,"medium",0.0309,1.2209,1.4219,0.3414,0.0429,1.8062,3.058,1,150336,0,0,4698,300672,616,171947904,19408,172098240,1,1,1,20260711
"E1",1,"SliceBF-NoPruning",300000,"rare_009",3,"rare",0.0338,1.233,1.6074,0.3898,0.0256,2.0228,3.2896,1,150336,0,0,4698,300672,616,171947904,19408,172098240,1,1,1,20260711
"E1",1,"SliceBF-NoPruning",300000,"common_002",3,"common",0.0314,0.8722,2.7491,0.3605,6.2209,9.3305,10.2341,1,150336,0,0,4698,300672,616,171947904,19408,172098240,1369,1369,1,20260711
"E1",1,"SliceBF-NoPruning",300000,"common_008",3,"common",0.0377,0.8961,2.9529,0.4338,19.0228,22.4095,23.3433,1,150336,0,0,4698,300672,616,171947904,19408,172098240,3878,3878,1,20260711
"E1",1,"SliceBF-NoPruning",300000,"common_007",3,"common",0.038,1.2128,1.8521,0.3605,7.3749,9.5875,10.8383,1,150336,0,0,4698,300672,616,171947904,19408,172098240,1452,1452,1,20260711
"E1",1,"SliceBF-NoPruning",300000,"medium_012",3,"medium",0.0346,1.2367,2.1865,0.3438,0.0229,2.5532,3.8245,1,150336,0,0,4698,300672,616,171947904,19408,172098240,1,1,1,20260711
"E1",1,"SliceBF-NoPruning",300000,"common_000",3,"common",0.0314,1.0237,3.064,0.3868,24.1205,27.5713,28.6264,1,150336,0,0,4698,300672,616,171947904,19408,172098240,4242,4242,1,20260711
"E1",1,"SliceBF-NoPruning",300000,"medium_021",3,"medium",0.2085,0.9367,1.6762,0.3418,0.022,2.04,3.1852,1,150336,0,0,4698,300672,616,171947904,19408,172098240,1,1,1,20260711
"E1",1,"SliceBF-NoPruning",300000,"rare_010",3,"rare",0.0322,1.187,1.3773,0.3428,0.025,1.7451,2.9643,1,150336,0,0,4698,300672,616,171947904,19408,172098240,1,1,1,20260711
"E1",1,"SliceBF-NoPruning",300000,"common_013",3,"common",0.0322,0.8608,1.6487,0.3532,3.3626,5.3645,6.2575,1,150336,0,0,4698,300672,616,171947904,19408,172098240,805,805,1,20260711
"E1",1,"SliceBF-NoPruning",300000,"rare_014",3,"rare",0.0412,0.8574,1.2782,0.3416,0.0128,1.6326,2.5312,1,150336,0,0,4698,300672,616,171947904,19408,172098240,1,1,1,20260711
"E1",1,"SliceBF-NoPruning",300000,"medium_025",3,"medium",0.0309,0.8398,1.8602,0.3439,0.0291,2.2332,3.1039,1,150336,0,0,4698,300672,616,171947904,19408,172098240,1,1,1,20260711
"E1",1,"SliceBF-NoPruning",300000,"common_016",3,"common",0.0305,1.2121,2.3593,0.4633,54.9649,57.7875,59.0301,1,150336,0,0,4698,300672,616,171947904,19408,172098240,13073,13073,1,20260711
"E1",1,"SliceBF-NoPruning",300000,"common_020",3,"common",0.0478,0.9269,2.7543,0.5345,24.0934,27.3822,28.3569,1,150336,0,0,4698,300672,616,171947904,19408,172098240,6213,6213,1,20260711
"E1",1,"SliceBF-NoPruning",300000,"common_019",3,"common",0.0413,0.9372,2.8373,0.485,66.0982,69.4205,70.399,1,150336,0,0,4698,300672,616,171947904,19408,172098240,15472,15472,1,20260711
"E1",1,"SliceBF-NoPruning",300000,"common_011",3,"common",0.071,0.9848,1.7576,0.4688,61.7751,64.0015,65.0573,1,150336,0,0,4698,300672,616,171947904,19408,172098240,13270,13270,1,20260711
"E1",1,"SliceBF-NoPruning",300000,"rare_004",3,"rare",0.0492,0.9108,1.2034,0.3417,0.0207,1.5658,2.5258,1,150336,0,0,4698,300672,616,171947904,19408,172098240,1,1,1,20260711
"E1",1,"SliceBF-NoPruning",300000,"rare_013",3,"rare",0.0316,0.8843,1.9909,0.3432,0.1615,2.4956,3.4115,1,150336,0,0,4698,300672,616,171947904,19408,172098240,31,31,1,20260711
"E1",1,"SliceBF-NoPruning",300000,"common_005",3,"common",0.0321,0.8963,3.8545,0.3807,15.1672,19.4024,20.3308,1,150336,0,0,4698,300672,616,171947904,19408,172098240,3532,3532,1,20260711
"E1",1,"SliceBF-NoPruning",300000,"common_023",3,"common",0.0402,1.4085,2.822,0.4608,57.4881,60.7709,62.2196,1,150336,0,0,4698,300672,616,171947904,19408,172098240,12472,12472,1,20260711
"E1",1,"SliceBF-NoPruning",300000,"rare_017",3,"rare",0.0418,0.9231,2.4141,0.342,0.0218,2.7779,3.7428,1,150336,0,0,4698,300672,616,171947904,19408,172098240,1,1,1,20260711
"E1",1,"SliceBF-NoPruning",300000,"rare_002",3,"rare",0.031,1.0115,1.772,0.6232,0.0297,2.4249,3.4674,1,150336,0,0,4698,300672,616,171947904,19408,172098240,1,1,1,20260711
"E1",1,"SliceBF-NoPruning",300000,"medium_022",3,"medium",0.0315,0.9277,1.2762,0.3423,0.0286,1.6471,2.6063,1,150336,0,0,4698,300672,616,171947904,19408,172098240,3,3,1,20260711
"E1",1,"SliceBF-NoPruning",300000,"rare_007",3,"rare",0.0308,0.8596,2.4544,0.3425,0.0275,2.8244,3.7148,1,150336,0,0,4698,300672,616,171947904,19408,172098240,1,1,1,20260711
"E1",1,"SliceBF-NoPruning",300000,"medium_024",3,"medium",0.0307,0.8289,1.4872,0.3415,0.0225,1.8512,2.7108,1,150336,0,0,4698,300672,616,171947904,19408,172098240,1,1,1,20260711
"E1",1,"SliceBF-NoPruning",300000,"rare_023",3,"rare",0.031,0.7926,2.1652,0.3542,0.2448,2.7642,3.5878,1,150336,0,0,4698,300672,616,171947904,19408,172098240,44,44,1,20260711
"E1",1,"SliceBF-NoPruning",300000,"medium_013",3,"medium",0.0305,1.5212,1.3475,0.3435,0.0571,1.7481,3.2998,1,150336,0,0,4698,300672,616,171947904,19408,172098240,4,4,1,20260711
"E1",1,"SliceBF-NoPruning",300000,"rare_019",3,"rare",0.0317,0.9842,1.4666,0.3428,0.0244,1.8338,2.8497,1,150336,0,0,4698,300672,616,171947904,19408,172098240,1,1,1,20260711
"E1",1,"SliceBF-NoPruning",300000,"common_003",3,"common",0.0322,0.9312,3.0837,0.3556,4.2142,7.6535,8.6169,1,150336,0,0,4698,300672,616,171947904,19408,172098240,898,898,1,20260711
"E1",1,"SliceBF-NoPruning",300000,"common_024",3,"common",0.0387,1.3067,2.6144,0.8823,293.012,296.508,297.854,1,150336,0,0,4698,300672,616,171947904,19408,172098240,72721,72721,1,20260711
"E1",1,"SliceBF-NoPruning",300000,"medium_015",3,"medium",0.0556,0.9559,2.4391,0.3423,0.0235,2.8049,3.8164,1,150336,0,0,4698,300672,616,171947904,19408,172098240,1,1,1,20260711
"E1",1,"SliceBF-NoPruning",300000,"common_014",3,"common",0.0317,0.8669,2.2873,0.4379,40.3396,43.0648,43.9634,1,150336,0,0,4698,300672,616,171947904,19408,172098240,8670,8670,1,20260711
"E1",1,"SliceBF-NoPruning",300000,"medium_003",3,"medium",0.045,1.0654,1.8983,0.3419,0.0211,2.2613,3.3717,1,150336,0,0,4698,300672,616,171947904,19408,172098240,1,1,1,20260711
"E1",1,"SliceBF-NoPruning",300000,"medium_011",3,"medium",0.0309,1.2877,1.4193,0.3415,0.0224,1.7832,3.1018,1,150336,0,0,4698,300672,616,171947904,19408,172098240,1,1,1,20260711
"E1",1,"SliceBF-NoPruning",300000,"medium_002",3,"medium",0.0317,0.8257,2.1766,0.3415,0.0163,2.5344,3.3918,1,150336,0,0,4698,300672,616,171947904,19408,172098240,1,1,1,20260711
"E1",1,"SliceBF-NoPruning",300000,"common_021",3,"common",0.0304,0.8168,3.0486,0.4743,44.8595,48.3824,49.2296,1,150336,0,0,4698,300672,616,171947904,19408,172098240,9264,9264,1,20260711
"E1",1,"SliceBF-NoPruning",300000,"common_022",3,"common",0.0409,1.2577,2.6756,0.4511,48.933,52.0597,53.3583,1,150336,0,0,4698,300672,616,171947904,19408,172098240,11283,11283,1,20260711
"E1",1,"SliceBF-NoPruning",300000,"common_010",3,"common",0.0436,0.927,1.9943,0.4399,46.2772,48.7114,49.682,1,150336,0,0,4698,300672,616,171947904,19408,172098240,10198,10198,1,20260711
"E1",1,"SliceBF-NoPruning",300000,"rare_018",3,"rare",0.044,0.95,1.2618,0.343,0.0266,1.6314,2.6254,1,150336,0,0,4698,300672,616,171947904,19408,172098240,1,1,1,20260711
"E1",1,"SliceBF-NoPruning",300000,"rare_000",3,"rare",0.0313,0.8988,1.7277,0.38,0.0273,2.135,3.0651,1,150336,0,0,4698,300672,616,171947904,19408,172098240,1,1,1,20260711
"E1",1,"SliceBF-NoPruning",300000,"medium_008",3,"medium",0.0309,0.8491,2.0607,0.3413,0.0208,2.4228,3.3028,1,150336,0,0,4698,300672,616,171947904,19408,172098240,1,1,1,20260711
"E1",1,"SliceBF-NoPruning",300000,"common_018",3,"common",0.3514,0.947,2.3831,0.4102,29.632,32.4253,33.7237,1,150336,0,0,4698,300672,616,171947904,19408,172098240,6756,6756,1,20260711
"E1",1,"SliceBF-NoPruning",300000,"medium_005",3,"medium",0.0396,0.9257,2.0081,0.3432,0.0562,2.4075,3.3728,1,150336,0,0,4698,300672,616,171947904,19408,172098240,7,7,1,20260711
"E1",2,"SliceBF",300000,"rare_010",3,"rare",0.0375,0.1067,1.6114,0.3423,0.0225,1.9762,2.1204,1,150336,0,0,1,64,616,41664,620,192000,1,1,1,20260711
"E1",2,"SliceBF",300000,"rare_011",3,"rare",0.0309,0.1043,1.432,0.3414,0.0103,1.7837,1.9189,1,150336,0,0,1,64,616,25280,620,175616,1,1,1,20260711
"E1",2,"SliceBF",300000,"medium_025",3,"medium",0.0707,0.1027,1.3182,0.3414,0.0099,1.6695,1.8429,1,150336,0,0,1,64,616,25280,620,175616,1,1,1,20260711
"E1",2,"SliceBF",300000,"rare_009",3,"rare",0.0288,0.1025,1.8964,0.3416,0.0134,2.2514,2.3827,1,150336,0,0,1,64,616,41664,620,192000,1,1,1,20260711
"E1",2,"SliceBF",300000,"medium_020",3,"medium",0.0295,0.0987,2.2322,0.3415,0.0147,2.5884,2.7166,1,150336,0,0,2,128,616,83328,624,233664,2,2,1,20260711
"E1",2,"SliceBF",300000,"medium_003",3,"medium",0.0289,0.0986,1.7674,0.3419,0.0152,2.1245,2.252,1,150336,0,0,1,64,616,25280,620,175616,1,1,1,20260711
"E1",2,"SliceBF",300000,"rare_008",3,"rare",0.0308,0.1033,1.4872,0.343,0.0507,1.8809,2.015,1,150336,0,0,8,512,616,415232,648,565568,8,8,1,20260711
"E1",2,"SliceBF",300000,"medium_010",3,"medium",0.0287,0.0986,1.2095,0.3416,0.0093,1.5604,1.6877,1,150336,0,0,1,64,616,41664,620,192000,1,1,1,20260711
"E1",2,"SliceBF",300000,"common_012",3,"common",0.0287,0.7752,2.2049,0.3796,14.9153,17.4998,18.3037,1,150336,0,0,2434,155776,616,87598464,10352,87748800,3545,3545,1,20260711
"E1",2,"SliceBF",300000,"common_011",3,"common",0.0388,2.0255,1.6504,0.4686,73.8822,76.0012,78.0655,1,150336,0,0,3770,241280,616,148258688,15696,148409024,13270,13270,1,20260711
"E1",2,"SliceBF",300000,"common_010",3,"common",0.0435,1.5906,2.052,0.4415,44.7089,47.2024,48.8365,1,150336,0,0,4042,258688,616,151972736,16784,152123072,10198,10198,1,20260711
"E1",2,"SliceBF",300000,"common_008",3,"common",0.0473,0.7979,2.2086,0.381,18.9587,21.5483,22.3935,1,150336,0,0,2355,150720,616,95521856,10036,95672192,3878,3878,1,20260711
"E1",2,"SliceBF",300000,"common_003",3,"common",0.038,0.346,2.2213,0.354,4.1967,6.772,7.156,1,150336,0,0,814,52096,616,31325824,3872,31476160,898,898,1,20260711
"E1",2,"SliceBF",300000,"common_001",3,"common",0.0356,0.5472,2.6484,0.3739,11.6138,14.6361,15.2189,1,150336,0,0,1601,102464,616,69096128,7020,69246464,2313,2313,1,20260711
"E1",2,"SliceBF",300000,"medium_001",3,"medium",0.0396,0.106,1.1404,0.3419,0.0127,1.495,1.6406,1,150336,0,0,1,64,616,25280,620,175616,1,1,1,20260711
"E1",2,"SliceBF",300000,"medium_006",3,"medium",0.03,0.1068,1.6635,0.4727,0.0199,2.1561,2.2929,1,150336,0,0,1,64,616,41664,620,192000,1,1,1,20260711
"E1",2,"SliceBF",300000,"medium_004",3,"medium",0.0295,0.1026,1.3261,0.3434,0.0121,1.6816,1.8137,1,150336,0,0,1,64,616,25280,620,175616,1,1,1,20260711
"E1",2,"SliceBF",300000,"medium_012",3,"medium",0.0292,0.1021,1.9299,0.3415,0.0106,2.282,2.4133,1,150336,0,0,1,64,616,41664,620,192000,1,1,1,20260711
"E1",2,"SliceBF",300000,"common_000",3,"common",0.029,0.6739,2.8571,0.3863,23.6651,26.9085,27.6114,1,150336,0,0,1850,118400,616,81387392,8016,81537728,4242,4242,1,20260711
"E1",2,"SliceBF",300000,"common_026",3,"common",0.046,2.6756,2.5053,0.5756,133.613,136.694,139.416,1,150336,0,0,4117,263488,616,157850048,17084,158000384,26769,26769,1,20260711
"E1",2,"SliceBF",300000,"medium_019",3,"medium",0.0455,0.1056,1.363,0.3418,0.015,1.7198,1.8709,1,150336,0,0,1,64,616,25280,620,175616,1,1,1,20260711
"E1",2,"SliceBF",300000,"common_021",3,"common",0.0291,1.2395,2.9425,0.4327,44.5648,47.94,49.2086,1,150336,0,0,3631,232384,616,140714304,15140,140864640,9264,9264,1,20260711
"E1",2,"SliceBF",300000,"medium_014",3,"medium",0.0468,0.1088,1.8985,0.343,0.074,2.3155,2.4711,1,150336,0,0,10,640,616,498560,656,648896,10,10,1,20260711
"E1",2,"SliceBF",300000,"common_015",3,"common",0.0297,0.8568,2.7006,0.4189,20.7325,23.852,24.7385,1,150336,0,0,2598,166272,616,105556096,11008,105706432,4442,4442,1,20260711
"E1",2,"SliceBF",300000,"common_002",3,"common",0.1543,0.4606,2.7166,0.3597,6.4517,9.528,10.1429,1,150336,0,0,1181,75584,616,46895040,5340,47045376,1369,1369,1,20260711
"E1",2,"SliceBF",300000,"medium_005",3,"medium",0.0352,0.1085,2.5823,0.3425,0.0466,2.9714,3.1151,1,150336,0,0,7,448,616,275264,644,425600,7,7,1,20260711
"E1",2,"SliceBF",300000,"medium_011",3,"medium",0.0299,0.1016,1.4475,0.3426,0.0113,1.8014,1.9329,1,150336,0,0,1,64,616,25280,620,175616,1,1,1,20260711
"E1",2,"SliceBF",300000,"rare_016",3,"rare",0.0287,0.1012,1.8196,0.4649,0.0276,2.3121,2.442,1,150336,0,0,1,64,616,41664,620,192000,1,1,1,20260711
"E1",2,"SliceBF",300000,"rare_018",3,"rare",0.0301,0.1028,1.5077,0.3415,0.009,1.8582,1.9911,1,150336,0,0,1,64,616,25280,620,175616,1,1,1,20260711
"E1",2,"SliceBF",300000,"common_004",3,"common",0.0287,1.5228,2.9133,0.624,56.2579,59.7952,61.3467,1,150336,0,0,4220,270080,616,157963520,17496,158113856,12952,12952,1,20260711
"E1",2,"SliceBF",300000,"rare_012",3,"rare",0.0454,0.295,2.0693,0.346,0.0775,2.4928,2.8332,1,150336,0,0,14,896,616,583296,672,733632,14,14,1,20260711
"E1",2,"SliceBF",300000,"common_013",3,"common",0.0298,0.2992,1.2686,0.3543,3.1998,4.8227,5.1517,1,150336,0,0,737,47168,616,24709824,3564,24860160,805,805,1,20260711
"E1",2,"SliceBF",300000,"common_027",3,"common",0.0322,2.4545,2.2808,0.5708,130.657,133.509,135.995,1,150336,0,0,4117,263488,616,157850048,17084,158000384,26737,26737,1,20260711
"E1",2,"SliceBF",300000,"medium_016",3,"medium",0.0537,0.52,1.357,0.3417,0.0172,1.7159,2.2896,1,150336,0,0,1,64,616,25280,620,175616,1,1,1,20260711
"E1",2,"SliceBF",300000,"medium_013",3,"medium",0.0301,0.102,1.3727,0.3419,0.0296,1.7442,1.8763,1,150336,0,0,4,256,616,199424,632,349760,4,4,1,20260711
"E1",2,"SliceBF",300000,"rare_014",3,"rare",0.0295,0.1014,2.018,0.3426,0.0226,2.3832,2.5141,1,150336,0,0,1,64,616,17088,620,167424,1,1,1,20260711
"E1",2,"SliceBF",300000,"medium_000",3,"medium",0.0295,0.1047,2.2104,0.3422,0.0294,2.582,2.7162,1,150336,0,0,3,192,616,108608,628,258944,3,3,1,20260711
"E1",2,"SliceBF",300000,"common_016",3,"common",0.0299,1.6702,2.924,0.4689,61.1605,64.5534,66.2535,1,150336,0,0,4169,266816,616,153094336,17292,153244672,13073,13073,1,20260711
"E1",2,"SliceBF",300000,"medium_009",3,"medium",0.0429,0.2031,1.2941,0.3418,0.0146,1.6505,1.8965,1,150336,0,0,1,64,616,41664,620,192000,1,1,1,20260711
"E1",2,"SliceBF",300000,"medium_015",3,"medium",0.0296,0.1007,1.5218,0.3415,0.0107,1.874,2.0043,1,150336,0,0,1,64,616,25280,620,175616,1,1,1,20260711
"E1",2,"SliceBF",300000,"rare_006",3,"rare",0.0286,0.0971,1.9198,0.3447,0.0199,2.2844,2.4101,1,150336,0,0,1,64,616,25280,620,175616,1,1,1,20260711
"E1",2,"SliceBF",300000,"rare_022",3,"rare",0.0296,0.1033,1.4289,0.3416,0.0279,1.7984,1.9313,1,150336,0,0,4,256,616,199424,632,349760,4,4,1,20260711
"E1",2,"SliceBF",300000,"rare_017",3,"rare",0.0309,0.0977,1.3283,0.3413,0.0098,1.6794,1.808,1,150336,0,0,1,64,616,25280,620,175616,1,1,1,20260711
"E1",2,"SliceBF",300000,"rare_003",3,"rare",0.0284,0.2302,1.6496,0.3432,0.0115,2.0043,2.2629,1,150336,0,0,1,64,616,25280,620,175616,1,1,1,20260711
"E1",2,"SliceBF",300000,"medium_021",3,"medium",0.029,0.0971,1.4211,0.3446,0.0103,1.776,1.9021,1,150336,0,0,1,64,616,41664,620,192000,1,1,1,20260711
"E1",2,"SliceBF",300000,"rare_024",3,"rare",0.0288,0.1051,2.2833,0.3441,0.1333,2.7607,2.8946,1,150336,0,0,22,1408,616,982144,704,1132480,22,22,1,20260711
"E1",2,"SliceBF",300000,"common_023",3,"common",0.0299,1.8776,2.4426,0.4596,56.0901,58.9923,60.8998,1,150336,0,0,4239,271296,616,158165312,17572,158315648,12472,12472,1,20260711
"E1",2,"SliceBF",300000,"rare_013",3,"rare",0.042,0.1266,1.5691,0.6702,0.2833,2.5226,2.6912,1,150336,0,0,31,1984,616,1258816,740,1409152,31,31,1,20260711
"E1",2,"SliceBF",300000,"rare_019",3,"rare",0.0304,0.103,1.4576,0.3434,0.0084,1.8094,1.9428,1,150336,0,0,1,64,616,25280,620,175616,1,1,1,20260711
"E1",2,"SliceBF",300000,"medium_002",3,"medium",0.0288,0.0985,1.9231,0.3415,0.0104,2.275,2.4023,1,150336,0,0,1,64,616,25280,620,175616,1,1,1,20260711
"E1",2,"SliceBF",300000,"rare_023",3,"rare",0.0292,0.1138,2.1918,0.3434,0.2306,2.7658,2.9088,1,150336,0,0,43,2752,616,2020928,788,2171264,44,44,1,20260711
"E1",2,"SliceBF",300000,"rare_005",3,"rare",0.0308,0.1014,1.4069,0.3429,0.012,1.7618,1.894,1,150336,0,0,1,64,616,41664,620,192000,1,1,1,20260711
"E1",2,"SliceBF",300000,"rare_007",3,"rare",0.0289,0.099,2.0251,0.3436,0.0232,2.3919,2.5198,1,150336,0,0,1,64,616,41664,620,192000,1,1,1,20260711
"E1",2,"SliceBF",300000,"medium_022",3,"medium",0.0295,0.1019,1.4586,0.3417,0.0209,1.8212,1.9526,1,150336,0,0,3,192,616,108608,628,258944,3,3,1,20260711
"E1",2,"SliceBF",300000,"common_017",3,"common",0.0291,1.084,2.704,0.4875,26.0094,29.2009,30.314,1,150336,0,0,3443,220352,616,119348288,14388,119498624,6627,6627,1,20260711
"E1",2,"SliceBF",300000,"common_014",3,"common",0.0401,1.4472,2.2417,0.4252,39.909,42.5759,44.0632,1,150336,0,0,3545,226880,616,138745024,14796,138895360,8670,8670,1,20260711
"E1",2,"SliceBF",300000,"common_019",3,"common",0.0406,1.7224,2.6875,0.5935,63.2619,66.5429,68.3059,1,150336,0,0,4523,289472,616,164607552,18708,164757888,15472,15472,1,20260711
"E1",2,"SliceBF",300000,"medium_008",3,"medium",0.0433,0.1075,1.8354,0.3419,0.0163,2.1936,2.3444,1,150336,0,0,1,64,616,41664,620,192000,1,1,1,20260711
"E1",2,"SliceBF",300000,"medium_017",3,"medium",0.0294,0.1041,2.2461,0.3439,0.0145,2.6045,2.738,1,150336,0,0,1,64,616,25280,620,175616,1,1,1,20260711
"E1",2,"SliceBF",300000,"common_005",3,"common",0.03,1.2584,2.6547,0.3784,14.162,17.1951,18.4835,1,150336,0,0,2458,157312,616,87222144,10448,87372480,3532,3532,1,20260711
"E1",2,"SliceBF",300000,"common_024",3,"common",0.038,4.8361,3.1646,0.8794,289.246,293.29,298.164,1,150336,0,0,4667,298688,616,171303488,19284,171453824,72721,72721,1,20260711
"E1",2,"SliceBF",300000,"medium_007",3,"medium",0.1064,0.1225,1.6811,0.506,0.0312,2.2183,2.4472,1,150336,0,0,1,64,616,25280,620,175616,1,1,1,20260711
"E1",2,"SliceBF",300000,"medium_018",3,"medium",0.0304,0.1041,1.2098,0.3417,0.0102,1.5617,1.6962,1,150336,0,0,1,64,616,41664,620,192000,1,1,1,20260711
"E1",2,"SliceBF",300000,"rare_021",3,"rare",0.0289,0.1012,1.3973,0.3414,0.0084,1.7471,1.8772,1,150336,0,0,1,64,616,25280,620,175616,1,1,1,20260711
"E1",2,"SliceBF",300000,"medium_024",3,"medium",0.0284,0.102,2.2144,0.3678,0.0268,2.609,2.7394,1,150336,0,0,1,64,616,41664,620,192000,1,1,1,20260711
"E1",2,"SliceBF",300000,"common_006",3,"common",0.03,0.2349,2.4766,0.35,2.0391,4.8657,5.1306,1,150336,0,0,447,28608,616,13053248,2404,13203584,502,502,1,20260711
"E1",2,"SliceBF",300000,"rare_004",3,"rare",0.0332,0.1055,1.2857,0.3416,0.0096,1.6369,1.7756,1,150336,0,0,1,64,616,25280,620,175616,1,1,1,20260711
"E1",2,"SliceBF",300000,"common_009",3,"common",0.0291,0.8089,2.9443,0.4055,28.5496,31.8994,32.7374,1,150336,0,0,2341,149824,616,102270400,9980,102420736,5420,5420,1,20260711
"E1",2,"SliceBF",300000,"rare_015",3,"rare",0.0401,0.1058,1.4504,0.3418,0.0176,1.8098,1.9557,1,150336,0,0,2,128,616,66944,624,217280,2,2,1,20260711
"E1",2,"SliceBF",300000,"common_007",3,"common",0.1458,0.664,1.7779,0.5305,7.2928,9.6012,10.411,1,150336,0,0,1074,68736,616,47630720,4912,47781056,1452,1452,1,20260711
"E1",2,"SliceBF",300000,"rare_001",3,"rare",0.0343,0.103,2.3982,0.3417,0.0156,2.7555,2.8928,1,150336,0,0,1,64,616,41664,620,192000,1,1,1,20260711
"E1",2,"SliceBF",300000,"rare_000",3,"rare",0.0295,0.1025,1.3886,0.3415,0.0109,1.741,1.873,1,150336,0,0,1,64,616,25280,620,175616,1,1,1,20260711
"E1",2,"SliceBF",300000,"common_018",3,"common",0.0289,1.1178,2.7008,0.4111,27.9398,31.0517,32.1984,1,150336,0,0,3622,231808,616,131033216,15104,131183552,6756,6756,1,20260711
"E1",2,"SliceBF",300000,"common_025",3,"common",0.0434,1.2108,2.7182,0.4246,30.7093,33.8521,35.1063,1,150336,0,0,3336,213504,616,111482368,13960,111632704,8113,8113,1,20260711
"E1",2,"SliceBF",300000,"common_020",3,"common",0.0402,1.1544,2.6176,0.6639,23.9207,27.2022,28.3968,1,150336,0,0,3299,211136,616,112816192,13812,112966528,6213,6213,1,20260711
"E1",2,"SliceBF",300000,"rare_020",3,"rare",0.0426,0.1092,2.5898,0.3434,0.0226,2.9558,3.1076,1,150336,0,0,1,64,616,25280,620,175616,1,1,1,20260711
"E1",2,"SliceBF",300000,"common_022",3,"common",0.0304,1.8898,2.49,0.592,47.6812,50.7632,52.6834,1,150336,0,0,4242,271488,616,156512640,17584,156662976,11283,11283,1,20260711
"E1",2,"SliceBF",300000,"medium_023",3,"medium",0.0465,0.1512,1.5741,0.343,0.0173,1.9344,2.1321,1,150336,0,0,1,64,616,41664,620,192000,1,1,1,20260711
"E1",2,"SliceBF",300000,"rare_002",3,"rare",0.0293,0.1,2.7206,0.3487,0.0217,3.091,3.2203,1,150336,0,0,1,64,616,41664,620,192000,1,1,1,20260711
"E1",2,"SliceBF",300000,"rare_025",3,"rare",0.0303,0.1025,1.8915,0.3415,0.0146,2.2476,2.3804,1,150336,0,0,2,128,616,50560,624,200896,2,2,1,20260711
"E1",2,"SliceBF-NoMask",300000,"rare_010",3,"rare",0.0355,0.1045,0.9368,0.3416,0.0113,1.2897,1.4297,1,150336,0,0,1,64,616,41664,620,192000,1,1,1,20260711
"E1",2,"SliceBF-NoMask",300000,"rare_011",3,"rare",0.0302,0.0999,1.0489,0.4879,0.0168,1.5536,1.6837,1,150336,0,0,1,64,616,25280,620,175616,1,1,1,20260711
"E1",2,"SliceBF-NoMask",300000,"medium_025",3,"medium",0.0675,0.1265,0.9146,0.3428,0.0115,1.2689,1.4629,1,150336,0,0,1,64,616,25280,620,175616,1,1,1,20260711
"E1",2,"SliceBF-NoMask",300000,"rare_009",3,"rare",0.0296,0.1006,1.2372,0.3444,0.0106,1.5922,1.7224,1,150336,0,0,1,64,616,41664,620,192000,1,1,1,20260711
"E1",2,"SliceBF-NoMask",300000,"medium_020",3,"medium",0.029,0.1038,2.269,0.3957,0.0244,2.6891,2.8219,1,150336,0,0,2,128,616,83328,624,233664,2,2,1,20260711
"E1",2,"SliceBF-NoMask",300000,"medium_003",3,"medium",0.0296,0.1045,1.1016,0.3413,0.01,1.4529,1.587,1,150336,0,0,1,64,616,25280,620,175616,1,1,1,20260711
"E1",2,"SliceBF-NoMask",300000,"rare_008",3,"rare",0.0303,0.1011,1.1367,0.3441,0.0577,1.5385,1.6699,1,150336,0,0,8,512,616,415232,648,565568,8,8,1,20260711
"E1",2,"SliceBF-NoMask",300000,"medium_010",3,"medium",0.0299,0.0992,1.2475,0.6021,0.0207,1.8703,1.9994,1,150336,0,0,1,64,616,41664,620,192000,1,1,1,20260711
"E1",2,"SliceBF-NoMask",300000,"common_012",3,"common",0.0295,0.8297,1.5426,0.3787,14.4063,16.3276,17.1868,1,150336,0,0,2488,159232,616,89946624,10568,90096960,3545,3545,1,20260711
"E1",2,"SliceBF-NoMask",300000,"common_011",3,"common",0.039,1.4785,1.3936,0.468,60.8852,62.7468,64.2643,1,150336,0,0,3797,243008,616,148941248,15804,149091584,13270,13270,1,20260711
"E1",2,"SliceBF-NoMask",300000,"common_010",3,"common",0.0446,1.8886,1.5195,0.4796,45.1482,47.1473,49.0805,1,150336,0,0,4026,257664,616,151453568,16720,151603904,10198,10198,1,20260711
"E1",2,"SliceBF-NoMask",300000,"common_008",3,"common",0.0414,0.9102,1.8897,0.5784,18.5306,20.9987,21.9503,1,150336,0,0,2370,151680,616,95901056,10096,96051392,3878,3878,1,20260711
"E1",2,"SliceBF-NoMask",300000,"common_003",3,"common",0.039,0.4278,1.9977,0.3618,3.7068,6.0663,6.5331,1,150336,0,0,817,52288,616,31467200,3884,31617536,898,898,1,20260711
"E1",2,"SliceBF-NoMask",300000,"common_001",3,"common",0.0402,0.5557,2.1004,0.3711,11.4034,13.8749,14.4708,1,150336,0,0,1595,102080,616,68944448,6996,69094784,2313,2313,1,20260711
"E1",2,"SliceBF-NoMask",300000,"medium_001",3,"medium",0.0393,0.1042,0.9382,0.3444,0.0234,1.306,1.4495,1,150336,0,0,1,64,616,25280,620,175616,1,1,1,20260711
"E1",2,"SliceBF-NoMask",300000,"medium_006",3,"medium",0.0303,0.1048,1.3837,0.3433,0.0202,1.7472,1.8823,1,150336,0,0,1,64,616,41664,620,192000,1,1,1,20260711
"E1",2,"SliceBF-NoMask",300000,"medium_004",3,"medium",0.0303,0.1019,0.7606,0.3415,0.0111,1.1132,1.2454,1,150336,0,0,1,64,616,25280,620,175616,1,1,1,20260711
"E1",2,"SliceBF-NoMask",300000,"medium_012",3,"medium",0.0288,0.1006,1.869,0.3452,0.0129,2.2271,2.3565,1,150336,0,0,1,64,616,41664,620,192000,1,1,1,20260711
"E1",2,"SliceBF-NoMask",300000,"common_000",3,"common",0.029,0.8436,2.5046,0.3847,22.9177,25.807,26.6796,1,150336,0,0,1864,119296,616,82003456,8072,82153792,4242,4242,1,20260711
"E1",2,"SliceBF-NoMask",300000,"common_026",3,"common",0.0416,2.1792,2.2901,0.5837,133.427,136.301,138.522,1,150336,0,0,4091,261824,616,157209152,16980,157359488,26769,26769,1,20260711
"E1",2,"SliceBF-NoMask",300000,"medium_019",3,"medium",0.0449,0.1079,1.1398,0.5817,0.0261,1.7476,1.9004,1,150336,0,0,1,64,616,25280,620,175616,1,1,1,20260711
"E1",2,"SliceBF-NoMask",300000,"common_021",3,"common",0.0309,1.2448,2.1431,0.4317,44.7796,47.3544,48.6301,1,150336,0,0,3649,233536,616,141152960,15212,141303296,9264,9264,1,20260711
"E1",2,"SliceBF-NoMask",300000,"medium_014",3,"medium",0.0443,0.1097,1.2828,0.3479,0.0791,1.7098,1.8638,1,150336,0,0,10,640,616,498560,656,648896,10,10,1,20260711
"E1",2,"SliceBF-NoMask",300000,"common_015",3,"common",0.0313,0.8345,2.7525,0.3923,21.372,24.5168,25.3826,1,150336,0,0,2587,165568,616,104966720,10964,105117056,4442,4442,1,20260711
"E1",2,"SliceBF-NoMask",300000,"common_002",3,"common",0.0398,0.4434,1.9707,0.361,6.777,9.1087,9.5919,1,150336,0,0,1170,74880,616,46371200,5296,46521536,1369,1369,1,20260711
"E1",2,"SliceBF-NoMask",300000,"medium_005",3,"medium",0.0401,0.1087,1.5709,0.3426,0.0503,1.9638,2.1126,1,150336,0,0,7,448,616,275264,644,425600,7,7,1,20260711
"E1",2,"SliceBF-NoMask",300000,"medium_011",3,"medium",0.0294,0.0996,1.1862,0.3433,0.0123,1.5418,1.6708,1,150336,0,0,1,64,616,25280,620,175616,1,1,1,20260711
"E1",2,"SliceBF-NoMask",300000,"rare_016",3,"rare",0.0293,0.1018,1.6302,0.3481,0.021,1.9993,2.1304,1,150336,0,0,1,64,616,41664,620,192000,1,1,1,20260711
"E1",2,"SliceBF-NoMask",300000,"rare_018",3,"rare",0.0296,0.104,0.9153,0.3447,0.0106,1.2706,1.4042,1,150336,0,0,1,64,616,25280,620,175616,1,1,1,20260711
"E1",2,"SliceBF-NoMask",300000,"common_004",3,"common",0.0285,2.2071,2.2467,0.4645,56.6898,59.401,61.6366,1,150336,0,0,4178,267392,616,156393856,17328,156544192,12952,12952,1,20260711
"E1",2,"SliceBF-NoMask",300000,"rare_012",3,"rare",0.0476,0.1693,1.2851,0.3449,0.0855,1.7155,1.9324,1,150336,0,0,14,896,616,583296,672,733632,14,14,1,20260711
"E1",2,"SliceBF-NoMask",300000,"common_013",3,"common",0.0299,0.3042,1.0788,0.3522,3.394,4.825,5.1591,1,150336,0,0,720,46080,616,24198144,3496,24348480,805,805,1,20260711
"E1",2,"SliceBF-NoMask",300000,"common_027",3,"common",0.0363,2.6075,1.8855,0.5681,132.556,135.009,137.653,1,150336,0,0,4089,261696,616,157158592,16972,157308928,26737,26737,1,20260711
"E1",2,"SliceBF-NoMask",300000,"medium_016",3,"medium",0.0504,0.1076,0.9731,0.3418,0.0217,1.3366,1.4946,1,150336,0,0,1,64,616,25280,620,175616,1,1,1,20260711
"E1",2,"SliceBF-NoMask",300000,"medium_013",3,"medium",0.0292,0.1031,0.8261,0.3417,0.0331,1.2009,1.3332,1,150336,0,0,4,256,616,199424,632,349760,4,4,1,20260711
"E1",2,"SliceBF-NoMask",300000,"rare_014",3,"rare",0.029,0.099,1.0442,0.3413,0.0125,1.398,1.526,1,150336,0,0,1,64,616,17088,620,167424,1,1,1,20260711
"E1",2,"SliceBF-NoMask",300000,"medium_000",3,"medium",0.0289,0.1039,2.1589,0.3422,0.0284,2.5295,2.6623,1,150336,0,0,3,192,616,108608,628,258944,3,3,1,20260711
"E1",2,"SliceBF-NoMask",300000,"common_016",3,"common",0.029,1.8146,2.2708,0.4692,55.0421,57.7821,59.6257,1,150336,0,0,4185,267840,616,153957568,17356,154107904,13073,13073,1,20260711
"E1",2,"SliceBF-NoMask",300000,"medium_009",3,"medium",0.0449,0.1087,1.1582,0.3475,0.0184,1.5241,1.6777,1,150336,0,0,1,64,616,41664,620,192000,1,1,1,20260711
"E1",2,"SliceBF-NoMask",300000,"medium_015",3,"medium",0.0288,0.0991,1.2927,0.3434,0.0196,1.6557,1.7836,1,150336,0,0,1,64,616,25280,620,175616,1,1,1,20260711
"E1",2,"SliceBF-NoMask",300000,"rare_006",3,"rare",0.0298,0.1014,1.068,0.3433,0.0125,1.4238,1.555,1,150336,0,0,1,64,616,25280,620,175616,1,1,1,20260711
"E1",2,"SliceBF-NoMask",300000,"rare_022",3,"rare",0.0287,0.1008,1.1006,0.3417,0.03,1.4723,1.6018,1,150336,0,0,4,256,616,199424,632,349760,4,4,1,20260711
"E1",2,"SliceBF-NoMask",300000,"rare_017",3,"rare",0.0288,0.1018,1.1429,0.441,0.0166,1.6005,1.7311,1,150336,0,0,1,64,616,25280,620,175616,1,1,1,20260711
"E1",2,"SliceBF-NoMask",300000,"rare_003",3,"rare",0.029,0.1049,1.719,0.3453,0.0099,2.0742,2.2081,1,150336,0,0,1,64,616,25280,620,175616,1,1,1,20260711
"E1",2,"SliceBF-NoMask",300000,"medium_021",3,"medium",0.0283,0.1022,1.1575,0.3417,0.0101,1.5093,1.6398,1,150336,0,0,1,64,616,41664,620,192000,1,1,1,20260711
"E1",2,"SliceBF-NoMask",300000,"rare_024",3,"rare",0.0288,0.1088,2.3627,0.344,0.1344,2.8411,2.9787,1,150336,0,0,22,1408,616,982144,704,1132480,22,22,1,20260711
"E1",2,"SliceBF-NoMask",300000,"common_023",3,"common",0.0299,1.833,2.299,0.4681,57.7964,60.5635,62.4264,1,150336,0,0,4244,271616,616,158258944,17592,158409280,12472,12472,1,20260711
"E1",2,"SliceBF-NoMask",300000,"rare_013",3,"rare",0.1277,0.1283,1.1807,0.3433,0.1577,1.6817,1.9377,1,150336,0,0,31,1984,616,1258816,740,1409152,31,31,1,20260711
"E1",2,"SliceBF-NoMask",300000,"rare_019",3,"rare",0.0302,0.1014,1.0978,0.3416,0.0118,1.4512,1.5828,1,150336,0,0,1,64,616,25280,620,175616,1,1,1,20260711
"E1",2,"SliceBF-NoMask",300000,"medium_002",3,"medium",0.029,0.1352,2.3526,0.3421,0.0203,2.715,2.8792,1,150336,0,0,1,64,616,25280,620,175616,1,1,1,20260711
"E1",2,"SliceBF-NoMask",300000,"rare_023",3,"rare",0.0298,0.118,1.9053,0.3431,0.2336,2.482,2.6298,1,150336,0,0,44,2816,616,2062592,792,2212928,44,44,1,20260711
"E1",2,"SliceBF-NoMask",300000,"rare_005",3,"rare",0.0292,0.1018,1.7874,0.4216,0.0207,2.2297,2.3607,1,150336,0,0,1,64,616,41664,620,192000,1,1,1,20260711
"E1",2,"SliceBF-NoMask",300000,"rare_007",3,"rare",0.0295,0.1036,1.0043,0.3437,0.0107,1.3587,1.4918,1,150336,0,0,1,64,616,41664,620,192000,1,1,1,20260711
"E1",2,"SliceBF-NoMask",300000,"medium_022",3,"medium",0.0288,0.1007,1.7405,0.3418,0.0207,2.103,2.2325,1,150336,0,0,3,192,616,108608,628,258944,3,3,1,20260711
"E1",2,"SliceBF-NoMask",300000,"common_017",3,"common",0.0292,1.086,2.4792,0.4076,26.6741,29.5609,30.6761,1,150336,0,0,3408,218112,616,117980160,14248,118130496,6627,6627,1,20260711
"E1",2,"SliceBF-NoMask",300000,"common_014",3,"common",0.0414,1.5155,1.4875,0.4252,39.0717,40.9844,42.5413,1,150336,0,0,3606,230784,616,140795008,15040,140945344,8670,8670,1,20260711
"E1",2,"SliceBF-NoMask",300000,"common_019",3,"common",0.0418,1.693,2.0813,0.9363,62.9851,66.0027,67.7375,1,150336,0,0,4489,287296,616,163158208,18572,163308544,15472,15472,1,20260711
"E1",2,"SliceBF-NoMask",300000,"medium_008",3,"medium",0.0445,0.1092,1.3446,0.3429,0.0221,1.7096,1.8633,1,150336,0,0,1,64,616,41664,620,192000,1,1,1,20260711
"E1",2,"SliceBF-NoMask",300000,"medium_017",3,"medium",0.0301,0.1008,1.5707,0.4713,0.0188,2.0608,2.1917,1,150336,0,0,1,64,616,25280,620,175616,1,1,1,20260711
"E1",2,"SliceBF-NoMask",300000,"common_005",3,"common",0.0327,0.9562,2.1897,0.3772,14.7905,17.3574,18.3463,1,150336,0,0,2444,156416,616,86327552,10392,86477888,3532,3532,1,20260711
"E1",2,"SliceBF-NoMask",300000,"common_024",3,"common",0.0359,4.5119,2.0495,1.301,293.613,296.963,301.511,1,150336,0,0,4663,298432,616,171235136,19268,171385472,72721,72721,1,20260711
"E1",2,"SliceBF-NoMask",300000,"medium_007",3,"medium",0.0494,0.1172,1.323,0.3423,0.0295,1.6948,1.8614,1,150336,0,0,1,64,616,25280,620,175616,1,1,1,20260711
"E1",2,"SliceBF-NoMask",300000,"medium_018",3,"medium",0.0309,0.1047,0.8997,0.342,0.0197,1.2614,1.397,1,150336,0,0,1,64,616,41664,620,192000,1,1,1,20260711
"E1",2,"SliceBF-NoMask",300000,"rare_021",3,"rare",0.0301,0.1016,1.0235,0.3415,0.0115,1.3765,1.5082,1,150336,0,0,1,64,616,25280,620,175616,1,1,1,20260711
"E1",2,"SliceBF-NoMask",300000,"medium_024",3,"medium",0.0291,0.1032,1.9365,0.3421,0.0216,2.3002,2.4325,1,150336,0,0,1,64,616,41664,620,192000,1,1,1,20260711
"E1",2,"SliceBF-NoMask",300000,"common_006",3,"common",0.0303,0.2384,1.7777,0.3496,2.0959,4.2232,4.4919,1,150336,0,0,455,29120,616,13206336,2436,13356672,502,502,1,20260711
"E1",2,"SliceBF-NoMask",300000,"rare_004",3,"rare",0.0326,0.1057,0.9075,0.3416,0.0119,1.261,1.3993,1,150336,0,0,1,64,616,25280,620,175616,1,1,1,20260711
"E1",2,"SliceBF-NoMask",300000,"common_009",3,"common",0.0285,0.8194,2.0858,0.395,27.8249,30.3057,31.1536,1,150336,0,0,2365,151360,616,103319488,10076,103469824,5420,5420,1,20260711
"E1",2,"SliceBF-NoMask",300000,"rare_015",3,"rare",0.0417,0.1103,0.9418,0.342,0.0239,1.3077,1.4597,1,150336,0,0,2,128,616,66944,624,217280,2,2,1,20260711
"E1",2,"SliceBF-NoMask",300000,"common_007",3,"common",0.0298,0.4084,1.5462,0.3997,7.9426,9.8885,10.3267,1,150336,0,0,1051,67264,616,46737984,4820,46888320,1452,1452,1,20260711
"E1",2,"SliceBF-NoMask",300000,"rare_001",3,"rare",0.0363,0.1039,0.9605,0.342,0.0143,1.3168,1.457,1,150336,0,0,1,64,616,41664,620,192000,1,1,1,20260711
"E1",2,"SliceBF-NoMask",300000,"rare_000",3,"rare",0.0296,0.1005,0.9593,0.3414,0.0108,1.3115,1.4416,1,150336,0,0,1,64,616,25280,620,175616,1,1,1,20260711
"E1",2,"SliceBF-NoMask",300000,"common_018",3,"common",0.0291,1.2296,2.1319,0.4094,27.9327,30.474,31.7327,1,150336,0,0,3560,227840,616,128605696,14856,128756032,6756,6756,1,20260711
"E1",2,"SliceBF-NoMask",300000,"common_025",3,"common",0.0419,1.1172,2.0359,0.4635,31.0581,33.5575,34.7166,1,150336,0,0,3260,208640,616,108659968,13656,108810304,8113,8113,1,20260711
"E1",2,"SliceBF-NoMask",300000,"common_020",3,"common",0.0413,1.5329,2.4171,0.4036,24.0314,26.8521,28.4263,1,150336,0,0,3262,208768,616,111635072,13664,111785408,6213,6213,1,20260711
"E1",2,"SliceBF-NoMask",300000,"rare_020",3,"rare",0.0398,0.1072,2.1924,0.3467,0.0272,2.5663,2.7133,1,150336,0,0,1,64,616,25280,620,175616,1,1,1,20260711
"E1",2,"SliceBF-NoMask",300000,"common_022",3,"common",0.0302,1.4491,2.233,0.4447,49.2597,51.9374,53.4167,1,150336,0,0,4251,272064,616,157166144,17620,157316480,11283,11283,1,20260711
"E1",2,"SliceBF-NoMask",300000,"medium_023",3,"medium",0.0441,0.1055,1.0827,0.3454,0.0229,1.451,1.6006,1,150336,0,0,1,64,616,41664,620,192000,1,1,1,20260711
"E1",2,"SliceBF-NoMask",300000,"rare_002",3,"rare",0.0297,0.1033,1.2317,0.3413,0.012,1.585,1.718,1,150336,0,0,1,64,616,41664,620,192000,1,1,1,20260711
"E1",2,"SliceBF-NoMask",300000,"rare_025",3,"rare",0.029,0.1041,1.8413,0.3434,0.0297,2.2144,2.3475,1,150336,0,0,2,128,616,50560,624,200896,2,2,1,20260711
"E1",2,"SliceBF-NoBitSlice",300000,"rare_010",3,"rare",0.034,0.0119,7.4079,0.3435,0.0161,7.7675,7.8134,1,1804032,0,0,1,64,616,41664,620,1845696,1,1,1,20260711
"E1",2,"SliceBF-NoBitSlice",300000,"rare_011",3,"rare",0.0307,0.0116,6.343,0.3418,0.0138,6.6986,6.7409,1,1804032,0,0,1,64,616,25280,620,1829312,1,1,1,20260711
"E1",2,"SliceBF-NoBitSlice",300000,"medium_025",3,"medium",0.0302,0.0102,6.3155,0.3712,0.0186,6.7053,6.7457,1,1804032,0,0,1,64,616,25280,620,1829312,1,1,1,20260711
"E1",2,"SliceBF-NoBitSlice",300000,"rare_009",3,"rare",0.0317,0.0138,7.2094,0.3913,0.0258,7.6265,7.672,1,1804032,0,0,1,64,616,41664,620,1845696,1,1,1,20260711
"E1",2,"SliceBF-NoBitSlice",300000,"medium_020",3,"medium",0.032,0.0823,12.9206,0.3588,0.0265,13.3059,13.4202,1,1804032,0,0,2,128,616,83328,624,1887360,2,2,1,20260711
"E1",2,"SliceBF-NoBitSlice",300000,"medium_003",3,"medium",0.0313,0.0125,6.9283,0.3426,0.0141,7.285,7.3288,1,1804032,0,0,1,64,616,25280,620,1829312,1,1,1,20260711
"E1",2,"SliceBF-NoBitSlice",300000,"rare_008",3,"rare",0.0306,0.014,7.205,0.3426,0.0596,7.6072,7.6518,1,1804032,0,0,8,512,616,415232,648,2219264,8,8,1,20260711
"E1",2,"SliceBF-NoBitSlice",300000,"medium_010",3,"medium",0.0304,0.0108,6.2694,0.3436,0.0145,6.6275,6.6687,1,1804032,0,0,1,64,616,41664,620,1845696,1,1,1,20260711
"E1",2,"SliceBF-NoBitSlice",300000,"common_012",3,"common",0.0306,0.668,8.9443,0.3831,15.3497,24.6771,25.3757,1,1804032,0,0,2477,158528,616,89177024,10524,90981056,3545,3545,1,20260711
"E1",2,"SliceBF-NoBitSlice",300000,"common_011",3,"common",0.0419,1.5596,9.3439,0.5886,72.3,82.2325,83.834,1,1804032,0,0,3808,243712,616,149022720,15848,150826752,13270,13270,1,20260711
"E1",2,"SliceBF-NoBitSlice",300000,"common_010",3,"common",0.0447,1.4859,9.22,0.4486,45.9472,55.6158,57.1464,1,1804032,0,0,4053,259392,616,152250816,16828,154054848,10198,10198,1,20260711
"E1",2,"SliceBF-NoBitSlice",300000,"common_008",3,"common",0.0408,0.6948,11.727,0.3833,18.9109,31.0212,31.7568,1,1804032,0,0,2354,150656,616,95578496,10032,97382528,3878,3878,1,20260711
"E1",2,"SliceBF-NoBitSlice",300000,"common_003",3,"common",0.041,0.2415,11.0658,0.3578,4.4342,15.8578,16.1403,1,1804032,0,0,805,51520,616,30868928,3836,32672960,898,898,1,20260711
"E1",2,"SliceBF-NoBitSlice",300000,"common_001",3,"common",0.0377,0.475,10.6077,0.3738,11.3807,22.3622,22.8749,1,1804032,0,0,1604,102656,616,69384960,7032,71188992,2313,2313,1,20260711
"E1",2,"SliceBF-NoBitSlice",300000,"medium_001",3,"medium",0.0399,0.0122,6.5934,0.3932,0.0183,7.0049,7.057,1,1804032,0,0,1,64,616,25280,620,1829312,1,1,1,20260711
"E1",2,"SliceBF-NoBitSlice",300000,"medium_006",3,"medium",0.03,0.0103,6.7943,0.4429,0.019,7.2562,7.2965,1,1804032,0,0,1,64,616,41664,620,1845696,1,1,1,20260711
"E1",2,"SliceBF-NoBitSlice",300000,"medium_004",3,"medium",0.0298,0.0106,6.5488,0.3418,0.014,6.9046,6.945,1,1804032,0,0,1,64,616,25280,620,1829312,1,1,1,20260711
"E1",2,"SliceBF-NoBitSlice",300000,"medium_012",3,"medium",0.0304,0.0102,10.3181,0.3472,0.0299,10.6952,10.7358,1,1804032,0,0,1,64,616,41664,620,1845696,1,1,1,20260711
"E1",2,"SliceBF-NoBitSlice",300000,"common_000",3,"common",0.0306,0.6578,14.0549,0.3876,23.2853,37.7278,38.4162,1,1804032,0,0,1886,120704,616,82870912,8160,84674944,4242,4242,1,20260711
"E1",2,"SliceBF-NoBitSlice",300000,"common_026",3,"common",0.0386,2.6222,12.6051,0.5731,130.901,144.08,146.74,1,1804032,0,0,4109,262976,616,157598656,17052,159402688,26769,26769,1,20260711
"E1",2,"SliceBF-NoBitSlice",300000,"medium_019",3,"medium",0.0453,0.0219,7.1224,0.4556,0.0293,7.6073,7.6745,1,1804032,0,0,1,64,616,25280,620,1829312,1,1,1,20260711
"E1",2,"SliceBF-NoBitSlice",300000,"common_021",3,"common",0.0306,1.145,14.11,0.4333,44.9965,59.5398,60.7154,1,1804032,0,0,3638,232832,616,140858496,15168,142662528,9264,9264,1,20260711
"E1",2,"SliceBF-NoBitSlice",300000,"medium_014",3,"medium",0.0414,0.0167,8.5657,0.5082,0.1533,9.2272,9.2853,1,1804032,0,0,10,640,616,498560,656,2302592,10,10,1,20260711
"E1",2,"SliceBF-NoBitSlice",300000,"common_015",3,"common",0.0312,0.851,12.7371,0.387,21.0291,34.1532,35.0354,1,1804032,0,0,2641,169024,616,107069120,11180,108873152,4442,4442,1,20260711
"E1",2,"SliceBF-NoBitSlice",300000,"common_002",3,"common",0.0408,0.3444,12.2074,0.3604,6.3476,18.9154,19.3006,1,1804032,0,0,1181,75584,616,46895040,5340,48699072,1369,1369,1,20260711
"E1",2,"SliceBF-NoBitSlice",300000,"medium_005",3,"medium",0.0366,0.0156,9.5247,0.3424,0.0456,9.9127,9.9649,1,1804032,0,0,7,448,616,275264,644,2079296,7,7,1,20260711
"E1",2,"SliceBF-NoBitSlice",300000,"medium_011",3,"medium",0.0297,0.0115,8.0782,0.3434,0.0152,8.4368,8.478,1,1804032,0,0,1,64,616,25280,620,1829312,1,1,1,20260711
"E1",2,"SliceBF-NoBitSlice",300000,"rare_016",3,"rare",0.0308,0.0095,7.4838,0.3427,0.0165,7.843,7.8833,1,1804032,0,0,1,64,616,41664,620,1845696,1,1,1,20260711
"E1",2,"SliceBF-NoBitSlice",300000,"rare_018",3,"rare",0.0305,0.0109,6.5378,0.4633,0.0164,7.0175,7.0589,1,1804032,0,0,1,64,616,25280,620,1829312,1,1,1,20260711
"E1",2,"SliceBF-NoBitSlice",300000,"common_004",3,"common",0.0299,1.455,13.5559,0.4638,56.6213,70.641,72.1259,1,1804032,0,0,4198,268672,616,157227136,17408,159031168,12952,12952,1,20260711
"E1",2,"SliceBF-NoBitSlice",300000,"rare_012",3,"rare",0.0421,0.0208,9.7602,0.3753,0.0843,10.2198,10.2827,1,1804032,0,0,14,896,616,583296,672,2387328,14,14,1,20260711
"E1",2,"SliceBF-NoBitSlice",300000,"common_013",3,"common",0.0314,0.2207,7.4069,0.3557,3.373,11.1356,11.3877,1,1804032,0,0,739,47296,616,24662080,3572,26466112,805,805,1,20260711
"E1",2,"SliceBF-NoBitSlice",300000,"common_027",3,"common",0.0349,2.5022,12.1338,0.5686,129.182,141.884,144.421,1,1804032,0,0,4107,262848,616,157548096,17044,159352128,26737,26737,1,20260711
"E1",2,"SliceBF-NoBitSlice",300000,"medium_016",3,"medium",0.046,0.0166,6.5956,0.3422,0.0182,6.956,7.0186,1,1804032,0,0,1,64,616,25280,620,1829312,1,1,1,20260711
"E1",2,"SliceBF-NoBitSlice",300000,"medium_013",3,"medium",0.032,0.0464,6.5099,0.4566,0.045,7.0115,7.0899,1,1804032,0,0,4,256,616,199424,632,2003456,4,4,1,20260711
"E1",2,"SliceBF-NoBitSlice",300000,"rare_014",3,"rare",0.033,0.0143,7.8693,0.3429,0.0158,8.228,8.2753,1,1804032,0,0,1,64,616,17088,620,1821120,1,1,1,20260711
"E1",2,"SliceBF-NoBitSlice",300000,"medium_000",3,"medium",0.031,0.012,9.2255,0.3914,0.0266,9.6435,9.6865,1,1804032,0,0,3,192,616,108608,628,1912640,3,3,1,20260711
"E1",2,"SliceBF-NoBitSlice",300000,"common_016",3,"common",0.0308,1.744,13.4892,0.4662,53.3508,67.3062,69.081,1,1804032,0,0,4178,267392,616,153756032,17328,155560064,13073,13073,1,20260711
"E1",2,"SliceBF-NoBitSlice",300000,"medium_009",3,"medium",0.0448,0.0193,7.3988,0.3419,0.0191,7.7598,7.8239,1,1804032,0,0,1,64,616,41664,620,1845696,1,1,1,20260711
"E1",2,"SliceBF-NoBitSlice",300000,"medium_015",3,"medium",0.0308,0.0124,7.0544,0.6227,0.0294,7.7065,7.7497,1,1804032,0,0,1,64,616,25280,620,1829312,1,1,1,20260711
"E1",2,"SliceBF-NoBitSlice",300000,"rare_006",3,"rare",0.0811,0.012,6.7915,0.3417,0.0137,7.1469,7.24,1,1804032,0,0,1,64,616,25280,620,1829312,1,1,1,20260711
"E1",2,"SliceBF-NoBitSlice",300000,"rare_022",3,"rare",0.03,0.0106,6.5621,0.342,0.0327,6.9368,6.9774,1,1804032,0,0,4,256,616,199424,632,2003456,4,4,1,20260711
"E1",2,"SliceBF-NoBitSlice",300000,"rare_017",3,"rare",0.0297,0.0105,7.4613,0.8449,0.0263,8.3325,8.3727,1,1804032,0,0,1,64,616,25280,620,1829312,1,1,1,20260711
"E1",2,"SliceBF-NoBitSlice",300000,"rare_003",3,"rare",0.0317,0.0128,6.9503,0.3419,0.0171,7.3093,7.3538,1,1804032,0,0,1,64,616,25280,620,1829312,1,1,1,20260711
"E1",2,"SliceBF-NoBitSlice",300000,"medium_021",3,"medium",0.0307,0.0114,7.2388,0.3422,0.017,7.598,7.6401,1,1804032,0,0,1,64,616,41664,620,1845696,1,1,1,20260711
"E1",2,"SliceBF-NoBitSlice",300000,"rare_024",3,"rare",0.0314,0.0191,10.3583,0.3431,0.1231,10.8245,10.875,1,1804032,0,0,22,1408,616,982144,704,2786176,22,22,1,20260711
"E1",2,"SliceBF-NoBitSlice",300000,"common_023",3,"common",0.03,1.3834,13.3804,0.4635,56.3091,70.153,71.5664,1,1804032,0,0,4219,270016,616,157430336,17492,159234368,12472,12472,1,20260711
"E1",2,"SliceBF-NoBitSlice",300000,"rare_013",3,"rare",0.0426,0.0331,8.5129,0.3433,0.1539,9.0101,9.0858,1,1804032,0,0,31,1984,616,1258816,740,3062848,31,31,1,20260711
"E1",2,"SliceBF-NoBitSlice",300000,"rare_019",3,"rare",0.0307,0.0113,7.4688,0.3418,0.0154,7.826,7.868,1,1804032,0,0,1,64,616,25280,620,1829312,1,1,1,20260711
"E1",2,"SliceBF-NoBitSlice",300000,"medium_002",3,"medium",0.0308,0.0104,8.9897,0.3422,0.0133,9.3452,9.3864,1,1804032,0,0,1,64,616,25280,620,1829312,1,1,1,20260711
"E1",2,"SliceBF-NoBitSlice",300000,"rare_023",3,"rare",0.0301,0.0264,9.3116,0.3443,0.2383,9.8942,9.9507,1,1804032,0,0,44,2816,616,2062592,792,3866624,44,44,1,20260711
"E1",2,"SliceBF-NoBitSlice",300000,"rare_005",3,"rare",0.0304,0.0106,6.8187,0.5102,0.074,7.4029,7.4439,1,1804032,0,0,1,64,616,41664,620,1845696,1,1,1,20260711
"E1",2,"SliceBF-NoBitSlice",300000,"rare_007",3,"rare",0.1077,0.0124,7.1758,0.3475,0.0155,7.5388,7.6589,1,1804032,0,0,1,64,616,41664,620,1845696,1,1,1,20260711
"E1",2,"SliceBF-NoBitSlice",300000,"medium_022",3,"medium",0.0298,0.011,6.928,0.3422,0.0268,7.297,7.3378,1,1804032,0,0,3,192,616,108608,628,1912640,3,3,1,20260711
"E1",2,"SliceBF-NoBitSlice",300000,"common_017",3,"common",0.0305,1.0049,12.042,0.7326,25.8213,38.5959,39.6313,1,1804032,0,0,3423,219072,616,118596928,14308,120400960,6627,6627,1,20260711
"E1",2,"SliceBF-NoBitSlice",300000,"common_014",3,"common",0.0432,1.1262,10.8863,0.4297,38.5926,49.9086,51.078,1,1804032,0,0,3587,229568,616,140175424,14964,141979456,8670,8670,1,20260711
"E1",2,"SliceBF-NoBitSlice",300000,"common_019",3,"common",0.0423,1.5969,14.4562,0.4866,63.4162,78.359,79.9982,1,1804032,0,0,4493,287552,616,163455936,18588,165259968,15472,15472,1,20260711
"E1",2,"SliceBF-NoBitSlice",300000,"medium_008",3,"medium",0.0399,0.0161,6.975,0.4604,0.0245,7.4599,7.5159,1,1804032,0,0,1,64,616,41664,620,1845696,1,1,1,20260711
"E1",2,"SliceBF-NoBitSlice",300000,"medium_017",3,"medium",0.0329,0.0225,8.557,0.3423,0.0152,8.9145,8.9699,1,1804032,0,0,1,64,616,25280,620,1829312,1,1,1,20260711
"E1",2,"SliceBF-NoBitSlice",300000,"common_005",3,"common",0.03,1.0155,12.5436,0.5369,17.0847,30.1652,31.2107,1,1804032,0,0,2453,156992,616,86481344,10428,88285376,3532,3532,1,20260711
"E1",2,"SliceBF-NoBitSlice",300000,"common_024",3,"common",0.0376,4.7738,15.7826,1.0309,291.56,308.374,313.185,1,1804032,0,0,4664,298496,616,171375104,19272,173179136,72721,72721,1,20260711
"E1",2,"SliceBF-NoBitSlice",300000,"medium_007",3,"medium",0.0482,0.0181,6.9062,0.3419,0.0165,7.2646,7.3309,1,1804032,0,0,1,64,616,25280,620,1829312,1,1,1,20260711
"E1",2,"SliceBF-NoBitSlice",300000,"medium_018",3,"medium",0.0306,0.0111,6.8542,0.342,0.0163,7.2125,7.2542,1,1804032,0,0,1,64,616,41664,620,1845696,1,1,1,20260711
"E1",2,"SliceBF-NoBitSlice",300000,"rare_021",3,"rare",0.0306,0.0098,6.8487,0.3418,0.0166,7.2071,7.2475,1,1804032,0,0,1,64,616,25280,620,1829312,1,1,1,20260711
"E1",2,"SliceBF-NoBitSlice",300000,"medium_024",3,"medium",0.0311,0.0114,7.8688,0.3419,0.016,8.2267,8.2692,1,1804032,0,0,1,64,616,41664,620,1845696,1,1,1,20260711
"E1",2,"SliceBF-NoBitSlice",300000,"common_006",3,"common",0.0303,0.1409,10.9411,0.3503,1.7553,13.0467,13.2179,1,1804032,0,0,463,29632,616,13441344,2468,15245376,502,502,1,20260711
"E1",2,"SliceBF-NoBitSlice",300000,"rare_004",3,"rare",0.0319,0.012,7.4109,0.3424,0.0181,7.7714,7.8153,1,1804032,0,0,1,64,616,25280,620,1829312,1,1,1,20260711
"E1",2,"SliceBF-NoBitSlice",300000,"common_009",3,"common",0.0305,0.7147,13.4621,0.3996,28.0613,41.923,42.6682,1,1804032,0,0,2380,152320,616,103911680,10136,105715712,5420,5420,1,20260711
"E1",2,"SliceBF-NoBitSlice",300000,"rare_015",3,"rare",0.0475,0.017,6.6372,0.342,0.0231,7.0023,7.0668,1,1804032,0,0,2,128,616,66944,624,1870976,2,2,1,20260711
"E1",2,"SliceBF-NoBitSlice",300000,"common_007",3,"common",0.0304,0.4807,8.4107,0.4892,7.5257,16.4256,16.9367,1,1804032,0,0,1063,68032,616,47287104,4868,49091136,1452,1452,1,20260711
"E1",2,"SliceBF-NoBitSlice",300000,"rare_001",3,"rare",0.0399,0.0122,6.5469,0.343,0.0163,6.9062,6.9583,1,1804032,0,0,1,64,616,41664,620,1845696,1,1,1,20260711
"E1",2,"SliceBF-NoBitSlice",300000,"rare_000",3,"rare",0.0306,0.0112,6.9001,0.448,0.0238,7.3719,7.4137,1,1804032,0,0,1,64,616,25280,620,1829312,1,1,1,20260711
"E1",2,"SliceBF-NoBitSlice",300000,"common_018",3,"common",0.03,1.155,12.3764,0.411,28.384,41.1714,42.3564,1,1804032,0,0,3554,227456,616,128314752,14832,130118784,6756,6756,1,20260711
"E1",2,"SliceBF-NoBitSlice",300000,"common_025",3,"common",0.0397,1.3916,10.6491,0.4251,29.6695,40.7437,42.175,1,1804032,0,0,3269,209216,616,108862912,13692,110666944,8113,8113,1,20260711
"E1",2,"SliceBF-NoBitSlice",300000,"common_020",3,"common",0.0397,0.9505,14.3338,0.4041,23.7445,38.4824,39.4726,1,1804032,0,0,3248,207872,616,111281152,13608,113085184,6213,6213,1,20260711
"E1",2,"SliceBF-NoBitSlice",300000,"rare_020",3,"rare",0.0414,0.0126,9.3275,0.3418,0.0162,9.6855,9.7395,1,1804032,0,0,1,64,616,25280,620,1829312,1,1,1,20260711
"E1",2,"SliceBF-NoBitSlice",300000,"common_022",3,"common",0.0304,1.3416,13.3475,0.4498,48.5935,62.3908,63.7628,1,1804032,0,0,4264,272896,616,157388288,17672,159192320,11283,11283,1,20260711
"E1",2,"SliceBF-NoBitSlice",300000,"medium_023",3,"medium",0.0434,0.0141,7.3243,0.3425,0.0214,7.6882,7.7457,1,1804032,0,0,1,64,616,41664,620,1845696,1,1,1,20260711
"E1",2,"SliceBF-NoBitSlice",300000,"rare_002",3,"rare",0.0314,0.0125,8.0443,0.3417,0.0146,8.4006,8.4445,1,1804032,0,0,1,64,616,41664,620,1845696,1,1,1,20260711
"E1",2,"SliceBF-NoBitSlice",300000,"rare_025",3,"rare",0.0298,0.0114,9.6208,0.3419,0.0174,9.9801,10.0213,1,1804032,0,0,2,128,616,50560,624,1854592,2,2,1,20260711
"E1",2,"SliceBF-NoPruning",300000,"rare_010",3,"rare",0.0373,0.8949,1.3936,0.3419,0.0245,1.76,2.6922,1,150336,0,0,4698,300672,616,171947904,19408,172098240,1,1,1,20260711
"E1",2,"SliceBF-NoPruning",300000,"rare_011",3,"rare",0.0366,0.9002,1.2668,0.3429,0.0177,1.6274,2.5642,1,150336,0,0,4698,300672,616,171947904,19408,172098240,1,1,1,20260711
"E1",2,"SliceBF-NoPruning",300000,"medium_025",3,"medium",0.0306,1.023,1.0948,0.3427,0.026,1.4635,2.5171,1,150336,0,0,4698,300672,616,171947904,19408,172098240,1,1,1,20260711
"E1",2,"SliceBF-NoPruning",300000,"rare_009",3,"rare",0.0312,0.9169,1.4593,0.3418,0.0152,1.8163,2.7644,1,150336,0,0,4698,300672,616,171947904,19408,172098240,1,1,1,20260711
"E1",2,"SliceBF-NoPruning",300000,"medium_020",3,"medium",0.0296,1.0614,2.4176,0.6467,0.0328,3.0971,4.1881,1,150336,0,0,4698,300672,616,171947904,19408,172098240,2,2,1,20260711
"E1",2,"SliceBF-NoPruning",300000,"medium_003",3,"medium",0.0317,0.8827,1.6104,0.3416,0.0167,1.9687,2.8831,1,150336,0,0,4698,300672,616,171947904,19408,172098240,1,1,1,20260711
"E1",2,"SliceBF-NoPruning",300000,"rare_008",3,"rare",0.0312,0.7742,1.6653,0.4703,0.0619,2.1975,3.0029,1,150336,0,0,4698,300672,616,171947904,19408,172098240,8,8,1,20260711
"E1",2,"SliceBF-NoPruning",300000,"medium_010",3,"medium",0.0296,0.8151,1.3871,0.3414,0.0137,1.7422,2.5869,1,150336,0,0,4698,300672,616,171947904,19408,172098240,1,1,1,20260711
"E1",2,"SliceBF-NoPruning",300000,"common_012",3,"common",0.0304,0.8562,1.7902,0.3801,13.9256,16.0959,16.9825,1,150336,0,0,4698,300672,616,171947904,19408,172098240,3545,3545,1,20260711
"E1",2,"SliceBF-NoPruning",300000,"common_011",3,"common",0.044,1.0084,1.9443,0.4652,61.2287,63.6382,64.6906,1,150336,0,0,4698,300672,616,171947904,19408,172098240,13270,13270,1,20260711
"E1",2,"SliceBF-NoPruning",300000,"common_010",3,"common",0.0434,0.9351,1.5603,0.4431,45.6339,47.6373,48.6158,1,150336,0,0,4698,300672,616,171947904,19408,172098240,10198,10198,1,20260711
"E1",2,"SliceBF-NoPruning",300000,"common_008",3,"common",0.0404,1.438,2.2912,0.384,19.2001,21.8753,23.3537,1,150336,0,0,4698,300672,616,171947904,19408,172098240,3878,3878,1,20260711
"E1",2,"SliceBF-NoPruning",300000,"common_003",3,"common",0.0394,0.8987,2.6232,0.3589,4.2664,7.2485,8.1866,1,150336,0,0,4698,300672,616,171947904,19408,172098240,898,898,1,20260711
"E1",2,"SliceBF-NoPruning",300000,"common_001",3,"common",0.0361,0.9107,2.2746,0.3658,12.396,15.0364,15.9832,1,150336,0,0,4698,300672,616,171947904,19408,172098240,2313,2313,1,20260711
"E1",2,"SliceBF-NoPruning",300000,"medium_001",3,"medium",0.0383,0.9131,1.3792,0.345,0.0235,1.7477,2.6991,1,150336,0,0,4698,300672,616,171947904,19408,172098240,1,1,1,20260711
"E1",2,"SliceBF-NoPruning",300000,"medium_006",3,"medium",0.0311,0.9126,1.6837,0.5486,0.027,2.2593,3.203,1,150336,0,0,4698,300672,616,171947904,19408,172098240,1,1,1,20260711
"E1",2,"SliceBF-NoPruning",300000,"medium_004",3,"medium",0.0307,0.8263,1.3058,0.3428,0.0197,1.6683,2.5253,1,150336,0,0,4698,300672,616,171947904,19408,172098240,1,1,1,20260711
"E1",2,"SliceBF-NoPruning",300000,"medium_012",3,"medium",0.0299,0.8338,2.5129,0.3826,0.0252,2.9207,3.7844,1,150336,0,0,4698,300672,616,171947904,19408,172098240,1,1,1,20260711
"E1",2,"SliceBF-NoPruning",300000,"common_000",3,"common",0.0301,0.9967,2.4274,0.6958,23.0114,26.1346,27.1614,1,150336,0,0,4698,300672,616,171947904,19408,172098240,4242,4242,1,20260711
"E1",2,"SliceBF-NoPruning",300000,"common_026",3,"common",0.0393,0.8918,2.336,0.8253,135.355,138.516,139.447,1,150336,0,0,4698,300672,616,171947904,19408,172098240,26769,26769,1,20260711
"E1",2,"SliceBF-NoPruning",300000,"medium_019",3,"medium",0.0456,1.4791,1.3509,0.3416,0.0301,1.7226,3.2473,1,150336,0,0,4698,300672,616,171947904,19408,172098240,1,1,1,20260711
"E1",2,"SliceBF-NoPruning",300000,"common_021",3,"common",0.0311,0.9146,2.674,0.4312,45.4453,48.5505,49.4962,1,150336,0,0,4698,300672,616,171947904,19408,172098240,9264,9264,1,20260711
"E1",2,"SliceBF-NoPruning",300000,"medium_014",3,"medium",0.0425,1.3132,1.9017,0.3423,0.0832,2.3272,3.6829,1,150336,0,0,4698,300672,616,171947904,19408,172098240,10,10,1,20260711
"E1",2,"SliceBF-NoPruning",300000,"common_015",3,"common",0.0314,0.9037,2.5436,0.3851,21.4558,24.3845,25.3196,1,150336,0,0,4698,300672,616,171947904,19408,172098240,4442,4442,1,20260711
"E1",2,"SliceBF-NoPruning",300000,"common_002",3,"common",0.039,0.9143,2.6226,0.3585,6.2591,9.2402,10.1935,1,150336,0,0,4698,300672,616,171947904,19408,172098240,1369,1369,1,20260711
"E1",2,"SliceBF-NoPruning",300000,"medium_005",3,"medium",0.0362,1.1751,2.7322,0.37,0.0627,3.1649,4.3762,1,150336,0,0,4698,300672,616,171947904,19408,172098240,7,7,1,20260711
"E1",2,"SliceBF-NoPruning",300000,"medium_011",3,"medium",0.0315,1.5255,1.5245,0.3415,0.0339,1.8999,3.4569,1,150336,0,0,4698,300672,616,171947904,19408,172098240,1,1,1,20260711
"E1",2,"SliceBF-NoPruning",300000,"rare_016",3,"rare",0.0323,0.8342,1.5604,0.3419,0.0173,1.9196,2.7861,1,150336,0,0,4698,300672,616,171947904,19408,172098240,1,1,1,20260711
"E1",2,"SliceBF-NoPruning",300000,"rare_018",3,"rare",0.0295,0.7823,1.3279,0.8658,0.0202,2.2139,3.0257,1,150336,0,0,4698,300672,616,171947904,19408,172098240,1,1,1,20260711
"E1",2,"SliceBF-NoPruning",300000,"common_004",3,"common",0.0301,0.7858,2.5632,0.4629,56.9553,59.9814,60.7973,1,150336,0,0,4698,300672,616,171947904,19408,172098240,12952,12952,1,20260711
"E1",2,"SliceBF-NoPruning",300000,"rare_012",3,"rare",0.0428,1.014,1.9301,0.4552,0.0904,2.4757,3.5325,1,150336,0,0,4698,300672,616,171947904,19408,172098240,14,14,1,20260711
"E1",2,"SliceBF-NoPruning",300000,"common_013",3,"common",0.0312,0.9146,1.5869,0.3524,3.4892,5.4285,6.3743,1,150336,0,0,4698,300672,616,171947904,19408,172098240,805,805,1,20260711
"E1",2,"SliceBF-NoPruning",300000,"common_027",3,"common",0.0338,0.8689,2.5658,0.735,133.175,136.476,137.379,1,150336,0,0,4698,300672,616,171947904,19408,172098240,26737,26737,1,20260711
"E1",2,"SliceBF-NoPruning",300000,"medium_016",3,"medium",0.0442,0.9292,1.214,0.343,0.0282,1.5852,2.5586,1,150336,0,0,4698,300672,616,171947904,19408,172098240,1,1,1,20260711
"E1",2,"SliceBF-NoPruning",300000,"medium_013",3,"medium",0.0306,1.0054,1.2322,0.5624,0.0423,1.8369,2.8729,1,150336,0,0,4698,300672,616,171947904,19408,172098240,4,4,1,20260711
"E1",2,"SliceBF-NoPruning",300000,"rare_014",3,"rare",0.0308,0.8523,1.3813,0.3415,0.0155,1.7383,2.6214,1,150336,0,0,4698,300672,616,171947904,19408,172098240,1,1,1,20260711
"E1",2,"SliceBF-NoPruning",300000,"medium_000",3,"medium",0.0299,0.8034,2.5622,0.344,0.0425,2.9487,3.782,1,150336,0,0,4698,300672,616,171947904,19408,172098240,3,3,1,20260711
"E1",2,"SliceBF-NoPruning",300000,"common_016",3,"common",0.0306,1.3286,2.3911,0.4624,55.5971,58.4506,59.8098,1,150336,0,0,4698,300672,616,171947904,19408,172098240,13073,13073,1,20260711
"E1",2,"SliceBF-NoPruning",300000,"medium_009",3,"medium",0.0407,1.1087,1.5144,0.4895,0.0297,2.0336,3.183,1,150336,0,0,4698,300672,616,171947904,19408,172098240,1,1,1,20260711
"E1",2,"SliceBF-NoPruning",300000,"medium_015",3,"medium",0.0329,0.8867,1.823,0.3416,0.0141,2.1787,3.0983,1,150336,0,0,4698,300672,616,171947904,19408,172098240,1,1,1,20260711
"E1",2,"SliceBF-NoPruning",300000,"rare_006",3,"rare",0.0299,0.8405,1.5969,0.4702,0.0242,2.0913,2.9617,1,150336,0,0,4698,300672,616,171947904,19408,172098240,1,1,1,20260711
"E1",2,"SliceBF-NoPruning",300000,"rare_022",3,"rare",0.0303,0.8305,1.662,0.3448,0.0389,2.0457,2.9065,1,150336,0,0,4698,300672,616,171947904,19408,172098240,4,4,1,20260711
"E1",2,"SliceBF-NoPruning",300000,"rare_017",3,"rare",0.03,0.8113,1.8543,0.3418,0.0192,2.2153,3.0566,1,150336,0,0,4698,300672,616,171947904,19408,172098240,1,1,1,20260711
"E1",2,"SliceBF-NoPruning",300000,"rare_003",3,"rare",0.0307,0.8232,1.2223,0.3426,0.0199,1.5848,2.4387,1,150336,0,0,4698,300672,616,171947904,19408,172098240,1,1,1,20260711
"E1",2,"SliceBF-NoPruning",300000,"medium_021",3,"medium",0.03,0.8253,2.2135,0.342,0.02,2.5755,3.4308,1,150336,0,0,4698,300672,616,171947904,19408,172098240,1,1,1,20260711
"E1",2,"SliceBF-NoPruning",300000,"rare_024",3,"rare",0.0312,0.8371,3.0884,0.3446,0.1367,3.5697,4.438,1,150336,0,0,4698,300672,616,171947904,19408,172098240,22,22,1,20260711
"E1",2,"SliceBF-NoPruning",300000,"common_023",3,"common",0.0311,1.3297,2.5502,0.4581,56.8656,59.8739,61.2347,1,150336,0,0,4698,300672,616,171947904,19408,172098240,12472,12472,1,20260711
"E1",2,"SliceBF-NoPruning",300000,"rare_013",3,"rare",0.0403,0.9233,2.1209,0.3455,0.1738,2.6402,3.6038,1,150336,0,0,4698,300672,616,171947904,19408,172098240,31,31,1,20260711
"E1",2,"SliceBF-NoPruning",300000,"rare_019",3,"rare",0.0304,1.0824,1.6129,0.3416,0.0939,2.0484,3.1612,1,150336,0,0,4698,300672,616,171947904,19408,172098240,1,1,1,20260711
"E1",2,"SliceBF-NoPruning",300000,"medium_002",3,"medium",0.0371,0.8709,1.9692,0.3417,0.0195,2.3304,3.2384,1,150336,0,0,4698,300672,616,171947904,19408,172098240,1,1,1,20260711
"E1",2,"SliceBF-NoPruning",300000,"rare_023",3,"rare",0.0299,0.8212,2.1015,0.3701,0.2468,2.7184,3.5695,1,150336,0,0,4698,300672,616,171947904,19408,172098240,44,44,1,20260711
"E1",2,"SliceBF-NoPruning",300000,"rare_005",3,"rare",0.0307,0.8425,1.8923,0.3415,0.021,2.2548,3.128,1,150336,0,0,4698,300672,616,171947904,19408,172098240,1,1,1,20260711
"E1",2,"SliceBF-NoPruning",300000,"rare_007",3,"rare",0.0301,0.9756,1.7746,0.3417,0.017,2.1333,3.139,1,150336,0,0,4698,300672,616,171947904,19408,172098240,1,1,1,20260711
"E1",2,"SliceBF-NoPruning",300000,"medium_022",3,"medium",0.0308,1.4467,1.4954,0.343,0.083,1.9214,3.3989,1,150336,0,0,4698,300672,616,171947904,19408,172098240,3,3,1,20260711
"E1",2,"SliceBF-NoPruning",300000,"common_017",3,"common",0.0316,0.7985,2.4347,0.4068,26.5482,29.3897,30.2198,1,150336,0,0,4698,300672,616,171947904,19408,172098240,6627,6627,1,20260711
"E1",2,"SliceBF-NoPruning",300000,"common_014",3,"common",0.0399,1.2161,2.4167,0.4299,39.0668,41.9134,43.1694,1,150336,0,0,4698,300672,616,171947904,19408,172098240,8670,8670,1,20260711
"E1",2,"SliceBF-NoPruning",300000,"common_019",3,"common",0.0414,0.9235,2.867,0.4849,63.9585,67.3104,68.2753,1,150336,0,0,4698,300672,616,171947904,19408,172098240,15472,15472,1,20260711
"E1",2,"SliceBF-NoPruning",300000,"medium_008",3,"medium",0.0412,0.9263,1.5946,0.4637,0.0274,2.0857,3.0532,1,150336,0,0,4698,300672,616,171947904,19408,172098240,1,1,1,20260711
"E1",2,"SliceBF-NoPruning",300000,"medium_017",3,"medium",0.0321,0.8954,1.5677,0.3478,0.0216,1.9371,2.8646,1,150336,0,0,4698,300672,616,171947904,19408,172098240,1,1,1,20260711
"E1",2,"SliceBF-NoPruning",300000,"common_005",3,"common",0.0309,0.8539,3.0802,0.3814,15.0028,18.4644,19.3492,1,150336,0,0,4698,300672,616,171947904,19408,172098240,3532,3532,1,20260711
"E1",2,"SliceBF-NoPruning",300000,"common_024",3,"common",0.0384,0.9262,2.6016,1.1965,295.484,299.282,300.246,1,150336,0,0,4698,300672,616,171947904,19408,172098240,72721,72721,1,20260711
"E1",2,"SliceBF-NoPruning",300000,"medium_007",3,"medium",0.0517,1.4965,1.3075,0.3418,0.0277,1.677,3.2252,1,150336,0,0,4698,300672,616,171947904,19408,172098240,1,1,1,20260711
"E1",2,"SliceBF-NoPruning",300000,"medium_018",3,"medium",0.0308,0.9178,1.2058,0.3418,0.02,1.5676,2.5162,1,150336,0,0,4698,300672,616,171947904,19408,172098240,1,1,1,20260711
"E1",2,"SliceBF-NoPruning",300000,"rare_021",3,"rare",0.0309,1.386,1.2898,0.3415,0.0302,1.6615,3.0784,1,150336,0,0,4698,300672,616,171947904,19408,172098240,1,1,1,20260711
"E1",2,"SliceBF-NoPruning",300000,"medium_024",3,"medium",0.0312,0.8641,1.4884,0.3418,0.0281,1.8583,2.7536,1,150336,0,0,4698,300672,616,171947904,19408,172098240,1,1,1,20260711
"E1",2,"SliceBF-NoPruning",300000,"common_006",3,"common",0.0309,0.8162,2.8189,0.3514,1.7978,4.9681,5.8152,1,150336,0,0,4698,300672,616,171947904,19408,172098240,502,502,1,20260711
"E1",2,"SliceBF-NoPruning",300000,"rare_004",3,"rare",0.0336,0.8575,1.835,0.3428,0.0291,2.2069,3.098,1,150336,0,0,4698,300672,616,171947904,19408,172098240,1,1,1,20260711
"E1",2,"SliceBF-NoPruning",300000,"common_009",3,"common",0.031,1.1785,2.4526,0.3961,29.0155,31.8642,33.0737,1,150336,0,0,4698,300672,616,171947904,19408,172098240,5420,5420,1,20260711
"E1",2,"SliceBF-NoPruning",300000,"rare_015",3,"rare",0.0408,1.2789,1.3312,0.342,0.0374,1.7106,3.0303,1,150336,0,0,4698,300672,616,171947904,19408,172098240,2,2,1,20260711
"E1",2,"SliceBF-NoPruning",300000,"common_007",3,"common",0.0315,1.0644,1.6156,0.3588,7.3649,9.3393,10.4352,1,150336,0,0,4698,300672,616,171947904,19408,172098240,1452,1452,1,20260711
"E1",2,"SliceBF-NoPruning",300000,"rare_001",3,"rare",0.0473,0.9093,1.4032,0.3445,0.0234,1.7711,2.7277,1,150336,0,0,4698,300672,616,171947904,19408,172098240,1,1,1,20260711
"E1",2,"SliceBF-NoPruning",300000,"rare_000",3,"rare",0.0306,1.4467,1.2533,0.4306,0.0353,1.7192,3.1965,1,150336,0,0,4698,300672,616,171947904,19408,172098240,1,1,1,20260711
"E1",2,"SliceBF-NoPruning",300000,"common_018",3,"common",0.0321,1.047,2.1925,0.407,28.2404,30.8399,31.919,1,150336,0,0,4698,300672,616,171947904,19408,172098240,6756,6756,1,20260711
"E1",2,"SliceBF-NoPruning",300000,"common_025",3,"common",0.0432,1.0992,2.2845,0.4269,30.1478,32.8592,34.0016,1,150336,0,0,4698,300672,616,171947904,19408,172098240,8113,8113,1,20260711
"E1",2,"SliceBF-NoPruning",300000,"common_020",3,"common",0.0397,0.9127,3.1715,0.4061,23.8804,27.458,28.4104,1,150336,0,0,4698,300672,616,171947904,19408,172098240,6213,6213,1,20260711
"E1",2,"SliceBF-NoPruning",300000,"rare_020",3,"rare",0.043,1.0792,2.3265,0.3426,0.0238,2.6929,3.8151,1,150336,0,0,4698,300672,616,171947904,19408,172098240,1,1,1,20260711
"E1",2,"SliceBF-NoPruning",300000,"common_022",3,"common",0.0315,0.9961,3.0642,0.4516,48.3395,51.8553,52.8829,1,150336,0,0,4698,300672,616,171947904,19408,172098240,11283,11283,1,20260711
"E1",2,"SliceBF-NoPruning",300000,"medium_023",3,"medium",0.0398,1.3221,1.6027,0.3431,0.0284,1.9742,3.3361,1,150336,0,0,4698,300672,616,171947904,19408,172098240,1,1,1,20260711
"E1",2,"SliceBF-NoPruning",300000,"rare_002",3,"rare",0.0325,0.9046,1.5524,0.3426,0.0162,1.9112,2.8483,1,150336,0,0,4698,300672,616,171947904,19408,172098240,1,1,1,20260711
"E1",2,"SliceBF-NoPruning",300000,"rare_025",3,"rare",0.0304,1.0502,2.6091,0.3443,0.0273,2.9807,4.0613,1,150336,0,0,4698,300672,616,171947904,19408,172098240,2,2,1,20260711
"E1",3,"SliceBF",300000,"rare_019",3,"rare",0.0393,0.1123,1.4043,0.3416,0.0092,1.7551,1.9067,1,150336,0,0,1,64,616,25280,620,175616,1,1,1,20260711
"E1",3,"SliceBF",300000,"medium_007",3,"medium",0.0807,0.2286,1.3476,0.343,0.0133,1.7039,2.0132,1,150336,0,0,1,64,616,25280,620,175616,1,1,1,20260711
"E1",3,"SliceBF",300000,"rare_016",3,"rare",0.03,0.1058,1.5059,0.3426,0.0103,1.8588,1.9946,1,150336,0,0,1,64,616,41664,620,192000,1,1,1,20260711
"E1",3,"SliceBF",300000,"common_005",3,"common",0.0296,0.8203,2.9179,0.3812,14.5652,17.8643,18.7142,1,150336,0,0,2478,158592,616,87465600,10528,87615936,3532,3532,1,20260711
"E1",3,"SliceBF",300000,"common_021",3,"common",0.0392,1.2756,2.295,0.43,44.3413,47.0663,48.3811,1,150336,0,0,3648,233472,616,140996608,15208,141146944,9264,9264,1,20260711
"E1",3,"SliceBF",300000,"medium_002",3,"medium",0.0459,0.1289,2.3568,0.3428,0.017,2.7166,2.8914,1,150336,0,0,1,64,616,25280,620,175616,1,1,1,20260711
"E1",3,"SliceBF",300000,"common_009",3,"common",0.0318,0.922,2.8424,0.4036,28.6831,31.9291,32.8829,1,150336,0,0,2355,150720,616,102853696,10036,103004032,5420,5420,1,20260711
"E1",3,"SliceBF",300000,"rare_021",3,"rare",0.0438,0.2621,1.6147,0.3426,0.0163,1.9736,2.2795,1,150336,0,0,1,64,616,25280,620,175616,1,1,1,20260711
"E1",3,"SliceBF",300000,"rare_017",3,"rare",0.0322,0.1068,1.4302,0.3415,0.0114,1.7831,1.9221,1,150336,0,0,1,64,616,25280,620,175616,1,1,1,20260711
"E1",3,"SliceBF",300000,"rare_005",3,"rare",0.0296,0.1038,1.4934,0.342,0.0141,1.8495,1.9829,1,150336,0,0,1,64,616,41664,620,192000,1,1,1,20260711
"E1",3,"SliceBF",300000,"rare_012",3,"rare",0.0597,0.2116,1.7673,0.3435,0.0756,2.1864,2.4577,1,150336,0,0,14,896,616,583296,672,733632,14,14,1,20260711
"E1",3,"SliceBF",300000,"medium_012",3,"medium",0.0294,0.1064,2.1817,0.4777,0.0181,2.6775,2.8133,1,150336,0,0,1,64,616,41664,620,192000,1,1,1,20260711
"E1",3,"SliceBF",300000,"common_019",3,"common",0.0318,1.8437,2.6528,0.573,62.3836,65.6094,67.4849,1,150336,0,0,4462,285568,616,161943168,18464,162093504,15472,15472,1,20260711
"E1",3,"SliceBF",300000,"common_011",3,"common",0.0415,1.5388,2.1988,0.5081,61.1307,63.8376,65.4179,1,150336,0,0,3794,242816,616,148799872,15792,148950208,13270,13270,1,20260711
"E1",3,"SliceBF",300000,"common_004",3,"common",0.1606,1.7062,2.6176,0.4642,57.1041,60.1859,62.0527,1,150336,0,0,4220,270080,616,158012672,17496,158163008,12952,12952,1,20260711
"E1",3,"SliceBF",300000,"medium_024",3,"medium",0.0426,0.1068,1.5682,0.3438,0.0119,1.9239,2.0733,1,150336,0,0,1,64,616,41664,620,192000,1,1,1,20260711
"E1",3,"SliceBF",300000,"medium_020",3,"medium",0.0286,0.2835,2.5069,0.343,0.0191,2.869,3.1811,1,150336,0,0,2,128,616,83328,624,233664,2,2,1,20260711
"E1",3,"SliceBF",300000,"common_002",3,"common",0.0292,0.584,2.16,0.4838,6.3153,8.9591,9.5723,1,150336,0,0,1181,75584,616,47058880,5340,47209216,1369,1369,1,20260711
"E1",3,"SliceBF",300000,"medium_014",3,"medium",0.049,0.1109,1.5858,0.3435,0.0712,2.0005,2.1604,1,150336,0,0,10,640,616,498560,656,648896,10,10,1,20260711
"E1",3,"SliceBF",300000,"medium_011",3,"medium",0.0303,0.1066,1.2368,0.4772,0.0137,1.7277,1.8646,1,150336,0,0,1,64,616,25280,620,175616,1,1,1,20260711
"E1",3,"SliceBF",300000,"rare_011",3,"rare",0.0312,0.1076,2.1164,0.3416,0.0122,2.4702,2.609,1,150336,0,0,1,64,616,25280,620,175616,1,1,1,20260711
"E1",3,"SliceBF",300000,"common_016",3,"common",0.0296,1.531,2.6451,0.5811,54.3271,57.5533,59.1139,1,150336,0,0,4172,267008,616,153317632,17304,153467968,13073,13073,1,20260711
"E1",3,"SliceBF",300000,"common_020",3,"common",0.0417,1.039,2.6936,0.4083,33.0427,36.1446,37.2253,1,150336,0,0,3286,210304,616,112807040,13760,112957376,6213,6213,1,20260711
"E1",3,"SliceBF",300000,"medium_006",3,"medium",0.0421,0.1123,1.367,0.342,0.0139,1.7229,1.8773,1,150336,0,0,1,64,616,41664,620,192000,1,1,1,20260711
"E1",3,"SliceBF",300000,"medium_018",3,"medium",0.0301,0.1064,1.7296,0.3418,0.0141,2.0855,2.222,1,150336,0,0,1,64,616,41664,620,192000,1,1,1,20260711
"E1",3,"SliceBF",300000,"common_022",3,"common",0.0296,1.8676,2.3772,0.4466,48.4877,51.3115,53.2087,1,150336,0,0,4263,272832,616,157084480,17668,157234816,11283,11283,1,20260711
"E1",3,"SliceBF",300000,"common_013",3,"common",0.0786,0.3209,1.7954,0.3532,3.3281,5.4767,5.8762,1,150336,0,0,726,46464,616,24431744,3520,24582080,805,805,1,20260711
"E1",3,"SliceBF",300000,"rare_015",3,"rare",0.0371,0.1051,1.4558,0.3416,0.0203,1.8177,1.9599,1,150336,0,0,2,128,616,66944,624,217280,2,2,1,20260711
"E1",3,"SliceBF",300000,"rare_001",3,"rare",0.029,0.1018,1.4481,0.4184,0.0174,1.8839,2.0147,1,150336,0,0,1,64,616,41664,620,192000,1,1,1,20260711
"E1",3,"SliceBF",300000,"rare_025",3,"rare",0.0293,0.1037,1.9089,0.3417,0.0153,2.2659,2.3989,1,150336,0,0,2,128,616,50560,624,200896,2,2,1,20260711
"E1",3,"SliceBF",300000,"medium_013",3,"medium",0.0333,0.1051,1.3624,0.3461,0.0332,1.7417,1.8801,1,150336,0,0,4,256,616,199424,632,349760,4,4,1,20260711
"E1",3,"SliceBF",300000,"rare_014",3,"rare",0.0293,0.1037,2.3106,0.3421,0.0139,2.6666,2.7996,1,150336,0,0,1,64,616,17088,620,167424,1,1,1,20260711
"E1",3,"SliceBF",300000,"common_007",3,"common",0.0295,0.4115,1.6869,0.3581,8.1411,10.1861,10.6271,1,150336,0,0,1048,67072,616,46531072,4808,46681408,1452,1452,1,20260711
"E1",3,"SliceBF",300000,"rare_003",3,"rare",0.0366,0.1049,1.3712,0.3437,0.0129,1.7278,1.8693,1,150336,0,0,1,64,616,25280,620,175616,1,1,1,20260711
"E1",3,"SliceBF",300000,"common_012",3,"common",0.0294,0.7617,1.9575,0.4657,13.6623,16.0855,16.8766,1,150336,0,0,2455,157120,616,88948544,10436,89098880,3545,3545,1,20260711
"E1",3,"SliceBF",300000,"medium_009",3,"medium",0.0391,0.1061,1.6873,0.3418,0.0153,2.0444,2.1896,1,150336,0,0,1,64,616,41664,620,192000,1,1,1,20260711
"E1",3,"SliceBF",300000,"common_024",3,"common",0.0299,4.8643,2.4187,0.873,300.299,303.591,308.485,1,150336,0,0,4661,298304,616,171323840,19260,171474176,72721,72721,1,20260711
"E1",3,"SliceBF",300000,"common_027",3,"common",0.0481,2.6988,2.4028,0.5765,131.247,134.226,136.973,1,150336,0,0,4100,262400,616,157338368,17016,157488704,26737,26737,1,20260711
"E1",3,"SliceBF",300000,"rare_006",3,"rare",0.0448,0.1089,1.7107,0.3422,0.0197,2.0726,2.2263,1,150336,0,0,1,64,616,25280,620,175616,1,1,1,20260711
"E1",3,"SliceBF",300000,"common_025",3,"common",0.0296,1.107,1.9367,0.4222,32.4525,34.8114,35.948,1,150336,0,0,3288,210432,616,109785600,13768,109935936,8113,8113,1,20260711
"E1",3,"SliceBF",300000,"medium_005",3,"medium",0.0517,0.1251,2.3981,0.3426,0.2068,2.9475,3.1243,1,150336,0,0,7,448,616,275264,644,425600,7,7,1,20260711
"E1",3,"SliceBF",300000,"rare_002",3,"rare",0.0308,0.1082,1.8641,0.3655,0.0176,2.2472,2.3862,1,150336,0,0,1,64,616,41664,620,192000,1,1,1,20260711
"E1",3,"SliceBF",300000,"common_026",3,"common",0.0299,2.6988,2.3754,0.5743,132.38,135.329,138.058,1,150336,0,0,4101,262464,616,157363648,17020,157513984,26769,26769,1,20260711
"E1",3,"SliceBF",300000,"common_006",3,"common",0.0441,0.2624,2.388,0.368,1.8277,4.5837,4.8902,1,150336,0,0,460,29440,616,13381888,2456,13532224,502,502,1,20260711
"E1",3,"SliceBF",300000,"common_010",3,"common",0.0327,1.4276,1.9289,0.451,45.551,47.9309,49.3912,1,150336,0,0,4056,259584,616,152261120,16840,152411456,10198,10198,1,20260711
"E1",3,"SliceBF",300000,"rare_004",3,"rare",0.0697,0.1672,1.423,0.3416,0.0149,1.7795,2.0164,1,150336,0,0,1,64,616,25280,620,175616,1,1,1,20260711
"E1",3,"SliceBF",300000,"medium_023",3,"medium",0.0293,0.1022,1.4165,0.3415,0.0116,1.7696,1.9011,1,150336,0,0,1,64,616,41664,620,192000,1,1,1,20260711
"E1",3,"SliceBF",300000,"rare_020",3,"rare",0.0291,0.1024,2.37,0.3418,0.0178,2.7296,2.8611,1,150336,0,0,1,64,616,25280,620,175616,1,1,1,20260711
"E1",3,"SliceBF",300000,"common_023",3,"common",0.0298,1.8034,2.4766,0.4584,56.1231,59.0581,60.8913,1,150336,0,0,4227,270528,616,157706304,17524,157856640,12472,12472,1,20260711
"E1",3,"SliceBF",300000,"rare_009",3,"rare",0.0417,0.1094,1.3613,0.5283,0.0222,1.9118,2.0629,1,150336,0,0,1,64,616,41664,620,192000,1,1,1,20260711
"E1",3,"SliceBF",300000,"rare_018",3,"rare",0.0316,0.1078,1.2296,0.3416,0.012,1.5832,1.7226,1,150336,0,0,1,64,616,25280,620,175616,1,1,1,20260711
"E1",3,"SliceBF",300000,"rare_010",3,"rare",0.0292,0.1013,1.488,0.3414,0.0104,1.8398,1.9703,1,150336,0,0,1,64,616,41664,620,192000,1,1,1,20260711
"E1",3,"SliceBF",300000,"medium_021",3,"medium",0.0288,0.1,1.7508,0.3419,0.017,2.1097,2.2385,1,150336,0,0,1,64,616,41664,620,192000,1,1,1,20260711
"E1",3,"SliceBF",300000,"common_017",3,"common",0.0303,1.094,2.3874,0.4059,26.0083,28.8016,29.9259,1,150336,0,0,3384,216576,616,117283328,14152,117433664,6627,6627,1,20260711
"E1",3,"SliceBF",300000,"common_015",3,"common",0.0421,0.8927,3.073,0.3909,20.9573,24.4212,25.356,1,150336,0,0,2614,167296,616,106026112,11072,106176448,4442,4442,1,20260711
"E1",3,"SliceBF",300000,"medium_022",3,"medium",0.0414,0.1107,1.3671,0.342,0.0234,1.7325,1.8846,1,150336,0,0,3,192,616,108608,628,258944,3,3,1,20260711
"E1",3,"SliceBF",300000,"common_000",3,"common",0.0302,0.673,2.662,0.3855,22.9829,26.0304,26.7336,1,150336,0,0,1855,118720,616,81595712,8036,81746048,4242,4242,1,20260711
"E1",3,"SliceBF",300000,"rare_024",3,"rare",0.039,0.116,2.3972,0.3433,0.127,2.8675,3.0225,1,150336,0,0,22,1408,616,982144,704,1132480,22,22,1,20260711
"E1",3,"SliceBF",300000,"medium_015",3,"medium",0.0297,0.108,1.4097,0.3414,0.0099,1.761,1.8987,1,150336,0,0,1,64,616,25280,620,175616,1,1,1,20260711
"E1",3,"SliceBF",300000,"medium_003",3,"medium",0.0286,0.1018,2.0614,0.3464,0.0157,2.4235,2.5539,1,150336,0,0,1,64,616,25280,620,175616,1,1,1,20260711
"E1",3,"SliceBF",300000,"rare_007",3,"rare",0.0295,0.1028,1.3874,0.3426,0.0097,1.7397,1.872,1,150336,0,0,1,64,616,41664,620,192000,1,1,1,20260711
"E1",3,"SliceBF",300000,"medium_025",3,"medium",0.0284,0.1003,1.3696,0.3415,0.0095,1.7206,1.8493,1,150336,0,0,1,64,616,25280,620,175616,1,1,1,20260711
"E1",3,"SliceBF",300000,"common_014",3,"common",0.0287,1.2554,2.109,0.4255,38.4825,41.017,42.3011,1,150336,0,0,3559,227776,616,139451200,14852,139601536,8670,8670,1,20260711
"E1",3,"SliceBF",300000,"medium_000",3,"medium",0.0432,0.1087,2.3069,0.3425,0.0278,2.6772,2.8291,1,150336,0,0,3,192,616,108608,628,258944,3,3,1,20260711
"E1",3,"SliceBF",300000,"medium_008",3,"medium",0.0292,0.1029,1.5164,0.342,0.0143,1.8727,2.0048,1,150336,0,0,1,64,616,41664,620,192000,1,1,1,20260711
"E1",3,"SliceBF",300000,"medium_017",3,"medium",0.0298,0.101,1.7634,0.4423,0.017,2.2227,2.3535,1,150336,0,0,1,64,616,25280,620,175616,1,1,1,20260711
"E1",3,"SliceBF",300000,"medium_016",3,"medium",0.0295,0.1058,1.5995,0.3417,0.0116,1.9528,2.0881,1,150336,0,0,1,64,616,25280,620,175616,1,1,1,20260711
"E1",3,"SliceBF",300000,"common_001",3,"common",0.029,0.7332,2.2099,0.3658,11.4414,14.0171,14.7793,1,150336,0,0,1621,103744,616,70044096,7100,70194432,2313,2313,1,20260711
"E1",3,"SliceBF",300000,"medium_004",3,"medium",0.038,0.1098,1.3071,0.3438,0.0129,1.6638,1.8116,1,150336,0,0,1,64,616,25280,620,175616,1,1,1,20260711
"E1",3,"SliceBF",300000,"rare_022",3,"rare",0.0295,0.1018,1.3534,0.3417,0.0277,1.7228,1.8541,1,150336,0,0,4,256,616,199424,632,349760,4,4,1,20260711
"E1",3,"SliceBF",300000,"common_008",3,"common",0.0314,0.7733,2.5837,0.3979,18.5948,21.5764,22.3811,1,150336,0,0,2340,149760,616,94733056,9976,94883392,3878,3878,1,20260711
"E1",3,"SliceBF",300000,"common_018",3,"common",0.0437,1.1481,2.2907,0.4095,28.1859,30.8861,32.0779,1,150336,0,0,3571,228544,616,128998464,14900,129148800,6756,6756,1,20260711
"E1",3,"SliceBF",300000,"common_003",3,"common",0.0426,0.3525,2.3774,0.3543,4.1159,6.8476,7.2427,1,150336,0,0,802,51328,616,30891392,3824,31041728,898,898,1,20260711
"E1",3,"SliceBF",300000,"medium_019",3,"medium",0.0341,0.1136,1.4226,0.3416,0.0106,1.7748,1.9225,1,150336,0,0,1,64,616,25280,620,175616,1,1,1,20260711
"E1",3,"SliceBF",300000,"rare_023",3,"rare",0.0289,0.115,2.0251,0.344,0.235,2.6041,2.748,1,150336,0,0,42,2688,616,1979264,784,2129600,44,44,1,20260711
"E1",3,"SliceBF",300000,"medium_010",3,"medium",0.0297,0.1018,1.4278,0.3419,0.0188,1.7885,1.92,1,150336,0,0,1,64,616,41664,620,192000,1,1,1,20260711
"E1",3,"SliceBF",300000,"rare_013",3,"rare",0.031,0.1134,1.6753,0.4597,0.1987,2.3337,2.4781,1,150336,0,0,31,1984,616,1258816,740,1409152,31,31,1,20260711
"E1",3,"SliceBF",300000,"rare_008",3,"rare",0.0299,0.1068,1.3835,0.3422,0.0482,1.7739,1.9106,1,150336,0,0,8,512,616,415232,648,565568,8,8,1,20260711
"E1",3,"SliceBF",300000,"medium_001",3,"medium",0.0292,0.1013,1.3193,0.3432,0.0164,1.6789,1.8094,1,150336,0,0,1,64,616,25280,620,175616,1,1,1,20260711
"E1",3,"SliceBF",300000,"rare_000",3,"rare",0.0291,0.1022,1.6242,0.3441,0.0163,1.9846,2.1159,1,150336,0,0,1,64,616,25280,620,175616,1,1,1,20260711
"E1",3,"SliceBF-NoMask",300000,"rare_019",3,"rare",0.0502,0.1104,0.987,0.3417,0.0142,1.3429,1.5035,1,150336,0,0,1,64,616,25280,620,175616,1,1,1,20260711
"E1",3,"SliceBF-NoMask",300000,"medium_007",3,"medium",0.033,0.1089,0.9003,0.3415,0.013,1.2548,1.3967,1,150336,0,0,1,64,616,25280,620,175616,1,1,1,20260711
"E1",3,"SliceBF-NoMask",300000,"rare_016",3,"rare",0.0316,0.105,1.1417,0.4793,0.0169,1.6379,1.7745,1,150336,0,0,1,64,616,41664,620,192000,1,1,1,20260711
"E1",3,"SliceBF-NoMask",300000,"common_005",3,"common",0.031,0.8312,2.1421,0.3786,14.8967,17.4174,18.2796,1,150336,0,0,2489,159296,616,88341696,10572,88492032,3532,3532,1,20260711
"E1",3,"SliceBF-NoMask",300000,"common_021",3,"common",0.0378,1.7911,2.2974,0.4689,44.6932,47.4595,49.2884,1,150336,0,0,3639,232896,616,140736320,15172,140886656,9264,9264,1,20260711
"E1",3,"SliceBF-NoMask",300000,"medium_002",3,"medium",0.0425,0.1102,1.4225,0.4772,0.0202,1.9199,2.0726,1,150336,0,0,1,64,616,25280,620,175616,1,1,1,20260711
"E1",3,"SliceBF-NoMask",300000,"common_009",3,"common",0.0356,0.815,2.1794,0.3975,28.3093,30.8862,31.7368,1,150336,0,0,2370,151680,616,103495040,10096,103645376,5420,5420,1,20260711
"E1",3,"SliceBF-NoMask",300000,"rare_021",3,"rare",0.0409,0.1085,1.3582,0.342,0.0203,1.7205,1.8699,1,150336,0,0,1,64,616,25280,620,175616,1,1,1,20260711
"E1",3,"SliceBF-NoMask",300000,"rare_017",3,"rare",0.0319,0.1074,0.9136,0.3426,0.0105,1.2667,1.406,1,150336,0,0,1,64,616,25280,620,175616,1,1,1,20260711
"E1",3,"SliceBF-NoMask",300000,"rare_005",3,"rare",0.0305,0.1015,0.8527,0.3417,0.0106,1.205,1.337,1,150336,0,0,1,64,616,41664,620,192000,1,1,1,20260711
"E1",3,"SliceBF-NoMask",300000,"rare_012",3,"rare",0.0307,0.1091,1.3206,0.4462,0.0815,1.8483,1.9881,1,150336,0,0,14,896,616,583296,672,733632,14,14,1,20260711
"E1",3,"SliceBF-NoMask",300000,"medium_012",3,"medium",0.0311,0.1042,1.6135,0.3427,0.0109,1.9671,2.1024,1,150336,0,0,1,64,616,41664,620,192000,1,1,1,20260711
"E1",3,"SliceBF-NoMask",300000,"common_019",3,"common",0.03,1.7735,2.157,0.6679,64.06,66.8849,68.6884,1,150336,0,0,4499,287936,616,163796032,18612,163946368,15472,15472,1,20260711
"E1",3,"SliceBF-NoMask",300000,"common_011",3,"common",0.0467,1.8116,1.2515,0.466,61.4829,63.2004,65.0587,1,150336,0,0,3808,243712,616,149071872,15848,149222208,13270,13270,1,20260711
"E1",3,"SliceBF-NoMask",300000,"common_004",3,"common",0.0437,1.5376,2.584,0.4748,55.1876,58.2464,59.8277,1,150336,0,0,4195,268480,616,157134912,17396,157285248,12952,12952,1,20260711
"E1",3,"SliceBF-NoMask",300000,"medium_024",3,"medium",0.0463,0.1144,1.3935,0.3422,0.0246,1.7603,1.921,1,150336,0,0,1,64,616,41664,620,192000,1,1,1,20260711
"E1",3,"SliceBF-NoMask",300000,"medium_020",3,"medium",0.0322,0.1043,1.9013,0.3415,0.0171,2.2599,2.3964,1,150336,0,0,2,128,616,83328,624,233664,2,2,1,20260711
"E1",3,"SliceBF-NoMask",300000,"common_002",3,"common",0.0303,0.4359,2.0924,0.4504,6.4277,8.9705,9.4367,1,150336,0,0,1181,75584,616,46845888,5340,46996224,1369,1369,1,20260711
"E1",3,"SliceBF-NoMask",300000,"medium_014",3,"medium",0.0392,0.113,1.2098,0.3443,0.0647,1.6188,1.771,1,150336,0,0,10,640,616,498560,656,648896,10,10,1,20260711
"E1",3,"SliceBF-NoMask",300000,"medium_011",3,"medium",0.0312,0.1053,1.0673,0.6252,0.0202,1.7127,1.8492,1,150336,0,0,1,64,616,25280,620,175616,1,1,1,20260711
"E1",3,"SliceBF-NoMask",300000,"rare_011",3,"rare",0.0317,0.1824,0.9244,0.349,0.0154,1.2888,1.5029,1,150336,0,0,1,64,616,25280,620,175616,1,1,1,20260711
"E1",3,"SliceBF-NoMask",300000,"common_016",3,"common",0.0313,1.8827,2.2298,0.465,54.7254,57.4202,59.3342,1,150336,0,0,4153,265792,616,152829120,17228,152979456,13073,13073,1,20260711
"E1",3,"SliceBF-NoMask",300000,"common_020",3,"common",0.0466,1.6338,2.1336,0.4058,23.827,26.3664,28.0468,1,150336,0,0,3306,211584,616,113238912,13840,113389248,6213,6213,1,20260711
"E1",3,"SliceBF-NoMask",300000,"medium_006",3,"medium",0.043,0.1106,0.9904,0.6966,0.0299,1.7169,1.8705,1,150336,0,0,1,64,616,41664,620,192000,1,1,1,20260711
"E1",3,"SliceBF-NoMask",300000,"medium_018",3,"medium",0.0383,0.1086,0.9246,0.3448,0.0134,1.2828,1.4297,1,150336,0,0,1,64,616,41664,620,192000,1,1,1,20260711
"E1",3,"SliceBF-NoMask",300000,"common_022",3,"common",0.0316,1.7822,1.9896,0.4465,48.3735,50.8096,52.6234,1,150336,0,0,4254,272256,616,157012608,17632,157162944,11283,11283,1,20260711
"E1",3,"SliceBF-NoMask",300000,"common_013",3,"common",0.0462,0.3198,1.1011,0.3691,3.3681,4.8383,5.2043,1,150336,0,0,739,47296,616,24809536,3572,24959872,805,805,1,20260711
"E1",3,"SliceBF-NoMask",300000,"rare_015",3,"rare",0.042,0.1087,1.6194,0.3423,0.0262,1.9879,2.1386,1,150336,0,0,2,128,616,66944,624,217280,2,2,1,20260711
"E1",3,"SliceBF-NoMask",300000,"rare_001",3,"rare",0.0341,0.1073,0.8947,0.3416,0.0124,1.2487,1.3901,1,150336,0,0,1,64,616,41664,620,192000,1,1,1,20260711
"E1",3,"SliceBF-NoMask",300000,"rare_025",3,"rare",0.0316,0.1176,1.9239,0.3433,0.026,2.2932,2.4424,1,150336,0,0,2,128,616,50560,624,200896,2,2,1,20260711
"E1",3,"SliceBF-NoMask",300000,"medium_013",3,"medium",0.0324,0.1036,0.806,0.3419,0.0301,1.178,1.314,1,150336,0,0,4,256,616,199424,632,349760,4,4,1,20260711
"E1",3,"SliceBF-NoMask",300000,"rare_014",3,"rare",0.0311,0.1038,0.971,0.3415,0.011,1.3235,1.4584,1,150336,0,0,1,64,616,17088,620,167424,1,1,1,20260711
"E1",3,"SliceBF-NoMask",300000,"common_007",3,"common",0.0302,0.4156,1.8829,0.3594,7.7391,9.9814,10.4272,1,150336,0,0,1063,68032,616,47008576,4868,47158912,1452,1452,1,20260711
"E1",3,"SliceBF-NoMask",300000,"rare_003",3,"rare",0.0406,0.1082,0.9776,0.7066,0.0284,1.7126,1.8614,1,150336,0,0,1,64,616,25280,620,175616,1,1,1,20260711
"E1",3,"SliceBF-NoMask",300000,"common_012",3,"common",0.0792,0.772,1.3713,0.3796,14.1901,15.941,16.7922,1,150336,0,0,2427,155328,616,87568960,10324,87719296,3545,3545,1,20260711
"E1",3,"SliceBF-NoMask",300000,"medium_009",3,"medium",0.0409,0.1111,1.0179,0.3431,0.0166,1.3776,1.5296,1,150336,0,0,1,64,616,41664,620,192000,1,1,1,20260711
"E1",3,"SliceBF-NoMask",300000,"common_024",3,"common",0.0314,4.5272,2.1436,1.2309,296.742,300.116,304.675,1,150336,0,0,4664,298496,616,171375104,19272,171525440,72721,72721,1,20260711
"E1",3,"SliceBF-NoMask",300000,"common_027",3,"common",0.0532,2.2675,1.9952,0.7836,134.163,136.942,139.262,1,150336,0,0,4114,263296,616,157790592,17072,157940928,26737,26737,1,20260711
"E1",3,"SliceBF-NoMask",300000,"rare_006",3,"rare",0.0477,0.1116,0.8813,0.3432,0.0216,1.2461,1.4054,1,150336,0,0,1,64,616,25280,620,175616,1,1,1,20260711
"E1",3,"SliceBF-NoMask",300000,"common_025",3,"common",0.0317,1.1248,2.0183,0.4241,30.1551,32.5975,33.754,1,150336,0,0,3305,211520,616,110182592,13836,110332928,8113,8113,1,20260711
"E1",3,"SliceBF-NoMask",300000,"medium_005",3,"medium",0.0473,0.1138,1.6468,0.3429,0.0525,2.0422,2.2033,1,150336,0,0,7,448,616,275264,644,425600,7,7,1,20260711
"E1",3,"SliceBF-NoMask",300000,"rare_002",3,"rare",0.0318,0.1033,1.2155,0.4766,0.0144,1.7065,1.8416,1,150336,0,0,1,64,616,41664,620,192000,1,1,1,20260711
"E1",3,"SliceBF-NoMask",300000,"common_026",3,"common",0.0323,2.1807,2.2697,0.5719,133.525,136.367,138.58,1,150336,0,0,4114,263296,616,157790592,17072,157940928,26769,26769,1,20260711
"E1",3,"SliceBF-NoMask",300000,"common_006",3,"common",0.0464,0.4091,2.4847,0.3506,1.8207,4.656,5.1115,1,150336,0,0,463,29632,616,13457728,2468,13608064,502,502,1,20260711
"E1",3,"SliceBF-NoMask",300000,"common_010",3,"common",0.0356,1.3645,1.5963,0.4398,45.3832,47.4193,48.8194,1,150336,0,0,4042,258688,616,152038272,16784,152188608,10198,10198,1,20260711
"E1",3,"SliceBF-NoMask",300000,"rare_004",3,"rare",0.0459,0.1252,1.1771,0.3419,0.0218,1.5408,1.7119,1,150336,0,0,1,64,616,25280,620,175616,1,1,1,20260711
"E1",3,"SliceBF-NoMask",300000,"medium_023",3,"medium",0.0321,0.1061,0.9458,0.3434,0.0134,1.3026,1.4408,1,150336,0,0,1,64,616,41664,620,192000,1,1,1,20260711
"E1",3,"SliceBF-NoMask",300000,"rare_020",3,"rare",0.0307,0.1056,1.7753,0.4964,0.0285,2.3002,2.4365,1,150336,0,0,1,64,616,25280,620,175616,1,1,1,20260711
"E1",3,"SliceBF-NoMask",300000,"common_023",3,"common",0.0345,1.4686,2.353,0.4606,57.2176,60.0312,61.5343,1,150336,0,0,4216,269824,616,157354496,17480,157504832,12472,12472,1,20260711
"E1",3,"SliceBF-NoMask",300000,"rare_009",3,"rare",0.0433,0.1078,0.8806,0.3418,0.0169,1.2393,1.3904,1,150336,0,0,1,64,616,41664,620,192000,1,1,1,20260711
"E1",3,"SliceBF-NoMask",300000,"rare_018",3,"rare",0.0307,0.1042,1.2989,0.3436,0.0166,1.6591,1.794,1,150336,0,0,1,64,616,25280,620,175616,1,1,1,20260711
"E1",3,"SliceBF-NoMask",300000,"rare_010",3,"rare",0.0322,0.104,0.8668,0.3415,0.0112,1.2195,1.3557,1,150336,0,0,1,64,616,41664,620,192000,1,1,1,20260711
"E1",3,"SliceBF-NoMask",300000,"medium_021",3,"medium",0.0306,0.1027,1.0526,0.3414,0.0101,1.4041,1.5374,1,150336,0,0,1,64,616,41664,620,192000,1,1,1,20260711
"E1",3,"SliceBF-NoMask",300000,"common_017",3,"common",0.0308,1.1261,2.3389,0.4077,26.7962,29.5428,30.6997,1,150336,0,0,3413,218432,616,117696960,14268,117847296,6627,6627,1,20260711
"E1",3,"SliceBF-NoMask",300000,"common_015",3,"common",0.0413,0.9191,2.3776,0.724,20.7535,23.8551,24.8155,1,150336,0,0,2568,164352,616,104011264,10888,104161600,4442,4442,1,20260711
"E1",3,"SliceBF-NoMask",300000,"medium_022",3,"medium",0.0467,0.1093,1.1644,0.342,0.0323,1.5387,1.6947,1,150336,0,0,3,192,616,108608,628,258944,3,3,1,20260711
"E1",3,"SliceBF-NoMask",300000,"common_000",3,"common",0.0311,0.9065,1.9969,0.3859,23.66,26.0428,26.9804,1,150336,0,0,1858,118912,616,81720704,8048,81871040,4242,4242,1,20260711
"E1",3,"SliceBF-NoMask",300000,"rare_024",3,"rare",0.0429,0.1193,1.8023,0.3431,0.1259,2.2713,2.4335,1,150336,0,0,22,1408,616,982144,704,1132480,22,22,1,20260711
"E1",3,"SliceBF-NoMask",300000,"medium_015",3,"medium",0.0297,0.1053,1.377,0.342,0.0174,1.7364,1.8714,1,150336,0,0,1,64,616,25280,620,175616,1,1,1,20260711
"E1",3,"SliceBF-NoMask",300000,"medium_003",3,"medium",0.0313,0.1053,1.1227,0.3413,0.0091,1.4731,1.6097,1,150336,0,0,1,64,616,25280,620,175616,1,1,1,20260711
"E1",3,"SliceBF-NoMask",300000,"rare_007",3,"rare",0.0299,0.1042,0.9024,0.3416,0.0164,1.2604,1.3945,1,150336,0,0,1,64,616,41664,620,192000,1,1,1,20260711
"E1",3,"SliceBF-NoMask",300000,"medium_025",3,"medium",0.0297,0.1034,1.0346,0.6184,0.0222,1.6752,1.8083,1,150336,0,0,1,64,616,25280,620,175616,1,1,1,20260711
"E1",3,"SliceBF-NoMask",300000,"common_014",3,"common",0.0311,1.2264,1.6334,0.4257,38.8123,40.8714,42.1289,1,150336,0,0,3547,227008,616,139049536,14804,139199872,8670,8670,1,20260711
"E1",3,"SliceBF-NoMask",300000,"medium_000",3,"medium",0.0467,0.2241,1.6502,0.3421,0.0318,2.0241,2.2949,1,150336,0,0,3,192,616,108608,628,258944,3,3,1,20260711
"E1",3,"SliceBF-NoMask",300000,"medium_008",3,"medium",0.0317,0.1036,1.1035,0.3497,0.0219,1.4751,1.6104,1,150336,0,0,1,64,616,41664,620,192000,1,1,1,20260711
"E1",3,"SliceBF-NoMask",300000,"medium_017",3,"medium",0.0329,0.1067,1.5799,0.3812,0.0191,1.9802,2.1198,1,150336,0,0,1,64,616,25280,620,175616,1,1,1,20260711
"E1",3,"SliceBF-NoMask",300000,"medium_016",3,"medium",0.0565,0.1932,1.0008,0.3415,0.0156,1.3579,1.6076,1,150336,0,0,1,64,616,25280,620,175616,1,1,1,20260711
"E1",3,"SliceBF-NoMask",300000,"common_001",3,"common",0.0316,0.5651,1.7653,0.3665,11.6159,13.7477,14.3444,1,150336,0,0,1662,106368,616,71916160,7264,72066496,2313,2313,1,20260711
"E1",3,"SliceBF-NoMask",300000,"medium_004",3,"medium",0.0408,0.1117,1.087,0.3429,0.015,1.4449,1.5974,1,150336,0,0,1,64,616,25280,620,175616,1,1,1,20260711
"E1",3,"SliceBF-NoMask",300000,"rare_022",3,"rare",0.0331,0.1068,1.035,0.344,0.0365,1.4155,1.5554,1,150336,0,0,4,256,616,199424,632,349760,4,4,1,20260711
"E1",3,"SliceBF-NoMask",300000,"common_008",3,"common",0.0328,0.7821,2.3467,0.3875,18.5554,21.2896,22.1045,1,150336,0,0,2375,152000,616,96076608,10116,96226944,3878,3878,1,20260711
"E1",3,"SliceBF-NoMask",300000,"common_018",3,"common",0.0395,1.1217,2.1927,0.4077,28.814,31.4144,32.5756,1,150336,0,0,3573,228672,616,129262016,14908,129412352,6756,6756,1,20260711
"E1",3,"SliceBF-NoMask",300000,"common_003",3,"common",0.0436,0.3519,2.215,0.3552,4.0528,6.623,7.0185,1,150336,0,0,833,53312,616,32068288,3948,32218624,898,898,1,20260711
"E1",3,"SliceBF-NoMask",300000,"medium_019",3,"medium",0.0415,0.1076,0.9306,0.3417,0.0131,1.2854,1.4345,1,150336,0,0,1,64,616,25280,620,175616,1,1,1,20260711
"E1",3,"SliceBF-NoMask",300000,"rare_023",3,"rare",0.0318,0.1149,1.3746,0.3433,0.2309,1.9488,2.0955,1,150336,0,0,44,2816,616,2062592,792,2212928,44,44,1,20260711
"E1",3,"SliceBF-NoMask",300000,"medium_010",3,"medium",0.0315,0.1041,1.0524,0.4358,0.0175,1.5057,1.6413,1,150336,0,0,1,64,616,41664,620,192000,1,1,1,20260711
"E1",3,"SliceBF-NoMask",300000,"rare_013",3,"rare",0.0311,0.1154,1.096,0.3818,0.1436,1.6214,1.7679,1,150336,0,0,30,1920,616,1217152,736,1367488,31,31,1,20260711
"E1",3,"SliceBF-NoMask",300000,"rare_008",3,"rare",0.0301,0.1055,1.091,0.342,0.0481,1.4811,1.6167,1,150336,0,0,8,512,616,415232,648,565568,8,8,1,20260711
"E1",3,"SliceBF-NoMask",300000,"medium_001",3,"medium",0.0308,0.1027,1.5016,0.4471,0.0214,1.9701,2.1036,1,150336,0,0,1,64,616,25280,620,175616,1,1,1,20260711
"E1",3,"SliceBF-NoMask",300000,"rare_000",3,"rare",0.0315,0.1059,1.0849,0.3414,0.0094,1.4357,1.5731,1,150336,0,0,1,64,616,25280,620,175616,1,1,1,20260711
"E1",3,"SliceBF-NoBitSlice",300000,"rare_019",3,"rare",0.0395,0.014,7.2726,0.342,0.0155,7.6301,7.6836,1,1804032,0,0,1,64,616,25280,620,1829312,1,1,1,20260711
"E1",3,"SliceBF-NoBitSlice",300000,"medium_007",3,"medium",0.031,0.0126,6.4057,0.3419,0.0149,6.7625,6.8061,1,1804032,0,0,1,64,616,25280,620,1829312,1,1,1,20260711
"E1",3,"SliceBF-NoBitSlice",300000,"rare_016",3,"rare",0.0301,0.0111,7.1365,0.3425,0.0153,7.4943,7.5355,1,1804032,0,0,1,64,616,41664,620,1845696,1,1,1,20260711
"E1",3,"SliceBF-NoBitSlice",300000,"common_005",3,"common",0.0297,0.7024,12.7288,0.38,15.4367,28.5455,29.2776,1,1804032,0,0,2461,157504,616,86904768,10460,88708800,3532,3532,1,20260711
"E1",3,"SliceBF-NoBitSlice",300000,"common_021",3,"common",0.038,1.6136,14.1915,0.4312,43.8399,58.4626,60.1142,1,1804032,0,0,3645,233280,616,141133760,15196,142937792,9264,9264,1,20260711
"E1",3,"SliceBF-NoBitSlice",300000,"medium_002",3,"medium",0.0407,0.0204,9.4762,0.3422,0.0223,9.8407,9.9018,1,1804032,0,0,1,64,616,25280,620,1829312,1,1,1,20260711
"E1",3,"SliceBF-NoBitSlice",300000,"common_009",3,"common",0.0306,0.7074,13.6083,0.4026,28.9082,42.9191,43.6571,1,1804032,0,0,2327,148928,616,101687104,9924,103491136,5420,5420,1,20260711
"E1",3,"SliceBF-NoBitSlice",300000,"rare_021",3,"rare",0.041,0.0136,6.3473,0.3421,0.014,6.7034,6.758,1,1804032,0,0,1,64,616,25280,620,1829312,1,1,1,20260711
"E1",3,"SliceBF-NoBitSlice",300000,"rare_017",3,"rare",0.0299,0.0114,7.2017,0.3417,0.0164,7.5598,7.6011,1,1804032,0,0,1,64,616,25280,620,1829312,1,1,1,20260711
"E1",3,"SliceBF-NoBitSlice",300000,"rare_005",3,"rare",0.0309,0.0095,7.1579,0.3419,0.0184,7.5182,7.5586,1,1804032,0,0,1,64,616,41664,620,1845696,1,1,1,20260711
"E1",3,"SliceBF-NoBitSlice",300000,"rare_012",3,"rare",0.0315,0.0173,8.2577,0.3539,0.0869,8.6985,8.7473,1,1804032,0,0,14,896,616,583296,672,2387328,14,14,1,20260711
"E1",3,"SliceBF-NoBitSlice",300000,"medium_012",3,"medium",0.0321,0.0127,10.0862,0.343,0.0156,10.4448,10.4896,1,1804032,0,0,1,64,616,41664,620,1845696,1,1,1,20260711
"E1",3,"SliceBF-NoBitSlice",300000,"common_019",3,"common",0.0303,1.5902,14.4949,0.4914,63.7607,78.747,80.3675,1,1804032,0,0,4471,286144,616,162555712,18500,164359744,15472,15472,1,20260711
"E1",3,"SliceBF-NoBitSlice",300000,"common_011",3,"common",0.044,1.3867,9.7018,0.468,61.3564,71.5262,72.9569,1,1804032,0,0,3808,243712,616,149055488,15848,150859520,13270,13270,1,20260711
"E1",3,"SliceBF-NoBitSlice",300000,"common_004",3,"common",0.0429,1.7618,13.816,0.4691,55.9314,70.2165,72.0212,1,1804032,0,0,4182,267648,616,156658816,17344,158462848,12952,12952,1,20260711
"E1",3,"SliceBF-NoBitSlice",300000,"medium_024",3,"medium",0.0434,0.014,7.8269,0.3417,0.0162,8.1848,8.2422,1,1804032,0,0,1,64,616,41664,620,1845696,1,1,1,20260711
"E1",3,"SliceBF-NoBitSlice",300000,"medium_020",3,"medium",0.0302,0.0112,12.2645,0.3421,0.0222,12.6288,12.6702,1,1804032,0,0,2,128,616,83328,624,1887360,2,2,1,20260711
"E1",3,"SliceBF-NoBitSlice",300000,"common_002",3,"common",0.0305,0.3415,12.2098,0.3587,6.796,19.3645,19.7365,1,1804032,0,0,1178,75392,616,46884736,5328,48688768,1369,1369,1,20260711
"E1",3,"SliceBF-NoBitSlice",300000,"medium_014",3,"medium",0.0375,0.0164,8.9407,0.3434,0.0681,9.3522,9.4061,1,1804032,0,0,10,640,616,498560,656,2302592,10,10,1,20260711
"E1",3,"SliceBF-NoBitSlice",300000,"medium_011",3,"medium",0.0313,0.0108,7.3101,0.3429,0.0153,7.6683,7.7104,1,1804032,0,0,1,64,616,25280,620,1829312,1,1,1,20260711
"E1",3,"SliceBF-NoBitSlice",300000,"rare_011",3,"rare",0.0304,0.0102,6.6079,0.3435,0.0153,6.9667,7.0073,1,1804032,0,0,1,64,616,25280,620,1829312,1,1,1,20260711
"E1",3,"SliceBF-NoBitSlice",300000,"common_016",3,"common",0.0305,1.5143,13.2408,0.745,55.3837,69.3695,70.9143,1,1804032,0,0,4193,268352,616,154094272,17388,155898304,13073,13073,1,20260711
"E1",3,"SliceBF-NoBitSlice",300000,"common_020",3,"common",0.0445,0.9592,14.701,0.403,24.1934,39.2974,40.3011,1,1804032,0,0,3284,210176,616,112551680,13752,114355712,6213,6213,1,20260711
"E1",3,"SliceBF-NoBitSlice",300000,"medium_006",3,"medium",0.0415,0.013,7.3242,0.3418,0.0177,7.6837,7.7382,1,1804032,0,0,1,64,616,41664,620,1845696,1,1,1,20260711
"E1",3,"SliceBF-NoBitSlice",300000,"medium_018",3,"medium",0.0307,0.0122,6.9834,0.487,0.0297,7.5001,7.543,1,1804032,0,0,1,64,616,41664,620,1845696,1,1,1,20260711
"E1",3,"SliceBF-NoBitSlice",300000,"common_022",3,"common",0.0605,1.3705,13.596,0.4506,49.8958,63.9424,65.3734,1,1804032,0,0,4257,272448,616,157153984,17644,158958016,11283,11283,1,20260711
"E1",3,"SliceBF-NoBitSlice",300000,"common_013",3,"common",0.0416,0.2209,7.1632,0.3552,3.346,10.8644,11.1269,1,1804032,0,0,732,46848,616,24583424,3544,26387456,805,805,1,20260711
"E1",3,"SliceBF-NoBitSlice",300000,"rare_015",3,"rare",0.0351,0.0115,6.8141,0.3423,0.0199,7.1763,7.2229,1,1804032,0,0,2,128,616,66944,624,1870976,2,2,1,20260711
"E1",3,"SliceBF-NoBitSlice",300000,"rare_001",3,"rare",0.0303,0.0115,6.9116,0.3419,0.0172,7.2707,7.3125,1,1804032,0,0,1,64,616,41664,620,1845696,1,1,1,20260711
"E1",3,"SliceBF-NoBitSlice",300000,"rare_025",3,"rare",0.0306,0.0109,9.8137,0.3419,0.0186,10.1742,10.2157,1,1804032,0,0,2,128,616,50560,624,1854592,2,2,1,20260711
"E1",3,"SliceBF-NoBitSlice",300000,"medium_013",3,"medium",0.0303,0.0129,6.6065,0.5002,0.0644,7.1711,7.2143,1,1804032,0,0,4,256,616,199424,632,2003456,4,4,1,20260711
"E1",3,"SliceBF-NoBitSlice",300000,"rare_014",3,"rare",0.0503,0.0112,6.6757,0.3417,0.0129,7.0303,7.0918,1,1804032,0,0,1,64,616,17088,620,1821120,1,1,1,20260711
"E1",3,"SliceBF-NoBitSlice",300000,"common_007",3,"common",0.0296,0.5684,8.6326,0.3602,7.7,16.6928,17.2908,1,1804032,0,0,1062,67968,616,47163520,4864,48967552,1452,1452,1,20260711
"E1",3,"SliceBF-NoBitSlice",300000,"rare_003",3,"rare",0.0371,0.0123,6.9196,0.3417,0.0162,7.2775,7.3269,1,1804032,0,0,1,64,616,25280,620,1829312,1,1,1,20260711
"E1",3,"SliceBF-NoBitSlice",300000,"common_012",3,"common",0.0309,0.6836,9.5541,0.3796,14.5901,24.5238,25.2383,1,1804032,0,0,2458,157312,616,88598400,10448,90402432,3545,3545,1,20260711
"E1",3,"SliceBF-NoBitSlice",300000,"medium_009",3,"medium",0.0384,0.0127,7.2365,0.3422,0.0171,7.5958,7.6469,1,1804032,0,0,1,64,616,41664,620,1845696,1,1,1,20260711
"E1",3,"SliceBF-NoBitSlice",300000,"common_024",3,"common",0.0312,4.8223,16.1948,0.8868,294.811,311.893,316.746,1,1804032,0,0,4665,298560,616,171269312,19276,173073344,72721,72721,1,20260711
"E1",3,"SliceBF-NoBitSlice",300000,"common_027",3,"common",0.0499,2.5656,12.7819,0.6367,131.326,144.744,147.36,1,1804032,0,0,4091,261824,616,157192768,16980,158996800,26737,26737,1,20260711
"E1",3,"SliceBF-NoBitSlice",300000,"rare_006",3,"rare",0.0423,0.0142,6.8949,0.4497,0.04,7.3846,7.4411,1,1804032,0,0,1,64,616,25280,620,1829312,1,1,1,20260711
"E1",3,"SliceBF-NoBitSlice",300000,"common_025",3,"common",0.0318,1.0587,10.1446,0.7168,29.5865,40.4479,41.5384,1,1804032,0,0,3300,211200,616,110113536,13816,111917568,8113,8113,1,20260711
"E1",3,"SliceBF-NoBitSlice",300000,"medium_005",3,"medium",0.0416,0.0148,10.1464,0.3424,0.0467,10.5355,10.5919,1,1804032,0,0,7,448,616,275264,644,2079296,7,7,1,20260711
"E1",3,"SliceBF-NoBitSlice",300000,"rare_002",3,"rare",0.0299,0.0109,8.4241,0.3433,0.0169,8.7843,8.8251,1,1804032,0,0,1,64,616,41664,620,1845696,1,1,1,20260711
"E1",3,"SliceBF-NoBitSlice",300000,"common_026",3,"common",0.0311,2.4271,12.4278,0.5737,132.172,145.174,147.632,1,1804032,0,0,4092,261888,616,157218048,16984,159022080,26769,26769,1,20260711
"E1",3,"SliceBF-NoBitSlice",300000,"common_006",3,"common",0.0583,0.2284,10.6784,0.5785,1.9634,13.2203,13.507,1,1804032,0,0,462,29568,616,13399680,2464,15203712,502,502,1,20260711
"E1",3,"SliceBF-NoBitSlice",300000,"common_010",3,"common",0.0321,1.2672,9.1487,0.4425,44.8563,54.4475,55.7468,1,1804032,0,0,4053,259392,616,152119744,16828,153923776,10198,10198,1,20260711
"E1",3,"SliceBF-NoBitSlice",300000,"rare_004",3,"rare",0.0416,0.0139,7.4278,0.3421,0.0167,7.7866,7.8421,1,1804032,0,0,1,64,616,25280,620,1829312,1,1,1,20260711
"E1",3,"SliceBF-NoBitSlice",300000,"medium_023",3,"medium",0.0317,0.012,6.7554,0.3417,0.0135,7.1106,7.1543,1,1804032,0,0,1,64,616,41664,620,1845696,1,1,1,20260711
"E1",3,"SliceBF-NoBitSlice",300000,"rare_020",3,"rare",0.0298,0.0103,9.4235,0.3418,0.0162,9.7815,9.8216,1,1804032,0,0,1,64,616,25280,620,1829312,1,1,1,20260711
"E1",3,"SliceBF-NoBitSlice",300000,"common_023",3,"common",0.0301,1.7551,13.24,0.4612,57.9505,71.6517,73.4369,1,1804032,0,0,4238,271232,616,158099072,17568,159903104,12472,12472,1,20260711
"E1",3,"SliceBF-NoBitSlice",300000,"rare_009",3,"rare",0.0464,0.0153,6.6109,0.3421,0.0189,6.9719,7.0336,1,1804032,0,0,1,64,616,41664,620,1845696,1,1,1,20260711
"E1",3,"SliceBF-NoBitSlice",300000,"rare_018",3,"rare",0.0306,0.0126,7.1246,0.3436,0.016,7.4842,7.5274,1,1804032,0,0,1,64,616,25280,620,1829312,1,1,1,20260711
"E1",3,"SliceBF-NoBitSlice",300000,"rare_010",3,"rare",0.0303,0.0115,6.4996,0.3418,0.0169,6.8583,6.9001,1,1804032,0,0,1,64,616,41664,620,1845696,1,1,1,20260711
"E1",3,"SliceBF-NoBitSlice",300000,"medium_021",3,"medium",0.0313,0.0111,7.8514,0.3418,0.0159,8.2091,8.2515,1,1804032,0,0,1,64,616,41664,620,1845696,1,1,1,20260711
"E1",3,"SliceBF-NoBitSlice",300000,"common_017",3,"common",0.03,1.1321,12.0222,0.4064,26.3216,38.7502,39.9123,1,1804032,0,0,3382,216448,616,117052544,14144,118856576,6627,6627,1,20260711
"E1",3,"SliceBF-NoBitSlice",300000,"common_015",3,"common",0.0403,0.7459,13.5802,0.3901,21.0234,34.9937,35.7799,1,1804032,0,0,2585,165440,616,105243840,10956,107047872,4442,4442,1,20260711
"E1",3,"SliceBF-NoBitSlice",300000,"medium_022",3,"medium",0.041,0.015,7.0007,0.3422,0.0265,7.3694,7.4254,1,1804032,0,0,3,192,616,108608,628,1912640,3,3,1,20260711
"E1",3,"SliceBF-NoBitSlice",300000,"common_000",3,"common",0.0308,0.5926,14.5947,0.3866,23.0302,38.0115,38.6349,1,1804032,0,0,1883,120512,616,82745920,8148,84549952,4242,4242,1,20260711
"E1",3,"SliceBF-NoBitSlice",300000,"rare_024",3,"rare",0.0423,0.0203,10.2585,0.3438,0.1255,10.7278,10.7904,1,1804032,0,0,21,1344,616,940480,700,2744512,22,22,1,20260711
"E1",3,"SliceBF-NoBitSlice",300000,"medium_015",3,"medium",0.0302,0.0118,7.7041,0.3419,0.016,8.062,8.104,1,1804032,0,0,1,64,616,25280,620,1829312,1,1,1,20260711
"E1",3,"SliceBF-NoBitSlice",300000,"medium_003",3,"medium",0.0305,0.0113,7.9831,0.3446,0.0161,8.3438,8.3856,1,1804032,0,0,1,64,616,25280,620,1829312,1,1,1,20260711
"E1",3,"SliceBF-NoBitSlice",300000,"rare_007",3,"rare",0.0306,0.0114,7.5843,0.3418,0.0169,7.943,7.985,1,1804032,0,0,1,64,616,41664,620,1845696,1,1,1,20260711
"E1",3,"SliceBF-NoBitSlice",300000,"medium_025",3,"medium",0.0309,0.0122,6.3956,0.3431,0.0163,6.755,6.7981,1,1804032,0,0,1,64,616,25280,620,1829312,1,1,1,20260711
"E1",3,"SliceBF-NoBitSlice",300000,"common_014",3,"common",0.031,1.1356,10.5734,0.4251,39.0817,50.0802,51.2468,1,1804032,0,0,3611,231104,616,141347392,15060,143151424,8670,8670,1,20260711
"E1",3,"SliceBF-NoBitSlice",300000,"medium_000",3,"medium",0.0456,0.0169,9.2791,0.4689,0.0268,9.7748,9.8373,1,1804032,0,0,3,192,616,108608,628,1912640,3,3,1,20260711
"E1",3,"SliceBF-NoBitSlice",300000,"medium_008",3,"medium",0.0306,0.0125,6.5937,0.4274,0.0253,7.0464,7.0895,1,1804032,0,0,1,64,616,41664,620,1845696,1,1,1,20260711
"E1",3,"SliceBF-NoBitSlice",300000,"medium_017",3,"medium",0.0309,0.0125,8.2557,0.3418,0.0139,8.6114,8.6548,1,1804032,0,0,1,64,616,25280,620,1829312,1,1,1,20260711
"E1",3,"SliceBF-NoBitSlice",300000,"medium_016",3,"medium",0.03,0.0096,6.4953,0.3418,0.0166,6.8537,6.8933,1,1804032,0,0,1,64,616,25280,620,1829312,1,1,1,20260711
"E1",3,"SliceBF-NoBitSlice",300000,"common_001",3,"common",0.0302,0.583,11.0511,0.5345,14.3763,25.9619,26.5751,1,1804032,0,0,1628,104192,616,70335744,7128,72139776,2313,2313,1,20260711
"E1",3,"SliceBF-NoBitSlice",300000,"medium_004",3,"medium",0.0365,0.0127,7.0731,0.3482,0.0262,7.4475,7.4967,1,1804032,0,0,1,64,616,25280,620,1829312,1,1,1,20260711
"E1",3,"SliceBF-NoBitSlice",300000,"rare_022",3,"rare",0.0306,0.0124,6.5375,0.3437,0.0347,6.9159,6.9589,1,1804032,0,0,4,256,616,199424,632,2003456,4,4,1,20260711
"E1",3,"SliceBF-NoBitSlice",300000,"common_008",3,"common",0.0306,1.0493,12.5857,1.2056,19.0287,32.82,33.8999,1,1804032,0,0,2346,150144,616,95048576,10000,96852608,3878,3878,1,20260711
"E1",3,"SliceBF-NoBitSlice",300000,"common_018",3,"common",0.0395,1.5189,11.698,0.408,28.1481,40.2541,41.8125,1,1804032,0,0,3599,230336,616,130173248,15012,131977280,6756,6756,1,20260711
"E1",3,"SliceBF-NoBitSlice",300000,"common_003",3,"common",0.0391,0.2466,11.0982,0.3536,4.0217,15.4735,15.7592,1,1804032,0,0,818,52352,616,31459712,3888,33263744,898,898,1,20260711
"E1",3,"SliceBF-NoBitSlice",300000,"medium_019",3,"medium",0.0344,0.0128,7.1025,0.3426,0.0171,7.4622,7.5094,1,1804032,0,0,1,64,616,25280,620,1829312,1,1,1,20260711
"E1",3,"SliceBF-NoBitSlice",300000,"rare_023",3,"rare",0.031,0.0279,9.5741,0.3434,0.2392,10.1567,10.2156,1,1804032,0,0,44,2816,616,2062592,792,3866624,44,44,1,20260711
"E1",3,"SliceBF-NoBitSlice",300000,"medium_010",3,"medium",0.0304,0.0118,6.4931,0.3915,0.0138,6.8984,6.9406,1,1804032,0,0,1,64,616,41664,620,1845696,1,1,1,20260711
"E1",3,"SliceBF-NoBitSlice",300000,"rare_013",3,"rare",0.0304,0.0206,8.0223,0.3443,0.1916,8.5582,8.6092,1,1804032,0,0,31,1984,616,1258816,740,3062848,31,31,1,20260711
"E1",3,"SliceBF-NoBitSlice",300000,"rare_008",3,"rare",0.0299,0.015,6.9677,0.3425,0.0576,7.3678,7.4127,1,1804032,0,0,8,512,616,415232,648,2219264,8,8,1,20260711
"E1",3,"SliceBF-NoBitSlice",300000,"medium_001",3,"medium",0.0312,0.011,6.7326,0.342,0.0169,7.0915,7.1337,1,1804032,0,0,1,64,616,25280,620,1829312,1,1,1,20260711
"E1",3,"SliceBF-NoBitSlice",300000,"rare_000",3,"rare",0.0305,0.0108,7.2329,0.3418,0.0154,7.5901,7.6314,1,1804032,0,0,1,64,616,25280,620,1829312,1,1,1,20260711
"E1",3,"SliceBF-NoPruning",300000,"rare_019",3,"rare",0.0391,0.9164,1.3207,0.3431,0.0155,1.6793,2.6348,1,150336,0,0,4698,300672,616,171947904,19408,172098240,1,1,1,20260711
"E1",3,"SliceBF-NoPruning",300000,"medium_007",3,"medium",0.0309,0.8961,1.4991,0.3434,0.0206,1.8631,2.7901,1,150336,0,0,4698,300672,616,171947904,19408,172098240,1,1,1,20260711
"E1",3,"SliceBF-NoPruning",300000,"rare_016",3,"rare",0.0308,0.817,1.7941,0.3415,0.0183,2.1539,3.0017,1,150336,0,0,4698,300672,616,171947904,19408,172098240,1,1,1,20260711
"E1",3,"SliceBF-NoPruning",300000,"common_005",3,"common",0.0305,1.6636,2.4909,0.3778,14.9666,17.8353,19.5294,1,150336,0,0,4698,300672,616,171947904,19408,172098240,3532,3532,1,20260711
"E1",3,"SliceBF-NoPruning",300000,"common_021",3,"common",0.0378,0.8897,2.6774,0.4522,48.8785,52.0081,52.9356,1,150336,0,0,4698,300672,616,171947904,19408,172098240,9264,9264,1,20260711
"E1",3,"SliceBF-NoPruning",300000,"medium_002",3,"medium",0.0396,1.5001,2.0087,0.3419,0.0344,2.385,3.9247,1,150336,0,0,4698,300672,616,171947904,19408,172098240,1,1,1,20260711
"E1",3,"SliceBF-NoPruning",300000,"common_009",3,"common",0.0322,0.9137,2.513,0.396,28.1323,31.0413,31.9872,1,150336,0,0,4698,300672,616,171947904,19408,172098240,5420,5420,1,20260711
"E1",3,"SliceBF-NoPruning",300000,"rare_021",3,"rare",0.0457,1.0028,1.277,0.4054,0.0233,1.7057,2.7542,1,150336,0,0,4698,300672,616,171947904,19408,172098240,1,1,1,20260711
"E1",3,"SliceBF-NoPruning",300000,"rare_017",3,"rare",0.0315,0.898,2.1363,0.4248,0.0215,2.5826,3.5121,1,150336,0,0,4698,300672,616,171947904,19408,172098240,1,1,1,20260711
"E1",3,"SliceBF-NoPruning",300000,"rare_005",3,"rare",0.0307,0.8622,1.2869,0.3414,0.023,1.6513,2.5442,1,150336,0,0,4698,300672,616,171947904,19408,172098240,1,1,1,20260711
"E1",3,"SliceBF-NoPruning",300000,"rare_012",3,"rare",0.0307,0.8369,2.5809,0.3435,0.0952,3.0196,3.8872,1,150336,0,0,4698,300672,616,171947904,19408,172098240,14,14,1,20260711
"E1",3,"SliceBF-NoPruning",300000,"medium_012",3,"medium",0.0295,0.8467,1.9877,1.0427,0.0325,3.0629,3.9391,1,150336,0,0,4698,300672,616,171947904,19408,172098240,1,1,1,20260711
"E1",3,"SliceBF-NoPruning",300000,"common_019",3,"common",0.031,1.267,2.5119,0.489,65.3931,68.394,69.692,1,150336,0,0,4698,300672,616,171947904,19408,172098240,15472,15472,1,20260711
"E1",3,"SliceBF-NoPruning",300000,"common_011",3,"common",0.042,1.1891,1.7362,0.4693,60.4856,62.6911,63.9222,1,150336,0,0,4698,300672,616,171947904,19408,172098240,13270,13270,1,20260711
"E1",3,"SliceBF-NoPruning",300000,"common_004",3,"common",0.0449,0.8929,2.5388,0.8286,56.4185,59.7859,60.7237,1,150336,0,0,4698,300672,616,171947904,19408,172098240,12952,12952,1,20260711
"E1",3,"SliceBF-NoPruning",300000,"medium_024",3,"medium",0.0475,0.9363,2.455,0.3427,0.0265,2.8242,3.808,1,150336,0,0,4698,300672,616,171947904,19408,172098240,1,1,1,20260711
"E1",3,"SliceBF-NoPruning",300000,"medium_020",3,"medium",0.031,0.901,2.8169,0.3618,0.035,3.2137,4.1457,1,150336,0,0,4698,300672,616,171947904,19408,172098240,2,2,1,20260711
"E1",3,"SliceBF-NoPruning",300000,"common_002",3,"common",0.0305,0.8477,2.266,0.3579,6.4999,9.1238,10.002,1,150336,0,0,4698,300672,616,171947904,19408,172098240,1369,1369,1,20260711
"E1",3,"SliceBF-NoPruning",300000,"medium_014",3,"medium",0.0378,0.8957,1.7002,0.3437,0.0806,2.1245,3.058,1,150336,0,0,4698,300672,616,171947904,19408,172098240,10,10,1,20260711
"E1",3,"SliceBF-NoPruning",300000,"medium_011",3,"medium",0.0306,0.905,1.8045,0.3692,0.0239,2.1976,3.1332,1,150336,0,0,4698,300672,616,171947904,19408,172098240,1,1,1,20260711
"E1",3,"SliceBF-NoPruning",300000,"rare_011",3,"rare",0.0309,0.8483,1.3989,0.3415,0.0213,1.7617,2.6409,1,150336,0,0,4698,300672,616,171947904,19408,172098240,1,1,1,20260711
"E1",3,"SliceBF-NoPruning",300000,"common_016",3,"common",0.0296,0.8671,3.1261,0.4674,54.4416,58.0351,58.9318,1,150336,0,0,4698,300672,616,171947904,19408,172098240,13073,13073,1,20260711
"E1",3,"SliceBF-NoPruning",300000,"common_020",3,"common",0.0429,0.9509,2.9631,0.4045,23.843,27.2106,28.2044,1,150336,0,0,4698,300672,616,171947904,19408,172098240,6213,6213,1,20260711
"E1",3,"SliceBF-NoPruning",300000,"medium_006",3,"medium",0.0425,0.9129,1.3645,0.3417,0.0285,1.7347,2.6901,1,150336,0,0,4698,300672,616,171947904,19408,172098240,1,1,1,20260711
"E1",3,"SliceBF-NoPruning",300000,"medium_018",3,"medium",0.0299,0.8525,1.7848,0.343,0.0233,2.1511,3.0335,1,150336,0,0,4698,300672,616,171947904,19408,172098240,1,1,1,20260711
"E1",3,"SliceBF-NoPruning",300000,"common_022",3,"common",0.0301,1.4121,2.3626,0.448,48.1566,50.9672,52.4094,1,150336,0,0,4698,300672,616,171947904,19408,172098240,11283,11283,1,20260711
"E1",3,"SliceBF-NoPruning",300000,"common_013",3,"common",0.0473,0.9328,1.3014,0.3537,3.3632,5.0183,5.9984,1,150336,0,0,4698,300672,616,171947904,19408,172098240,805,805,1,20260711
"E1",3,"SliceBF-NoPruning",300000,"rare_015",3,"rare",0.0385,0.8999,1.3339,0.3416,0.0255,1.701,2.6394,1,150336,0,0,4698,300672,616,171947904,19408,172098240,2,2,1,20260711
"E1",3,"SliceBF-NoPruning",300000,"rare_001",3,"rare",0.0297,0.8445,1.7186,0.3422,0.0234,2.0842,2.9584,1,150336,0,0,4698,300672,616,171947904,19408,172098240,1,1,1,20260711
"E1",3,"SliceBF-NoPruning",300000,"rare_025",3,"rare",0.0296,0.8242,1.9529,0.3429,0.0238,2.3196,3.1734,1,150336,0,0,4698,300672,616,171947904,19408,172098240,2,2,1,20260711
"E1",3,"SliceBF-NoPruning",300000,"medium_013",3,"medium",0.2053,0.8638,1.6367,0.3422,0.0361,2.015,3.0841,1,150336,0,0,4698,300672,616,171947904,19408,172098240,4,4,1,20260711
"E1",3,"SliceBF-NoPruning",300000,"rare_014",3,"rare",0.0299,1.3566,1.515,0.3416,0.035,1.8916,3.2781,1,150336,0,0,4698,300672,616,171947904,19408,172098240,1,1,1,20260711
"E1",3,"SliceBF-NoPruning",300000,"common_007",3,"common",0.0312,0.8492,1.5892,0.3604,7.599,9.5486,10.429,1,150336,0,0,4698,300672,616,171947904,19408,172098240,1452,1452,1,20260711
"E1",3,"SliceBF-NoPruning",300000,"rare_003",3,"rare",0.0373,0.983,1.4262,0.3417,0.0176,1.7855,2.8058,1,150336,0,0,4698,300672,616,171947904,19408,172098240,1,1,1,20260711
"E1",3,"SliceBF-NoPruning",300000,"common_012",3,"common",0.0303,0.974,2.0794,0.4111,14.2603,16.7508,17.7551,1,150336,0,0,4698,300672,616,171947904,19408,172098240,3545,3545,1,20260711
"E1",3,"SliceBF-NoPruning",300000,"medium_009",3,"medium",0.0484,0.9539,1.5111,0.3417,0.0194,1.8722,2.8745,1,150336,0,0,4698,300672,616,171947904,19408,172098240,1,1,1,20260711
"E1",3,"SliceBF-NoPruning",300000,"common_024",3,"common",0.0348,0.9564,3.07,0.8881,291.301,295.26,296.251,1,150336,0,0,4698,300672,616,171947904,19408,172098240,72721,72721,1,20260711
"E1",3,"SliceBF-NoPruning",300000,"common_027",3,"common",0.0476,0.9404,2.3725,0.5755,133.27,136.218,137.206,1,150336,0,0,4698,300672,616,171947904,19408,172098240,26737,26737,1,20260711
"E1",3,"SliceBF-NoPruning",300000,"rare_006",3,"rare",0.0453,0.9605,1.5452,0.3425,0.0245,1.9122,2.918,1,150336,0,0,4698,300672,616,171947904,19408,172098240,1,1,1,20260711
"E1",3,"SliceBF-NoPruning",300000,"common_025",3,"common",0.0316,1.0399,1.8577,0.4218,30.0419,32.3214,33.3929,1,150336,0,0,4698,300672,616,171947904,19408,172098240,8113,8113,1,20260711
"E1",3,"SliceBF-NoPruning",300000,"medium_005",3,"medium",0.0426,1.2067,2.1755,0.4481,0.0602,2.6838,3.9331,1,150336,0,0,4698,300672,616,171947904,19408,172098240,7,7,1,20260711
"E1",3,"SliceBF-NoPruning",300000,"rare_002",3,"rare",0.0319,1.0219,1.6718,0.3435,0.0189,2.0342,3.088,1,150336,0,0,4698,300672,616,171947904,19408,172098240,1,1,1,20260711
"E1",3,"SliceBF-NoPruning",300000,"common_026",3,"common",0.0309,0.9973,2.7914,0.5751,134.825,138.191,139.22,1,150336,0,0,4698,300672,616,171947904,19408,172098240,26769,26769,1,20260711
"E1",3,"SliceBF-NoPruning",300000,"common_006",3,"common",0.0478,0.9559,2.3446,0.3511,2.252,4.9477,5.9514,1,150336,0,0,4698,300672,616,171947904,19408,172098240,502,502,1,20260711
"E1",3,"SliceBF-NoPruning",300000,"common_010",3,"common",0.0333,0.9291,1.9145,0.4409,46.123,48.4784,49.4408,1,150336,0,0,4698,300672,616,171947904,19408,172098240,10198,10198,1,20260711
"E1",3,"SliceBF-NoPruning",300000,"rare_004",3,"rare",0.0418,0.904,1.2702,0.3417,0.0226,1.6345,2.5803,1,150336,0,0,4698,300672,616,171947904,19408,172098240,1,1,1,20260711
"E1",3,"SliceBF-NoPruning",300000,"medium_023",3,"medium",0.0313,0.969,2.3749,0.9395,0.0253,3.3397,4.34,1,150336,0,0,4698,300672,616,171947904,19408,172098240,1,1,1,20260711
"E1",3,"SliceBF-NoPruning",300000,"rare_020",3,"rare",0.0308,0.8498,2.6334,0.3424,0.03,3.0058,3.8864,1,150336,0,0,4698,300672,616,171947904,19408,172098240,1,1,1,20260711
"E1",3,"SliceBF-NoPruning",300000,"common_023",3,"common",0.0303,1.3005,2.5079,0.4662,56.8839,59.858,61.1888,1,150336,0,0,4698,300672,616,171947904,19408,172098240,12472,12472,1,20260711
"E1",3,"SliceBF-NoPruning",300000,"rare_009",3,"rare",0.0427,0.9026,1.4892,0.4318,0.0275,1.9485,2.8938,1,150336,0,0,4698,300672,616,171947904,19408,172098240,1,1,1,20260711
"E1",3,"SliceBF-NoPruning",300000,"rare_018",3,"rare",0.0311,0.8889,1.3199,0.3414,0.0225,1.6838,2.6038,1,150336,0,0,4698,300672,616,171947904,19408,172098240,1,1,1,20260711
"E1",3,"SliceBF-NoPruning",300000,"rare_010",3,"rare",0.0302,0.8088,2.0052,0.3418,0.0188,2.3658,3.2048,1,150336,0,0,4698,300672,616,171947904,19408,172098240,1,1,1,20260711
"E1",3,"SliceBF-NoPruning",300000,"medium_021",3,"medium",0.0379,0.8419,1.5132,0.3427,0.0172,1.8731,2.7529,1,150336,0,0,4698,300672,616,171947904,19408,172098240,1,1,1,20260711
"E1",3,"SliceBF-NoPruning",300000,"common_017",3,"common",0.0479,0.8817,2.5946,0.408,26.0867,29.0893,30.0189,1,150336,0,0,4698,300672,616,171947904,19408,172098240,6627,6627,1,20260711
"E1",3,"SliceBF-NoPruning",300000,"common_015",3,"common",0.0394,0.903,3.0535,0.3889,21.2207,24.6631,25.6055,1,150336,0,0,4698,300672,616,171947904,19408,172098240,4442,4442,1,20260711
"E1",3,"SliceBF-NoPruning",300000,"medium_022",3,"medium",0.04,1.3182,2.0767,0.346,0.0398,2.4625,3.8207,1,150336,0,0,4698,300672,616,171947904,19408,172098240,3,3,1,20260711
"E1",3,"SliceBF-NoPruning",300000,"common_000",3,"common",0.0322,0.9007,2.4328,0.3865,22.907,25.7263,26.6592,1,150336,0,0,4698,300672,616,171947904,19408,172098240,4242,4242,1,20260711
"E1",3,"SliceBF-NoPruning",300000,"rare_024",3,"rare",0.0413,0.9166,2.1055,0.343,0.1354,2.5839,3.5418,1,150336,0,0,4698,300672,616,171947904,19408,172098240,22,22,1,20260711
"E1",3,"SliceBF-NoPruning",300000,"medium_015",3,"medium",0.0309,0.9042,1.6874,0.3442,0.0276,2.0592,2.9943,1,150336,0,0,4698,300672,616,171947904,19408,172098240,1,1,1,20260711
"E1",3,"SliceBF-NoPruning",300000,"medium_003",3,"medium",0.0308,0.8218,1.5671,0.3423,0.023,1.9324,2.785,1,150336,0,0,4698,300672,616,171947904,19408,172098240,1,1,1,20260711
"E1",3,"SliceBF-NoPruning",300000,"rare_007",3,"rare",0.0299,0.8317,2.164,0.3435,0.0198,2.5273,3.3889,1,150336,0,0,4698,300672,616,171947904,19408,172098240,1,1,1,20260711
"E1",3,"SliceBF-NoPruning",300000,"medium_025",3,"medium",0.0305,0.8388,1.2943,0.3414,0.0194,1.6551,2.5244,1,150336,0,0,4698,300672,616,171947904,19408,172098240,1,1,1,20260711
"E1",3,"SliceBF-NoPruning",300000,"common_014",3,"common",0.0328,1.0166,2.433,0.4259,38.4653,41.3242,42.3736,1,150336,0,0,4698,300672,616,171947904,19408,172098240,8670,8670,1,20260711
"E1",3,"SliceBF-NoPruning",300000,"medium_000",3,"medium",0.0433,1.1389,2.2211,0.3443,0.0382,2.6036,3.7858,1,150336,0,0,4698,300672,616,171947904,19408,172098240,3,3,1,20260711
"E1",3,"SliceBF-NoPruning",300000,"medium_008",3,"medium",0.0309,0.9497,1.6743,0.7383,0.0239,2.4365,3.4171,1,150336,0,0,4698,300672,616,171947904,19408,172098240,1,1,1,20260711
"E1",3,"SliceBF-NoPruning",300000,"medium_017",3,"medium",0.0307,0.8809,1.5903,0.3416,0.0222,1.9541,2.8657,1,150336,0,0,4698,300672,616,171947904,19408,172098240,1,1,1,20260711
"E1",3,"SliceBF-NoPruning",300000,"medium_016",3,"medium",0.0298,0.8109,1.3254,0.5605,0.0199,1.9058,2.7465,1,150336,0,0,4698,300672,616,171947904,19408,172098240,1,1,1,20260711
"E1",3,"SliceBF-NoPruning",300000,"common_001",3,"common",0.0297,0.8158,2.2013,0.369,11.7821,14.3524,15.1979,1,150336,0,0,4698,300672,616,171947904,19408,172098240,2313,2313,1,20260711
"E1",3,"SliceBF-NoPruning",300000,"medium_004",3,"medium",0.04,0.9092,1.2942,0.3418,0.0189,1.6549,2.6041,1,150336,0,0,4698,300672,616,171947904,19408,172098240,1,1,1,20260711
"E1",3,"SliceBF-NoPruning",300000,"rare_022",3,"rare",0.0295,1.4161,1.221,0.3417,0.044,1.6067,3.0523,1,150336,0,0,4698,300672,616,171947904,19408,172098240,4,4,1,20260711
"E1",3,"SliceBF-NoPruning",300000,"common_008",3,"common",0.0931,0.8448,2.1678,0.3859,18.3892,20.9429,21.8808,1,150336,0,0,4698,300672,616,171947904,19408,172098240,3878,3878,1,20260711
"E1",3,"SliceBF-NoPruning",300000,"common_018",3,"common",0.0395,0.9046,2.2367,0.4077,28.4285,31.0729,32.017,1,150336,0,0,4698,300672,616,171947904,19408,172098240,6756,6756,1,20260711
"E1",3,"SliceBF-NoPruning",300000,"common_003",3,"common",0.042,0.9133,2.3216,0.3546,4.1294,6.8056,7.7609,1,150336,0,0,4698,300672,616,171947904,19408,172098240,898,898,1,20260711
"E1",3,"SliceBF-NoPruning",300000,"medium_019",3,"medium",0.0345,0.8913,2.1001,0.3452,0.0235,2.4688,3.3946,1,150336,0,0,4698,300672,616,171947904,19408,172098240,1,1,1,20260711
"E1",3,"SliceBF-NoPruning",300000,"rare_023",3,"rare",0.0307,0.8874,1.8081,0.3435,0.247,2.3986,3.3167,1,150336,0,0,4698,300672,616,171947904,19408,172098240,44,44,1,20260711
"E1",3,"SliceBF-NoPruning",300000,"medium_010",3,"medium",0.0302,0.9905,1.737,0.3417,0.0161,2.0948,3.1155,1,150336,0,0,4698,300672,616,171947904,19408,172098240,1,1,1,20260711
"E1",3,"SliceBF-NoPruning",300000,"rare_013",3,"rare",0.0308,1.2687,1.4667,0.3444,0.2708,2.0819,3.3814,1,150336,0,0,4698,300672,616,171947904,19408,172098240,31,31,1,20260711
"E1",3,"SliceBF-NoPruning",300000,"rare_008",3,"rare",0.033,0.849,1.9185,0.3438,0.0555,2.3178,3.1998,1,150336,0,0,4698,300672,616,171947904,19408,172098240,8,8,1,20260711
"E1",3,"SliceBF-NoPruning",300000,"medium_001",3,"medium",0.0297,0.8528,1.4753,0.4732,0.0218,1.9703,2.8528,1,150336,0,0,4698,300672,616,171947904,19408,172098240,1,1,1,20260711
"E1",3,"SliceBF-NoPruning",300000,"rare_000",3,"rare",0.0304,0.8352,1.3074,0.3446,0.0195,1.6715,2.5371,1,150336,0,0,4698,300672,616,171947904,19408,172098240,1,1,1,20260711
"E1",4,"SliceBF",300000,"rare_006",3,"rare",0.0355,0.1125,1.3031,0.3416,0.0098,1.6545,1.8025,1,150336,0,0,1,64,616,25280,620,175616,1,1,1,20260711
"E1",4,"SliceBF",300000,"medium_000",3,"medium",0.0303,0.1065,2.3181,0.4293,0.03,2.7774,2.9142,1,150336,0,0,3,192,616,108608,628,258944,3,3,1,20260711
"E1",4,"SliceBF",300000,"rare_022",3,"rare",0.031,0.1089,1.2058,0.3418,0.0296,1.5772,1.7171,1,150336,0,0,4,256,616,199424,632,349760,4,4,1,20260711
"E1",4,"SliceBF",300000,"medium_022",3,"medium",0.0305,0.1064,1.2944,0.3416,0.0211,1.6571,1.794,1,150336,0,0,3,192,616,108608,628,258944,3,3,1,20260711
"E1",4,"SliceBF",300000,"rare_024",3,"rare",0.0297,0.1112,2.4801,0.3437,0.129,2.9528,3.0937,1,150336,0,0,22,1408,616,982144,704,1132480,22,22,1,20260711
"E1",4,"SliceBF",300000,"rare_014",3,"rare",0.032,0.1091,1.2056,0.3414,0.0096,1.5566,1.6977,1,150336,0,0,1,64,616,17088,620,167424,1,1,1,20260711
"E1",4,"SliceBF",300000,"rare_010",3,"rare",0.0299,0.1043,2.2203,0.342,0.0193,2.5816,2.7158,1,150336,0,0,1,64,616,41664,620,192000,1,1,1,20260711
"E1",4,"SliceBF",300000,"medium_004",3,"medium",0.031,0.1091,1.2,0.3414,0.0101,1.5515,1.6916,1,150336,0,0,1,64,616,25280,620,175616,1,1,1,20260711
"E1",4,"SliceBF",300000,"rare_017",3,"rare",0.0291,0.1022,1.3391,0.3414,0.0089,1.6894,1.8207,1,150336,0,0,1,64,616,25280,620,175616,1,1,1,20260711
"E1",4,"SliceBF",300000,"medium_012",3,"medium",0.0291,0.1016,2.2599,0.379,0.0204,2.6593,2.79,1,150336,0,0,1,64,616,41664,620,192000,1,1,1,20260711
"E1",4,"SliceBF",300000,"rare_005",3,"rare",0.0334,0.1152,1.2845,0.3415,0.0127,1.6387,1.7873,1,150336,0,0,1,64,616,41664,620,192000,1,1,1,20260711
"E1",4,"SliceBF",300000,"medium_023",3,"medium",0.0301,0.1051,1.5148,0.4634,0.0204,1.9986,2.1338,1,150336,0,0,1,64,616,41664,620,192000,1,1,1,20260711
"E1",4,"SliceBF",300000,"rare_007",3,"rare",0.031,0.1107,1.3031,0.3415,0.012,1.6566,1.7983,1,150336,0,0,1,64,616,41664,620,192000,1,1,1,20260711
"E1",4,"SliceBF",300000,"medium_010",3,"medium",0.0301,0.1013,1.256,0.3415,0.0098,1.6073,1.7387,1,150336,0,0,1,64,616,41664,620,192000,1,1,1,20260711
"E1",4,"SliceBF",300000,"medium_007",3,"medium",0.0301,0.1058,1.2446,0.5543,0.0217,1.8206,1.9565,1,150336,0,0,1,64,616,25280,620,175616,1,1,1,20260711
"E1",4,"SliceBF",300000,"medium_006",3,"medium",0.032,0.1156,1.6174,0.3307,0.0143,1.9624,2.11,1,150336,0,0,1,64,616,41664,620,192000,1,1,1,20260711
"E1",4,"SliceBF",300000,"rare_001",3,"rare",0.0303,0.105,1.1637,0.3413,0.0098,1.5148,1.6501,1,150336,0,0,1,64,616,41664,620,192000,1,1,1,20260711
"E1",4,"SliceBF",300000,"medium_014",3,"medium",0.03,0.1177,2.0563,0.4175,0.0745,2.5483,2.696,1,150336,0,0,10,640,616,498560,656,648896,10,10,1,20260711
"E1",4,"SliceBF",300000,"medium_021",3,"medium",0.032,0.102,1.6645,0.3417,0.0105,2.0167,2.1507,1,150336,0,0,1,64,616,41664,620,192000,1,1,1,20260711
"E1",4,"SliceBF",300000,"rare_008",3,"rare",0.03,0.1051,1.3295,0.3418,0.05,1.7213,1.8564,1,150336,0,0,8,512,616,415232,648,565568,8,8,1,20260711
"E1",4,"SliceBF",300000,"rare_015",3,"rare",0.0302,0.243,1.3899,0.3416,0.0173,1.7488,2.022,1,150336,0,0,2,128,616,66944,624,217280,2,2,1,20260711
"E1",4,"SliceBF",300000,"common_018",3,"common",0.0316,1.3152,2.1435,0.4055,27.7226,30.2716,31.6184,1,150336,0,0,3572,228608,616,129122048,14904,129272384,6756,6756,1,20260711
"E1",4,"SliceBF",300000,"common_026",3,"common",0.0435,2.4267,2.3085,0.5775,136.678,139.564,142.034,1,150336,0,0,4119,263616,616,157916992,17092,158067328,26769,26769,1,20260711
"E1",4,"SliceBF",300000,"rare_009",3,"rare",0.0478,0.1096,1.6556,0.3436,0.017,2.0162,2.1736,1,150336,0,0,1,64,616,41664,620,192000,1,1,1,20260711
"E1",4,"SliceBF",300000,"common_010",3,"common",0.0304,1.3578,1.8973,0.4365,46.2494,48.5832,49.9714,1,150336,0,0,4017,257088,616,150865600,16684,151015936,10198,10198,1,20260711
"E1",4,"SliceBF",300000,"medium_017",3,"medium",0.0432,0.1185,1.7789,0.6991,0.0238,2.5018,2.6635,1,150336,0,0,1,64,616,25280,620,175616,1,1,1,20260711
"E1",4,"SliceBF",300000,"medium_008",3,"medium",0.0303,0.107,1.4985,0.3415,0.0105,1.8505,1.9878,1,150336,0,0,1,64,616,41664,620,192000,1,1,1,20260711
"E1",4,"SliceBF",300000,"medium_011",3,"medium",0.0295,0.1059,1.5083,0.3415,0.0117,1.8615,1.9969,1,150336,0,0,1,64,616,25280,620,175616,1,1,1,20260711
"E1",4,"SliceBF",300000,"common_015",3,"common",0.0305,0.8508,2.9669,0.3864,21.3238,24.6771,25.5584,1,150336,0,0,2617,167488,616,106462400,11084,106612736,4442,4442,1,20260711
"E1",4,"SliceBF",300000,"medium_002",3,"medium",0.0397,0.1104,2.2782,0.4244,0.0292,2.7318,2.8819,1,150336,0,0,1,64,616,25280,620,175616,1,1,1,20260711
"E1",4,"SliceBF",300000,"medium_024",3,"medium",0.035,0.105,1.9794,0.3414,0.011,2.3318,2.4718,1,150336,0,0,1,64,616,41664,620,192000,1,1,1,20260711
"E1",4,"SliceBF",300000,"common_007",3,"common",0.029,0.5975,1.6461,0.6004,7.4836,9.7301,10.3566,1,150336,0,0,1076,68864,616,47697664,4920,47848000,1452,1452,1,20260711
"E1",4,"SliceBF",300000,"rare_023",3,"rare",0.041,0.1294,1.7806,0.3555,0.2394,2.3755,2.5459,1,150336,0,0,44,2816,616,2062592,792,2212928,44,44,1,20260711
"E1",4,"SliceBF",300000,"common_005",3,"common",0.0348,0.9428,2.9094,0.3817,14.8347,18.1258,19.1034,1,150336,0,0,2469,158016,616,86902208,10492,87052544,3532,3532,1,20260711
"E1",4,"SliceBF",300000,"common_004",3,"common",0.0393,1.5387,2.9837,0.4746,55.0322,58.4905,60.0685,1,150336,0,0,4186,267904,616,156612480,17360,156762816,12952,12952,1,20260711
"E1",4,"SliceBF",300000,"medium_001",3,"medium",0.0837,0.1121,1.5155,0.3836,0.0239,1.923,2.1188,1,150336,0,0,1,64,616,25280,620,175616,1,1,1,20260711
"E1",4,"SliceBF",300000,"medium_009",3,"medium",0.0309,0.1067,1.3369,0.3414,0.011,1.6893,1.8269,1,150336,0,0,1,64,616,41664,620,192000,1,1,1,20260711
"E1",4,"SliceBF",300000,"rare_003",3,"rare",0.0294,0.0994,1.3177,0.3414,0.0096,1.6687,1.7975,1,150336,0,0,1,64,616,25280,620,175616,1,1,1,20260711
"E1",4,"SliceBF",300000,"rare_018",3,"rare",0.0293,0.1034,1.5391,0.3415,0.0121,1.8927,2.0254,1,150336,0,0,1,64,616,25280,620,175616,1,1,1,20260711
"E1",4,"SliceBF",300000,"common_023",3,"common",0.0297,1.7585,2.5569,0.5099,56.9595,60.0263,61.8145,1,150336,0,0,4226,270464,616,157459840,17520,157610176,12472,12472,1,20260711
"E1",4,"SliceBF",300000,"rare_013",3,"rare",0.0431,0.1183,1.9296,0.3497,0.1566,2.4359,2.5973,1,150336,0,0,31,1984,616,1258816,740,1409152,31,31,1,20260711
"E1",4,"SliceBF",300000,"common_017",3,"common",0.0304,1.3763,2.6989,0.408,25.9569,29.0638,30.4705,1,150336,0,0,3388,216832,616,117474560,14168,117624896,6627,6627,1,20260711
"E1",4,"SliceBF",300000,"common_024",3,"common",0.0452,4.8307,2.6439,0.8833,293.459,296.986,301.862,1,150336,0,0,4664,298496,616,171252224,19272,171402560,72721,72721,1,20260711
"E1",4,"SliceBF",300000,"common_022",3,"common",0.0487,1.488,2.9083,0.46,48.3547,51.723,53.2597,1,150336,0,0,4291,274624,616,158349376,17780,158499712,11283,11283,1,20260711
"E1",4,"SliceBF",300000,"common_002",3,"common",0.0422,0.5486,2.578,0.4117,6.105,9.0947,9.6855,1,150336,0,0,1178,75392,616,46802816,5328,46953152,1369,1369,1,20260711
"E1",4,"SliceBF",300000,"rare_025",3,"rare",0.0377,0.1073,1.9454,0.3416,0.0152,2.3022,2.4472,1,150336,0,0,2,128,616,50560,624,200896,2,2,1,20260711
"E1",4,"SliceBF",300000,"medium_003",3,"medium",0.0299,0.105,1.9751,0.3445,0.0237,2.3433,2.4782,1,150336,0,0,1,64,616,25280,620,175616,1,1,1,20260711
"E1",4,"SliceBF",300000,"medium_018",3,"medium",0.0311,0.1055,1.416,0.3431,0.0125,1.7716,1.9082,1,150336,0,0,1,64,616,41664,620,192000,1,1,1,20260711
"E1",4,"SliceBF",300000,"common_014",3,"common",0.0299,1.3408,1.9018,0.5787,39.4815,41.962,43.3327,1,150336,0,0,3588,229632,616,140274432,14968,140424768,8670,8670,1,20260711
"E1",4,"SliceBF",300000,"medium_025",3,"medium",0.0413,0.1091,1.206,0.5856,0.019,1.8106,1.961,1,150336,0,0,1,64,616,25280,620,175616,1,1,1,20260711
"E1",4,"SliceBF",300000,"rare_000",3,"rare",0.0303,0.1195,1.436,0.3416,0.0109,1.7885,1.9383,1,150336,0,0,1,64,616,25280,620,175616,1,1,1,20260711
"E1",4,"SliceBF",300000,"common_003",3,"common",0.0304,0.3456,2.2625,0.3546,4.2863,6.9034,7.2794,1,150336,0,0,826,52864,616,31596416,3920,31746752,898,898,1,20260711
"E1",4,"SliceBF",300000,"medium_020",3,"medium",0.0337,0.1053,2.9905,0.3427,0.0301,3.3633,3.5023,1,150336,0,0,2,128,616,83328,624,233664,2,2,1,20260711
"E1",4,"SliceBF",300000,"rare_012",3,"rare",0.0305,0.11,1.4643,0.3423,0.0742,1.8808,2.0213,1,150336,0,0,14,896,616,583296,672,733632,14,14,1,20260711
"E1",4,"SliceBF",300000,"rare_002",3,"rare",0.0298,0.1011,1.8832,0.3462,0.0184,2.2478,2.3787,1,150336,0,0,1,64,616,41664,620,192000,1,1,1,20260711
"E1",4,"SliceBF",300000,"medium_019",3,"medium",0.0302,0.0994,1.331,0.3426,0.0094,1.683,1.8126,1,150336,0,0,1,64,616,25280,620,175616,1,1,1,20260711
"E1",4,"SliceBF",300000,"common_019",3,"common",0.0294,1.693,2.6994,0.6219,63.6917,67.013,68.7354,1,150336,0,0,4468,285952,616,162283264,18488,162433600,15472,15472,1,20260711
"E1",4,"SliceBF",300000,"rare_019",3,"rare",0.0496,0.1116,1.3533,0.3418,0.0132,1.7083,1.8695,1,150336,0,0,1,64,616,25280,620,175616,1,1,1,20260711
"E1",4,"SliceBF",300000,"common_020",3,"common",0.0314,1.0557,3.1081,0.4043,24.6549,28.1673,29.2544,1,150336,0,0,3311,211904,616,113692992,13860,113843328,6213,6213,1,20260711
"E1",4,"SliceBF",300000,"common_013",3,"common",0.0417,0.3195,1.7174,0.3542,3.2571,5.3287,5.6899,1,150336,0,0,737,47168,616,24677056,3564,24827392,805,805,1,20260711
"E1",4,"SliceBF",300000,"rare_011",3,"rare",0.034,0.1058,1.2531,0.3432,0.0102,1.6065,1.7463,1,150336,0,0,1,64,616,25280,620,175616,1,1,1,20260711
"E1",4,"SliceBF",300000,"rare_016",3,"rare",0.0304,0.1451,2.1037,0.3432,0.0245,2.4714,2.6469,1,150336,0,0,1,64,616,41664,620,192000,1,1,1,20260711
"E1",4,"SliceBF",300000,"common_001",3,"common",0.0308,0.5584,2.3604,0.3667,11.5659,14.293,14.8822,1,150336,0,0,1625,104000,616,70456512,7116,70606848,2313,2313,1,20260711
"E1",4,"SliceBF",300000,"common_027",3,"common",0.0457,2.159,2.7599,0.5777,132.753,136.09,138.295,1,150336,0,0,4116,263424,616,157841152,17080,157991488,26737,26737,1,20260711
"E1",4,"SliceBF",300000,"medium_016",3,"medium",0.0472,0.1204,2.1097,0.342,0.0187,2.4704,2.638,1,150336,0,0,1,64,616,25280,620,175616,1,1,1,20260711
"E1",4,"SliceBF",300000,"rare_020",3,"rare",0.0311,0.1023,2.1403,0.3415,0.0132,2.495,2.6284,1,150336,0,0,1,64,616,25280,620,175616,1,1,1,20260711
"E1",4,"SliceBF",300000,"rare_021",3,"rare",0.0304,0.1048,2.2855,0.3422,0.022,2.6497,2.7849,1,150336,0,0,1,64,616,25280,620,175616,1,1,1,20260711
"E1",4,"SliceBF",300000,"common_009",3,"common",0.0304,1.2209,2.6319,0.4357,28.1973,31.2649,32.5162,1,150336,0,0,2381,152384,616,103953344,10140,104103680,5420,5420,1,20260711
"E1",4,"SliceBF",300000,"common_012",3,"common",0.0403,0.7935,1.7652,0.3812,14.2273,16.3737,17.2075,1,150336,0,0,2483,158912,616,89459776,10548,89610112,3545,3545,1,20260711
"E1",4,"SliceBF",300000,"medium_015",3,"medium",0.0389,0.11,1.3127,0.3418,0.0116,1.6661,1.815,1,150336,0,0,1,64,616,25280,620,175616,1,1,1,20260711
"E1",4,"SliceBF",300000,"rare_004",3,"rare",0.0297,0.1014,1.6476,0.342,0.0203,2.0099,2.141,1,150336,0,0,1,64,616,25280,620,175616,1,1,1,20260711
"E1",4,"SliceBF",300000,"common_011",3,"common",0.0312,1.6511,1.7878,0.4663,62.3995,64.6536,66.3359,1,150336,0,0,3788,242432,616,148828416,15768,148978752,13270,13270,1,20260711
"E1",4,"SliceBF",300000,"medium_013",3,"medium",0.0422,0.1136,1.6821,0.4665,0.0369,2.1855,2.3413,1,150336,0,0,4,256,616,199424,632,349760,4,4,1,20260711
"E1",4,"SliceBF",300000,"common_025",3,"common",0.0297,1.1258,2.7771,0.4274,30.2401,33.4446,34.6001,1,150336,0,0,3274,209536,616,109210496,13712,109360832,8113,8113,1,20260711
"E1",4,"SliceBF",300000,"common_006",3,"common",0.0441,0.2417,2.5387,0.356,1.7572,4.6519,4.9377,1,150336,0,0,461,29504,616,13407168,2460,13557504,502,502,1,20260711
"E1",4,"SliceBF",300000,"common_008",3,"common",0.0308,0.7646,2.4613,0.5664,18.5357,21.5634,22.3588,1,150336,0,0,2331,149184,616,94374464,9940,94524800,3878,3878,1,20260711
"E1",4,"SliceBF",300000,"common_021",3,"common",0.0387,1.2907,2.858,0.4326,44.4309,47.7215,49.0509,1,150336,0,0,3640,232960,616,140941824,15176,141092160,9264,9264,1,20260711
"E1",4,"SliceBF",300000,"common_000",3,"common",0.0419,0.6994,2.8342,0.3869,23.1723,26.3934,27.1347,1,150336,0,0,1849,118336,616,81329344,8012,81479680,4242,4242,1,20260711
"E1",4,"SliceBF",300000,"common_016",3,"common",0.0441,1.5884,3.0429,0.4686,54.8882,58.3997,60.0322,1,150336,0,0,4181,267584,616,153725376,17340,153875712,13073,13073,1,20260711
"E1",4,"SliceBF",300000,"medium_005",3,"medium",0.0463,0.1113,2.2202,0.344,0.0483,2.6125,2.7701,1,150336,0,0,7,448,616,275264,644,425600,7,7,1,20260711
"E1",4,"SliceBF-NoMask",300000,"rare_006",3,"rare",0.0312,0.1046,1.4377,0.348,0.0227,1.8084,1.9442,1,150336,0,0,1,64,616,25280,620,175616,1,1,1,20260711
"E1",4,"SliceBF-NoMask",300000,"medium_000",3,"medium",0.0295,0.1048,1.6219,0.3429,0.0217,1.9865,2.1208,1,150336,0,0,3,192,616,108608,628,258944,3,3,1,20260711
"E1",4,"SliceBF-NoMask",300000,"rare_022",3,"rare",0.0287,0.1038,1.2879,0.4771,0.0313,1.7963,1.9288,1,150336,0,0,4,256,616,199424,632,349760,4,4,1,20260711
"E1",4,"SliceBF-NoMask",300000,"medium_022",3,"medium",0.0291,0.1055,1.65,0.3347,0.0278,2.0125,2.1471,1,150336,0,0,3,192,616,108608,628,258944,3,3,1,20260711
"E1",4,"SliceBF-NoMask",300000,"rare_024",3,"rare",0.0295,0.1109,1.5903,0.3423,0.1188,2.0514,2.1918,1,150336,0,0,22,1408,616,982144,704,1132480,22,22,1,20260711
"E1",4,"SliceBF-NoMask",300000,"rare_014",3,"rare",0.0286,0.101,1.2399,0.4621,0.0133,1.7153,1.8449,1,150336,0,0,1,64,616,17088,620,167424,1,1,1,20260711
"E1",4,"SliceBF-NoMask",300000,"rare_010",3,"rare",0.0287,0.1049,1.1826,0.3441,0.0177,1.5444,1.678,1,150336,0,0,1,64,616,41664,620,192000,1,1,1,20260711
"E1",4,"SliceBF-NoMask",300000,"medium_004",3,"medium",0.0289,0.1019,0.9298,0.3414,0.0104,1.2816,1.4124,1,150336,0,0,1,64,616,25280,620,175616,1,1,1,20260711
"E1",4,"SliceBF-NoMask",300000,"rare_017",3,"rare",0.0281,0.1012,1.0927,0.3427,0.0096,1.445,1.5743,1,150336,0,0,1,64,616,25280,620,175616,1,1,1,20260711
"E1",4,"SliceBF-NoMask",300000,"medium_012",3,"medium",0.0281,0.0993,1.9031,0.3424,0.0173,2.2628,2.3902,1,150336,0,0,1,64,616,41664,620,192000,1,1,1,20260711
"E1",4,"SliceBF-NoMask",300000,"rare_005",3,"rare",0.0298,0.1,1.2859,0.3414,0.0127,1.64,1.7698,1,150336,0,0,1,64,616,41664,620,192000,1,1,1,20260711
"E1",4,"SliceBF-NoMask",300000,"medium_023",3,"medium",0.077,0.0999,1.0955,0.343,0.0107,1.4492,1.6261,1,150336,0,0,1,64,616,41664,620,192000,1,1,1,20260711
"E1",4,"SliceBF-NoMask",300000,"rare_007",3,"rare",0.0285,0.1016,1.411,0.335,0.0162,1.7622,1.8923,1,150336,0,0,1,64,616,41664,620,192000,1,1,1,20260711
"E1",4,"SliceBF-NoMask",300000,"medium_010",3,"medium",0.0289,0.1029,1.0002,0.3435,0.011,1.3547,1.4865,1,150336,0,0,1,64,616,41664,620,192000,1,1,1,20260711
"E1",4,"SliceBF-NoMask",300000,"medium_007",3,"medium",0.0284,0.1023,1.3967,0.3428,0.0103,1.7498,1.8805,1,150336,0,0,1,64,616,25280,620,175616,1,1,1,20260711
"E1",4,"SliceBF-NoMask",300000,"medium_006",3,"medium",0.0289,0.0999,1.5623,0.3442,0.0203,1.9268,2.0556,1,150336,0,0,1,64,616,41664,620,192000,1,1,1,20260711
"E1",4,"SliceBF-NoMask",300000,"rare_001",3,"rare",0.03,0.1028,0.8638,0.3415,0.0104,1.2157,1.3485,1,150336,0,0,1,64,616,41664,620,192000,1,1,1,20260711
"E1",4,"SliceBF-NoMask",300000,"medium_014",3,"medium",0.0284,0.1062,1.2657,0.3421,0.0626,1.6704,1.805,1,150336,0,0,10,640,616,498560,656,648896,10,10,1,20260711
"E1",4,"SliceBF-NoMask",300000,"medium_021",3,"medium",0.0285,0.1013,1.7127,0.3423,0.0195,2.0745,2.2043,1,150336,0,0,1,64,616,41664,620,192000,1,1,1,20260711
"E1",4,"SliceBF-NoMask",300000,"rare_008",3,"rare",0.0298,0.1045,1.0558,0.3432,0.0526,1.4516,1.5859,1,150336,0,0,8,512,616,415232,648,565568,8,8,1,20260711
"E1",4,"SliceBF-NoMask",300000,"rare_015",3,"rare",0.0287,0.1017,0.9349,0.3416,0.0167,1.2932,1.4236,1,150336,0,0,2,128,616,66944,624,217280,2,2,1,20260711
"E1",4,"SliceBF-NoMask",300000,"common_018",3,"common",0.0282,1.119,2.3401,0.4156,27.9889,30.7446,31.8918,1,150336,0,0,3576,228864,616,129460736,14920,129611072,6756,6756,1,20260711
"E1",4,"SliceBF-NoMask",300000,"common_026",3,"common",0.0407,2.2672,2.5293,0.5811,133.131,136.242,138.549,1,150336,0,0,4103,262592,616,157512512,17028,157662848,26769,26769,1,20260711
"E1",4,"SliceBF-NoMask",300000,"rare_009",3,"rare",0.0462,0.1085,0.8482,0.3418,0.021,1.211,1.3657,1,150336,0,0,1,64,616,41664,620,192000,1,1,1,20260711
"E1",4,"SliceBF-NoMask",300000,"common_010",3,"common",0.0304,1.3498,1.6526,0.4436,44.7685,46.8647,48.2449,1,150336,0,0,4069,260416,616,152704448,16892,152854784,10198,10198,1,20260711
"E1",4,"SliceBF-NoMask",300000,"medium_017",3,"medium",0.05,0.2193,1.542,0.3418,0.0255,1.9093,2.1786,1,150336,0,0,1,64,616,25280,620,175616,1,1,1,20260711
"E1",4,"SliceBF-NoMask",300000,"medium_008",3,"medium",0.0295,0.1041,0.9522,0.3415,0.013,1.3067,1.4403,1,150336,0,0,1,64,616,41664,620,192000,1,1,1,20260711
"E1",4,"SliceBF-NoMask",300000,"medium_011",3,"medium",0.0289,0.1001,1.1663,0.3415,0.012,1.5198,1.6488,1,150336,0,0,1,64,616,25280,620,175616,1,1,1,20260711
"E1",4,"SliceBF-NoMask",300000,"common_015",3,"common",0.029,0.9629,2.5596,0.3872,20.9438,23.8906,24.8825,1,150336,0,0,2581,165184,616,104700352,10940,104850688,4442,4442,1,20260711
"E1",4,"SliceBF-NoMask",300000,"medium_002",3,"medium",0.0399,0.1144,1.8262,0.7418,0.0265,2.5945,2.7488,1,150336,0,0,1,64,616,25280,620,175616,1,1,1,20260711
"E1",4,"SliceBF-NoMask",300000,"medium_024",3,"medium",0.0307,0.1089,1.2166,0.3416,0.0123,1.5705,1.7101,1,150336,0,0,1,64,616,41664,620,192000,1,1,1,20260711
"E1",4,"SliceBF-NoMask",300000,"common_007",3,"common",0.0282,0.4082,1.4813,0.3598,8.4156,10.2567,10.6931,1,150336,0,0,1061,67904,616,47138240,4860,47288576,1452,1452,1,20260711
"E1",4,"SliceBF-NoMask",300000,"rare_023",3,"rare",0.0368,0.124,1.4425,0.3437,0.2328,2.019,2.1798,1,150336,0,0,43,2752,616,2020928,788,2171264,44,44,1,20260711
"E1",4,"SliceBF-NoMask",300000,"common_005",3,"common",0.0292,0.7972,2.5859,0.3789,14.751,17.7158,18.5422,1,150336,0,0,2475,158400,616,87365184,10516,87515520,3532,3532,1,20260711
"E1",4,"SliceBF-NoMask",300000,"common_004",3,"common",0.0363,2.2265,2.1365,0.4635,57.3425,59.9425,62.2053,1,150336,0,0,4165,266560,616,155704768,17276,155855104,12952,12952,1,20260711
"E1",4,"SliceBF-NoMask",300000,"medium_001",3,"medium",0.0433,0.1148,1.4385,0.3468,0.0264,1.8117,1.9698,1,150336,0,0,1,64,616,25280,620,175616,1,1,1,20260711
"E1",4,"SliceBF-NoMask",300000,"medium_009",3,"medium",0.0297,0.1049,0.9135,0.3415,0.0152,1.2702,1.4048,1,150336,0,0,1,64,616,41664,620,192000,1,1,1,20260711
"E1",4,"SliceBF-NoMask",300000,"rare_003",3,"rare",0.0289,0.1006,1.0588,0.3433,0.0131,1.4152,1.5447,1,150336,0,0,1,64,616,25280,620,175616,1,1,1,20260711
"E1",4,"SliceBF-NoMask",300000,"rare_018",3,"rare",0.0286,0.1027,2.0455,0.3424,0.0701,2.458,2.5893,1,150336,0,0,1,64,616,25280,620,175616,1,1,1,20260711
"E1",4,"SliceBF-NoMask",300000,"common_023",3,"common",0.0297,1.6758,2.0283,0.4575,57.3381,59.8239,61.5294,1,150336,0,0,4208,269312,616,157160448,17448,157310784,12472,12472,1,20260711
"E1",4,"SliceBF-NoMask",300000,"rare_013",3,"rare",0.0466,0.127,1.3045,0.4899,0.164,1.9584,2.132,1,150336,0,0,31,1984,616,1258816,740,1409152,31,31,1,20260711
"E1",4,"SliceBF-NoMask",300000,"common_017",3,"common",0.0301,1.0988,2.2187,0.4072,26.1077,28.7336,29.8625,1,150336,0,0,3432,219648,616,119324160,14344,119474496,6627,6627,1,20260711
"E1",4,"SliceBF-NoMask",300000,"common_024",3,"common",0.0386,4.9473,2.5966,0.8803,295.028,298.505,303.491,1,150336,0,0,4662,298368,616,171218048,19264,171368384,72721,72721,1,20260711
"E1",4,"SliceBF-NoMask",300000,"common_022",3,"common",0.0493,1.6392,2.1253,0.5818,49.5363,52.2434,53.9319,1,150336,0,0,4240,271360,616,156699648,17576,156849984,11283,11283,1,20260711
"E1",4,"SliceBF-NoMask",300000,"common_002",3,"common",0.0413,0.5864,1.8265,0.6283,6.0513,8.5061,9.1338,1,150336,0,0,1168,74752,616,46451712,5288,46602048,1369,1369,1,20260711
"E1",4,"SliceBF-NoMask",300000,"rare_025",3,"rare",0.0351,0.1092,1.5137,0.3418,0.0173,1.8728,2.0171,1,150336,0,0,2,128,616,50560,624,200896,2,2,1,20260711
"E1",4,"SliceBF-NoMask",300000,"medium_003",3,"medium",0.0288,0.1023,1.0023,0.3416,0.0101,1.354,1.4851,1,150336,0,0,1,64,616,25280,620,175616,1,1,1,20260711
"E1",4,"SliceBF-NoMask",300000,"medium_018",3,"medium",0.0289,0.1017,1.3562,0.3476,0.0174,1.7212,1.8518,1,150336,0,0,1,64,616,41664,620,192000,1,1,1,20260711
"E1",4,"SliceBF-NoMask",300000,"common_014",3,"common",0.0292,1.2042,1.4873,0.4235,39.6443,41.5551,42.7885,1,150336,0,0,3549,227136,616,139059136,14812,139209472,8670,8670,1,20260711
"E1",4,"SliceBF-NoMask",300000,"medium_025",3,"medium",0.0448,0.1115,0.9555,0.3429,0.0183,1.3167,1.473,1,150336,0,0,1,64,616,25280,620,175616,1,1,1,20260711
"E1",4,"SliceBF-NoMask",300000,"rare_000",3,"rare",0.0288,0.104,0.9468,0.3417,0.0116,1.3001,1.4329,1,150336,0,0,1,64,616,25280,620,175616,1,1,1,20260711
"E1",4,"SliceBF-NoMask",300000,"common_003",3,"common",0.0282,0.3334,2.2329,0.4054,4.1824,6.8207,7.1823,1,150336,0,0,805,51520,616,30950848,3836,31101184,898,898,1,20260711
"E1",4,"SliceBF-NoMask",300000,"medium_020",3,"medium",0.0346,0.1119,1.9495,0.3428,0.0174,2.3097,2.4562,1,150336,0,0,2,128,616,83328,624,233664,2,2,1,20260711
"E1",4,"SliceBF-NoMask",300000,"rare_012",3,"rare",0.0291,0.1067,1.3572,0.3424,0.0712,1.7708,1.9066,1,150336,0,0,14,896,616,583296,672,733632,14,14,1,20260711
"E1",4,"SliceBF-NoMask",300000,"rare_002",3,"rare",0.0282,0.4233,1.3553,0.3417,0.0193,1.7163,2.1678,1,150336,0,0,1,64,616,41664,620,192000,1,1,1,20260711
"E1",4,"SliceBF-NoMask",300000,"medium_019",3,"medium",0.0291,0.1035,1.1942,0.3433,0.0121,1.5496,1.6822,1,150336,0,0,1,64,616,25280,620,175616,1,1,1,20260711
"E1",4,"SliceBF-NoMask",300000,"common_019",3,"common",0.0288,1.7445,2.7656,0.4895,62.7573,66.0124,67.7857,1,150336,0,0,4474,286336,616,162402176,18512,162552512,15472,15472,1,20260711
"E1",4,"SliceBF-NoMask",300000,"rare_019",3,"rare",0.0454,0.1103,1.1649,0.3417,0.0234,1.53,1.6857,1,150336,0,0,1,64,616,25280,620,175616,1,1,1,20260711
"E1",4,"SliceBF-NoMask",300000,"common_020",3,"common",0.0305,1.0447,2.4563,0.4061,24.3321,27.1945,28.2697,1,150336,0,0,3226,206464,616,110290816,13520,110441152,6213,6213,1,20260711
"E1",4,"SliceBF-NoMask",300000,"common_013",3,"common",0.0418,0.3208,1.2023,0.3557,3.2552,4.8132,5.1758,1,150336,0,0,738,47232,616,24735104,3568,24885440,805,805,1,20260711
"E1",4,"SliceBF-NoMask",300000,"rare_011",3,"rare",0.034,0.1047,1.1297,0.3415,0.0129,1.4841,1.6228,1,150336,0,0,1,64,616,25280,620,175616,1,1,1,20260711
"E1",4,"SliceBF-NoMask",300000,"rare_016",3,"rare",0.0288,0.1006,1.5717,0.3904,0.0147,1.9768,2.1062,1,150336,0,0,1,64,616,41664,620,192000,1,1,1,20260711
"E1",4,"SliceBF-NoMask",300000,"common_001",3,"common",0.0293,0.5643,2.369,0.3803,11.6819,14.4312,15.0248,1,150336,0,0,1607,102848,616,69428032,7044,69578368,2313,2313,1,20260711
"E1",4,"SliceBF-NoMask",300000,"common_027",3,"common",0.0412,2.3088,2.2603,0.6959,131.241,134.198,136.548,1,150336,0,0,4102,262528,616,157487232,17024,157637568,26737,26737,1,20260711
"E1",4,"SliceBF-NoMask",300000,"medium_016",3,"medium",0.0468,0.1157,0.8525,0.3444,0.022,1.2189,1.3814,1,150336,0,0,1,64,616,25280,620,175616,1,1,1,20260711
"E1",4,"SliceBF-NoMask",300000,"rare_020",3,"rare",0.0297,0.1055,2.1505,0.3418,0.0165,2.5088,2.644,1,150336,0,0,1,64,616,25280,620,175616,1,1,1,20260711
"E1",4,"SliceBF-NoMask",300000,"rare_021",3,"rare",0.029,0.1027,1.3777,0.3425,0.0208,1.741,1.8727,1,150336,0,0,1,64,616,25280,620,175616,1,1,1,20260711
"E1",4,"SliceBF-NoMask",300000,"common_009",3,"common",0.0299,0.8031,2.1394,0.3962,28.1016,30.6372,31.4702,1,150336,0,0,2320,148480,616,101379072,9896,101529408,5420,5420,1,20260711
"E1",4,"SliceBF-NoMask",300000,"common_012",3,"common",0.0431,0.7739,1.3794,0.38,14.4192,16.1786,16.9956,1,150336,0,0,2470,158080,616,88852608,10496,89002944,3545,3545,1,20260711
"E1",4,"SliceBF-NoMask",300000,"medium_015",3,"medium",0.038,0.1073,1.0106,0.3417,0.0149,1.3672,1.5125,1,150336,0,0,1,64,616,25280,620,175616,1,1,1,20260711
"E1",4,"SliceBF-NoMask",300000,"rare_004",3,"rare",0.0291,0.1011,1.0637,0.3416,0.0105,1.4158,1.546,1,150336,0,0,1,64,616,25280,620,175616,1,1,1,20260711
"E1",4,"SliceBF-NoMask",300000,"common_011",3,"common",0.0288,1.4582,1.877,0.467,61.4455,63.7895,65.2765,1,150336,0,0,3792,242688,616,148864000,15784,149014336,13270,13270,1,20260711
"E1",4,"SliceBF-NoMask",300000,"medium_013",3,"medium",0.0446,0.1074,0.8479,0.342,0.0404,1.2303,1.3823,1,150336,0,0,4,256,616,199424,632,349760,4,4,1,20260711
"E1",4,"SliceBF-NoMask",300000,"common_025",3,"common",0.0289,1.4247,1.6389,0.4216,30.638,32.6985,34.1521,1,150336,0,0,3301,211264,616,110163392,13820,110313728,8113,8113,1,20260711
"E1",4,"SliceBF-NoMask",300000,"common_006",3,"common",0.0413,0.2428,2.1104,0.3533,1.7734,4.2371,4.5212,1,150336,0,0,455,29120,616,13206336,2436,13356672,502,502,1,20260711
"E1",4,"SliceBF-NoMask",300000,"common_008",3,"common",0.0327,0.8083,2.323,0.384,19.0101,21.7171,22.5581,1,150336,0,0,2356,150784,616,95612672,10040,95763008,3878,3878,1,20260711
"E1",4,"SliceBF-NoMask",300000,"common_021",3,"common",0.0441,1.2582,2.3408,0.4337,44.744,47.5185,48.8208,1,150336,0,0,3630,232320,616,140656256,15136,140806592,9264,9264,1,20260711
"E1",4,"SliceBF-NoMask",300000,"common_000",3,"common",0.0513,0.8208,2.2369,0.387,23.1131,25.737,26.6091,1,150336,0,0,1850,118400,616,81371008,8016,81521344,4242,4242,1,20260711
"E1",4,"SliceBF-NoMask",300000,"common_016",3,"common",0.0444,1.7237,2.4593,0.4657,54.632,57.557,59.3251,1,150336,0,0,4180,267520,616,153601792,17336,153752128,13073,13073,1,20260711
"E1",4,"SliceBF-NoMask",300000,"medium_005",3,"medium",0.049,0.1093,1.6225,0.3422,0.0507,2.0154,2.1737,1,150336,0,0,7,448,616,275264,644,425600,7,7,1,20260711
"E1",4,"SliceBF-NoBitSlice",300000,"rare_006",3,"rare",0.038,0.0104,6.564,0.3419,0.0148,6.9207,6.9691,1,1804032,0,0,1,64,616,25280,620,1829312,1,1,1,20260711
"E1",4,"SliceBF-NoBitSlice",300000,"medium_000",3,"medium",0.0305,0.0126,9.7464,0.5708,0.0291,10.3463,10.3894,1,1804032,0,0,3,192,616,108608,628,1912640,3,3,1,20260711
"E1",4,"SliceBF-NoBitSlice",300000,"rare_022",3,"rare",0.0317,0.0132,7.0694,0.3422,0.0332,7.4448,7.4897,1,1804032,0,0,4,256,616,199424,632,2003456,4,4,1,20260711
"E1",4,"SliceBF-NoBitSlice",300000,"medium_022",3,"medium",0.0309,0.0113,7.2255,0.3424,0.0247,7.5926,7.6348,1,1804032,0,0,3,192,616,108608,628,1912640,3,3,1,20260711
"E1",4,"SliceBF-NoBitSlice",300000,"rare_024",3,"rare",0.0304,0.0195,10.1649,0.3503,0.1408,10.656,10.7059,1,1804032,0,0,22,1408,616,982144,704,2786176,22,22,1,20260711
"E1",4,"SliceBF-NoBitSlice",300000,"rare_014",3,"rare",0.0311,0.0121,6.6755,0.3662,0.017,7.0587,7.1019,1,1804032,0,0,1,64,616,17088,620,1821120,1,1,1,20260711
"E1",4,"SliceBF-NoBitSlice",300000,"rare_010",3,"rare",0.0306,0.0127,6.6144,0.3418,0.0145,6.9707,7.014,1,1804032,0,0,1,64,616,41664,620,1845696,1,1,1,20260711
"E1",4,"SliceBF-NoBitSlice",300000,"medium_004",3,"medium",0.0299,0.0117,6.3627,0.5477,0.0268,6.9372,6.9788,1,1804032,0,0,1,64,616,25280,620,1829312,1,1,1,20260711
"E1",4,"SliceBF-NoBitSlice",300000,"rare_017",3,"rare",0.0307,0.0124,7.0878,0.3417,0.0136,7.4431,7.4862,1,1804032,0,0,1,64,616,25280,620,1829312,1,1,1,20260711
"E1",4,"SliceBF-NoBitSlice",300000,"medium_012",3,"medium",0.0294,0.0098,10.0989,0.3438,0.0168,10.4595,10.4987,1,1804032,0,0,1,64,616,41664,620,1845696,1,1,1,20260711
"E1",4,"SliceBF-NoBitSlice",300000,"rare_005",3,"rare",0.0307,0.0101,7.6955,0.3418,0.0181,8.0554,8.0962,1,1804032,0,0,1,64,616,41664,620,1845696,1,1,1,20260711
"E1",4,"SliceBF-NoBitSlice",300000,"medium_023",3,"medium",0.0308,0.011,6.9819,0.6722,0.0276,7.6817,7.7235,1,1804032,0,0,1,64,616,41664,620,1845696,1,1,1,20260711
"E1",4,"SliceBF-NoBitSlice",300000,"rare_007",3,"rare",0.031,0.012,7.3665,0.3417,0.0178,7.726,7.769,1,1804032,0,0,1,64,616,41664,620,1845696,1,1,1,20260711
"E1",4,"SliceBF-NoBitSlice",300000,"medium_010",3,"medium",0.0311,0.0112,6.4384,0.3419,0.014,6.7943,6.8366,1,1804032,0,0,1,64,616,41664,620,1845696,1,1,1,20260711
"E1",4,"SliceBF-NoBitSlice",300000,"medium_007",3,"medium",0.0305,0.0101,6.9687,0.3881,0.023,7.3798,7.4204,1,1804032,0,0,1,64,616,25280,620,1829312,1,1,1,20260711
"E1",4,"SliceBF-NoBitSlice",300000,"medium_006",3,"medium",0.0308,0.0118,6.993,0.3423,0.0236,7.3589,7.4015,1,1804032,0,0,1,64,616,41664,620,1845696,1,1,1,20260711
"E1",4,"SliceBF-NoBitSlice",300000,"rare_001",3,"rare",0.0315,0.0115,6.7014,0.3418,0.015,7.0582,7.1012,1,1804032,0,0,1,64,616,41664,620,1845696,1,1,1,20260711
"E1",4,"SliceBF-NoBitSlice",300000,"medium_014",3,"medium",0.0308,0.0147,9.2735,0.3441,0.0698,9.6874,9.7329,1,1804032,0,0,10,640,616,498560,656,2302592,10,10,1,20260711
"E1",4,"SliceBF-NoBitSlice",300000,"medium_021",3,"medium",0.0305,0.011,7.6729,0.3418,0.0181,8.0328,8.0743,1,1804032,0,0,1,64,616,41664,620,1845696,1,1,1,20260711
"E1",4,"SliceBF-NoBitSlice",300000,"rare_008",3,"rare",0.0312,0.0134,7.3143,0.3426,0.0633,7.7202,7.7648,1,1804032,0,0,8,512,616,415232,648,2219264,8,8,1,20260711
"E1",4,"SliceBF-NoBitSlice",300000,"rare_015",3,"rare",0.0311,0.0124,6.9251,0.342,0.0227,7.2898,7.3333,1,1804032,0,0,2,128,616,66944,624,1870976,2,2,1,20260711
"E1",4,"SliceBF-NoBitSlice",300000,"common_018",3,"common",0.0306,1.397,11.6329,0.4066,28.5192,40.5587,41.9863,1,1804032,0,0,3586,229504,616,129631616,14960,131435648,6756,6756,1,20260711
"E1",4,"SliceBF-NoBitSlice",300000,"common_026",3,"common",0.0403,2.3183,12.6117,0.5787,132.208,145.398,147.757,1,1804032,0,0,4093,261952,616,157259712,16988,159063744,26769,26769,1,20260711
"E1",4,"SliceBF-NoBitSlice",300000,"rare_009",3,"rare",0.0484,0.0137,6.5348,0.3419,0.0164,6.8931,6.9552,1,1804032,0,0,1,64,616,41664,620,1845696,1,1,1,20260711
"E1",4,"SliceBF-NoBitSlice",300000,"common_010",3,"common",0.0304,1.2691,9.1114,0.5528,45.8852,55.5494,56.8489,1,1804032,0,0,4066,260224,616,152808832,16880,154612864,10198,10198,1,20260711
"E1",4,"SliceBF-NoBitSlice",300000,"medium_017",3,"medium",0.0517,0.018,8.8072,0.3439,0.0221,9.1732,9.2429,1,1804032,0,0,1,64,616,25280,620,1829312,1,1,1,20260711
"E1",4,"SliceBF-NoBitSlice",300000,"medium_008",3,"medium",0.0307,0.0115,6.4992,0.3416,0.0139,6.8547,6.8969,1,1804032,0,0,1,64,616,41664,620,1845696,1,1,1,20260711
"E1",4,"SliceBF-NoBitSlice",300000,"medium_011",3,"medium",0.0297,0.012,7.4183,0.3422,0.0188,7.7793,7.821,1,1804032,0,0,1,64,616,25280,620,1829312,1,1,1,20260711
"E1",4,"SliceBF-NoBitSlice",300000,"common_015",3,"common",0.0332,0.7623,12.6896,0.3898,21.519,34.5984,35.3939,1,1804032,0,0,2604,166656,616,105625856,11032,107429888,4442,4442,1,20260711
"E1",4,"SliceBF-NoBitSlice",300000,"medium_002",3,"medium",0.0396,0.0136,9.3048,0.342,0.0171,9.6639,9.7171,1,1804032,0,0,1,64,616,25280,620,1829312,1,1,1,20260711
"E1",4,"SliceBF-NoBitSlice",300000,"medium_024",3,"medium",0.0316,0.0123,7.5558,0.6709,0.0253,8.252,8.2959,1,1804032,0,0,1,64,616,41664,620,1845696,1,1,1,20260711
"E1",4,"SliceBF-NoBitSlice",300000,"common_007",3,"common",0.032,0.3429,8.113,0.3624,7.6567,16.1321,16.507,1,1804032,0,0,1049,67136,616,46671040,4812,48475072,1452,1452,1,20260711
"E1",4,"SliceBF-NoBitSlice",300000,"rare_023",3,"rare",0.0633,0.0301,8.9544,0.344,0.2413,9.5397,9.6331,1,1804032,0,0,44,2816,616,2062592,792,3866624,44,44,1,20260711
"E1",4,"SliceBF-NoBitSlice",300000,"common_005",3,"common",0.0313,0.7245,12.7594,0.4131,14.6563,27.8288,28.5846,1,1804032,0,0,2447,156608,616,86452544,10404,88256576,3532,3532,1,20260711
"E1",4,"SliceBF-NoBitSlice",300000,"common_004",3,"common",0.0384,1.9179,13.5399,0.463,56.0415,70.0444,72.0007,1,1804032,0,0,4166,266624,616,156188800,17280,157992832,12952,12952,1,20260711
"E1",4,"SliceBF-NoBitSlice",300000,"medium_001",3,"medium",0.0429,0.0166,6.8807,0.3432,0.0173,7.2412,7.3007,1,1804032,0,0,1,64,616,25280,620,1829312,1,1,1,20260711
"E1",4,"SliceBF-NoBitSlice",300000,"medium_009",3,"medium",0.0311,0.0115,7.9148,0.3434,0.0168,8.275,8.3176,1,1804032,0,0,1,64,616,41664,620,1845696,1,1,1,20260711
"E1",4,"SliceBF-NoBitSlice",300000,"rare_003",3,"rare",0.0303,0.0118,6.8001,0.3416,0.0141,7.1558,7.1979,1,1804032,0,0,1,64,616,25280,620,1829312,1,1,1,20260711
"E1",4,"SliceBF-NoBitSlice",300000,"rare_018",3,"rare",0.0299,0.0119,6.3951,0.3417,0.012,6.7488,6.7906,1,1804032,0,0,1,64,616,25280,620,1829312,1,1,1,20260711
"E1",4,"SliceBF-NoBitSlice",300000,"common_023",3,"common",0.0298,1.4201,13.4638,0.4589,56.7412,70.6639,72.1138,1,1804032,0,0,4207,269248,616,157241664,17444,159045696,12472,12472,1,20260711
"E1",4,"SliceBF-NoBitSlice",300000,"rare_013",3,"rare",0.0427,0.0252,7.5596,0.3432,0.155,8.0578,8.1257,1,1804032,0,0,30,1920,616,1217152,736,3021184,31,31,1,20260711
"E1",4,"SliceBF-NoBitSlice",300000,"common_017",3,"common",0.0301,1.3808,12.6819,0.4143,26.4782,39.5744,40.9853,1,1804032,0,0,3378,216192,616,116795776,14128,118599808,6627,6627,1,20260711
"E1",4,"SliceBF-NoBitSlice",300000,"common_024",3,"common",0.0393,5.2922,17.171,0.9417,295.743,313.856,319.187,1,1804032,0,0,4661,298304,616,171323840,19260,173127872,72721,72721,1,20260711
"E1",4,"SliceBF-NoBitSlice",300000,"common_022",3,"common",0.0524,1.5947,12.9777,0.4563,50.5758,64.0098,65.6569,1,1804032,0,0,4270,273280,616,157204096,17696,159008128,11283,11283,1,20260711
"E1",4,"SliceBF-NoBitSlice",300000,"common_002",3,"common",0.0415,0.3561,12.0098,0.3597,6.4774,18.8469,19.2445,1,1804032,0,0,1173,75072,616,46594496,5308,48398528,1369,1369,1,20260711
"E1",4,"SliceBF-NoBitSlice",300000,"rare_025",3,"rare",0.0361,0.0139,9.6072,0.3422,0.0211,9.9705,10.0205,1,1804032,0,0,2,128,616,50560,624,1854592,2,2,1,20260711
"E1",4,"SliceBF-NoBitSlice",300000,"medium_003",3,"medium",0.0313,0.0126,7.0447,0.6598,0.0289,7.7334,7.7773,1,1804032,0,0,1,64,616,25280,620,1829312,1,1,1,20260711
"E1",4,"SliceBF-NoBitSlice",300000,"medium_018",3,"medium",0.0318,0.0111,6.5188,0.3434,0.0169,6.8791,6.922,1,1804032,0,0,1,64,616,41664,620,1845696,1,1,1,20260711
"E1",4,"SliceBF-NoBitSlice",300000,"common_014",3,"common",0.0308,1.1803,11.6461,0.4246,39.5776,51.6483,52.8594,1,1804032,0,0,3584,229376,616,140337152,14952,142141184,8670,8670,1,20260711
"E1",4,"SliceBF-NoBitSlice",300000,"medium_025",3,"medium",0.0442,0.0145,6.5581,0.3422,0.0203,6.9206,6.9793,1,1804032,0,0,1,64,616,25280,620,1829312,1,1,1,20260711
"E1",4,"SliceBF-NoBitSlice",300000,"rare_000",3,"rare",0.0301,0.0112,6.8351,0.3418,0.0152,7.1921,7.2334,1,1804032,0,0,1,64,616,25280,620,1829312,1,1,1,20260711
"E1",4,"SliceBF-NoBitSlice",300000,"common_003",3,"common",0.0305,0.4052,11.4628,0.3563,3.9088,15.7279,16.1636,1,1804032,0,0,805,51520,616,30983616,3836,32787648,898,898,1,20260711
"E1",4,"SliceBF-NoBitSlice",300000,"medium_020",3,"medium",0.0337,0.0137,12.697,0.4866,0.0293,13.2129,13.2603,1,1804032,0,0,2,128,616,83328,624,1887360,2,2,1,20260711
"E1",4,"SliceBF-NoBitSlice",300000,"rare_012",3,"rare",0.0318,0.018,8.0878,0.3426,0.0818,8.5122,8.562,1,1804032,0,0,14,896,616,583296,672,2387328,14,14,1,20260711
"E1",4,"SliceBF-NoBitSlice",300000,"rare_002",3,"rare",0.0314,0.011,9.2294,0.342,0.0174,9.5888,9.6312,1,1804032,0,0,1,64,616,41664,620,1845696,1,1,1,20260711
"E1",4,"SliceBF-NoBitSlice",300000,"medium_019",3,"medium",0.0311,0.0123,6.8992,0.3424,0.0215,7.2631,7.3065,1,1804032,0,0,1,64,616,25280,620,1829312,1,1,1,20260711
"E1",4,"SliceBF-NoBitSlice",300000,"common_019",3,"common",0.0316,1.6008,14.4536,0.4832,64.2339,79.1707,80.8031,1,1804032,0,0,4470,286080,616,162292864,18496,164096896,15472,15472,1,20260711
"E1",4,"SliceBF-NoBitSlice",300000,"rare_019",3,"rare",0.0428,0.0178,7.3205,0.3956,0.0174,7.7335,7.7941,1,1804032,0,0,1,64,616,25280,620,1829312,1,1,1,20260711
"E1",4,"SliceBF-NoBitSlice",300000,"common_020",3,"common",0.0302,1.1869,14.0296,0.4053,24.3372,38.7721,39.9892,1,1804032,0,0,3282,210048,616,112394624,13744,114198656,6213,6213,1,20260711
"E1",4,"SliceBF-NoBitSlice",300000,"common_013",3,"common",0.0408,0.267,7.0151,0.4891,3.1062,10.6104,10.9182,1,1804032,0,0,727,46528,616,24407872,3524,26211904,805,805,1,20260711
"E1",4,"SliceBF-NoBitSlice",300000,"rare_011",3,"rare",0.0335,0.012,6.9642,0.3416,0.0141,7.3199,7.3654,1,1804032,0,0,1,64,616,25280,620,1829312,1,1,1,20260711
"E1",4,"SliceBF-NoBitSlice",300000,"rare_016",3,"rare",0.0296,0.0104,7.9992,0.3435,0.0152,8.3579,8.3979,1,1804032,0,0,1,64,616,41664,620,1845696,1,1,1,20260711
"E1",4,"SliceBF-NoBitSlice",300000,"common_001",3,"common",0.0303,0.4803,10.8409,0.4511,11.5814,22.8734,23.384,1,1804032,0,0,1627,104128,616,70392384,7124,72196416,2313,2313,1,20260711
"E1",4,"SliceBF-NoBitSlice",300000,"common_027",3,"common",0.0385,2.052,13.0232,0.5832,133.272,146.879,148.969,1,1804032,0,0,4092,261888,616,157234432,16984,159038464,26737,26737,1,20260711
"E1",4,"SliceBF-NoBitSlice",300000,"medium_016",3,"medium",0.0456,0.0138,6.8782,0.3419,0.0173,7.2374,7.2968,1,1804032,0,0,1,64,616,25280,620,1829312,1,1,1,20260711
"E1",4,"SliceBF-NoBitSlice",300000,"rare_020",3,"rare",0.0307,0.0122,9.6383,0.3419,0.017,9.9972,10.0401,1,1804032,0,0,1,64,616,25280,620,1829312,1,1,1,20260711
"E1",4,"SliceBF-NoBitSlice",300000,"rare_021",3,"rare",0.0311,0.0105,6.5673,0.3444,0.0159,6.9276,6.9692,1,1804032,0,0,1,64,616,25280,620,1829312,1,1,1,20260711
"E1",4,"SliceBF-NoBitSlice",300000,"common_009",3,"common",0.1746,0.7085,13.7964,0.3975,28.2321,42.426,43.3091,1,1804032,0,0,2358,150912,616,102978688,10048,104782720,5420,5420,1,20260711
"E1",4,"SliceBF-NoBitSlice",300000,"common_012",3,"common",0.0383,0.6683,9.2913,0.3794,14.5121,24.1828,24.8894,1,1804032,0,0,2432,155648,616,87744512,10344,89548544,3545,3545,1,20260711
"E1",4,"SliceBF-NoBitSlice",300000,"medium_015",3,"medium",0.038,0.0128,7.2186,0.342,0.0161,7.5767,7.6275,1,1804032,0,0,1,64,616,25280,620,1829312,1,1,1,20260711
"E1",4,"SliceBF-NoBitSlice",300000,"rare_004",3,"rare",0.0297,0.0116,6.7597,0.3418,0.0155,7.117,7.1583,1,1804032,0,0,1,64,616,25280,620,1829312,1,1,1,20260711
"E1",4,"SliceBF-NoBitSlice",300000,"common_011",3,"common",0.0297,1.5048,9.3469,0.804,61.9758,72.1267,73.6612,1,1804032,0,0,3813,244032,616,149362112,15868,151166144,13270,13270,1,20260711
"E1",4,"SliceBF-NoBitSlice",300000,"medium_013",3,"medium",0.0431,0.015,6.5429,0.3424,0.0389,6.9242,6.9823,1,1804032,0,0,4,256,616,199424,632,2003456,4,4,1,20260711
"E1",4,"SliceBF-NoBitSlice",300000,"common_025",3,"common",0.0299,1.0325,10.3212,0.4313,30.0416,40.7941,41.8565,1,1804032,0,0,3331,213184,616,111446080,13940,113250112,8113,8113,1,20260711
"E1",4,"SliceBF-NoBitSlice",300000,"common_006",3,"common",0.1241,0.2304,10.9413,0.3934,1.7894,13.1241,13.4786,1,1804032,0,0,463,29632,616,13408576,2468,15212608,502,502,1,20260711
"E1",4,"SliceBF-NoBitSlice",300000,"common_008",3,"common",0.0312,0.6861,11.7457,0.3819,18.8856,31.0132,31.7305,1,1804032,0,0,2351,150464,616,95519040,10020,97323072,3878,3878,1,20260711
"E1",4,"SliceBF-NoBitSlice",300000,"common_021",3,"common",0.0379,1.4976,14.0107,0.4297,45.3199,59.7603,61.2958,1,1804032,0,0,3664,234496,616,141745152,15272,143549184,9264,9264,1,20260711
"E1",4,"SliceBF-NoBitSlice",300000,"common_000",3,"common",0.0407,0.5924,14.6373,0.387,23.4182,38.4425,39.0756,1,1804032,0,0,1864,119296,616,81987072,8072,83791104,4242,4242,1,20260711
"E1",4,"SliceBF-NoBitSlice",300000,"common_016",3,"common",0.0405,1.546,13.6367,0.4689,55.8167,69.9223,71.5088,1,1804032,0,0,4182,267648,616,153734272,17344,155538304,13073,13073,1,20260711
"E1",4,"SliceBF-NoBitSlice",300000,"medium_005",3,"medium",0.0427,0.0162,9.4305,0.7714,0.0593,10.2612,10.3201,1,1804032,0,0,7,448,616,275264,644,2079296,7,7,1,20260711
"E1",4,"SliceBF-NoPruning",300000,"rare_006",3,"rare",0.0353,0.7939,1.4553,0.3416,0.0168,1.8137,2.6429,1,150336,0,0,4698,300672,616,171947904,19408,172098240,1,1,1,20260711
"E1",4,"SliceBF-NoPruning",300000,"medium_000",3,"medium",0.0316,1.0222,1.984,0.3791,0.0308,2.3939,3.4477,1,150336,0,0,4698,300672,616,171947904,19408,172098240,3,3,1,20260711
"E1",4,"SliceBF-NoPruning",300000,"rare_022",3,"rare",0.0313,1.1567,1.4289,0.3917,0.0492,1.8698,3.0578,1,150336,0,0,4698,300672,616,171947904,19408,172098240,4,4,1,20260711
"E1",4,"SliceBF-NoPruning",300000,"medium_022",3,"medium",0.0584,0.8777,1.5894,0.3418,0.0277,1.9589,2.895,1,150336,0,0,4698,300672,616,171947904,19408,172098240,3,3,1,20260711
"E1",4,"SliceBF-NoPruning",300000,"rare_024",3,"rare",0.0301,0.804,2.2239,0.4336,0.1304,2.7879,3.622,1,150336,0,0,4698,300672,616,171947904,19408,172098240,22,22,1,20260711
"E1",4,"SliceBF-NoPruning",300000,"rare_014",3,"rare",0.0304,0.8082,1.2652,0.3432,0.0197,1.6281,2.4667,1,150336,0,0,4698,300672,616,171947904,19408,172098240,1,1,1,20260711
"E1",4,"SliceBF-NoPruning",300000,"rare_010",3,"rare",0.0301,0.8304,1.6586,0.3564,0.0283,2.0433,2.9038,1,150336,0,0,4698,300672,616,171947904,19408,172098240,1,1,1,20260711
"E1",4,"SliceBF-NoPruning",300000,"medium_004",3,"medium",0.0333,0.8594,1.3235,0.3428,0.0202,1.6865,2.5792,1,150336,0,0,4698,300672,616,171947904,19408,172098240,1,1,1,20260711
"E1",4,"SliceBF-NoPruning",300000,"rare_017",3,"rare",0.0297,0.8017,2.073,0.3467,0.0213,2.441,3.2724,1,150336,0,0,4698,300672,616,171947904,19408,172098240,1,1,1,20260711
"E1",4,"SliceBF-NoPruning",300000,"medium_012",3,"medium",0.0333,1.1978,2.0222,0.3414,0.0363,2.3999,3.631,1,150336,0,0,4698,300672,616,171947904,19408,172098240,1,1,1,20260711
"E1",4,"SliceBF-NoPruning",300000,"rare_005",3,"rare",0.0331,0.8214,1.7144,0.3428,0.0145,2.0717,2.9262,1,150336,0,0,4698,300672,616,171947904,19408,172098240,1,1,1,20260711
"E1",4,"SliceBF-NoPruning",300000,"medium_023",3,"medium",0.0301,1.2488,1.2464,0.3401,0.025,1.6115,2.8904,1,150336,0,0,4698,300672,616,171947904,19408,172098240,1,1,1,20260711
"E1",4,"SliceBF-NoPruning",300000,"rare_007",3,"rare",0.0319,0.7941,1.3944,0.3416,0.0148,1.7508,2.5768,1,150336,0,0,4698,300672,616,171947904,19408,172098240,1,1,1,20260711
"E1",4,"SliceBF-NoPruning",300000,"medium_010",3,"medium",0.0296,0.8814,2.2145,0.3628,0.0229,2.6002,3.5112,1,150336,0,0,4698,300672,616,171947904,19408,172098240,1,1,1,20260711
"E1",4,"SliceBF-NoPruning",300000,"medium_007",3,"medium",0.0308,0.8443,1.1921,0.3416,0.0227,1.5564,2.4315,1,150336,0,0,4698,300672,616,171947904,19408,172098240,1,1,1,20260711
"E1",4,"SliceBF-NoPruning",300000,"medium_006",3,"medium",0.0307,0.7892,1.947,0.4112,0.0206,2.3788,3.1987,1,150336,0,0,4698,300672,616,171947904,19408,172098240,1,1,1,20260711
"E1",4,"SliceBF-NoPruning",300000,"rare_001",3,"rare",0.0302,0.7809,1.227,0.3447,0.0197,1.5914,2.4025,1,150336,0,0,4698,300672,616,171947904,19408,172098240,1,1,1,20260711
"E1",4,"SliceBF-NoPruning",300000,"medium_014",3,"medium",0.03,0.7961,2.286,0.3453,0.0789,2.7102,3.5363,1,150336,0,0,4698,300672,616,171947904,19408,172098240,10,10,1,20260711
"E1",4,"SliceBF-NoPruning",300000,"medium_021",3,"medium",0.0302,1.0729,1.7736,0.3415,0.0574,2.1725,3.2756,1,150336,0,0,4698,300672,616,171947904,19408,172098240,1,1,1,20260711
"E1",4,"SliceBF-NoPruning",300000,"rare_008",3,"rare",0.0337,0.968,1.6892,0.3421,0.0564,2.0877,3.0894,1,150336,0,0,4698,300672,616,171947904,19408,172098240,8,8,1,20260711
"E1",4,"SliceBF-NoPruning",300000,"rare_015",3,"rare",0.0299,1.3101,1.3275,0.3415,0.0387,1.7077,3.0477,1,150336,0,0,4698,300672,616,171947904,19408,172098240,2,2,1,20260711
"E1",4,"SliceBF-NoPruning",300000,"common_018",3,"common",0.031,0.8215,2.3871,0.4107,28.2351,31.0329,31.8854,1,150336,0,0,4698,300672,616,171947904,19408,172098240,6756,6756,1,20260711
"E1",4,"SliceBF-NoPruning",300000,"common_026",3,"common",0.046,0.9873,2.3656,0.5789,136.006,138.95,139.983,1,150336,0,0,4698,300672,616,171947904,19408,172098240,26769,26769,1,20260711
"E1",4,"SliceBF-NoPruning",300000,"rare_009",3,"rare",0.0448,1.1426,1.6418,0.3418,0.0365,2.0201,3.2075,1,150336,0,0,4698,300672,616,171947904,19408,172098240,1,1,1,20260711
"E1",4,"SliceBF-NoPruning",300000,"common_010",3,"common",0.033,0.882,2.1651,0.4445,44.7347,47.3443,48.2593,1,150336,0,0,4698,300672,616,171947904,19408,172098240,10198,10198,1,20260711
"E1",4,"SliceBF-NoPruning",300000,"medium_017",3,"medium",0.0476,0.9991,1.6463,0.3418,0.0309,2.019,3.0657,1,150336,0,0,4698,300672,616,171947904,19408,172098240,1,1,1,20260711
"E1",4,"SliceBF-NoPruning",300000,"medium_008",3,"medium",0.0313,0.878,1.5323,0.4655,0.0232,2.021,2.9303,1,150336,0,0,4698,300672,616,171947904,19408,172098240,1,1,1,20260711
"E1",4,"SliceBF-NoPruning",300000,"medium_011",3,"medium",0.0305,0.9067,1.3783,0.3414,0.0206,1.7403,2.6775,1,150336,0,0,4698,300672,616,171947904,19408,172098240,1,1,1,20260711
"E1",4,"SliceBF-NoPruning",300000,"common_015",3,"common",0.0302,1.0637,3.1439,0.3903,21.2103,24.7445,25.8384,1,150336,0,0,4698,300672,616,171947904,19408,172098240,4442,4442,1,20260711
"E1",4,"SliceBF-NoPruning",300000,"medium_002",3,"medium",0.0389,0.9764,1.8787,0.4902,0.0321,2.401,3.4163,1,150336,0,0,4698,300672,616,171947904,19408,172098240,1,1,1,20260711
"E1",4,"SliceBF-NoPruning",300000,"medium_024",3,"medium",0.0321,0.8516,1.5055,0.3418,0.0212,1.8685,2.7522,1,150336,0,0,4698,300672,616,171947904,19408,172098240,1,1,1,20260711
"E1",4,"SliceBF-NoPruning",300000,"common_007",3,"common",0.0306,0.7921,1.7932,0.4993,7.7044,9.9969,10.8196,1,150336,0,0,4698,300672,616,171947904,19408,172098240,1452,1452,1,20260711
"E1",4,"SliceBF-NoPruning",300000,"rare_023",3,"rare",0.0395,0.9025,2.2771,0.345,0.2586,2.8807,3.8227,1,150336,0,0,4698,300672,616,171947904,19408,172098240,44,44,1,20260711
"E1",4,"SliceBF-NoPruning",300000,"common_005",3,"common",0.0313,1.171,2.5407,0.5077,14.6245,17.6729,18.8752,1,150336,0,0,4698,300672,616,171947904,19408,172098240,3532,3532,1,20260711
"E1",4,"SliceBF-NoPruning",300000,"common_004",3,"common",0.0392,1.0689,2.8363,0.6063,56.9963,60.4389,61.547,1,150336,0,0,4698,300672,616,171947904,19408,172098240,12952,12952,1,20260711
"E1",4,"SliceBF-NoPruning",300000,"medium_001",3,"medium",0.0431,0.9026,1.2327,0.3416,0.0197,1.594,2.5397,1,150336,0,0,4698,300672,616,171947904,19408,172098240,1,1,1,20260711
"E1",4,"SliceBF-NoPruning",300000,"medium_009",3,"medium",0.1827,1.0466,1.6631,0.3416,0.0187,2.0234,3.2527,1,150336,0,0,4698,300672,616,171947904,19408,172098240,1,1,1,20260711
"E1",4,"SliceBF-NoPruning",300000,"rare_003",3,"rare",0.0309,1.3322,1.3202,0.3426,0.0382,1.701,3.0641,1,150336,0,0,4698,300672,616,171947904,19408,172098240,1,1,1,20260711
"E1",4,"SliceBF-NoPruning",300000,"rare_018",3,"rare",0.0325,0.8242,1.6043,0.3417,0.0124,1.9584,2.8151,1,150336,0,0,4698,300672,616,171947904,19408,172098240,1,1,1,20260711
"E1",4,"SliceBF-NoPruning",300000,"common_023",3,"common",0.0302,0.8553,2.9928,0.4636,57.108,60.5644,61.4499,1,150336,0,0,4698,300672,616,171947904,19408,172098240,12472,12472,1,20260711
"E1",4,"SliceBF-NoPruning",300000,"rare_013",3,"rare",0.0517,0.9461,1.4637,0.3434,0.2849,2.092,3.0898,1,150336,0,0,4698,300672,616,171947904,19408,172098240,31,31,1,20260711
"E1",4,"SliceBF-NoPruning",300000,"common_017",3,"common",0.0324,0.9392,2.6859,0.4092,25.9576,29.0527,30.0243,1,150336,0,0,4698,300672,616,171947904,19408,172098240,6627,6627,1,20260711
"E1",4,"SliceBF-NoPruning",300000,"common_024",3,"common",0.0396,0.9401,2.5009,1.3327,290.908,294.742,295.722,1,150336,0,0,4698,300672,616,171947904,19408,172098240,72721,72721,1,20260711
"E1",4,"SliceBF-NoPruning",300000,"common_022",3,"common",0.0549,1.0147,3.0396,0.4528,48.7407,52.2331,53.3027,1,150336,0,0,4698,300672,616,171947904,19408,172098240,11283,11283,1,20260711
"E1",4,"SliceBF-NoPruning",300000,"common_002",3,"common",0.0423,0.9321,2.6073,0.3601,6.1414,9.1088,10.0832,1,150336,0,0,4698,300672,616,171947904,19408,172098240,1369,1369,1,20260711
"E1",4,"SliceBF-NoPruning",300000,"rare_025",3,"rare",0.0361,0.8969,2.2382,0.3812,0.0293,2.6487,3.5817,1,150336,0,0,4698,300672,616,171947904,19408,172098240,2,2,1,20260711
"E1",4,"SliceBF-NoPruning",300000,"medium_003",3,"medium",0.032,0.9054,1.5621,0.3425,0.0174,1.922,2.8594,1,150336,0,0,4698,300672,616,171947904,19408,172098240,1,1,1,20260711
"E1",4,"SliceBF-NoPruning",300000,"medium_018",3,"medium",0.0309,0.8244,1.692,0.3427,0.018,2.0527,2.908,1,150336,0,0,4698,300672,616,171947904,19408,172098240,1,1,1,20260711
"E1",4,"SliceBF-NoPruning",300000,"common_014",3,"common",0.0304,1.2639,1.8567,0.4265,38.68,40.9632,42.2575,1,150336,0,0,4698,300672,616,171947904,19408,172098240,8670,8670,1,20260711
"E1",4,"SliceBF-NoPruning",300000,"medium_025",3,"medium",0.0416,0.9703,1.3029,0.3418,0.0198,1.6645,2.6764,1,150336,0,0,4698,300672,616,171947904,19408,172098240,1,1,1,20260711
"E1",4,"SliceBF-NoPruning",300000,"rare_000",3,"rare",0.0306,0.8895,1.5311,0.342,0.0223,1.8954,2.8155,1,150336,0,0,4698,300672,616,171947904,19408,172098240,1,1,1,20260711
"E1",4,"SliceBF-NoPruning",300000,"common_003",3,"common",0.0313,1.552,2.2614,0.3539,3.7935,6.4088,7.9921,1,150336,0,0,4698,300672,616,171947904,19408,172098240,898,898,1,20260711
"E1",4,"SliceBF-NoPruning",300000,"medium_020",3,"medium",0.0367,0.8754,2.7265,0.344,0.0282,3.0987,4.0108,1,150336,0,0,4698,300672,616,171947904,19408,172098240,2,2,1,20260711
"E1",4,"SliceBF-NoPruning",300000,"rare_012",3,"rare",0.0315,0.9347,1.7572,0.5746,0.0962,2.428,3.3942,1,150336,0,0,4698,300672,616,171947904,19408,172098240,14,14,1,20260711
"E1",4,"SliceBF-NoPruning",300000,"rare_002",3,"rare",0.031,0.8335,1.6118,0.3416,0.0142,1.9676,2.8321,1,150336,0,0,4698,300672,616,171947904,19408,172098240,1,1,1,20260711
"E1",4,"SliceBF-NoPruning",300000,"medium_019",3,"medium",0.0302,0.832,1.7718,0.4006,0.0232,2.1956,3.0578,1,150336,0,0,4698,300672,616,171947904,19408,172098240,1,1,1,20260711
"E1",4,"SliceBF-NoPruning",300000,"common_019",3,"common",0.0309,1.4119,2.6305,0.4853,62.2533,65.3691,66.8119,1,150336,0,0,4698,300672,616,171947904,19408,172098240,15472,15472,1,20260711
"E1",4,"SliceBF-NoPruning",300000,"rare_019",3,"rare",0.0415,0.9172,1.8722,0.342,0.019,2.2332,3.1919,1,150336,0,0,4698,300672,616,171947904,19408,172098240,1,1,1,20260711
"E1",4,"SliceBF-NoPruning",300000,"common_020",3,"common",0.0308,0.9881,2.4498,0.5959,23.9772,27.0229,28.0418,1,150336,0,0,4698,300672,616,171947904,19408,172098240,6213,6213,1,20260711
"E1",4,"SliceBF-NoPruning",300000,"common_013",3,"common",0.0421,0.9175,1.6993,0.4951,3.0066,5.201,6.1606,1,150336,0,0,4698,300672,616,171947904,19408,172098240,805,805,1,20260711
"E1",4,"SliceBF-NoPruning",300000,"rare_011",3,"rare",0.0351,0.8835,1.6534,0.3419,0.0215,2.0168,2.9354,1,150336,0,0,4698,300672,616,171947904,19408,172098240,1,1,1,20260711
"E1",4,"SliceBF-NoPruning",300000,"rare_016",3,"rare",0.0313,1.1328,1.7972,0.3418,0.0347,2.1737,3.3378,1,150336,0,0,4698,300672,616,171947904,19408,172098240,1,1,1,20260711
"E1",4,"SliceBF-NoPruning",300000,"common_001",3,"common",0.0327,1.0692,2.6298,0.3685,11.5782,14.5765,15.6784,1,150336,0,0,4698,300672,616,171947904,19408,172098240,2313,2313,1,20260711
"E1",4,"SliceBF-NoPruning",300000,"common_027",3,"common",0.2737,0.9543,2.788,0.5749,131.055,134.418,135.646,1,150336,0,0,4698,300672,616,171947904,19408,172098240,26737,26737,1,20260711
"E1",4,"SliceBF-NoPruning",300000,"medium_016",3,"medium",0.0439,0.8959,1.5531,0.3417,0.0217,1.9165,2.8563,1,150336,0,0,4698,300672,616,171947904,19408,172098240,1,1,1,20260711
"E1",4,"SliceBF-NoPruning",300000,"rare_020",3,"rare",0.0306,0.9166,2.4278,0.3417,0.0226,2.7921,3.7393,1,150336,0,0,4698,300672,616,171947904,19408,172098240,1,1,1,20260711
"E1",4,"SliceBF-NoPruning",300000,"rare_021",3,"rare",0.0311,1.4214,1.3093,0.3415,0.0263,1.6771,3.1296,1,150336,0,0,4698,300672,616,171947904,19408,172098240,1,1,1,20260711
"E1",4,"SliceBF-NoPruning",300000,"common_009",3,"common",0.0319,0.8634,2.6163,0.3998,28.8561,31.8722,32.7675,1,150336,0,0,4698,300672,616,171947904,19408,172098240,5420,5420,1,20260711
"E1",4,"SliceBF-NoPruning",300000,"common_012",3,"common",0.0447,0.9334,2.3354,0.3804,14.5071,17.2229,18.201,1,150336,0,0,4698,300672,616,171947904,19408,172098240,3545,3545,1,20260711
"E1",4,"SliceBF-NoPruning",300000,"medium_015",3,"medium",0.0386,1.0032,1.705,0.3928,0.0245,2.1223,3.1641,1,150336,0,0,4698,300672,616,171947904,19408,172098240,1,1,1,20260711
"E1",4,"SliceBF-NoPruning",300000,"rare_004",3,"rare",0.0318,0.9266,1.7879,0.3416,0.016,2.1455,3.1039,1,150336,0,0,4698,300672,616,171947904,19408,172098240,1,1,1,20260711
"E1",4,"SliceBF-NoPruning",300000,"common_011",3,"common",0.0311,0.814,2.0634,0.4706,62.1399,64.6739,65.519,1,150336,0,0,4698,300672,616,171947904,19408,172098240,13270,13270,1,20260711
"E1",4,"SliceBF-NoPruning",300000,"medium_013",3,"medium",0.0462,1.01,1.8296,0.3428,0.0408,2.2132,3.2694,1,150336,0,0,4698,300672,616,171947904,19408,172098240,4,4,1,20260711
"E1",4,"SliceBF-NoPruning",300000,"common_025",3,"common",0.0304,0.9171,2.1424,0.4249,29.6611,32.2284,33.1759,1,150336,0,0,4698,300672,616,171947904,19408,172098240,8113,8113,1,20260711
"E1",4,"SliceBF-NoPruning",300000,"common_006",3,"common",0.0476,0.9169,2.1964,0.3514,2.1807,4.7285,5.693,1,150336,0,0,4698,300672,616,171947904,19408,172098240,502,502,1,20260711
"E1",4,"SliceBF-NoPruning",300000,"common_008",3,"common",0.0336,0.9099,2.3818,0.3825,19.7225,22.4868,23.4303,1,150336,0,0,4698,300672,616,171947904,19408,172098240,3878,3878,1,20260711
"E1",4,"SliceBF-NoPruning",300000,"common_021",3,"common",0.0435,0.9037,2.7447,0.5366,44.6375,47.9188,48.866,1,150336,0,0,4698,300672,616,171947904,19408,172098240,9264,9264,1,20260711
"E1",4,"SliceBF-NoPruning",300000,"common_000",3,"common",0.0422,1.1657,2.7835,0.3876,24.0748,27.2459,28.4538,1,150336,0,0,4698,300672,616,171947904,19408,172098240,4242,4242,1,20260711
"E1",4,"SliceBF-NoPruning",300000,"common_016",3,"common",0.0387,0.9236,2.7597,0.4655,55.0798,58.305,59.2673,1,150336,0,0,4698,300672,616,171947904,19408,172098240,13073,13073,1,20260711
"E1",4,"SliceBF-NoPruning",300000,"medium_005",3,"medium",0.0476,0.9188,2.0666,0.3422,0.0587,2.4675,3.4339,1,150336,0,0,4698,300672,616,171947904,19408,172098240,7,7,1,20260711
